tenure_months,monthly_charges,usage_minutes,support_calls,payment_delay_days,contract_type,autopay,num_services,satisfaction_score,signup_channel,marketing_segment,churn
60,78.04,512,8,4.4,two-year,1,3,6.0,referral,B,0
6,140.22,170,3,5.4,month-to-month,0,2,5.0,referral,B,0
39,89.22,377,1,0.0,month-to-month,0,2,10.0,ads,C,1
54,40.36,401,0,0.9,two-year,0,5,10.0,organic,B,0
33,112.11,377,4,0.6,month-to-month,1,4,4.0,organic,A,0
36,134.28,453,1,2.8,month-to-month,0,4,5.0,referral,A,0
64,140.26,223,3,5.6,one-year,1,5,10.0,referral,C,0
45,72.29,537,3,4.3,two-year,1,3,9.0,referral,C,0
25,125.72,280,1,5.4,month-to-month,1,5,7.0,referral,B,0
36,114.88,669,6,4.2,month-to-month,1,5,9.0,partner,B,0
21,136.76,469,3,2.2,month-to-month,1,3,5.0,ads,C,0
42,116.51,500,5,6.5,one-year,0,3,6.0,referral,A,1
29,130.14,332,2,1.5,two-year,0,1,7.0,organic,B,0
26,74.15,357,1,7.4,one-year,0,2,2.0,organic,A,0
16,83.03,592,4,8.7,month-to-month,1,2,4.0,partner,A,0
21,46.9,235,3,3.3,month-to-month,0,3,8.0,referral,A,1
33,104.16,419,1,7.6,one-year,0,3,4.0,ads,B,0
29,35.05,422,0,4.7,two-year,0,2,7.0,organic,A,0
35,56.08,479,3,5.6,one-year,0,5,6.0,ads,A,0
22,113.21,451,4,0.0,one-year,0,3,4.0,organic,B,0
45,137.62,480,2,0.0,two-year,1,5,10.0,ads,A,0
41,124.08,347,3,0.4,month-to-month,1,4,5.0,referral,B,0
45,94.49,751,3,5.3,two-year,0,4,9.0,ads,A,0
36,141.16,421,6,5.4,month-to-month,0,2,6.0,ads,C,1
44,102.74,555,3,3.6,one-year,0,2,4.0,ads,B,0
45,47.92,556,2,7.0,month-to-month,0,1,10.0,partner,B,0
5,76.19,77,4,4.3,month-to-month,1,4,5.0,ads,B,1
72,132.76,217,4,3.7,one-year,0,4,6.0,ads,A,0
8,140.23,313,2,3.3,two-year,0,1,8.0,partner,C,0
47,138.53,354,5,3.0,month-to-month,1,1,7.0,organic,A,0
35,25.45,456,4,1.2,month-to-month,0,1,2.0,ads,B,1
41,103.77,458,0,0.0,month-to-month,1,4,8.0,ads,A,0
34,84.78,317,3,6.1,month-to-month,1,4,7.0,partner,A,0
22,77.77,156,3,3.3,month-to-month,0,1,1.0,partner,A,1
65,29.83,631,3,0.0,one-year,1,4,8.0,referral,B,0
11,69.68,535,2,16.4,month-to-month,0,1,5.0,ads,C,1
35,80.5,506,3,4.4,two-year,1,1,5.0,organic,B,0
1,59.31,483,8,11.2,month-to-month,1,1,4.0,ads,B,1
46,121.24,502,4,5.5,month-to-month,0,4,4.0,ads,C,1
22,46.71,224,3,7.6,one-year,1,2,5.0,ads,A,0
50,68.64,217,2,6.6,one-year,1,2,9.0,referral,B,0
37,86.92,502,1,1.1,month-to-month,1,2,8.0,ads,B,0
33,89.66,138,8,8.6,month-to-month,1,2,6.0,organic,B,0
45,39.8,475,3,10.3,month-to-month,0,3,6.0,partner,B,0
43,28.92,521,5,0.2,month-to-month,0,1,6.0,partner,A,0
31,134.12,648,2,9.6,month-to-month,0,2,5.0,ads,C,0
40,36.11,379,2,2.3,month-to-month,0,3,2.0,partner,A,0
54,103.92,278,1,6.1,two-year,1,4,9.0,referral,C,0
55,113.25,557,2,0.0,month-to-month,0,2,6.0,organic,C,0
8,122.65,389,1,11.7,month-to-month,0,3,3.0,organic,B,1
56,32.13,199,5,0.0,month-to-month,1,6,10.0,ads,A,0
48,58.82,16,1,9.6,one-year,0,3,6.0,ads,A,0
44,45.6,496,2,6.3,one-year,0,4,6.0,ads,B,0
33,26.21,523,0,7.3,month-to-month,1,3,8.0,referral,C,0
46,101.16,419,2,0.0,month-to-month,1,4,9.0,organic,C,0
51,39.57,414,7,2.1,one-year,0,2,6.0,organic,A,0
5,44.51,422,3,12.6,month-to-month,1,1,5.0,ads,B,1
56,76.1,396,0,4.8,one-year,1,2,6.0,partner,B,0
40,35.32,212,1,4.7,month-to-month,1,3,8.0,partner,A,0
52,101.88,373,2,3.9,two-year,1,2,8.0,ads,A,0
22,121.4,404,2,0.0,month-to-month,1,2,10.0,organic,B,0
14,98.86,550,3,2.5,month-to-month,1,1,4.0,referral,A,0
14,74.95,320,8,11.9,one-year,0,5,7.0,organic,B,1
25,127.99,364,4,0.0,month-to-month,0,1,7.0,ads,C,1
56,125.6,481,1,6.0,one-year,0,2,9.0,organic,C,0
55,138.25,333,0,0.0,month-to-month,0,3,7.0,ads,B,0
40,137.69,330,1,12.4,month-to-month,1,4,9.0,referral,B,0
43,125.21,225,2,2.7,month-to-month,1,4,4.0,referral,C,0
48,93.47,593,3,0.0,month-to-month,0,3,6.0,referral,A,0
51,22.05,483,4,9.9,month-to-month,1,2,8.0,referral,A,0
51,114.36,528,0,8.6,month-to-month,1,1,6.0,organic,B,0
67,82.76,351,2,1.8,two-year,1,3,10.0,ads,C,0
40,31.13,658,3,2.3,month-to-month,0,3,4.0,ads,A,0
32,114.84,461,3,5.1,two-year,1,3,7.0,referral,B,0
1,73.3,504,7,8.1,month-to-month,1,3,2.0,ads,B,1
53,66.83,461,2,5.8,month-to-month,0,4,8.0,ads,A,0
37,125.03,443,1,0.0,month-to-month,0,2,6.0,organic,A,1
39,58.0,439,1,5.4,one-year,0,4,5.0,ads,A,0
62,55.02,319,3,1.5,two-year,1,1,9.0,organic,C,0
23,50.8,466,5,4.5,month-to-month,1,2,6.0,ads,A,1
52,52.86,463,4,9.9,one-year,0,4,5.0,organic,A,0
42,93.21,374,3,0.0,month-to-month,0,4,4.0,referral,A,0
42,125.54,378,3,5.1,one-year,0,3,5.0,referral,A,0
29,144.82,431,3,0.0,month-to-month,0,4,6.0,ads,B,1
14,21.09,293,2,10.6,month-to-month,1,1,6.0,ads,C,1
53,49.13,441,4,2.4,month-to-month,1,1,6.0,partner,A,0
59,80.56,550,2,0.0,two-year,1,2,8.0,organic,A,0
48,148.54,254,5,1.2,two-year,1,1,6.0,referral,B,1
48,132.33,569,4,7.8,month-to-month,0,4,7.0,organic,A,0
12,61.21,323,1,0.0,one-year,1,5,10.0,referral,A,0
46,64.33,413,3,4.7,two-year,1,3,3.0,ads,C,0
28,23.53,536,1,3.9,month-to-month,1,5,8.0,referral,B,0
27,114.6,384,5,12.1,one-year,0,1,4.0,ads,A,1
27,119.96,491,6,5.2,month-to-month,1,2,3.0,ads,C,0
41,50.47,301,6,9.8,month-to-month,0,2,4.0,organic,A,0
22,127.25,483,4,11.8,month-to-month,0,1,5.0,ads,A,1
60,86.71,516,0,2.7,one-year,1,4,8.0,referral,B,0
30,80.59,346,6,7.8,month-to-month,1,3,10.0,referral,A,0
47,74.33,437,6,7.6,month-to-month,0,2,6.0,partner,B,0
36,97.26,454,2,4.0,month-to-month,0,3,3.0,ads,A,0
1,92.59,388,3,11.1,month-to-month,0,3,4.0,organic,A,1
17,114.1,343,4,6.3,one-year,0,2,3.0,partner,A,1
30,81.94,380,1,7.2,month-to-month,0,5,4.0,partner,B,1
43,50.67,405,2,13.9,one-year,1,3,6.0,organic,B,0
41,38.53,424,5,1.3,month-to-month,0,3,7.0,ads,A,0
23,45.6,458,6,3.8,two-year,0,3,8.0,partner,B,0
57,64.79,438,1,0.0,one-year,1,6,9.0,ads,B,0
68,142.08,374,1,6.6,month-to-month,0,3,8.0,partner,B,1
41,110.6,369,3,1.4,month-to-month,1,3,6.0,referral,A,1
30,74.83,498,5,2.0,month-to-month,1,2,8.0,organic,B,0
20,40.42,451,3,9.5,one-year,1,2,4.0,ads,A,0
47,115.35,444,3,6.0,one-year,0,4,6.0,organic,B,0
30,75.26,387,2,2.0,month-to-month,1,5,7.0,organic,B,0
72,120.05,283,0,0.0,two-year,1,4,10.0,referral,B,0
29,126.64,397,4,0.8,month-to-month,1,3,9.0,partner,C,0
50,96.23,434,4,8.8,month-to-month,0,3,7.0,organic,A,0
38,125.8,326,6,10.3,two-year,1,4,6.0,referral,A,0
29,95.32,801,6,5.5,month-to-month,1,3,4.0,partner,B,1
38,85.78,547,0,7.8,month-to-month,1,3,10.0,ads,B,0
33,119.71,415,1,0.4,two-year,1,4,9.0,organic,A,0
60,74.15,489,3,0.0,one-year,1,4,7.0,referral,B,0
24,100.7,433,4,5.5,month-to-month,0,3,3.0,partner,B,1
57,69.98,400,1,2.7,one-year,1,5,7.0,ads,B,0
15,141.82,643,4,5.9,two-year,0,4,4.0,partner,C,0
57,111.84,451,0,4.7,month-to-month,1,2,10.0,organic,B,0
53,133.27,290,2,0.0,one-year,1,5,9.0,referral,A,0
22,88.48,452,3,5.8,month-to-month,0,1,4.0,organic,B,1
41,135.27,434,2,8.8,one-year,0,3,2.0,ads,B,1
55,91.81,411,2,8.6,month-to-month,1,3,9.0,referral,B,0
22,118.13,469,4,6.2,month-to-month,0,2,7.0,ads,A,1
47,116.92,388,3,11.0,month-to-month,0,4,6.0,ads,A,0
42,31.42,176,4,0.0,one-year,1,2,8.0,ads,B,0
8,67.83,491,4,12.8,month-to-month,0,4,5.0,ads,C,1
47,148.67,356,2,0.4,month-to-month,1,3,7.0,partner,B,0
19,47.83,398,3,3.3,one-year,0,1,8.0,partner,B,0
61,66.55,397,2,2.9,one-year,1,4,9.0,ads,B,0
26,147.11,496,4,4.8,one-year,0,3,6.0,ads,A,1
33,63.05,503,5,2.2,month-to-month,1,2,8.0,partner,B,0
32,127.18,339,3,0.4,one-year,1,2,9.0,ads,A,0
36,76.46,500,6,2.8,month-to-month,0,3,4.0,ads,B,0
21,141.47,324,6,0.5,one-year,0,3,7.0,organic,B,0
35,97.89,622,1,4.2,month-to-month,0,4,10.0,referral,C,0
22,146.34,274,5,13.5,month-to-month,0,1,6.0,ads,C,0
62,34.39,496,2,3.7,one-year,0,5,9.0,partner,B,0
34,55.2,442,3,0.5,one-year,1,5,8.0,referral,B,0
56,97.77,520,3,3.3,two-year,1,3,9.0,referral,A,0
37,34.72,371,3,0.1,month-to-month,0,1,4.0,partner,A,0
32,116.4,621,3,12.6,one-year,1,5,4.0,organic,C,0
38,141.19,376,1,2.2,two-year,1,4,9.0,referral,A,0
23,102.9,556,3,0.0,month-to-month,1,2,6.0,referral,A,0
6,111.11,135,3,9.2,two-year,1,3,7.0,referral,A,1
36,40.39,399,3,3.1,two-year,0,3,10.0,partner,A,0
46,103.05,585,6,4.3,month-to-month,0,4,8.0,partner,B,0
22,76.52,451,0,11.5,month-to-month,1,6,7.0,referral,C,0
50,118.04,774,1,1.0,month-to-month,0,3,6.0,ads,A,0
13,59.8,686,0,9.1,two-year,0,3,5.0,organic,A,0
60,106.4,241,3,1.2,month-to-month,1,4,10.0,organic,A,0
52,30.04,826,4,0.0,one-year,1,2,7.0,ads,A,0
12,60.37,532,2,7.0,month-to-month,0,2,4.0,ads,B,0
46,97.91,487,3,1.0,one-year,0,1,10.0,ads,A,0
18,94.26,223,3,0.0,month-to-month,0,5,5.0,ads,A,1
56,95.74,554,2,0.0,one-year,0,5,7.0,organic,A,0
53,80.53,568,1,0.0,one-year,0,4,9.0,referral,A,0
27,98.63,366,0,4.7,month-to-month,0,1,7.0,ads,A,0
71,56.47,618,1,0.0,month-to-month,0,4,6.0,referral,A,0
51,78.07,249,2,0.0,two-year,1,2,7.0,referral,B,0
36,40.55,426,4,0.0,one-year,0,4,7.0,referral,B,0
57,66.09,610,1,0.0,two-year,0,6,10.0,organic,C,0
32,105.71,334,5,3.5,month-to-month,0,3,7.0,referral,A,0
28,93.52,374,3,3.4,month-to-month,0,1,4.0,ads,C,0
63,24.67,346,4,14.4,two-year,0,1,2.0,ads,A,1
32,111.86,374,4,5.6,one-year,0,1,7.0,organic,B,1
5,97.57,408,4,8.2,month-to-month,0,2,4.0,referral,B,1
32,70.73,374,5,0.0,month-to-month,1,2,8.0,ads,B,0
10,97.83,752,2,8.5,month-to-month,1,2,7.0,organic,B,0
41,27.75,344,1,0.0,month-to-month,0,5,8.0,referral,A,0
6,117.88,391,3,15.2,one-year,1,2,10.0,referral,A,0
40,98.98,304,1,0.0,two-year,1,3,10.0,referral,C,0
10,51.42,249,1,0.5,month-to-month,1,3,3.0,ads,B,0
72,22.99,482,0,0.0,two-year,1,5,10.0,ads,B,1
44,102.87,622,4,0.7,month-to-month,1,5,7.0,referral,A,0
30,133.03,678,6,1.9,one-year,1,5,7.0,partner,B,0
22,34.88,516,4,13.1,month-to-month,0,2,7.0,partner,C,0
21,136.55,422,0,8.0,one-year,1,3,10.0,partner,A,0
41,128.81,603,4,3.3,month-to-month,0,1,7.0,partner,A,0
72,81.77,409,2,5.9,one-year,1,2,6.0,referral,A,0
48,70.27,591,0,8.3,one-year,0,3,9.0,ads,B,0
29,50.57,338,7,4.2,one-year,0,2,7.0,referral,B,0
4,27.91,637,2,3.9,one-year,0,1,5.0,partner,C,0
4,55.67,403,2,13.7,month-to-month,0,1,3.0,partner,A,1
37,126.53,596,5,9.8,one-year,0,4,8.0,referral,C,0
62,82.63,652,0,0.0,month-to-month,0,2,10.0,ads,C,0
42,25.72,449,2,9.0,one-year,1,5,5.0,organic,B,0
33,87.6,426,2,3.7,one-year,0,1,6.0,ads,B,1
49,115.21,599,2,5.0,month-to-month,0,5,6.0,referral,B,0
48,118.0,519,2,0.0,month-to-month,0,2,4.0,ads,A,0
16,130.68,593,4,7.3,month-to-month,1,1,5.0,ads,B,1
40,113.61,528,5,4.0,month-to-month,1,3,5.0,ads,A,0
24,21.03,469,6,12.8,month-to-month,1,3,4.0,partner,A,0
23,74.25,529,3,0.9,month-to-month,0,3,3.0,partner,A,1
45,63.6,446,4,0.0,month-to-month,0,2,5.0,referral,B,0
68,79.19,282,4,0.5,one-year,1,3,6.0,organic,A,0
29,123.06,478,4,2.1,one-year,1,4,6.0,ads,A,0
56,24.97,360,2,0.0,month-to-month,1,4,7.0,organic,A,0
42,107.32,317,3,0.0,month-to-month,1,3,3.0,ads,A,0
36,72.82,385,1,9.8,two-year,1,3,6.0,ads,A,0
55,149.8,269,5,7.8,one-year,1,5,8.0,referral,C,0
51,57.91,17,2,4.2,two-year,0,3,8.0,ads,B,0
62,83.67,512,1,0.6,month-to-month,1,5,7.0,organic,A,0
66,143.14,346,0,0.0,month-to-month,1,5,10.0,organic,B,0
22,41.52,457,4,0.0,one-year,0,3,6.0,referral,A,0
50,94.83,400,2,4.8,month-to-month,0,4,7.0,referral,B,0
15,101.15,552,1,3.1,two-year,1,4,9.0,organic,B,0
62,100.48,359,0,0.0,month-to-month,0,4,4.0,referral,B,0
51,119.15,256,2,5.3,one-year,1,3,6.0,partner,B,0
39,37.62,531,3,5.8,two-year,0,2,7.0,partner,B,0
21,112.74,111,3,11.0,month-to-month,0,1,6.0,ads,A,0
32,41.06,449,5,4.4,month-to-month,1,3,4.0,ads,A,1
31,76.3,447,5,14.0,month-to-month,0,2,6.0,organic,B,1
39,138.6,504,0,9.2,one-year,0,4,7.0,ads,C,0
72,40.75,733,2,0.0,one-year,1,2,6.0,referral,A,0
11,111.44,371,1,8.0,month-to-month,0,2,2.0,ads,C,0
58,103.53,481,1,0.5,month-to-month,0,3,7.0,ads,A,0
23,114.59,504,4,9.6,month-to-month,0,3,5.0,ads,C,0
21,137.92,432,3,5.0,one-year,1,1,6.0,referral,B,0
69,124.93,313,1,7.5,month-to-month,1,4,9.0,referral,C,0
16,90.76,219,4,0.1,month-to-month,1,4,5.0,organic,C,0
22,46.85,330,8,9.3,month-to-month,1,3,2.0,ads,B,1
42,39.45,240,1,0.0,month-to-month,1,3,6.0,ads,A,0
33,28.27,256,1,3.5,month-to-month,1,5,5.0,ads,C,0
32,83.26,427,3,9.7,month-to-month,0,4,4.0,referral,B,1
47,132.95,250,0,9.1,one-year,1,1,8.0,ads,A,0
24,48.23,499,5,1.5,month-to-month,1,4,7.0,ads,A,0
27,137.41,274,3,3.1,month-to-month,0,4,4.0,organic,B,0
59,40.07,527,1,1.7,month-to-month,1,5,8.0,organic,A,0
35,135.64,295,5,6.9,month-to-month,1,2,9.0,organic,A,0
46,110.62,510,6,9.2,month-to-month,0,1,4.0,ads,A,1
27,54.53,446,2,0.0,month-to-month,1,1,5.0,ads,C,0
43,147.33,494,1,1.8,one-year,1,4,2.0,organic,A,0
40,77.67,366,1,1.1,one-year,1,5,10.0,partner,A,0
10,43.59,357,4,0.7,one-year,0,3,3.0,referral,A,0
36,109.07,647,2,7.3,two-year,0,4,7.0,ads,B,0
52,41.37,289,3,0.0,month-to-month,1,3,10.0,referral,C,0
60,135.78,316,5,1.1,month-to-month,0,4,8.0,organic,B,0
45,140.03,165,3,12.0,month-to-month,0,2,4.0,partner,A,0
72,29.23,325,1,6.5,month-to-month,1,3,3.0,referral,A,0
34,82.48,228,3,13.2,month-to-month,0,3,3.0,partner,B,1
18,28.32,636,4,11.6,month-to-month,0,3,6.0,ads,C,0
64,68.19,510,1,0.0,month-to-month,1,3,10.0,referral,A,0
37,112.03,339,1,5.2,month-to-month,0,2,6.0,referral,A,0
35,67.73,525,7,8.4,month-to-month,1,4,4.0,ads,B,0
28,141.14,56,3,6.0,two-year,1,5,9.0,referral,C,0
72,50.44,277,0,0.0,two-year,1,5,8.0,referral,A,0
61,43.45,515,1,0.0,month-to-month,0,4,8.0,partner,A,0
1,104.92,269,4,10.5,month-to-month,1,1,4.0,partner,C,1
20,138.96,336,5,4.0,month-to-month,0,3,5.0,partner,B,0
63,21.28,542,2,0.0,month-to-month,1,3,8.0,referral,A,0
45,125.24,470,4,5.7,month-to-month,1,4,9.0,ads,C,0
22,88.87,259,0,3.7,month-to-month,1,2,8.0,referral,C,0
56,28.99,372,2,6.9,one-year,1,3,10.0,ads,B,0
1,105.99,339,7,4.8,month-to-month,1,3,4.0,ads,B,1
34,74.61,330,5,0.0,month-to-month,1,3,8.0,ads,C,0
14,74.71,342,6,12.9,month-to-month,0,2,3.0,ads,A,1
15,31.46,579,4,8.1,month-to-month,1,1,2.0,ads,C,0
10,108.78,316,2,5.5,two-year,0,4,7.0,partner,A,0
23,34.15,573,8,6.7,month-to-month,1,2,4.0,organic,A,1
47,83.05,532,1,2.9,one-year,0,4,6.0,organic,B,0
28,128.0,545,5,9.5,one-year,0,1,5.0,ads,C,0
17,116.81,488,6,7.7,month-to-month,0,4,7.0,ads,C,0
26,47.27,489,1,0.0,month-to-month,1,2,7.0,referral,A,0
23,126.68,447,2,0.0,one-year,1,4,8.0,ads,A,0
21,134.55,352,5,7.8,month-to-month,0,4,4.0,partner,A,1
48,116.18,625,2,7.2,one-year,1,6,10.0,partner,B,0
18,149.36,366,4,3.5,month-to-month,1,4,4.0,partner,B,0
27,30.02,406,2,4.3,month-to-month,0,3,7.0,ads,C,0
57,29.6,507,2,0.0,two-year,0,4,7.0,organic,C,0
35,101.51,481,5,7.3,month-to-month,0,3,5.0,partner,C,0
33,62.82,254,4,3.5,month-to-month,1,3,6.0,organic,B,0
41,77.1,397,4,0.4,month-to-month,1,4,4.0,ads,C,0
13,115.63,394,4,8.8,month-to-month,0,3,5.0,ads,B,0
68,137.57,590,4,5.2,month-to-month,0,1,7.0,ads,A,0
37,50.94,482,4,1.1,two-year,0,5,5.0,ads,A,0
65,42.9,649,3,0.0,two-year,1,5,10.0,referral,A,0
33,117.64,409,4,9.9,month-to-month,0,1,3.0,ads,B,1
60,130.41,413,2,0.9,one-year,1,3,7.0,ads,B,0
22,120.61,409,4,6.0,month-to-month,0,2,2.0,ads,A,1
38,36.62,479,3,5.9,one-year,1,6,10.0,organic,A,0
22,118.68,777,3,1.8,month-to-month,1,3,4.0,ads,B,1
34,77.04,434,1,0.0,one-year,1,2,8.0,referral,A,0
19,99.19,304,3,4.1,two-year,0,1,4.0,ads,A,0
27,72.29,463,4,4.4,month-to-month,1,3,6.0,organic,A,1
11,21.75,333,5,0.2,month-to-month,1,4,7.0,referral,A,0
46,149.51,349,5,8.1,one-year,0,2,7.0,organic,A,0
70,42.86,445,1,0.0,one-year,1,3,6.0,referral,A,0
55,107.53,657,3,0.2,month-to-month,0,3,5.0,ads,C,0
47,48.81,383,5,8.1,one-year,0,1,7.0,ads,A,0
42,24.82,459,1,0.0,month-to-month,1,2,9.0,organic,B,0
30,148.55,417,2,2.2,two-year,1,1,6.0,referral,C,0
34,20.84,507,3,1.1,one-year,1,2,8.0,referral,B,1
53,100.3,123,5,0.0,month-to-month,1,4,7.0,organic,C,0
29,116.19,383,3,4.4,month-to-month,0,1,4.0,ads,A,1
28,93.54,403,4,5.6,month-to-month,0,3,6.0,ads,C,1
64,119.91,453,2,1.7,one-year,0,1,9.0,referral,A,0
49,42.18,520,0,4.3,one-year,1,4,8.0,organic,C,0
23,23.1,598,3,6.3,month-to-month,0,2,7.0,ads,A,1
27,89.54,433,3,8.5,one-year,0,2,5.0,organic,B,0
62,76.41,620,0,0.0,month-to-month,0,5,10.0,referral,A,0
45,119.69,525,1,9.4,one-year,0,1,5.0,ads,B,0
51,27.91,568,3,1.0,month-to-month,1,4,7.0,referral,B,0
62,26.97,475,3,7.2,one-year,0,4,4.0,ads,B,0
58,63.67,464,2,6.0,month-to-month,0,2,6.0,organic,B,0
56,122.8,600,1,0.0,month-to-month,1,2,9.0,ads,B,0
33,80.93,478,2,7.6,two-year,0,4,9.0,organic,B,0
26,122.31,489,0,4.6,month-to-month,1,3,10.0,ads,B,0
46,103.1,301,5,1.8,one-year,1,5,9.0,organic,B,0
48,75.76,421,5,12.7,month-to-month,1,4,7.0,partner,C,0
72,128.52,378,2,0.0,month-to-month,1,3,7.0,organic,A,0
39,106.59,544,4,5.0,month-to-month,1,2,5.0,ads,A,1
57,74.62,491,3,5.3,two-year,0,3,9.0,ads,C,0
31,34.51,503,3,0.1,two-year,1,3,8.0,organic,C,0
47,67.62,391,1,1.1,one-year,1,3,5.0,referral,C,0
55,27.64,367,2,6.2,month-to-month,0,3,9.0,referral,C,0
1,82.83,460,8,4.5,month-to-month,0,2,6.0,ads,C,1
55,27.13,578,1,1.2,two-year,0,3,8.0,referral,B,0
38,120.15,302,1,4.5,one-year,0,2,6.0,referral,A,0
26,66.29,359,5,15.7,month-to-month,1,2,3.0,organic,A,0
32,99.27,677,0,0.0,two-year,0,4,4.0,ads,C,0
9,59.64,286,1,5.7,two-year,1,3,7.0,organic,C,0
38,134.7,569,3,3.1,two-year,0,1,8.0,ads,C,0
42,83.9,203,1,0.0,month-to-month,1,2,7.0,organic,A,0
23,117.21,342,2,3.1,one-year,1,4,10.0,ads,A,0
27,105.84,526,1,0.0,month-to-month,1,3,6.0,organic,A,0
45,111.15,354,2,5.2,month-to-month,1,3,7.0,ads,B,0
38,87.16,373,1,3.6,month-to-month,0,3,6.0,partner,B,1
12,149.82,200,4,0.0,two-year,1,2,7.0,organic,B,0
15,33.15,301,2,5.1,month-to-month,1,2,8.0,referral,C,0
22,86.05,219,4,7.1,month-to-month,1,2,6.0,ads,B,0
41,67.58,253,3,13.4,two-year,1,2,7.0,organic,A,0
48,66.73,514,4,6.1,month-to-month,0,3,6.0,organic,B,0
36,118.06,251,4,0.0,one-year,1,3,3.0,organic,C,0
20,20.96,457,3,4.4,month-to-month,0,3,4.0,partner,C,1
34,70.05,405,2,7.7,one-year,0,3,7.0,ads,B,0
28,73.36,278,3,0.0,one-year,1,1,6.0,referral,A,0
41,85.82,266,5,2.4,month-to-month,0,6,6.0,referral,A,1
17,71.32,496,2,5.4,month-to-month,1,3,5.0,ads,A,0
52,58.18,506,3,1.2,month-to-month,0,3,8.0,referral,B,0
22,91.54,575,6,14.7,month-to-month,0,2,3.0,ads,A,1
18,138.0,398,2,9.0,one-year,0,2,5.0,ads,C,0
18,62.54,359,4,6.3,month-to-month,1,2,4.0,ads,C,1
13,33.73,182,6,1.0,month-to-month,0,2,3.0,referral,B,1
30,85.0,418,3,0.0,one-year,1,3,7.0,referral,A,0
49,129.6,239,1,0.0,month-to-month,0,5,10.0,referral,B,0
11,37.88,345,3,1.1,month-to-month,1,3,5.0,ads,A,1
31,130.35,376,2,0.0,one-year,0,3,6.0,ads,C,0
50,112.66,286,2,5.0,one-year,0,4,8.0,partner,A,0
32,92.67,599,1,7.2,one-year,0,3,9.0,ads,B,1
28,78.17,743,2,2.8,one-year,0,5,6.0,referral,C,0
33,74.53,610,5,9.6,month-to-month,0,1,5.0,organic,A,1
32,114.36,605,2,3.0,month-to-month,1,2,5.0,ads,A,0
28,81.68,482,4,5.5,month-to-month,0,1,7.0,referral,A,0
65,105.03,544,4,7.0,one-year,0,1,6.0,organic,A,0
69,24.81,524,0,0.0,one-year,0,3,8.0,ads,A,0
43,142.25,366,1,2.7,month-to-month,1,4,3.0,ads,B,0
33,78.71,579,3,0.0,two-year,0,5,9.0,ads,C,0
56,138.82,346,3,2.2,month-to-month,1,4,10.0,ads,C,0
6,101.94,573,2,8.9,month-to-month,1,5,7.0,organic,C,0
35,105.94,533,1,1.7,month-to-month,1,2,4.0,ads,B,0
45,45.5,397,3,0.0,month-to-month,1,4,8.0,ads,C,0
48,29.23,271,7,7.8,month-to-month,1,4,4.0,ads,A,0
37,48.23,525,5,10.5,two-year,1,3,5.0,ads,C,0
41,89.56,300,2,6.3,one-year,1,3,7.0,ads,C,0
39,24.64,478,3,2.9,one-year,1,3,8.0,referral,B,0
61,134.14,465,0,1.3,two-year,1,5,10.0,referral,A,0
33,75.1,438,2,0.0,month-to-month,1,4,8.0,ads,B,0
49,83.0,454,2,0.0,month-to-month,1,5,6.0,referral,A,0
28,38.69,387,8,9.0,one-year,0,3,6.0,partner,C,1
49,131.65,307,1,2.7,month-to-month,0,3,8.0,partner,B,0
11,105.76,491,3,7.1,one-year,1,4,5.0,ads,C,0
69,31.53,680,0,3.6,month-to-month,1,3,7.0,referral,B,0
38,44.1,552,5,1.5,month-to-month,1,3,8.0,partner,A,0
25,26.46,510,9,8.5,month-to-month,0,2,8.0,organic,A,1
64,99.96,361,4,4.8,month-to-month,1,2,7.0,partner,C,0
1,36.1,783,3,8.6,month-to-month,0,2,2.0,partner,A,1
24,83.0,492,4,15.5,one-year,0,2,1.0,ads,A,1
21,111.99,461,9,0.0,month-to-month,0,6,7.0,partner,B,1
37,88.48,524,5,2.8,month-to-month,1,5,7.0,organic,A,0
35,81.1,291,3,2.0,month-to-month,0,5,6.0,referral,B,1
37,32.66,451,0,0.0,month-to-month,0,5,10.0,referral,B,0
39,87.04,531,2,0.0,month-to-month,1,5,10.0,referral,B,0
28,29.35,431,2,1.8,one-year,1,4,6.0,partner,B,0
44,21.8,220,4,6.9,one-year,0,2,5.0,partner,A,0
72,130.49,519,2,0.0,two-year,0,3,7.0,ads,A,0
40,140.88,388,7,11.8,month-to-month,0,1,6.0,ads,B,0
46,20.29,581,2,0.8,month-to-month,1,5,8.0,referral,C,0
40,103.65,416,0,0.0,month-to-month,1,2,9.0,organic,A,0
28,50.13,312,3,4.5,one-year,0,3,4.0,ads,A,1
42,80.37,445,3,10.6,month-to-month,1,2,6.0,partner,B,0
50,86.3,436,1,0.0,month-to-month,1,2,10.0,referral,C,0
15,85.47,545,2,0.0,month-to-month,0,3,5.0,referral,C,0
43,103.29,480,3,0.0,month-to-month,0,3,8.0,organic,B,0
28,46.47,326,5,19.5,month-to-month,1,3,3.0,organic,B,1
39,117.66,494,5,10.2,month-to-month,0,2,8.0,ads,A,0
33,48.82,539,3,1.5,month-to-month,1,1,9.0,organic,A,0
47,136.31,318,5,0.0,month-to-month,1,3,8.0,referral,A,1
1,29.85,446,2,2.0,one-year,1,2,9.0,ads,B,0
45,29.67,281,3,8.2,month-to-month,0,1,8.0,referral,C,0
36,31.44,609,3,15.3,month-to-month,1,3,6.0,referral,B,0
22,106.51,552,5,1.2,two-year,1,2,8.0,ads,C,0
25,33.63,364,4,4.9,month-to-month,0,3,7.0,organic,B,0
14,44.81,355,2,1.4,month-to-month,1,1,7.0,partner,B,0
68,62.46,414,3,6.9,one-year,0,3,9.0,ads,B,0
12,105.9,414,4,3.0,month-to-month,0,3,6.0,ads,A,1
21,100.75,393,6,12.5,month-to-month,0,1,3.0,partner,A,1
60,134.28,415,3,0.0,one-year,1,4,4.0,organic,C,0
63,38.43,282,2,6.8,one-year,1,2,7.0,ads,C,0
25,41.59,278,1,2.8,month-to-month,1,3,2.0,referral,B,0
47,50.62,284,2,0.0,month-to-month,1,3,7.0,referral,B,0
40,59.5,447,3,1.1,two-year,1,4,5.0,partner,C,0
69,112.34,560,2,8.3,month-to-month,0,4,7.0,organic,C,0
34,87.25,704,3,7.8,one-year,0,3,8.0,organic,C,0
46,89.55,628,0,0.0,one-year,0,5,10.0,referral,C,0
34,57.54,316,2,0.0,one-year,1,4,10.0,partner,C,0
15,116.39,576,2,10.0,month-to-month,0,3,7.0,organic,C,1
61,80.13,440,1,0.0,one-year,1,2,9.0,organic,C,0
39,80.98,494,1,4.0,month-to-month,0,2,3.0,ads,B,0
43,51.19,629,1,0.0,two-year,1,2,9.0,referral,B,0
14,57.57,587,2,15.9,month-to-month,1,3,2.0,organic,B,1
46,89.27,341,2,12.9,one-year,0,5,8.0,ads,C,1
45,27.99,381,0,0.9,one-year,0,5,4.0,referral,C,0
11,142.2,409,1,7.8,one-year,0,2,4.0,ads,C,1
42,90.71,443,2,7.8,month-to-month,0,2,6.0,partner,A,0
35,102.75,475,4,7.6,month-to-month,0,3,1.0,partner,C,0
9,23.6,618,0,1.6,month-to-month,0,4,8.0,partner,A,1
50,25.47,405,0,2.8,month-to-month,0,1,8.0,referral,C,0
42,145.08,372,3,2.0,one-year,0,3,9.0,ads,C,0
33,40.47,443,2,4.3,month-to-month,1,3,8.0,partner,A,0
60,40.98,348,2,0.3,two-year,1,4,8.0,referral,B,0
16,134.82,620,8,5.6,month-to-month,0,2,5.0,ads,B,1
19,123.55,275,6,5.4,one-year,0,4,4.0,ads,B,0
45,105.13,148,6,0.4,month-to-month,1,2,6.0,partner,B,1
45,111.04,309,1,5.9,month-to-month,0,2,6.0,ads,C,0
26,22.86,150,3,4.4,month-to-month,0,2,4.0,ads,B,1
2,108.83,464,6,11.0,month-to-month,0,1,3.0,referral,A,1
13,49.68,255,1,5.6,one-year,0,2,6.0,ads,B,0
8,49.46,691,5,7.7,month-to-month,1,1,3.0,partner,C,1
72,76.51,448,4,2.4,month-to-month,0,3,9.0,referral,A,0
29,74.83,380,3,8.1,two-year,0,4,5.0,organic,B,0
7,88.9,263,5,9.9,one-year,1,2,5.0,ads,C,0
35,114.7,445,4,4.9,month-to-month,0,4,8.0,ads,C,0
22,136.89,650,1,5.3,month-to-month,0,3,6.0,organic,B,1
32,78.72,172,3,8.3,month-to-month,0,3,9.0,referral,A,0
69,97.37,525,1,2.5,month-to-month,1,4,7.0,referral,C,0
32,84.27,311,3,5.7,one-year,1,3,6.0,partner,B,0
34,20.32,569,1,0.0,one-year,1,3,5.0,referral,B,0
23,127.42,319,6,12.4,month-to-month,1,2,5.0,partner,A,1
19,115.65,618,6,1.9,two-year,0,3,5.0,ads,B,0
48,144.74,497,2,5.5,month-to-month,1,3,5.0,referral,B,0
19,68.41,288,4,14.4,one-year,0,2,4.0,ads,A,1
2,126.62,297,2,4.3,one-year,0,4,5.0,ads,A,0
21,114.6,391,2,7.4,month-to-month,0,2,3.0,partner,A,1
37,35.18,283,3,1.5,month-to-month,1,5,10.0,referral,C,0
69,146.13,211,2,0.0,one-year,1,3,6.0,partner,A,0
13,39.92,580,2,0.0,month-to-month,0,2,6.0,partner,B,1
36,127.96,168,1,1.9,month-to-month,1,5,7.0,ads,C,0
39,81.58,630,6,4.7,month-to-month,0,4,6.0,ads,B,1
29,98.09,365,1,4.9,one-year,1,2,6.0,partner,A,0
39,87.06,479,2,7.8,one-year,1,4,7.0,ads,C,0
51,28.72,720,1,0.0,one-year,1,3,10.0,organic,B,0
53,143.15,509,3,5.0,month-to-month,1,4,7.0,ads,B,0
41,133.53,336,3,11.8,month-to-month,1,4,6.0,ads,A,1
55,96.25,652,4,3.7,month-to-month,0,3,5.0,partner,C,0
1,83.74,180,4,18.9,one-year,1,3,3.0,ads,B,1
23,63.25,449,5,7.6,month-to-month,1,3,5.0,organic,A,0
55,42.72,587,0,0.0,month-to-month,1,3,10.0,organic,B,0
61,121.73,359,1,0.0,two-year,1,1,6.0,organic,C,0
54,87.18,284,1,5.8,one-year,0,1,7.0,partner,A,0
40,108.2,258,2,0.6,two-year,1,3,9.0,organic,B,0
34,58.37,407,3,4.7,month-to-month,1,4,4.0,organic,B,0
72,135.88,161,0,0.0,two-year,1,3,10.0,referral,C,0
23,147.16,171,2,5.7,month-to-month,1,2,6.0,ads,A,0
31,105.93,336,4,6.4,one-year,1,2,7.0,referral,C,0
23,131.06,362,4,6.9,month-to-month,0,2,4.0,organic,A,0
3,50.45,461,6,7.6,one-year,0,2,4.0,ads,A,1
54,146.39,377,6,6.6,month-to-month,0,5,6.0,referral,B,0
11,49.54,330,5,6.4,month-to-month,1,2,7.0,partner,A,1
17,49.71,583,2,6.5,month-to-month,0,2,5.0,ads,C,1
33,139.66,466,8,3.0,two-year,1,4,6.0,ads,A,1
43,57.08,662,6,10.0,month-to-month,0,1,5.0,partner,A,0
56,67.31,418,0,0.0,month-to-month,0,5,10.0,referral,A,0
61,130.93,206,0,0.2,one-year,1,2,7.0,ads,A,0
46,131.48,329,4,6.2,one-year,0,2,10.0,ads,A,0
56,30.85,265,2,3.8,one-year,1,3,6.0,referral,A,0
21,61.58,437,2,6.1,two-year,1,5,4.0,organic,A,0
4,51.35,441,6,10.0,one-year,0,3,2.0,organic,B,1
56,136.76,260,3,2.3,one-year,0,4,5.0,organic,B,0
34,58.51,390,2,2.4,month-to-month,1,2,8.0,referral,B,1
37,50.88,477,3,8.7,one-year,1,4,6.0,ads,A,0
45,58.23,291,5,11.9,month-to-month,0,4,8.0,partner,B,1
23,133.86,840,7,5.8,one-year,0,2,3.0,ads,C,1
2,44.77,355,8,3.8,month-to-month,0,2,6.0,ads,B,1
55,43.99,395,3,0.0,one-year,1,4,8.0,ads,C,0
44,128.92,331,1,6.0,month-to-month,1,5,10.0,organic,C,1
8,42.35,239,4,16.1,two-year,0,2,6.0,ads,C,0
28,85.36,319,4,0.0,one-year,1,5,6.0,referral,B,0
26,82.84,348,4,11.1,month-to-month,1,2,10.0,partner,B,0
48,21.43,470,3,9.6,month-to-month,1,2,8.0,ads,B,0
29,99.08,432,1,8.3,month-to-month,1,4,5.0,organic,B,0
19,107.33,262,4,8.6,month-to-month,0,3,3.0,ads,B,1
14,46.28,479,8,0.9,month-to-month,1,4,6.0,ads,A,1
34,95.07,430,5,7.0,month-to-month,0,5,6.0,ads,B,1
28,38.73,579,4,4.6,month-to-month,1,2,9.0,partner,C,0
37,116.3,683,0,4.4,month-to-month,0,3,4.0,referral,C,0
28,89.64,505,7,4.5,one-year,1,2,7.0,organic,A,0
38,73.42,510,4,11.9,one-year,0,2,2.0,partner,A,1
27,145.0,320,3,9.8,two-year,0,2,6.0,referral,C,0
44,143.91,402,2,5.2,one-year,0,3,7.0,ads,A,1
49,24.95,97,1,6.2,month-to-month,1,4,10.0,organic,A,0
56,58.81,358,3,7.8,month-to-month,0,2,2.0,partner,B,1
51,51.23,485,5,8.4,month-to-month,1,3,9.0,ads,A,0
44,143.91,629,2,0.0,two-year,0,2,5.0,ads,C,0
16,43.92,387,7,9.3,month-to-month,0,1,2.0,organic,B,1
35,27.11,383,4,5.2,month-to-month,0,2,4.0,partner,C,0
14,46.25,365,7,8.2,month-to-month,1,2,6.0,ads,B,1
35,117.8,302,4,3.8,one-year,1,3,5.0,ads,B,0
15,86.82,295,3,10.0,month-to-month,1,2,3.0,ads,A,1
24,145.75,306,4,15.2,month-to-month,0,1,4.0,organic,B,1
1,125.53,583,4,4.6,one-year,0,2,5.0,ads,B,1
57,45.63,395,1,5.1,month-to-month,1,3,7.0,ads,C,0
50,69.1,272,4,0.3,month-to-month,0,2,7.0,referral,A,1
25,125.95,286,2,11.0,month-to-month,0,3,8.0,organic,B,1
44,115.67,168,1,5.0,month-to-month,1,3,8.0,ads,A,0
8,62.95,373,4,5.1,month-to-month,0,2,6.0,ads,A,1
39,96.67,335,1,4.2,two-year,1,4,7.0,ads,C,0
38,95.99,442,3,1.6,one-year,1,3,3.0,ads,A,0
18,134.22,517,4,9.8,month-to-month,1,6,6.0,ads,A,1
14,22.74,315,4,1.7,one-year,1,2,5.0,ads,A,0
36,53.66,390,7,2.1,month-to-month,1,3,5.0,organic,C,0
36,112.45,556,6,3.8,month-to-month,0,1,6.0,organic,A,1
31,104.18,329,0,3.3,month-to-month,0,3,4.0,referral,C,0
18,64.39,258,4,6.9,one-year,1,1,3.0,referral,B,1
33,131.68,475,0,0.0,month-to-month,1,4,9.0,partner,B,0
12,115.55,568,2,7.0,month-to-month,1,3,4.0,ads,B,0
38,97.87,561,3,1.2,two-year,0,3,6.0,referral,B,0
49,51.91,328,3,0.0,one-year,1,2,9.0,organic,A,0
1,58.72,279,4,4.0,one-year,0,4,2.0,referral,A,1
15,103.99,387,4,6.4,one-year,1,2,6.0,organic,A,1
39,145.45,423,2,4.6,one-year,0,3,7.0,referral,B,0
36,130.94,417,2,4.5,month-to-month,1,4,7.0,organic,C,0
36,47.17,345,1,11.1,one-year,1,2,6.0,partner,A,0
46,117.22,573,2,3.4,month-to-month,0,2,6.0,ads,C,1
45,141.78,593,3,3.6,two-year,0,4,9.0,referral,A,0
10,32.79,243,4,6.4,one-year,0,4,5.0,ads,C,0
58,108.39,295,3,2.3,month-to-month,1,3,10.0,referral,B,0
48,31.02,389,1,2.2,two-year,1,1,7.0,ads,A,0
34,20.61,405,2,2.8,month-to-month,1,4,8.0,ads,B,0
9,146.8,483,4,4.9,two-year,1,1,6.0,referral,B,0
30,47.22,370,5,8.2,month-to-month,1,3,6.0,organic,B,0
31,123.93,392,2,2.5,one-year,0,1,6.0,referral,A,1
24,92.56,114,5,0.0,month-to-month,0,3,9.0,organic,C,0
9,101.88,578,2,3.9,month-to-month,1,3,6.0,organic,A,0
38,39.7,187,5,9.9,month-to-month,0,2,8.0,ads,C,0
57,118.41,187,1,1.0,month-to-month,1,4,9.0,referral,B,0
40,63.99,213,2,0.0,month-to-month,1,3,10.0,organic,B,0
31,98.42,306,3,7.7,month-to-month,1,3,7.0,organic,B,0
34,71.84,552,2,1.2,one-year,1,4,8.0,referral,B,0
25,43.31,552,3,3.7,month-to-month,0,3,6.0,ads,B,1
20,37.64,349,7,5.8,month-to-month,0,2,5.0,ads,C,0
19,71.07,223,5,3.8,month-to-month,0,4,4.0,partner,A,1
1,20.96,464,4,7.4,month-to-month,0,4,1.0,ads,A,0
25,145.31,376,2,12.4,one-year,1,3,6.0,ads,B,1
20,57.26,529,3,6.5,month-to-month,1,3,9.0,organic,B,0
60,107.82,257,2,0.0,two-year,1,2,10.0,organic,A,0
45,94.39,379,1,0.9,month-to-month,1,1,7.0,referral,B,0
8,115.01,512,5,4.5,month-to-month,0,2,6.0,organic,B,1
57,127.73,542,7,0.0,one-year,1,5,9.0,ads,A,0
1,133.93,602,2,10.7,one-year,0,1,3.0,ads,A,1
62,107.16,604,4,2.7,month-to-month,0,4,8.0,ads,A,0
45,70.45,399,0,2.1,one-year,1,3,8.0,organic,B,0
1,84.21,543,5,0.4,one-year,0,2,6.0,ads,B,1
33,67.68,550,2,3.8,one-year,1,3,10.0,organic,A,0
45,143.55,260,2,0.7,month-to-month,0,4,8.0,referral,A,0
25,61.65,498,3,8.9,month-to-month,1,3,6.0,ads,C,0
42,54.42,391,0,10.9,one-year,1,2,10.0,referral,B,0
72,91.32,503,0,0.0,two-year,1,2,10.0,organic,A,0
28,32.39,483,1,3.8,month-to-month,1,4,7.0,partner,C,0
40,134.98,557,3,1.6,one-year,1,4,6.0,partner,A,0
52,148.16,502,1,7.0,month-to-month,0,3,6.0,ads,B,0
30,65.29,382,2,0.0,month-to-month,0,1,5.0,ads,A,0
22,35.06,446,3,0.1,month-to-month,1,4,6.0,organic,B,0
33,56.07,312,2,3.3,month-to-month,0,2,5.0,referral,B,0
19,74.45,588,1,10.3,two-year,1,4,6.0,partner,A,0
51,129.03,538,3,12.9,one-year,1,2,6.0,partner,C,0
29,145.8,255,2,1.4,one-year,1,2,4.0,referral,A,0
72,113.56,464,1,0.0,month-to-month,0,3,7.0,ads,C,0
70,141.22,616,1,0.0,one-year,1,4,7.0,organic,B,0
18,43.52,518,1,5.7,one-year,1,4,6.0,referral,C,1
33,140.78,479,2,0.0,month-to-month,1,3,8.0,organic,A,0
36,95.24,505,1,9.0,month-to-month,0,4,9.0,organic,A,0
42,78.37,438,4,4.5,one-year,1,3,7.0,ads,B,0
47,79.0,325,0,4.3,month-to-month,1,3,5.0,ads,B,0
64,143.88,368,4,3.3,one-year,1,1,7.0,referral,B,0
23,67.51,331,3,12.3,one-year,1,1,6.0,ads,C,0
41,40.21,471,4,3.9,two-year,0,5,9.0,organic,A,0
47,96.95,586,1,1.1,month-to-month,1,3,10.0,organic,A,0
54,34.42,565,5,3.8,two-year,1,3,7.0,ads,A,0
64,112.61,271,1,0.0,month-to-month,1,4,9.0,referral,B,0
31,20.1,309,7,7.0,month-to-month,0,1,8.0,ads,B,0
33,73.1,345,4,10.2,month-to-month,1,2,5.0,ads,A,0
1,123.97,446,6,8.9,month-to-month,0,2,2.0,ads,A,1
59,73.17,304,1,6.2,month-to-month,0,2,10.0,ads,A,0
47,119.53,533,2,0.0,month-to-month,1,3,5.0,ads,A,0
60,111.48,254,2,1.2,month-to-month,0,2,1.0,partner,C,0
16,107.07,523,0,0.6,month-to-month,1,3,8.0,partner,C,0
46,73.81,493,5,7.4,month-to-month,1,3,6.0,ads,B,0
66,139.39,254,2,0.0,one-year,1,6,10.0,referral,B,0
45,66.81,407,1,0.0,one-year,1,3,4.0,organic,B,0
62,69.6,356,3,2.2,month-to-month,0,2,7.0,organic,A,0
53,110.67,280,4,5.9,one-year,1,5,7.0,ads,B,1
48,117.03,506,0,5.6,month-to-month,0,4,6.0,referral,B,0
42,60.9,456,3,0.5,month-to-month,0,2,9.0,partner,C,0
19,123.51,322,2,4.9,month-to-month,1,2,3.0,organic,A,0
41,127.49,644,2,0.0,month-to-month,1,2,8.0,referral,B,0
48,25.91,384,2,0.0,one-year,1,5,10.0,organic,C,0
51,81.05,307,1,1.7,one-year,0,5,9.0,organic,A,0
20,105.75,441,2,0.0,two-year,1,4,10.0,referral,A,0
36,52.57,627,4,8.2,month-to-month,1,4,7.0,ads,B,0
22,106.08,275,5,14.2,month-to-month,0,2,6.0,partner,B,1
29,43.01,436,3,5.9,month-to-month,1,6,7.0,organic,B,0
40,21.35,394,3,6.3,one-year,1,3,8.0,partner,A,0
28,95.51,461,1,3.1,one-year,1,1,7.0,ads,A,0
45,28.68,301,3,7.1,month-to-month,1,3,2.0,ads,A,1
53,78.74,476,1,0.9,one-year,1,3,10.0,referral,B,0
32,76.43,464,2,5.7,one-year,1,4,8.0,ads,B,0
16,143.77,527,3,2.8,month-to-month,0,3,6.0,referral,A,0
24,35.69,477,5,0.0,one-year,1,2,4.0,organic,A,0
37,85.07,539,2,4.8,month-to-month,0,2,1.0,partner,B,0
61,122.13,474,3,0.0,one-year,0,2,8.0,organic,C,0
50,33.74,544,2,5.8,one-year,1,2,4.0,ads,B,0
29,103.37,518,3,2.0,month-to-month,1,3,2.0,ads,C,0
15,144.69,482,6,15.4,month-to-month,0,3,4.0,partner,C,1
10,21.93,496,3,11.5,two-year,1,4,5.0,referral,A,1
53,80.82,465,1,3.2,month-to-month,1,3,10.0,referral,A,0
29,131.14,333,4,2.7,one-year,0,4,6.0,partner,B,1
34,43.77,434,6,0.2,month-to-month,0,2,3.0,ads,B,0
38,99.88,349,2,8.1,month-to-month,1,4,3.0,referral,B,0
57,93.49,488,3,1.8,month-to-month,1,4,5.0,organic,C,0
22,109.56,121,2,15.2,one-year,0,2,1.0,ads,B,0
29,114.74,379,4,6.6,two-year,0,2,4.0,referral,A,1
6,97.67,262,3,2.9,month-to-month,1,4,6.0,referral,A,0
65,120.06,417,0,0.0,two-year,1,4,6.0,organic,A,0
72,49.81,302,0,0.0,month-to-month,1,5,9.0,partner,A,0
29,133.57,643,0,0.0,one-year,1,2,9.0,organic,B,0
55,138.57,270,3,5.9,one-year,1,4,5.0,organic,C,0
28,49.62,366,5,9.2,month-to-month,0,3,6.0,ads,A,1
69,148.72,619,0,0.0,one-year,1,3,8.0,partner,A,0
61,122.14,570,3,0.0,month-to-month,1,3,5.0,ads,A,0
56,33.03,566,2,10.5,month-to-month,1,3,6.0,referral,B,0
45,70.27,209,6,1.9,one-year,0,3,8.0,ads,B,0
45,20.97,393,1,2.6,month-to-month,1,3,8.0,referral,C,0
44,78.79,291,3,8.8,one-year,0,3,9.0,partner,A,0
23,109.43,476,8,3.4,two-year,1,4,5.0,ads,C,0
29,67.19,511,3,2.6,month-to-month,1,3,6.0,ads,A,0
22,40.74,582,3,12.1,one-year,0,2,5.0,ads,B,1
24,144.49,427,1,2.7,one-year,0,3,3.0,ads,A,1
22,39.85,339,2,11.0,month-to-month,0,4,6.0,partner,A,1
28,146.45,331,0,4.3,one-year,0,4,5.0,ads,C,1
35,107.05,421,4,5.3,two-year,1,1,8.0,referral,B,0
49,37.86,478,5,0.0,one-year,0,2,6.0,organic,A,0
12,129.37,513,11,11.2,month-to-month,0,1,3.0,ads,C,1
25,134.1,454,2,7.9,two-year,1,4,6.0,organic,B,0
49,39.4,268,3,3.7,two-year,1,5,7.0,organic,C,0
13,95.69,439,4,4.8,month-to-month,0,2,4.0,ads,B,1
27,135.0,466,3,1.1,month-to-month,0,3,5.0,partner,C,0
29,120.43,110,1,6.6,month-to-month,0,2,5.0,organic,A,1
1,46.86,446,4,10.8,one-year,1,3,3.0,ads,A,0
32,32.59,419,5,9.4,month-to-month,0,2,8.0,ads,A,0
32,95.62,517,6,7.0,month-to-month,0,4,4.0,partner,A,1
64,82.63,320,1,0.0,month-to-month,1,3,9.0,organic,B,0
63,145.96,409,1,0.0,month-to-month,1,6,8.0,organic,A,0
54,76.02,380,1,0.0,two-year,1,2,9.0,referral,C,0
52,38.7,439,1,8.4,two-year,1,2,6.0,referral,B,0
25,69.33,305,5,0.0,month-to-month,0,4,4.0,ads,A,1
40,26.29,528,2,4.6,month-to-month,0,4,6.0,partner,B,0
18,81.36,231,4,0.0,two-year,0,3,6.0,ads,B,0
8,148.58,477,4,5.3,one-year,0,1,7.0,organic,B,1
68,110.6,757,3,4.2,two-year,1,1,10.0,referral,B,0
1,69.75,394,5,0.0,month-to-month,0,5,7.0,organic,B,0
29,137.72,573,3,6.5,month-to-month,0,3,6.0,partner,A,1
62,58.75,363,2,5.4,one-year,0,4,2.0,organic,B,1
40,86.16,620,1,1.0,one-year,1,2,8.0,ads,C,0
26,126.77,396,3,16.0,one-year,0,2,5.0,ads,A,1
52,110.64,433,2,0.0,month-to-month,0,5,8.0,referral,B,0
18,26.62,434,1,0.4,two-year,0,1,2.0,partner,A,0
44,135.76,260,6,0.9,one-year,0,4,8.0,referral,A,0
33,101.5,492,2,1.1,month-to-month,1,4,5.0,referral,B,1
49,148.39,413,1,5.4,one-year,0,5,6.0,partner,C,0
61,137.87,399,2,6.7,month-to-month,1,4,9.0,partner,C,0
19,80.34,160,5,2.7,month-to-month,0,3,4.0,partner,B,1
26,119.52,636,1,0.0,month-to-month,1,2,10.0,ads,C,0
26,117.95,716,4,1.8,month-to-month,0,3,5.0,ads,B,1
27,24.94,88,5,9.7,month-to-month,0,3,7.0,partner,C,0
56,88.33,436,1,4.1,month-to-month,1,4,6.0,organic,C,0
12,76.44,440,3,5.8,one-year,1,3,7.0,referral,C,1
8,51.86,653,2,6.2,month-to-month,0,3,6.0,organic,A,0
25,27.0,328,7,8.1,month-to-month,0,2,5.0,organic,A,0
57,100.33,607,0,3.6,two-year,0,2,7.0,referral,C,0
11,75.0,312,3,8.2,month-to-month,0,1,2.0,organic,C,1
37,22.89,411,0,0.0,two-year,1,6,8.0,ads,A,0
60,147.75,556,5,4.3,month-to-month,0,2,5.0,ads,A,1
68,149.39,487,2,0.0,one-year,1,4,9.0,ads,B,0
35,139.25,426,1,6.3,two-year,0,3,4.0,referral,C,0
48,60.19,460,6,0.0,one-year,0,3,4.0,referral,B,0
28,109.14,564,8,7.3,month-to-month,1,2,8.0,organic,C,0
54,124.18,407,1,0.0,month-to-month,1,4,8.0,organic,C,0
38,40.4,466,3,4.4,month-to-month,1,4,4.0,ads,B,0
51,82.96,586,4,0.0,month-to-month,1,5,5.0,ads,B,0
36,115.9,432,7,0.0,two-year,0,3,6.0,ads,A,0
16,58.76,361,0,1.4,month-to-month,1,2,3.0,ads,C,1
61,32.73,513,4,0.0,month-to-month,0,1,6.0,partner,C,0
21,91.54,578,2,3.1,month-to-month,1,4,10.0,ads,C,0
19,73.41,577,5,4.7,one-year,1,3,4.0,partner,A,0
12,78.69,511,5,11.0,one-year,0,2,4.0,ads,B,1
5,127.6,625,4,0.1,month-to-month,0,1,7.0,ads,A,1
44,72.77,443,4,4.1,month-to-month,1,4,9.0,ads,B,0
48,95.88,360,1,5.1,month-to-month,1,4,6.0,organic,C,0
49,134.22,240,3,2.9,one-year,0,4,6.0,organic,B,0
48,103.83,292,1,0.0,month-to-month,1,1,4.0,referral,A,0
36,115.16,481,4,1.3,month-to-month,1,4,6.0,organic,A,1
30,103.68,481,5,12.1,month-to-month,1,2,6.0,partner,B,1
33,69.94,609,5,8.7,month-to-month,0,5,7.0,ads,C,0
12,34.44,506,4,7.3,two-year,1,5,6.0,referral,B,0
33,70.09,475,4,3.0,month-to-month,1,3,5.0,organic,A,0
19,98.86,347,4,0.6,one-year,1,3,5.0,partner,A,1
46,23.74,574,4,3.9,month-to-month,0,2,4.0,ads,C,0
42,124.99,735,0,0.0,one-year,1,5,10.0,organic,A,0
39,135.45,379,6,8.0,two-year,1,3,8.0,referral,A,0
28,24.08,324,4,1.4,month-to-month,0,4,5.0,ads,A,1
38,92.27,332,1,0.0,month-to-month,1,3,8.0,referral,A,0
72,142.63,634,4,0.0,one-year,1,4,8.0,ads,C,0
62,81.26,519,1,0.0,two-year,0,4,10.0,referral,A,0
1,133.68,431,2,9.9,month-to-month,0,2,3.0,ads,A,1
43,45.46,494,2,5.6,month-to-month,0,3,2.0,ads,B,0
46,30.99,211,6,6.6,one-year,0,3,5.0,ads,B,1
32,130.41,643,4,2.4,two-year,0,3,7.0,referral,A,0
47,81.45,511,2,0.0,one-year,0,4,8.0,organic,C,0
27,63.72,530,3,10.4,month-to-month,1,3,4.0,organic,A,1
68,91.5,362,4,10.7,one-year,1,2,6.0,ads,A,0
15,115.17,263,6,8.3,month-to-month,0,1,4.0,partner,A,1
31,83.04,446,1,0.0,one-year,0,1,5.0,ads,C,0
13,65.29,488,2,7.3,one-year,0,1,3.0,organic,C,1
3,137.08,442,1,7.7,one-year,0,4,7.0,organic,C,0
53,100.88,539,2,1.3,month-to-month,0,1,3.0,ads,C,0
7,100.2,307,8,4.8,month-to-month,1,4,5.0,referral,A,1
52,97.23,305,2,0.0,one-year,0,3,8.0,referral,C,0
1,65.91,317,4,2.7,two-year,0,3,7.0,referral,A,0
62,144.12,277,1,0.0,month-to-month,1,6,10.0,referral,B,0
48,143.44,366,6,2.3,month-to-month,1,4,8.0,organic,C,0
26,112.04,376,2,0.0,one-year,0,5,7.0,referral,A,0
35,71.59,442,5,6.3,month-to-month,0,1,3.0,ads,A,1
40,56.88,537,2,0.4,one-year,0,5,6.0,ads,C,0
46,145.58,468,4,9.3,two-year,0,2,4.0,partner,B,0
58,69.54,234,5,0.0,one-year,1,4,8.0,ads,A,0
58,64.16,525,0,0.0,one-year,1,4,10.0,ads,A,0
36,142.93,276,3,10.4,one-year,0,3,8.0,organic,B,1
53,55.09,147,2,0.0,two-year,1,4,10.0,referral,C,0
37,57.4,527,1,1.8,one-year,1,2,4.0,organic,A,1
36,72.38,551,4,2.0,month-to-month,1,3,6.0,ads,A,0
60,143.06,597,1,3.8,one-year,0,5,9.0,partner,B,0
25,41.03,455,4,7.5,month-to-month,0,1,5.0,referral,C,1
59,100.15,612,0,0.0,month-to-month,1,4,8.0,organic,C,0
64,101.99,210,1,1.5,month-to-month,0,4,10.0,referral,B,0
39,114.82,373,4,4.3,month-to-month,0,3,6.0,ads,A,0
54,55.59,538,4,3.9,month-to-month,0,5,8.0,referral,C,0
59,58.92,419,0,0.9,two-year,1,2,6.0,partner,C,0
41,51.83,485,3,2.9,month-to-month,1,4,9.0,referral,B,0
22,83.24,482,3,7.4,month-to-month,1,3,2.0,ads,C,1
11,77.0,536,2,11.5,month-to-month,0,2,6.0,referral,B,1
52,102.16,671,2,4.6,month-to-month,1,2,7.0,organic,B,0
1,112.62,484,1,1.7,month-to-month,0,5,6.0,referral,C,0
42,125.47,500,3,6.4,month-to-month,0,1,8.0,referral,C,0
55,78.71,302,0,5.8,one-year,1,3,7.0,referral,C,0
1,100.77,363,5,4.4,month-to-month,1,2,4.0,ads,A,1
47,48.88,441,2,0.0,month-to-month,1,4,7.0,organic,B,0
33,110.25,400,1,4.3,one-year,1,5,8.0,organic,C,0
37,147.99,270,2,0.6,one-year,1,5,8.0,ads,C,0
63,128.18,550,2,0.9,one-year,0,3,8.0,referral,B,0
49,68.44,354,4,6.2,one-year,0,4,6.0,ads,B,0
11,83.13,417,4,0.0,one-year,0,3,7.0,referral,B,1
21,36.29,257,3,0.0,one-year,0,4,7.0,ads,B,0
31,83.88,506,3,3.4,month-to-month,0,2,4.0,partner,C,0
48,82.36,391,2,11.5,month-to-month,0,3,9.0,organic,C,0
65,76.28,498,3,8.1,two-year,1,3,8.0,ads,A,0
64,73.07,64,3,5.9,month-to-month,1,4,5.0,organic,A,0
16,21.51,321,6,0.1,month-to-month,0,3,4.0,ads,C,1
61,33.69,533,4,1.5,one-year,0,2,4.0,organic,A,0
49,48.55,412,2,3.7,one-year,0,3,8.0,organic,A,0
21,70.44,699,0,5.7,one-year,0,4,6.0,organic,B,0
35,103.47,460,3,0.9,month-to-month,0,2,9.0,ads,B,0
2,33.8,535,3,0.0,one-year,1,4,7.0,referral,A,0
60,122.22,510,2,8.1,month-to-month,0,1,9.0,referral,A,0
71,79.11,331,1,8.4,month-to-month,1,4,8.0,referral,C,0
15,34.29,384,4,7.3,month-to-month,0,2,4.0,organic,C,1
34,114.72,508,3,0.7,one-year,0,6,6.0,ads,A,0
32,20.2,477,3,11.5,one-year,0,1,7.0,partner,C,1
16,130.09,194,4,6.0,month-to-month,1,2,3.0,partner,B,1
6,135.41,551,2,11.4,month-to-month,0,2,4.0,ads,B,1
36,104.62,440,1,1.9,month-to-month,1,4,7.0,organic,B,0
25,129.81,171,5,13.7,month-to-month,0,4,8.0,organic,C,1
45,67.83,339,4,0.0,month-to-month,0,4,10.0,ads,C,0
29,137.97,508,3,4.0,two-year,1,1,5.0,organic,C,0
55,37.69,339,5,7.9,one-year,1,5,8.0,organic,B,0
26,75.57,348,2,5.0,month-to-month,0,4,6.0,ads,C,1
56,69.03,516,4,1.2,two-year,0,6,6.0,ads,C,0
49,131.32,330,2,0.0,month-to-month,0,3,7.0,ads,B,1
57,25.78,508,1,0.0,one-year,1,4,7.0,organic,A,0
9,81.77,262,9,6.9,month-to-month,0,1,6.0,ads,B,1
41,92.87,524,0,4.6,month-to-month,1,1,7.0,ads,B,0
55,101.0,568,1,0.0,two-year,1,3,6.0,organic,A,0
20,59.24,442,5,8.0,two-year,0,2,4.0,referral,A,0
68,144.09,420,2,0.4,two-year,1,4,8.0,partner,B,0
51,139.35,283,3,12.4,one-year,0,1,1.0,partner,B,1
42,80.9,543,2,0.0,two-year,1,5,8.0,ads,B,0
66,133.25,436,2,0.0,one-year,1,5,10.0,organic,A,0
41,70.66,568,6,6.9,month-to-month,1,1,4.0,ads,A,1
22,32.65,493,4,6.4,month-to-month,1,1,8.0,organic,C,0
61,42.17,604,1,0.0,month-to-month,0,3,10.0,referral,B,0
57,120.76,534,1,2.6,month-to-month,1,5,7.0,referral,A,0
8,54.36,545,1,0.6,one-year,0,5,5.0,organic,A,0
38,131.76,457,5,6.4,month-to-month,1,2,8.0,organic,C,0
16,136.98,379,4,0.9,month-to-month,0,2,6.0,organic,B,0
34,48.18,415,4,5.7,month-to-month,0,1,2.0,ads,A,0
15,21.04,368,5,7.8,month-to-month,0,2,5.0,ads,B,1
22,72.58,490,4,10.8,one-year,0,2,4.0,ads,A,1
47,21.03,221,6,0.8,one-year,1,4,7.0,organic,A,0
43,52.44,465,6,10.7,month-to-month,0,1,8.0,organic,A,1
23,85.14,446,1,7.3,month-to-month,0,4,6.0,referral,B,1
39,79.11,440,2,0.0,month-to-month,0,5,9.0,referral,A,0
15,102.66,317,2,2.7,one-year,0,2,3.0,ads,A,0
54,23.72,252,1,7.2,two-year,1,3,7.0,ads,A,0
39,81.51,321,1,6.5,month-to-month,0,3,9.0,ads,C,0
23,74.18,412,1,6.0,one-year,0,2,6.0,ads,B,0
27,51.43,408,4,0.0,one-year,1,3,9.0,organic,A,0
27,109.36,396,4,8.1,one-year,1,1,5.0,ads,A,0
38,62.4,418,7,0.3,one-year,0,3,9.0,referral,A,0
70,84.43,303,3,8.4,two-year,1,3,3.0,organic,C,0
42,45.11,445,5,7.5,month-to-month,1,3,7.0,referral,A,0
67,43.3,173,0,2.5,one-year,0,5,10.0,organic,C,0
48,94.07,572,0,0.0,one-year,1,4,10.0,referral,C,0
5,31.69,377,5,9.1,two-year,1,1,8.0,organic,B,0
13,140.38,613,3,8.2,month-to-month,0,1,6.0,ads,A,0
46,146.6,399,5,1.2,one-year,0,3,5.0,ads,B,1
56,37.69,474,1,4.5,two-year,1,3,4.0,organic,B,0
17,42.65,642,2,14.7,one-year,0,2,4.0,referral,B,1
43,86.97,461,2,0.4,two-year,1,4,10.0,referral,C,0
36,55.44,330,1,0.7,two-year,1,5,10.0,referral,B,0
2,53.89,545,2,7.9,month-to-month,0,3,6.0,ads,B,1
37,108.46,460,5,4.3,month-to-month,0,3,6.0,ads,B,1
45,120.68,272,1,5.7,two-year,1,5,8.0,referral,A,0
30,83.75,239,3,7.2,month-to-month,0,3,7.0,ads,C,0
23,53.46,322,3,6.6,one-year,1,3,9.0,referral,B,0
63,137.03,618,0,0.0,month-to-month,1,5,5.0,partner,B,0
10,111.31,439,2,10.0,month-to-month,0,1,5.0,ads,A,1
63,106.67,413,3,0.2,two-year,1,2,6.0,partner,B,0
36,101.92,580,1,0.0,month-to-month,1,5,9.0,organic,B,0
26,135.57,657,4,4.8,one-year,0,3,7.0,ads,A,0
36,43.37,427,4,6.7,month-to-month,1,2,4.0,ads,A,0
44,98.34,508,6,3.3,month-to-month,1,4,6.0,ads,C,0
42,85.88,511,1,2.9,one-year,1,3,7.0,referral,A,0
51,84.74,567,3,2.0,month-to-month,0,3,8.0,organic,A,0
43,36.08,408,1,0.0,one-year,1,4,9.0,organic,A,0
37,42.91,580,6,12.6,two-year,0,2,4.0,partner,C,1
28,90.67,210,3,7.7,one-year,0,3,5.0,referral,C,0
23,54.24,469,8,9.4,one-year,0,4,2.0,organic,C,1
28,142.99,302,1,0.9,month-to-month,0,2,5.0,partner,B,0
17,45.54,350,6,2.8,month-to-month,0,3,6.0,ads,C,0
38,91.8,615,0,0.0,two-year,1,3,9.0,referral,A,0
1,74.67,373,4,5.4,one-year,0,2,5.0,ads,C,1
51,92.96,421,0,2.0,month-to-month,0,2,4.0,organic,A,0
48,82.59,390,3,1.6,month-to-month,0,2,6.0,ads,A,0
63,53.22,436,0,0.0,one-year,1,3,10.0,organic,B,0
71,143.35,556,0,0.0,one-year,1,4,10.0,referral,C,0
1,36.19,405,4,8.0,month-to-month,0,1,10.0,ads,A,1
15,33.48,551,4,8.7,month-to-month,0,6,9.0,partner,C,0
51,143.48,495,3,2.9,one-year,1,3,6.0,partner,C,0
46,75.4,261,2,5.4,two-year,1,3,7.0,referral,A,0
55,77.61,477,1,1.6,one-year,1,4,9.0,organic,C,0
49,50.33,581,3,0.0,one-year,0,4,7.0,referral,C,0
32,87.82,427,2,11.0,month-to-month,0,4,6.0,ads,B,0
45,49.59,454,3,5.7,one-year,0,3,10.0,organic,A,0
40,143.45,488,4,0.0,one-year,1,3,6.0,organic,B,0
61,32.98,564,2,0.0,two-year,1,5,6.0,partner,B,0
36,66.4,611,6,0.0,one-year,0,2,10.0,referral,B,0
29,86.36,544,1,2.5,two-year,1,3,7.0,partner,B,0
38,132.74,441,2,0.0,month-to-month,1,4,9.0,ads,B,0
47,24.58,519,1,0.0,one-year,1,5,10.0,referral,B,0
59,92.54,542,4,9.0,one-year,1,4,8.0,ads,A,0
33,36.97,290,0,10.3,month-to-month,0,2,7.0,partner,A,0
35,32.25,114,4,0.0,two-year,0,3,8.0,ads,A,0
32,142.47,196,3,2.2,month-to-month,1,2,7.0,referral,A,0
38,23.77,392,2,13.8,month-to-month,0,5,4.0,referral,A,0
31,54.36,452,1,0.0,two-year,1,2,8.0,referral,C,0
30,142.06,287,1,9.1,one-year,1,4,2.0,ads,C,1
59,68.74,468,1,3.2,one-year,0,2,9.0,organic,A,0
59,67.83,437,2,0.0,one-year,1,5,9.0,organic,C,0
14,60.21,349,1,9.5,month-to-month,1,2,7.0,referral,B,1
10,52.65,512,3,2.1,month-to-month,0,4,4.0,referral,A,0
19,44.57,239,3,7.5,month-to-month,0,4,2.0,partner,B,1
27,51.19,440,5,0.3,one-year,0,4,7.0,referral,B,0
53,24.17,622,3,6.3,one-year,1,4,9.0,organic,C,0
63,66.02,394,0,1.4,month-to-month,1,5,6.0,referral,A,1
35,26.4,520,7,2.0,one-year,0,2,8.0,ads,B,0
28,100.32,516,4,3.8,one-year,0,4,6.0,referral,A,0
65,123.47,373,1,4.7,month-to-month,1,3,6.0,partner,A,0
72,40.27,242,2,3.2,two-year,1,6,9.0,organic,A,0
31,124.44,341,3,1.9,month-to-month,0,1,7.0,referral,C,1
45,26.91,461,2,8.7,two-year,0,3,6.0,organic,B,0
45,75.37,557,1,5.4,month-to-month,1,2,8.0,ads,A,0
34,129.73,210,4,0.0,one-year,0,5,3.0,referral,B,0
18,111.56,317,1,7.3,month-to-month,0,6,5.0,ads,B,0
22,71.64,423,1,5.4,month-to-month,1,3,7.0,ads,B,0
32,112.55,311,2,0.0,month-to-month,1,6,8.0,ads,B,0
30,31.49,607,6,8.8,one-year,0,3,2.0,ads,C,1
30,44.7,402,4,3.6,two-year,1,5,8.0,ads,A,0
1,118.68,455,5,0.0,one-year,0,4,3.0,organic,B,0
57,82.61,311,0,0.0,one-year,0,6,8.0,referral,C,0
17,62.5,514,4,16.8,month-to-month,1,4,4.0,organic,A,1
49,31.22,301,4,5.2,month-to-month,0,2,6.0,ads,A,0
46,70.6,478,2,3.3,month-to-month,1,3,9.0,partner,B,0
33,60.05,628,3,0.0,one-year,1,4,9.0,organic,A,0
2,37.34,527,2,1.8,month-to-month,0,2,7.0,referral,A,0
19,87.04,445,2,14.3,month-to-month,0,3,6.0,ads,A,1
49,39.47,318,0,8.0,month-to-month,1,6,10.0,referral,B,0
33,135.63,327,4,0.9,month-to-month,0,3,7.0,ads,A,0
9,149.33,478,6,10.8,month-to-month,0,1,3.0,ads,A,1
58,40.14,439,3,10.2,month-to-month,0,4,9.0,ads,B,0
10,37.22,538,5,6.3,month-to-month,1,1,8.0,ads,B,0
38,82.78,414,7,9.8,month-to-month,1,1,7.0,partner,A,1
55,147.23,489,4,1.2,one-year,0,3,7.0,organic,A,0
9,78.04,433,4,5.3,month-to-month,1,4,9.0,referral,B,0
49,72.81,504,3,11.5,two-year,0,2,6.0,ads,A,0
22,144.19,380,5,9.9,month-to-month,0,2,7.0,ads,C,1
52,78.98,230,4,0.0,month-to-month,1,3,9.0,referral,B,0
31,123.76,549,1,0.0,month-to-month,0,3,8.0,organic,B,0
54,76.72,402,4,7.4,month-to-month,0,2,7.0,referral,B,0
40,111.1,596,1,0.0,one-year,1,5,10.0,organic,C,0
36,139.57,434,2,5.0,one-year,0,2,5.0,partner,C,1
30,104.37,424,1,4.2,month-to-month,0,2,4.0,ads,A,1
13,146.15,593,3,2.1,month-to-month,1,2,5.0,ads,B,1
65,115.36,336,4,1.3,month-to-month,0,4,10.0,referral,B,0
42,28.21,363,1,5.1,one-year,0,3,8.0,ads,A,0
43,25.12,477,0,2.7,two-year,1,3,5.0,referral,A,0
17,38.71,310,3,3.7,two-year,1,2,6.0,referral,C,0
53,38.64,653,3,8.4,one-year,1,1,6.0,ads,C,0
35,23.62,379,0,2.7,month-to-month,1,4,7.0,referral,B,0
50,68.68,395,2,1.0,two-year,1,1,4.0,partner,A,0
34,149.05,597,4,7.1,one-year,1,5,6.0,referral,B,0
31,95.89,428,2,0.0,month-to-month,1,3,4.0,organic,B,0
53,116.13,313,2,1.3,one-year,0,2,5.0,partner,B,0
58,78.85,547,6,0.6,one-year,1,2,5.0,ads,A,0
22,42.92,532,1,0.0,month-to-month,1,4,10.0,ads,A,0
60,65.66,275,1,0.0,month-to-month,1,1,7.0,partner,B,0
68,49.01,330,0,4.9,two-year,0,4,8.0,ads,B,0
24,91.75,291,0,6.7,month-to-month,0,3,4.0,referral,B,1
68,80.74,0,4,3.9,month-to-month,0,4,7.0,ads,B,0
13,130.92,695,3,1.4,month-to-month,1,2,3.0,ads,B,0
44,47.51,237,4,0.0,month-to-month,0,3,8.0,organic,B,0
35,94.49,312,4,4.7,month-to-month,0,3,9.0,ads,A,1
45,22.71,484,1,0.0,one-year,1,4,10.0,referral,B,0
39,123.84,464,0,7.3,one-year,1,4,6.0,partner,A,0
22,92.79,506,4,6.3,one-year,1,2,6.0,ads,A,0
35,28.32,457,3,0.2,two-year,0,5,6.0,ads,A,1
40,126.05,619,5,6.6,month-to-month,1,3,4.0,referral,B,1
43,28.09,345,3,1.6,month-to-month,0,5,10.0,organic,A,0
32,76.0,648,3,8.0,month-to-month,1,5,4.0,ads,B,1
48,132.55,367,3,10.9,month-to-month,0,5,5.0,referral,A,0
25,27.6,255,6,8.0,month-to-month,0,1,4.0,ads,B,1
42,52.98,370,3,9.1,month-to-month,0,4,4.0,partner,A,1
1,60.06,486,5,11.8,month-to-month,0,2,4.0,ads,A,1
25,91.73,585,7,12.8,month-to-month,1,2,4.0,ads,B,1
32,83.79,509,2,6.6,month-to-month,1,4,9.0,partner,C,0
26,129.83,265,3,0.0,one-year,0,3,9.0,ads,A,0
40,136.56,307,2,10.6,month-to-month,1,1,7.0,referral,A,0
11,65.35,346,5,7.6,month-to-month,0,2,8.0,ads,B,1
47,137.0,454,2,0.0,month-to-month,0,5,5.0,organic,B,0
48,71.05,553,2,0.0,month-to-month,1,3,9.0,partner,A,0
1,121.38,440,3,13.4,month-to-month,1,2,7.0,partner,B,0
42,95.95,208,1,4.7,one-year,1,4,10.0,referral,C,0
25,125.79,596,3,5.8,month-to-month,1,3,8.0,ads,C,0
26,99.1,338,2,2.5,month-to-month,0,3,5.0,ads,B,0
43,123.57,585,0,2.4,one-year,1,3,10.0,referral,B,0
35,95.49,377,4,0.0,one-year,1,3,6.0,referral,B,0
3,35.24,394,5,9.0,one-year,0,3,2.0,ads,B,1
53,122.55,465,3,5.4,one-year,1,5,6.0,organic,B,0
1,110.09,538,1,12.0,one-year,0,3,4.0,ads,A,1
43,120.98,703,2,5.9,one-year,1,2,6.0,ads,A,0
24,32.54,368,4,3.5,month-to-month,0,3,5.0,referral,B,0
56,109.67,398,2,0.0,two-year,1,3,9.0,ads,C,0
36,120.76,304,1,5.5,one-year,0,2,9.0,ads,C,0
52,68.07,312,4,11.9,month-to-month,0,3,7.0,partner,C,1
24,143.82,394,2,0.0,month-to-month,1,5,7.0,organic,A,0
53,108.08,550,2,0.0,one-year,1,6,9.0,referral,C,0
55,27.7,346,1,1.8,one-year,1,4,8.0,ads,C,0
13,106.84,548,0,2.8,month-to-month,1,4,6.0,ads,A,0
14,21.87,371,3,3.5,month-to-month,1,3,6.0,ads,C,0
42,41.55,564,1,0.9,month-to-month,0,3,8.0,referral,B,0
27,70.29,99,2,0.0,one-year,0,2,7.0,ads,A,0
35,62.9,338,2,0.0,month-to-month,1,5,9.0,ads,A,0
38,113.75,552,2,0.0,one-year,1,3,6.0,ads,B,0
58,59.07,480,3,0.9,two-year,1,5,7.0,referral,A,0
24,121.24,404,9,4.0,month-to-month,0,3,4.0,ads,A,1
68,55.72,460,2,0.0,one-year,1,3,8.0,partner,B,0
23,91.68,479,2,3.5,month-to-month,0,2,9.0,referral,C,0
42,102.39,415,1,0.0,month-to-month,1,4,10.0,ads,B,0
57,141.94,381,6,4.8,month-to-month,0,3,4.0,partner,B,1
47,23.71,540,2,0.0,two-year,1,5,10.0,organic,B,0
19,60.28,534,4,7.3,month-to-month,0,4,6.0,ads,A,0
2,46.39,556,4,8.4,month-to-month,0,2,4.0,referral,B,1
46,109.96,695,5,10.5,month-to-month,0,1,3.0,referral,B,1
27,81.07,461,2,0.0,one-year,0,4,8.0,partner,A,0
37,89.82,696,5,6.9,one-year,1,6,5.0,referral,C,1
40,30.39,630,3,3.6,month-to-month,1,4,7.0,referral,B,1
44,93.15,635,3,3.6,month-to-month,0,5,4.0,referral,A,0
33,59.13,484,2,4.5,month-to-month,1,2,8.0,partner,B,0
72,120.62,550,0,10.1,month-to-month,1,4,9.0,organic,B,0
59,67.19,642,0,0.0,two-year,1,6,9.0,organic,B,0
57,24.8,281,4,3.0,month-to-month,1,1,7.0,organic,B,0
49,28.39,417,4,7.3,month-to-month,1,3,7.0,organic,A,0
37,59.83,457,4,2.8,month-to-month,1,3,7.0,ads,A,0
35,62.52,578,2,0.0,one-year,1,5,7.0,referral,B,0
29,108.87,515,5,12.7,month-to-month,0,1,4.0,organic,C,0
41,58.11,541,3,0.0,one-year,0,3,3.0,partner,C,0
7,119.83,487,3,9.2,month-to-month,0,1,2.0,ads,C,1
43,92.01,457,2,2.5,two-year,1,3,8.0,referral,A,0
62,59.6,214,2,0.0,month-to-month,1,2,7.0,referral,B,0
61,53.3,365,2,0.2,one-year,0,3,5.0,ads,A,0
68,62.06,536,2,0.0,month-to-month,1,4,6.0,referral,A,0
49,60.36,424,6,9.1,one-year,0,2,2.0,ads,A,1
9,96.71,228,2,12.6,month-to-month,0,2,3.0,ads,A,1
49,121.93,356,3,0.2,one-year,1,4,8.0,organic,B,0
69,48.96,683,2,0.0,two-year,0,5,7.0,ads,C,0
43,121.98,229,0,5.1,month-to-month,0,4,10.0,referral,C,0
23,24.75,127,1,3.5,one-year,1,4,5.0,organic,C,0
72,60.99,568,1,0.0,month-to-month,0,3,9.0,referral,A,0
21,65.1,404,2,9.0,one-year,1,2,6.0,referral,B,0
14,25.67,495,4,0.0,month-to-month,1,5,4.0,ads,C,1
70,90.25,536,0,0.0,one-year,1,5,7.0,partner,A,0
62,26.96,251,5,7.6,one-year,0,1,10.0,organic,A,0
24,104.7,537,2,6.3,one-year,0,1,7.0,partner,B,0
53,105.11,148,0,0.0,month-to-month,0,6,10.0,referral,A,0
46,43.38,464,1,0.0,month-to-month,0,4,8.0,organic,C,0
33,30.43,525,4,4.6,month-to-month,1,2,6.0,ads,A,1
64,31.33,440,4,1.0,one-year,1,4,8.0,organic,C,0
46,54.68,252,2,3.1,one-year,0,3,7.0,ads,B,0
72,122.04,420,0,8.2,month-to-month,1,3,8.0,organic,A,0
16,95.47,632,2,2.4,month-to-month,1,2,6.0,ads,A,0
28,96.89,492,3,3.7,two-year,1,2,5.0,ads,A,1
30,83.69,343,2,4.2,one-year,1,1,4.0,ads,C,0
34,98.65,417,3,6.8,two-year,1,2,7.0,ads,A,0
40,143.88,545,5,1.2,month-to-month,0,5,9.0,referral,C,0
38,131.42,624,2,1.5,two-year,1,4,6.0,partner,A,0
53,24.66,191,2,0.0,one-year,1,4,8.0,partner,A,0
34,69.24,569,6,9.5,month-to-month,0,2,2.0,ads,C,0
57,119.83,551,2,0.0,month-to-month,0,4,6.0,referral,B,0
32,145.95,299,2,4.5,month-to-month,0,1,4.0,ads,A,1
33,43.98,485,5,5.4,month-to-month,1,1,4.0,ads,B,0
48,100.8,387,5,6.3,month-to-month,0,3,3.0,ads,B,1
56,136.74,305,6,13.6,month-to-month,0,1,7.0,partner,B,1
58,68.77,403,0,1.4,two-year,1,3,8.0,ads,B,0
15,68.4,238,6,9.4,month-to-month,1,2,4.0,ads,B,0
32,33.29,430,4,2.3,one-year,0,4,10.0,ads,C,0
40,64.43,360,3,0.6,one-year,0,3,8.0,ads,B,0
49,141.61,385,4,5.0,two-year,1,4,6.0,referral,B,0
47,125.65,380,3,0.0,one-year,1,4,7.0,ads,A,0
28,50.39,397,7,12.5,month-to-month,0,3,4.0,partner,A,1
48,145.02,324,3,0.0,one-year,1,5,7.0,partner,B,0
21,33.66,91,4,8.4,one-year,0,3,7.0,ads,B,0
23,149.12,674,4,10.2,month-to-month,0,1,4.0,ads,B,1
59,80.02,645,5,1.4,month-to-month,0,1,6.0,ads,C,0
69,50.33,515,1,4.3,one-year,1,4,10.0,referral,C,0
54,45.05,369,2,9.1,two-year,1,3,9.0,referral,A,0
47,115.15,522,2,2.0,two-year,0,3,5.0,organic,A,0
26,99.76,193,4,2.4,month-to-month,1,2,7.0,partner,A,0
25,145.69,540,5,5.2,month-to-month,0,3,4.0,referral,B,1
50,141.72,352,2,1.2,two-year,1,2,10.0,organic,A,0
39,128.74,247,2,7.8,one-year,0,2,7.0,ads,A,0
35,54.23,571,1,1.3,one-year,1,6,8.0,referral,C,0
66,126.77,486,1,1.5,two-year,1,1,8.0,referral,B,0
32,114.95,357,4,1.9,two-year,0,2,10.0,organic,B,0
21,136.44,414,4,3.1,one-year,1,1,4.0,ads,B,0
63,80.36,299,2,2.5,month-to-month,1,1,8.0,ads,B,0
28,49.4,488,6,0.0,one-year,0,2,4.0,organic,A,1
38,130.24,482,10,7.6,one-year,0,1,7.0,partner,B,1
52,99.81,468,1,2.2,month-to-month,1,4,9.0,referral,A,0
20,82.59,141,3,9.9,month-to-month,0,3,7.0,referral,B,0
63,101.39,451,2,5.1,month-to-month,0,4,7.0,ads,A,0
45,136.74,274,4,2.6,one-year,1,3,7.0,referral,B,0
60,37.04,536,2,0.0,month-to-month,0,2,7.0,ads,A,0
2,45.91,411,6,17.5,month-to-month,0,1,7.0,ads,C,1
48,35.68,705,2,0.0,one-year,1,5,6.0,referral,B,0
41,97.1,347,3,1.6,two-year,0,3,6.0,partner,B,0
52,42.85,237,4,0.0,one-year,1,4,8.0,referral,B,0
1,28.94,310,3,10.1,month-to-month,0,1,2.0,ads,B,0
63,98.24,421,0,0.0,two-year,0,4,10.0,referral,A,0
13,54.87,279,1,0.0,one-year,0,1,8.0,ads,A,0
55,99.04,110,4,0.0,one-year,1,4,3.0,ads,C,0
1,98.78,503,4,6.9,one-year,0,5,4.0,ads,B,1
16,55.61,690,1,3.4,two-year,1,3,4.0,partner,C,0
36,132.8,600,1,5.1,one-year,1,4,3.0,ads,B,0
20,100.57,374,2,3.8,month-to-month,1,3,10.0,ads,A,0
44,99.07,345,0,0.0,two-year,1,5,10.0,ads,B,0
53,134.72,413,2,5.2,month-to-month,1,3,8.0,partner,B,0
44,140.85,568,0,3.5,month-to-month,1,1,7.0,referral,B,0
60,126.8,345,2,2.9,one-year,1,2,9.0,referral,B,0
39,94.78,393,4,0.3,month-to-month,1,3,4.0,referral,A,1
72,89.63,711,3,0.0,month-to-month,1,5,9.0,referral,B,0
31,62.13,438,1,2.8,month-to-month,1,3,6.0,referral,A,0
72,38.56,605,1,0.0,two-year,1,5,9.0,referral,A,0
34,120.09,462,5,0.6,one-year,0,2,7.0,organic,B,0
14,130.7,414,1,0.9,month-to-month,1,4,7.0,organic,C,0
56,70.26,417,0,0.0,one-year,0,2,8.0,referral,C,0
54,134.12,230,3,0.0,one-year,1,5,6.0,referral,C,0
34,113.07,476,1,0.0,month-to-month,1,4,8.0,referral,C,0
30,138.14,486,4,0.0,one-year,1,3,9.0,ads,B,0
22,128.78,280,1,10.6,month-to-month,0,3,4.0,ads,C,1
61,23.68,570,1,0.0,one-year,1,6,10.0,partner,B,0
1,53.36,434,0,12.5,two-year,1,1,3.0,organic,A,0
55,104.63,386,1,8.2,one-year,0,4,7.0,referral,C,1
20,126.18,617,2,6.3,month-to-month,1,1,8.0,organic,B,0
15,132.44,229,5,0.0,one-year,1,2,5.0,referral,A,0
54,118.84,478,3,4.6,one-year,0,1,9.0,referral,C,0
40,34.07,505,2,7.6,month-to-month,0,3,10.0,organic,B,1
59,27.28,456,4,5.3,month-to-month,1,3,7.0,ads,C,0
62,102.59,349,2,0.6,one-year,1,5,8.0,referral,B,0
41,59.49,705,3,1.6,one-year,1,4,6.0,referral,B,0
31,130.87,514,1,0.0,month-to-month,0,3,8.0,ads,A,0
55,115.06,300,3,3.6,month-to-month,1,5,10.0,referral,C,0
44,144.66,338,2,0.0,one-year,1,5,10.0,ads,A,0
8,41.03,183,9,8.9,month-to-month,1,4,5.0,ads,C,0
52,148.71,399,4,0.0,one-year,1,6,9.0,referral,C,0
42,77.92,689,2,9.9,one-year,1,3,8.0,ads,A,0
33,63.63,236,2,5.8,month-to-month,0,4,4.0,organic,C,1
69,99.51,460,1,0.0,month-to-month,1,2,10.0,organic,B,0
32,133.32,375,3,0.0,month-to-month,0,1,9.0,ads,C,0
38,144.87,462,5,0.0,month-to-month,0,3,5.0,referral,C,0
25,90.01,468,3,7.0,one-year,1,2,4.0,referral,C,0
43,73.96,443,4,1.6,one-year,0,4,7.0,referral,B,0
28,60.85,234,7,5.5,one-year,0,3,7.0,organic,C,0
32,84.28,311,10,6.1,month-to-month,0,4,2.0,ads,A,1
46,119.92,367,1,0.0,month-to-month,0,5,9.0,organic,A,1
19,24.61,435,1,5.4,month-to-month,1,3,4.0,ads,C,0
36,117.24,596,5,7.2,month-to-month,0,1,6.0,ads,A,0
14,37.99,702,5,6.4,month-to-month,0,1,2.0,partner,B,0
15,120.47,405,2,7.2,month-to-month,0,4,7.0,ads,C,0
40,30.55,363,3,3.1,month-to-month,1,6,4.0,ads,C,0
30,38.62,439,2,0.0,one-year,0,3,7.0,referral,C,0
60,111.36,456,1,2.4,one-year,1,5,8.0,referral,C,0
9,102.53,661,5,6.0,month-to-month,1,3,2.0,organic,A,1
72,55.6,232,0,0.0,one-year,1,4,9.0,ads,A,0
25,87.45,512,1,0.0,month-to-month,0,3,9.0,ads,C,0
49,125.27,570,5,7.2,month-to-month,0,2,3.0,ads,B,0
5,83.48,301,3,14.3,month-to-month,0,1,1.0,ads,C,1
58,67.8,589,0,0.0,two-year,1,5,6.0,referral,A,0
22,70.29,289,3,7.3,one-year,0,4,7.0,ads,C,0
26,43.24,227,5,7.9,month-to-month,0,1,4.0,organic,A,1
35,120.37,390,2,0.5,two-year,0,3,7.0,ads,A,0
53,82.01,520,0,0.0,one-year,1,5,10.0,organic,B,0
62,72.27,172,3,0.0,two-year,1,4,8.0,organic,B,0
17,88.63,194,3,3.8,month-to-month,0,5,8.0,ads,B,0
34,103.84,560,4,7.5,month-to-month,0,4,7.0,referral,B,0
72,61.69,400,0,0.0,one-year,1,3,7.0,referral,A,0
31,110.6,469,2,1.0,one-year,1,5,8.0,organic,A,0
57,36.14,496,3,0.0,two-year,0,4,8.0,referral,C,0
28,124.36,229,1,2.1,one-year,1,3,6.0,partner,A,0
43,56.55,344,2,3.8,one-year,0,4,6.0,organic,B,0
37,44.86,415,3,2.7,one-year,0,1,5.0,ads,C,0
50,147.64,304,4,0.0,month-to-month,0,2,2.0,referral,A,0
13,133.43,369,6,3.9,one-year,0,3,4.0,ads,B,0
65,105.86,541,3,6.1,one-year,0,3,4.0,ads,C,0
15,91.84,152,4,4.3,month-to-month,0,3,6.0,organic,B,0
26,59.79,441,4,6.4,month-to-month,1,1,5.0,ads,C,0
42,102.48,284,3,3.7,month-to-month,0,3,7.0,referral,B,0
36,56.62,383,2,3.5,one-year,1,4,10.0,ads,A,0
43,78.16,387,2,0.1,month-to-month,1,3,6.0,referral,B,0
20,93.91,434,5,9.7,one-year,0,2,5.0,ads,C,0
18,50.92,410,1,2.4,one-year,1,3,6.0,partner,B,0
72,99.4,459,0,0.5,two-year,1,2,8.0,referral,B,0
12,51.58,500,6,3.0,one-year,0,1,3.0,ads,C,0
51,39.43,216,3,4.1,one-year,1,2,7.0,organic,B,0
55,124.2,375,1,2.9,month-to-month,0,1,9.0,partner,B,0
24,109.63,318,4,6.0,month-to-month,1,3,5.0,partner,A,1
24,56.79,195,3,2.0,one-year,0,4,5.0,organic,B,0
8,115.3,292,2,9.1,month-to-month,0,1,4.0,ads,A,1
21,44.32,553,8,4.2,month-to-month,1,1,6.0,ads,A,0
13,115.48,387,4,1.4,one-year,0,3,8.0,organic,A,0
2,21.09,487,2,4.6,one-year,0,1,1.0,partner,A,1
19,22.17,476,1,4.7,month-to-month,1,2,6.0,organic,B,1
56,30.15,302,3,3.9,two-year,0,1,6.0,referral,C,0
52,77.72,490,2,0.4,month-to-month,1,3,7.0,organic,B,0
50,43.4,277,2,0.0,two-year,0,2,4.0,referral,B,0
61,118.14,514,2,9.3,month-to-month,0,2,8.0,ads,C,0
40,145.14,343,1,0.0,month-to-month,1,2,6.0,referral,A,0
53,80.75,247,1,2.3,one-year,0,3,4.0,organic,C,0
28,97.3,438,10,1.7,two-year,0,3,6.0,referral,A,0
44,64.02,328,4,6.1,one-year,1,4,6.0,referral,A,0
48,74.16,502,3,2.6,month-to-month,1,5,8.0,organic,A,0
17,101.49,512,3,4.6,two-year,0,3,5.0,referral,C,0
72,89.81,32,10,4.3,month-to-month,0,4,6.0,ads,B,1
28,60.25,868,2,13.4,month-to-month,0,1,4.0,ads,B,1
21,52.39,253,4,9.8,month-to-month,0,1,3.0,ads,C,1
72,99.84,513,4,0.0,month-to-month,1,3,10.0,referral,C,0
35,138.76,361,4,10.5,month-to-month,1,2,5.0,ads,C,1
28,25.57,463,3,5.1,month-to-month,1,1,5.0,ads,C,0
29,30.75,339,6,13.5,month-to-month,1,3,5.0,ads,B,1
24,47.07,612,6,6.7,two-year,1,3,5.0,referral,A,0
24,108.56,234,0,6.1,month-to-month,0,3,9.0,ads,A,0
59,30.19,554,3,0.0,month-to-month,1,4,10.0,organic,B,0
35,136.26,171,2,3.5,two-year,0,4,7.0,ads,B,1
58,70.08,433,2,6.7,month-to-month,1,2,4.0,referral,A,0
24,40.02,240,3,12.3,month-to-month,0,2,4.0,referral,A,1
41,107.93,513,1,0.0,one-year,1,6,9.0,organic,C,0
38,147.2,464,6,9.4,month-to-month,0,4,1.0,ads,B,1
61,115.37,488,3,5.1,one-year,0,5,9.0,organic,A,0
57,75.99,385,5,5.7,month-to-month,0,5,10.0,partner,C,0
39,138.3,386,1,0.0,two-year,1,1,10.0,ads,A,0
49,64.59,402,3,6.3,month-to-month,1,2,4.0,ads,C,0
72,42.63,267,4,13.4,one-year,1,5,6.0,organic,C,0
38,147.1,755,3,4.3,one-year,0,4,9.0,organic,B,0
15,114.0,316,5,6.3,one-year,1,5,6.0,partner,A,1
39,50.83,368,0,2.6,one-year,0,5,7.0,organic,A,0
72,99.84,462,0,0.0,one-year,1,5,6.0,referral,B,0
5,103.61,362,5,1.0,month-to-month,0,3,8.0,organic,A,1
22,72.39,457,3,16.3,month-to-month,0,2,4.0,ads,C,1
41,112.04,179,4,4.7,month-to-month,0,3,5.0,referral,B,1
72,64.34,415,0,0.0,one-year,1,3,10.0,referral,B,0
46,74.54,298,8,6.8,one-year,0,2,6.0,referral,A,0
69,149.47,472,1,2.9,one-year,1,3,9.0,referral,B,0
24,147.21,619,2,0.0,one-year,1,4,9.0,organic,B,0
43,33.58,666,4,0.4,month-to-month,0,4,9.0,partner,B,0
53,92.64,361,1,1.8,month-to-month,1,4,7.0,referral,C,0
59,47.41,94,3,1.0,two-year,1,6,10.0,referral,B,0
5,56.98,463,3,3.8,one-year,0,4,7.0,referral,A,0
22,109.56,372,2,1.9,month-to-month,1,4,7.0,ads,B,0
12,117.09,298,5,7.1,month-to-month,1,1,5.0,referral,C,0
1,62.06,454,2,3.3,one-year,0,1,7.0,ads,C,1
28,92.67,447,7,9.9,month-to-month,0,3,6.0,ads,A,0
9,105.52,513,6,6.4,one-year,0,2,3.0,ads,A,0
72,87.91,354,6,5.9,one-year,0,3,5.0,partner,B,0
24,20.28,342,5,1.7,month-to-month,0,1,6.0,ads,B,1
58,34.08,338,0,8.7,two-year,1,3,5.0,referral,A,0
1,32.49,332,4,10.5,month-to-month,0,1,4.0,ads,B,1
32,70.14,508,6,5.5,month-to-month,0,4,9.0,referral,A,0
47,76.83,316,2,0.0,month-to-month,0,4,8.0,referral,A,0
1,62.18,234,2,7.0,one-year,0,2,2.0,ads,B,1
34,94.16,484,8,3.7,one-year,0,2,10.0,organic,C,1
47,32.46,478,7,0.0,month-to-month,0,4,9.0,referral,B,0
18,148.7,669,5,5.1,month-to-month,0,4,6.0,ads,B,1
72,72.2,743,2,2.0,one-year,1,3,5.0,organic,A,0
47,25.84,618,2,0.3,one-year,1,2,8.0,referral,C,0
35,116.39,507,6,7.6,month-to-month,1,4,7.0,organic,C,0
43,48.37,417,6,0.9,month-to-month,0,2,10.0,ads,C,0
52,25.76,321,2,4.7,month-to-month,0,2,5.0,organic,A,0
36,50.57,709,3,0.0,month-to-month,1,2,9.0,partner,A,0
38,23.33,471,3,4.8,one-year,1,4,10.0,referral,C,0
27,82.83,609,3,15.4,month-to-month,0,2,2.0,partner,C,1
55,38.13,413,1,1.4,month-to-month,0,4,8.0,ads,C,0
36,133.09,487,2,5.6,month-to-month,0,4,6.0,ads,A,1
31,114.95,445,1,8.9,two-year,1,2,6.0,organic,B,0
37,135.23,333,2,7.0,month-to-month,0,2,4.0,ads,A,0
24,61.41,491,9,1.5,month-to-month,0,2,7.0,organic,B,0
51,131.53,713,1,1.6,two-year,0,3,7.0,referral,A,0
42,127.7,352,3,1.6,two-year,0,5,8.0,referral,B,0
41,30.97,393,4,0.0,month-to-month,0,3,9.0,referral,A,0
43,103.37,181,6,4.6,month-to-month,1,1,8.0,partner,A,1
34,135.18,500,0,8.4,month-to-month,0,5,7.0,ads,A,1
53,121.73,498,1,0.0,one-year,1,3,9.0,organic,A,0
16,112.37,494,1,0.0,one-year,0,3,6.0,organic,C,1
59,85.06,385,0,0.0,two-year,1,4,8.0,referral,B,0
37,141.31,369,5,6.3,one-year,0,2,9.0,referral,A,0
26,133.07,445,0,2.4,one-year,1,1,6.0,organic,B,0
33,100.97,488,6,2.7,month-to-month,0,4,8.0,ads,B,0
31,26.92,418,3,3.3,month-to-month,1,2,6.0,referral,C,0
35,132.38,359,2,6.4,month-to-month,0,1,5.0,ads,B,1
46,139.1,214,5,8.0,month-to-month,1,2,8.0,ads,C,0
33,29.28,546,2,2.5,two-year,1,3,8.0,organic,A,0
21,96.65,438,2,14.2,one-year,1,2,3.0,ads,B,0
21,35.99,236,3,10.9,one-year,1,3,8.0,partner,A,0
32,83.02,501,2,8.3,month-to-month,0,1,3.0,ads,B,1
46,62.98,506,2,6.0,one-year,1,4,9.0,organic,B,0
13,80.83,357,1,9.9,month-to-month,0,3,6.0,organic,B,1
16,71.56,285,3,15.1,month-to-month,0,1,1.0,partner,B,1
66,143.03,556,6,5.8,one-year,1,2,5.0,ads,A,1
72,130.0,356,1,0.0,month-to-month,1,6,10.0,organic,A,0
44,96.23,114,4,2.1,month-to-month,1,3,5.0,referral,A,0
57,66.02,411,5,2.0,month-to-month,0,4,10.0,organic,A,0
59,46.37,438,1,0.0,month-to-month,1,4,6.0,partner,A,0
51,61.05,434,3,3.6,one-year,1,2,8.0,referral,B,0
56,22.65,327,2,0.0,month-to-month,0,6,9.0,organic,A,0
49,40.73,428,7,6.7,month-to-month,1,4,6.0,ads,B,0
23,31.5,511,4,6.5,month-to-month,1,3,7.0,organic,C,0
17,101.28,142,1,4.3,month-to-month,1,4,9.0,ads,C,0
30,76.08,491,5,5.4,month-to-month,0,2,4.0,ads,C,1
49,43.65,530,1,0.0,month-to-month,1,4,10.0,organic,B,0
26,95.82,376,5,9.3,month-to-month,0,2,4.0,referral,B,0
39,76.47,246,3,10.2,month-to-month,0,1,7.0,ads,C,0
14,141.96,537,1,0.0,month-to-month,1,4,5.0,partner,B,1
17,96.31,588,2,7.7,month-to-month,0,2,5.0,ads,B,1
29,105.2,274,3,5.2,month-to-month,0,2,7.0,organic,A,1
11,104.4,398,3,3.2,month-to-month,0,3,6.0,ads,C,1
71,59.37,292,4,0.0,two-year,0,2,8.0,ads,B,0
21,134.5,339,1,0.0,two-year,1,3,5.0,organic,C,0
27,101.35,414,5,4.8,two-year,0,2,5.0,ads,A,0
59,146.79,541,0,0.0,month-to-month,1,5,9.0,ads,A,0
62,144.73,500,2,0.0,two-year,1,5,9.0,ads,B,0
26,96.32,438,4,5.1,two-year,0,3,6.0,organic,C,0
46,29.32,707,4,5.6,two-year,1,2,9.0,ads,A,1
25,111.75,251,5,5.5,month-to-month,1,2,2.0,partner,C,1
58,21.09,346,5,10.8,one-year,0,2,4.0,ads,A,0
38,109.72,434,4,7.0,month-to-month,0,5,5.0,ads,B,1
27,81.72,380,5,3.9,month-to-month,1,2,7.0,ads,B,0
21,91.51,393,5,10.6,one-year,0,3,6.0,organic,B,0
26,136.06,532,5,5.8,one-year,0,4,6.0,referral,B,1
30,110.48,305,2,0.0,two-year,0,5,4.0,referral,C,0
56,80.38,651,6,0.0,two-year,0,3,8.0,organic,B,0
42,128.38,301,2,3.4,one-year,0,2,7.0,partner,C,0
45,61.34,324,4,1.8,month-to-month,1,3,7.0,ads,C,0
35,136.18,568,2,10.0,month-to-month,0,3,2.0,ads,A,0
1,33.96,578,4,5.9,month-to-month,1,3,4.0,ads,C,1
53,138.08,378,5,0.0,two-year,1,2,9.0,referral,C,0
22,99.56,582,8,6.5,month-to-month,0,2,2.0,organic,C,1
50,131.99,302,4,0.0,two-year,0,2,6.0,ads,B,0
42,105.66,172,0,0.0,two-year,1,4,10.0,organic,A,0
39,134.42,549,2,0.0,month-to-month,0,3,10.0,referral,C,1
41,118.04,223,3,4.9,month-to-month,1,3,6.0,ads,C,0
72,24.55,418,0,0.7,month-to-month,1,4,10.0,organic,B,0
53,44.34,668,4,5.4,one-year,1,3,8.0,partner,A,0
51,76.48,297,8,0.0,one-year,1,4,6.0,partner,B,0
26,136.63,252,4,11.5,one-year,1,4,6.0,ads,B,1
23,148.87,296,5,0.0,one-year,1,5,7.0,referral,C,0
20,39.79,260,4,5.1,two-year,0,3,7.0,ads,A,0
31,143.28,276,0,0.2,month-to-month,1,2,10.0,partner,A,0
7,64.5,220,1,4.7,month-to-month,1,1,6.0,organic,C,0
25,47.94,546,2,0.0,month-to-month,1,2,6.0,ads,B,0
33,33.66,201,2,8.9,two-year,1,2,5.0,ads,C,0
48,32.6,505,0,0.0,one-year,1,4,8.0,organic,B,0
49,141.47,206,1,3.2,month-to-month,0,5,10.0,organic,A,0
24,69.58,440,5,5.3,month-to-month,0,3,6.0,ads,B,1
5,144.0,535,6,18.3,one-year,0,2,2.0,organic,C,1
38,85.81,415,3,0.0,one-year,0,2,8.0,organic,B,0
1,70.58,262,5,0.0,month-to-month,0,1,2.0,ads,B,1
25,121.45,414,4,10.1,month-to-month,1,4,4.0,partner,C,1
7,80.2,350,2,2.8,month-to-month,0,1,5.0,ads,B,1
21,87.55,396,8,9.1,one-year,0,3,3.0,ads,C,1
56,134.1,252,4,8.6,two-year,0,3,5.0,referral,A,0
59,119.67,467,3,0.1,one-year,1,3,8.0,partner,B,0
40,122.76,384,4,6.8,month-to-month,0,3,6.0,ads,C,0
3,102.95,519,4,15.0,month-to-month,0,4,1.0,ads,B,1
22,41.07,555,7,5.8,month-to-month,1,2,2.0,referral,A,0
29,34.65,465,1,8.0,month-to-month,0,3,6.0,referral,A,1
1,117.27,378,6,11.3,month-to-month,0,3,1.0,organic,C,1
53,116.27,320,4,0.0,month-to-month,0,2,3.0,ads,B,1
33,79.28,307,1,7.0,two-year,1,4,8.0,organic,B,0
24,66.86,463,2,2.1,two-year,0,3,7.0,referral,A,0
25,136.85,487,3,3.5,month-to-month,1,1,6.0,organic,A,1
11,65.15,402,4,8.2,one-year,1,3,5.0,ads,C,0
51,54.05,418,4,4.1,two-year,1,4,6.0,referral,A,0
50,116.41,240,3,0.6,two-year,1,3,7.0,ads,B,0
30,40.56,439,3,9.3,month-to-month,1,4,6.0,partner,A,0
1,104.21,360,1,11.8,month-to-month,0,3,4.0,ads,C,1
28,124.29,571,2,2.8,one-year,0,3,5.0,ads,A,0
23,111.76,462,5,13.7,one-year,1,4,3.0,ads,C,0
31,63.41,380,3,3.8,one-year,0,2,6.0,ads,B,0
47,106.53,471,0,1.1,month-to-month,0,4,9.0,organic,B,0
23,76.27,664,3,6.3,month-to-month,1,1,4.0,ads,C,1
18,82.39,533,8,12.1,one-year,0,1,4.0,ads,A,1
53,114.3,346,2,0.0,one-year,0,3,9.0,referral,C,0
40,103.56,486,0,5.3,month-to-month,1,3,7.0,ads,C,0
22,57.82,797,3,0.0,month-to-month,1,1,7.0,ads,C,1
41,51.92,534,2,0.0,month-to-month,1,3,9.0,organic,B,0
49,132.94,404,2,3.6,one-year,0,5,7.0,partner,A,0
66,130.38,582,0,0.0,one-year,1,4,8.0,organic,C,0
57,72.24,187,6,5.0,month-to-month,0,4,7.0,referral,B,0
49,132.44,283,11,3.9,two-year,1,2,7.0,organic,A,0
70,83.6,175,1,0.0,two-year,1,3,10.0,referral,A,0
43,130.48,214,1,8.2,month-to-month,0,1,4.0,partner,A,0
21,43.67,422,2,6.1,one-year,1,5,9.0,ads,A,0
43,119.51,241,3,2.6,month-to-month,0,3,5.0,organic,C,0
49,73.5,289,2,0.0,two-year,1,4,9.0,referral,A,0
72,85.12,197,3,0.0,month-to-month,0,3,9.0,organic,A,0
50,91.88,480,3,0.0,two-year,0,4,4.0,referral,C,0
18,108.25,261,3,2.9,two-year,0,4,5.0,ads,A,0
47,33.77,533,3,9.5,month-to-month,1,6,10.0,referral,C,0
30,52.67,402,2,5.2,one-year,1,3,6.0,organic,C,0
67,113.79,601,0,0.0,two-year,1,3,10.0,referral,A,0
22,20.06,374,4,1.1,two-year,1,1,4.0,ads,A,0
37,68.98,533,1,9.4,one-year,0,4,7.0,organic,B,0
35,62.58,447,3,5.7,one-year,1,1,2.0,organic,B,0
24,84.38,499,2,8.2,month-to-month,1,2,4.0,partner,A,0
13,147.73,543,4,6.2,month-to-month,0,4,6.0,organic,A,1
42,117.42,444,3,0.4,one-year,1,6,10.0,organic,C,0
46,144.56,469,3,6.6,month-to-month,0,2,4.0,referral,A,0
8,50.06,493,5,6.4,month-to-month,0,3,7.0,partner,C,1
28,109.35,210,4,2.8,one-year,0,3,6.0,ads,A,0
49,113.07,468,3,0.0,month-to-month,1,3,8.0,organic,C,0
33,145.72,529,1,0.0,month-to-month,1,5,7.0,referral,C,0
35,149.54,409,1,0.0,two-year,0,4,6.0,ads,C,0
28,95.07,244,4,7.6,one-year,0,1,8.0,partner,C,0
1,67.88,485,5,5.4,month-to-month,0,2,4.0,ads,A,1
39,117.87,238,0,1.2,two-year,1,3,10.0,referral,C,0
63,64.37,201,3,8.3,one-year,1,3,8.0,partner,A,0
40,43.36,571,7,6.1,one-year,0,5,4.0,ads,A,0
41,99.3,488,0,0.0,month-to-month,1,4,10.0,organic,A,0
49,112.45,316,2,2.7,two-year,0,3,8.0,ads,A,0
50,71.91,475,5,3.2,month-to-month,1,3,5.0,referral,A,0
72,149.81,394,1,0.0,two-year,1,5,10.0,referral,B,0
26,58.41,525,9,11.9,one-year,1,1,4.0,partner,A,0
62,50.36,817,0,0.0,two-year,0,5,10.0,referral,A,0
6,114.76,305,5,4.7,two-year,0,3,8.0,organic,B,0
23,21.92,374,4,1.6,month-to-month,1,3,7.0,organic,A,0
57,88.12,267,2,0.0,month-to-month,1,3,10.0,referral,C,0
47,69.77,556,2,0.0,month-to-month,0,3,4.0,organic,A,0
29,32.42,390,3,5.9,two-year,1,2,6.0,organic,A,0
53,68.17,391,0,0.0,one-year,1,2,8.0,organic,B,0
22,93.46,365,1,6.3,two-year,1,3,10.0,ads,A,0
22,90.31,344,0,7.0,month-to-month,1,2,3.0,ads,C,1
39,148.65,352,5,3.7,month-to-month,0,3,2.0,ads,B,1
26,48.04,370,9,13.2,month-to-month,0,2,1.0,referral,A,1
46,123.63,522,0,0.0,month-to-month,1,6,10.0,referral,A,0
7,132.59,541,6,5.1,one-year,0,3,4.0,ads,A,1
27,30.32,440,6,0.3,two-year,1,4,6.0,partner,C,0
32,21.94,607,0,7.9,two-year,0,4,8.0,ads,C,0
30,37.91,502,3,7.8,month-to-month,1,5,7.0,ads,A,0
61,29.69,338,1,2.5,one-year,1,2,8.0,referral,A,0
52,138.88,534,5,11.6,month-to-month,1,5,9.0,organic,B,0
35,29.96,542,5,7.5,month-to-month,0,2,5.0,partner,B,1
15,84.23,442,4,7.0,month-to-month,0,2,6.0,ads,B,0
57,149.17,383,2,7.2,one-year,0,2,7.0,referral,A,0
1,69.96,245,5,2.1,month-to-month,1,2,8.0,referral,C,1
68,55.32,359,2,0.8,one-year,1,4,8.0,referral,B,0
56,137.88,179,2,0.0,two-year,1,5,2.0,ads,C,0
38,82.83,374,4,0.0,two-year,1,1,9.0,referral,A,0
63,117.95,426,2,6.4,one-year,1,4,9.0,referral,A,0
49,77.93,561,3,0.0,month-to-month,1,3,9.0,organic,A,0
39,83.49,351,4,4.2,month-to-month,1,2,7.0,ads,A,0
26,133.17,453,1,14.4,month-to-month,1,2,4.0,referral,A,0
72,137.76,568,6,0.0,month-to-month,0,3,8.0,ads,A,0
48,50.46,272,3,8.6,month-to-month,0,2,7.0,partner,A,0
40,93.53,494,1,5.5,month-to-month,0,1,6.0,partner,A,0
29,144.04,204,2,2.0,two-year,1,3,10.0,referral,A,0
53,141.25,296,1,0.5,one-year,1,4,6.0,referral,B,0
24,135.78,308,6,4.0,month-to-month,0,3,7.0,organic,C,1
52,135.05,330,7,5.2,two-year,0,3,5.0,ads,C,0
59,143.4,327,2,0.0,one-year,1,4,10.0,referral,C,0
22,134.24,464,4,5.3,two-year,0,2,4.0,ads,B,0
68,95.87,393,1,0.0,one-year,1,5,8.0,organic,C,0
30,137.13,285,3,10.7,one-year,1,4,6.0,organic,B,0
17,83.56,222,2,8.9,month-to-month,0,1,4.0,organic,C,0
32,34.6,508,2,2.5,month-to-month,1,3,7.0,referral,B,0
41,64.24,544,5,9.9,one-year,0,4,6.0,organic,A,1
63,53.55,419,3,0.0,one-year,1,6,8.0,organic,C,0
43,34.77,56,2,1.9,month-to-month,1,4,7.0,organic,A,0
28,103.31,354,3,0.0,month-to-month,0,3,9.0,referral,B,0
24,45.51,332,2,3.8,month-to-month,0,1,6.0,organic,B,0
44,44.14,353,4,0.0,one-year,0,4,6.0,ads,C,1
9,59.55,591,2,9.7,one-year,0,2,9.0,partner,A,0
33,51.56,507,5,8.0,one-year,0,2,6.0,partner,A,0
63,91.59,523,1,0.5,two-year,0,3,6.0,referral,B,0
65,22.03,558,0,0.0,two-year,1,4,10.0,referral,A,0
42,77.44,369,1,6.7,month-to-month,0,2,8.0,organic,B,0
31,105.63,376,3,7.6,one-year,0,3,4.0,referral,C,1
48,44.42,431,3,0.0,one-year,1,4,5.0,organic,B,0
62,39.49,346,2,4.7,month-to-month,1,3,8.0,organic,A,0
1,137.76,343,2,5.3,one-year,1,2,5.0,ads,C,1
11,126.61,529,1,7.1,one-year,1,3,9.0,ads,A,0
51,53.22,496,3,4.2,month-to-month,1,3,8.0,partner,C,0
4,128.54,150,5,14.7,month-to-month,0,2,4.0,partner,C,1
50,135.2,395,5,1.2,month-to-month,1,2,8.0,ads,A,0
29,34.9,573,3,0.0,two-year,0,3,9.0,organic,B,0
26,117.8,522,2,1.8,month-to-month,1,4,5.0,referral,A,1
31,88.04,434,2,7.7,month-to-month,0,4,3.0,ads,C,1
34,114.54,619,2,7.2,one-year,0,3,6.0,ads,A,0
72,112.56,367,5,5.1,month-to-month,1,4,8.0,organic,A,0
22,80.12,389,3,2.8,one-year,0,4,6.0,ads,C,0
72,22.11,152,1,5.1,month-to-month,1,4,8.0,referral,C,0
36,106.61,418,2,9.1,one-year,1,3,5.0,partner,A,0
29,96.96,663,1,3.8,month-to-month,1,3,8.0,organic,A,0
59,83.38,418,6,0.0,month-to-month,0,3,10.0,ads,B,0
27,109.91,447,3,16.0,month-to-month,0,1,4.0,ads,A,0
15,93.42,397,5,12.2,month-to-month,0,2,8.0,partner,B,0
22,65.73,479,9,6.6,month-to-month,0,2,8.0,organic,B,1
42,123.26,334,0,5.8,one-year,1,3,10.0,referral,B,0
17,116.26,651,6,6.5,month-to-month,1,3,7.0,ads,B,1
72,95.86,561,0,2.4,one-year,1,3,10.0,referral,A,0
26,87.06,512,1,2.3,month-to-month,0,5,5.0,ads,B,1
37,103.9,572,2,2.6,month-to-month,1,5,5.0,organic,A,0
59,99.53,416,0,4.9,two-year,1,4,8.0,referral,A,0
64,46.92,334,1,0.0,two-year,1,5,8.0,referral,B,0
39,41.1,468,1,0.0,one-year,1,6,10.0,referral,A,0
70,53.08,575,1,0.0,month-to-month,1,5,9.0,organic,A,0
50,66.81,383,0,2.6,one-year,1,3,8.0,organic,C,0
40,131.68,381,2,6.8,month-to-month,1,4,7.0,referral,A,0
52,34.38,435,0,0.0,one-year,0,2,8.0,referral,B,0
33,107.11,163,2,7.4,month-to-month,0,3,9.0,organic,B,0
38,34.85,285,1,4.3,two-year,0,3,6.0,ads,A,0
44,68.58,345,5,0.0,month-to-month,0,1,8.0,organic,B,0
45,71.67,573,4,3.2,two-year,0,4,7.0,partner,B,0
51,113.16,473,7,3.1,two-year,0,3,3.0,partner,A,0
58,135.84,284,5,2.4,one-year,1,3,4.0,ads,B,0
45,103.1,464,1,0.0,one-year,1,3,10.0,organic,C,0
20,137.52,433,1,9.1,month-to-month,1,4,6.0,ads,B,0
72,69.13,353,2,0.0,one-year,0,3,8.0,organic,A,0
19,118.27,340,0,6.9,one-year,0,2,5.0,ads,A,0
27,94.61,728,1,5.5,one-year,1,2,7.0,organic,A,1
1,119.07,189,3,5.9,month-to-month,0,4,7.0,ads,C,1
19,108.4,348,2,7.5,month-to-month,0,3,7.0,organic,B,1
37,65.57,526,4,4.5,month-to-month,0,2,9.0,referral,B,1
12,91.13,307,3,6.5,month-to-month,0,3,5.0,ads,B,1
61,147.11,349,0,3.1,one-year,1,4,10.0,ads,A,0
36,104.7,266,2,0.0,one-year,1,5,7.0,organic,A,0
64,109.64,453,1,9.1,month-to-month,1,2,5.0,partner,B,0
50,49.3,468,0,0.0,two-year,1,3,7.0,ads,C,0
44,92.44,279,2,5.0,one-year,1,4,5.0,organic,B,0
30,53.89,608,1,6.0,one-year,1,3,7.0,ads,B,0
52,118.04,295,4,8.4,month-to-month,1,4,4.0,organic,C,1
19,115.6,479,4,4.5,month-to-month,0,3,7.0,ads,B,1
21,122.35,253,4,0.0,one-year,0,1,5.0,ads,B,1
60,20.28,492,0,5.8,month-to-month,0,3,9.0,referral,A,0
38,108.65,487,1,3.0,two-year,1,4,10.0,ads,B,0
64,43.14,325,1,0.0,month-to-month,1,5,6.0,referral,B,0
57,21.6,469,4,11.0,one-year,1,2,4.0,ads,A,0
31,125.66,465,8,8.8,month-to-month,1,1,5.0,organic,C,1
47,133.99,390,3,4.1,month-to-month,1,2,7.0,ads,B,0
28,131.27,528,6,6.0,month-to-month,1,2,6.0,organic,A,0
66,20.51,304,1,7.1,two-year,1,3,8.0,ads,B,0
52,23.77,581,3,2.6,one-year,1,2,6.0,ads,B,0
37,117.0,491,2,3.5,month-to-month,1,3,6.0,ads,B,0
30,135.25,254,2,0.2,month-to-month,0,2,5.0,ads,B,0
29,28.51,492,2,0.0,month-to-month,1,3,5.0,organic,B,0
41,113.89,392,1,1.6,month-to-month,0,2,5.0,ads,A,0
7,96.08,344,4,0.0,month-to-month,0,4,5.0,ads,A,1
1,74.43,520,5,18.9,month-to-month,0,1,3.0,ads,A,1
1,113.81,556,3,3.6,one-year,1,1,5.0,ads,B,0
63,130.55,117,1,0.0,two-year,1,4,7.0,referral,B,0
46,120.4,413,0,0.0,one-year,1,5,9.0,referral,A,0
47,98.14,403,3,3.0,one-year,1,2,9.0,organic,C,0
35,41.26,351,3,3.4,month-to-month,1,3,4.0,ads,A,0
58,32.57,445,3,5.8,month-to-month,0,1,9.0,ads,C,0
8,63.89,555,6,5.9,month-to-month,1,2,8.0,partner,B,0
55,65.03,252,1,3.5,month-to-month,0,4,7.0,organic,A,0
72,79.81,323,1,0.6,two-year,1,4,6.0,referral,A,0
62,60.36,325,2,5.0,one-year,1,4,9.0,ads,A,0
47,78.56,495,3,9.8,one-year,0,1,7.0,ads,B,0
36,149.41,346,3,4.1,one-year,1,3,5.0,referral,C,0
18,71.35,519,8,2.8,month-to-month,0,2,4.0,ads,A,1
37,65.38,539,5,6.0,month-to-month,0,2,6.0,ads,A,0
11,80.98,392,7,0.0,month-to-month,1,2,8.0,referral,B,1
34,112.81,444,2,4.2,two-year,1,4,6.0,referral,A,0
20,132.98,402,3,0.0,one-year,1,4,8.0,ads,B,0
16,67.8,684,7,5.5,month-to-month,0,3,6.0,partner,A,1
64,118.64,296,0,1.4,two-year,1,4,8.0,organic,A,0
40,25.74,224,0,2.5,month-to-month,0,1,6.0,organic,B,0
37,96.92,81,4,2.3,month-to-month,1,3,5.0,ads,A,1
30,129.99,448,2,7.3,one-year,0,3,4.0,ads,C,0
1,43.51,451,7,9.0,month-to-month,0,2,8.0,ads,A,1
41,98.23,273,0,5.0,month-to-month,1,4,8.0,partner,A,0
35,144.93,321,4,4.9,one-year,0,1,10.0,organic,A,0
23,38.33,549,1,7.1,one-year,1,2,9.0,referral,B,0
46,132.69,527,3,1.3,month-to-month,1,3,6.0,referral,A,0
29,115.31,389,3,4.7,month-to-month,1,4,8.0,ads,B,0
8,61.7,361,5,5.7,month-to-month,1,2,4.0,partner,B,1
1,126.4,356,5,5.2,one-year,1,3,3.0,ads,B,1
41,111.81,466,3,0.0,one-year,1,6,5.0,partner,A,0
5,113.91,468,2,12.4,one-year,0,3,5.0,ads,A,1
41,131.06,523,1,10.0,one-year,1,5,6.0,referral,B,0
5,61.52,508,1,9.0,month-to-month,1,2,8.0,partner,C,0
43,138.07,318,1,0.0,one-year,1,4,7.0,referral,A,0
33,47.42,435,4,3.2,month-to-month,1,4,10.0,organic,A,0
42,56.92,482,9,9.1,month-to-month,0,3,3.0,ads,A,1
57,68.95,351,3,0.6,month-to-month,1,1,10.0,referral,B,0
1,110.38,418,1,16.4,two-year,0,2,6.0,ads,A,0
7,29.71,335,2,5.5,one-year,0,4,6.0,partner,C,1
39,52.74,309,5,1.1,two-year,1,1,6.0,referral,B,0
36,75.44,258,2,1.2,two-year,1,3,9.0,partner,C,0
1,65.95,270,3,6.5,month-to-month,0,3,8.0,partner,B,0
57,143.6,369,6,0.8,two-year,0,2,6.0,ads,A,0
52,40.7,339,5,0.0,one-year,1,2,6.0,ads,A,0
52,27.45,535,1,4.9,two-year,1,5,7.0,referral,A,0
29,76.26,325,6,0.0,month-to-month,1,3,10.0,partner,A,0
38,37.5,400,8,1.1,month-to-month,1,1,8.0,ads,A,1
16,86.42,446,5,3.2,month-to-month,0,1,8.0,ads,A,0
40,26.7,310,3,0.0,month-to-month,1,5,7.0,partner,B,0
9,139.92,370,7,9.8,month-to-month,0,3,5.0,ads,B,1
24,58.71,68,4,14.9,one-year,0,3,3.0,partner,B,1
18,62.28,559,3,3.5,two-year,1,3,9.0,ads,A,0
65,82.37,459,2,4.1,two-year,1,4,7.0,ads,B,0
8,52.99,785,6,12.8,month-to-month,0,1,5.0,partner,B,1
17,54.03,403,6,9.4,month-to-month,1,3,6.0,referral,A,1
46,132.23,504,0,9.4,month-to-month,1,2,3.0,organic,C,0
72,134.69,545,1,1.8,one-year,1,6,10.0,referral,A,0
57,27.38,444,3,4.6,month-to-month,0,2,4.0,referral,C,1
32,47.09,226,5,2.4,one-year,0,1,7.0,ads,C,1
20,87.69,697,2,0.0,month-to-month,1,3,8.0,referral,C,0
53,149.33,392,1,0.0,two-year,1,3,9.0,ads,A,0
56,143.5,374,1,9.7,month-to-month,0,2,6.0,referral,A,0
47,116.59,439,3,4.2,one-year,0,4,7.0,partner,C,0
44,79.03,637,4,5.8,two-year,1,5,5.0,ads,B,0
36,134.75,531,5,3.0,two-year,1,3,6.0,partner,B,0
48,92.95,537,1,12.5,month-to-month,1,3,9.0,ads,B,0
72,36.46,392,1,0.0,two-year,1,4,10.0,organic,B,0
33,61.63,617,3,3.6,month-to-month,0,4,5.0,ads,A,1
13,137.98,390,2,3.3,month-to-month,1,1,7.0,referral,B,0
34,147.08,242,5,4.9,two-year,1,3,4.0,ads,B,0
5,131.89,411,3,7.4,one-year,0,1,2.0,ads,A,1
31,60.73,419,2,0.0,month-to-month,0,4,8.0,partner,A,0
24,133.35,292,1,0.0,month-to-month,1,3,6.0,partner,B,0
71,25.35,343,3,12.7,one-year,1,3,8.0,organic,A,0
72,119.97,329,0,0.0,two-year,1,5,10.0,referral,B,0
45,142.41,583,4,4.5,month-to-month,1,4,7.0,partner,B,0
9,54.54,364,8,0.0,two-year,0,2,6.0,ads,A,1
3,21.88,503,3,0.0,one-year,1,4,4.0,referral,B,1
37,125.14,517,1,0.0,one-year,1,4,7.0,ads,B,0
59,60.08,539,2,7.2,month-to-month,0,3,9.0,ads,B,0
24,40.11,506,7,8.4,month-to-month,0,2,3.0,partner,A,1
56,35.91,461,4,0.0,one-year,1,3,10.0,referral,B,0
39,25.18,109,4,7.7,month-to-month,1,3,7.0,referral,C,0
50,142.86,187,1,0.0,two-year,1,4,6.0,organic,A,0
70,109.69,309,2,6.3,one-year,1,6,9.0,referral,B,0
21,73.44,343,0,11.0,month-to-month,1,2,7.0,ads,B,0
72,113.44,334,0,0.0,two-year,1,5,9.0,organic,A,0
43,112.14,440,2,0.7,month-to-month,1,3,6.0,partner,B,0
19,126.58,438,2,1.1,one-year,0,3,6.0,organic,C,0
31,54.66,227,2,4.3,month-to-month,1,2,10.0,referral,A,0
1,124.22,530,3,5.4,month-to-month,0,3,5.0,ads,B,1
46,35.87,460,4,10.1,month-to-month,0,2,4.0,referral,A,0
48,54.65,383,2,2.0,month-to-month,1,4,9.0,referral,C,0
1,139.22,422,4,9.4,month-to-month,0,2,5.0,partner,C,1
37,60.5,573,7,0.7,month-to-month,1,3,4.0,referral,C,1
16,138.64,433,7,4.5,month-to-month,1,2,4.0,organic,A,0
19,88.47,495,3,4.9,month-to-month,0,3,6.0,referral,C,0
72,65.05,245,1,0.0,two-year,1,4,8.0,organic,B,0
25,77.03,405,2,6.5,month-to-month,1,2,6.0,ads,B,0
32,24.4,361,4,1.9,month-to-month,0,4,6.0,ads,B,1
47,62.88,347,0,0.1,two-year,1,5,10.0,organic,C,0
12,34.69,397,2,10.0,month-to-month,0,4,5.0,organic,B,1
22,130.06,456,1,0.0,one-year,1,3,4.0,organic,A,0
43,133.91,447,6,6.6,month-to-month,0,1,5.0,ads,C,1
34,123.69,463,2,2.3,month-to-month,1,2,10.0,organic,C,0
34,24.8,107,3,0.2,month-to-month,0,4,7.0,ads,A,1
17,31.5,463,2,0.4,two-year,1,4,10.0,referral,B,0
30,72.93,494,2,0.0,month-to-month,1,3,9.0,partner,C,0
72,75.98,269,1,0.0,one-year,1,6,10.0,referral,A,0
49,145.62,500,3,1.2,month-to-month,0,3,4.0,referral,C,1
66,114.36,556,1,3.0,two-year,1,2,8.0,ads,B,0
58,90.07,442,4,10.9,month-to-month,1,4,7.0,ads,A,0
28,93.47,390,2,1.8,two-year,0,4,5.0,referral,C,0
47,109.24,419,6,0.0,month-to-month,0,3,7.0,ads,B,1
28,107.24,292,1,8.9,month-to-month,0,4,6.0,ads,A,0
69,148.16,366,4,0.0,month-to-month,0,4,6.0,referral,A,0
69,147.97,461,4,0.0,month-to-month,0,4,10.0,ads,C,0
26,136.15,605,9,5.7,month-to-month,1,2,4.0,organic,A,1
53,113.0,526,1,0.0,two-year,1,3,8.0,organic,C,0
72,92.37,176,0,0.0,one-year,1,4,8.0,referral,C,0
43,33.45,292,5,1.8,month-to-month,1,3,8.0,ads,A,1
34,149.3,347,3,3.4,month-to-month,1,3,4.0,partner,C,0
1,124.59,479,2,8.3,month-to-month,1,4,5.0,referral,A,0
58,120.0,427,3,2.7,month-to-month,0,4,5.0,organic,A,0
28,93.61,791,3,0.1,two-year,1,4,7.0,referral,A,0
50,35.59,505,3,4.8,one-year,0,3,4.0,ads,A,0
53,35.03,480,3,12.9,month-to-month,1,5,6.0,ads,C,0
47,89.53,494,5,3.3,one-year,1,4,6.0,organic,B,0
66,80.02,445,4,2.4,one-year,0,4,10.0,organic,B,0
60,110.69,573,3,11.2,one-year,0,3,8.0,ads,B,1
33,132.3,391,2,0.0,month-to-month,1,4,8.0,ads,C,0
68,22.21,275,4,0.0,month-to-month,1,2,8.0,referral,B,0
24,96.45,479,3,7.4,month-to-month,0,1,6.0,ads,B,1
52,78.79,558,0,2.5,one-year,1,6,7.0,referral,B,0
45,44.79,442,3,0.0,two-year,0,2,9.0,organic,B,0
45,58.8,376,0,0.0,two-year,0,2,7.0,partner,A,0
56,141.36,756,1,2.6,two-year,1,4,8.0,partner,B,0
69,115.57,261,1,0.0,one-year,1,4,9.0,referral,A,0
31,138.19,420,4,4.3,month-to-month,1,1,7.0,ads,B,0
15,63.81,511,4,3.6,month-to-month,1,3,8.0,ads,C,1
41,56.41,406,5,7.9,month-to-month,0,2,6.0,referral,A,0
15,53.75,432,5,5.5,one-year,0,1,4.0,ads,B,1
53,88.01,383,1,5.0,month-to-month,1,4,10.0,ads,B,0
32,104.56,499,3,2.6,month-to-month,0,2,5.0,ads,A,1
72,116.34,448,1,2.8,month-to-month,1,4,8.0,referral,C,0
44,38.03,465,4,1.8,one-year,0,2,4.0,referral,B,0
55,52.6,333,3,0.0,month-to-month,1,4,7.0,organic,C,0
29,66.49,483,4,11.4,one-year,0,2,7.0,partner,B,1
45,24.0,203,2,12.1,month-to-month,1,3,6.0,ads,A,0
72,113.31,499,1,2.8,two-year,0,3,8.0,ads,C,0
20,39.53,762,8,11.6,two-year,1,2,9.0,organic,B,1
72,71.43,482,2,0.1,month-to-month,1,4,7.0,referral,C,0
12,144.97,417,5,7.5,one-year,0,3,5.0,ads,A,1
25,108.35,500,3,2.9,month-to-month,1,3,6.0,ads,B,0
64,98.82,429,1,0.0,one-year,1,4,10.0,organic,B,0
35,28.83,638,3,0.0,month-to-month,0,2,4.0,organic,A,1
42,29.22,580,1,4.8,one-year,1,3,4.0,organic,B,0
28,103.42,395,1,7.7,month-to-month,1,2,5.0,organic,A,0
45,61.04,298,2,4.6,month-to-month,1,3,7.0,partner,C,0
30,58.67,449,3,6.2,month-to-month,0,2,8.0,organic,B,0
20,63.74,448,4,4.1,month-to-month,1,4,10.0,organic,A,0
30,103.75,473,0,0.0,one-year,0,1,8.0,organic,A,0
38,39.91,562,2,1.7,month-to-month,1,4,7.0,organic,B,0
49,143.11,658,4,1.4,month-to-month,1,4,5.0,organic,B,1
50,144.43,373,6,0.5,month-to-month,1,3,4.0,ads,B,1
22,110.92,242,4,5.7,month-to-month,1,3,5.0,ads,A,1
64,144.63,287,0,0.0,month-to-month,1,1,10.0,ads,B,0
17,67.21,332,3,1.8,month-to-month,1,3,7.0,partner,B,1
34,44.1,559,3,15.8,one-year,0,4,4.0,organic,B,1
40,43.72,184,0,3.5,two-year,1,4,6.0,organic,C,0
19,89.66,439,0,5.3,month-to-month,1,4,5.0,ads,C,1
22,44.34,262,5,1.8,month-to-month,1,2,2.0,organic,A,0
37,43.95,396,0,1.0,month-to-month,1,3,10.0,organic,B,0
25,132.77,358,3,0.9,one-year,1,3,6.0,partner,A,0
2,66.17,192,3,4.0,two-year,1,3,4.0,organic,B,0
54,112.22,497,3,2.2,one-year,0,5,10.0,organic,B,0
51,140.12,296,2,0.0,one-year,1,4,5.0,organic,A,0
45,56.54,455,2,6.6,month-to-month,0,3,6.0,organic,A,0
8,80.87,663,6,9.1,month-to-month,0,5,8.0,partner,B,0
60,106.83,295,2,0.0,month-to-month,1,3,8.0,organic,C,1
23,45.16,495,5,11.1,month-to-month,0,3,5.0,referral,B,1
38,97.95,324,2,0.0,month-to-month,1,4,5.0,referral,A,0
72,147.83,217,1,8.8,two-year,1,5,6.0,ads,B,0
14,146.48,630,2,6.0,month-to-month,0,3,4.0,partner,A,0
60,105.11,443,1,0.0,one-year,1,3,8.0,referral,A,0
38,72.29,469,5,11.6,one-year,1,3,6.0,ads,B,0
52,48.78,237,3,0.9,one-year,1,4,7.0,partner,A,0
45,130.35,329,3,7.3,one-year,0,6,7.0,ads,C,0
64,106.64,359,1,0.0,two-year,1,2,7.0,referral,B,0
37,124.74,412,6,4.8,one-year,0,4,7.0,organic,C,0
31,135.52,532,2,6.9,one-year,1,4,8.0,partner,A,0
58,145.73,483,2,8.8,month-to-month,1,4,6.0,organic,A,0
13,34.77,360,2,7.8,one-year,1,3,6.0,organic,C,0
61,74.92,317,0,1.8,month-to-month,1,3,8.0,referral,A,0
29,98.71,370,5,10.7,month-to-month,0,1,6.0,partner,B,1
34,34.71,397,5,4.3,one-year,0,4,3.0,ads,B,1
40,33.83,358,3,9.6,two-year,0,3,8.0,organic,B,1
46,20.28,391,4,3.1,one-year,0,2,9.0,referral,B,0
28,104.88,569,1,0.0,two-year,0,3,9.0,ads,B,0
34,100.74,349,2,4.8,month-to-month,1,3,8.0,organic,B,0
19,77.22,306,10,7.6,one-year,0,2,4.0,referral,B,1
26,46.31,466,0,13.6,month-to-month,0,4,8.0,ads,B,0
31,60.0,322,0,5.3,month-to-month,1,3,9.0,partner,A,0
18,103.78,391,4,7.7,month-to-month,1,6,3.0,partner,C,0
30,77.25,253,4,4.4,one-year,1,3,8.0,referral,C,0
12,146.42,432,3,0.5,month-to-month,0,3,8.0,organic,A,0
53,105.76,385,4,2.9,month-to-month,1,5,7.0,ads,A,0
72,85.56,303,2,6.5,month-to-month,1,3,8.0,ads,B,0
57,25.08,347,1,4.0,month-to-month,0,5,7.0,ads,B,0
1,108.77,379,7,11.8,month-to-month,0,3,3.0,partner,C,1
43,94.01,662,2,0.0,one-year,0,5,7.0,referral,B,0
22,102.29,358,7,5.1,month-to-month,0,2,4.0,organic,A,1
15,70.78,661,5,6.1,month-to-month,0,1,5.0,ads,B,1
42,88.29,460,3,0.0,two-year,1,5,7.0,organic,C,0
40,139.98,269,1,2.3,month-to-month,1,2,6.0,organic,C,0
60,48.12,448,5,5.8,month-to-month,1,5,3.0,ads,C,1
25,47.34,457,3,0.0,one-year,1,3,9.0,ads,C,0
66,23.48,567,0,0.0,two-year,1,4,7.0,referral,A,0
50,62.21,381,3,1.3,two-year,1,3,9.0,ads,C,0
72,129.1,560,1,0.1,two-year,1,4,9.0,organic,A,0
50,53.33,544,1,3.5,one-year,1,3,7.0,ads,A,0
32,129.52,272,4,0.7,month-to-month,1,4,10.0,referral,C,0
13,93.26,277,6,10.2,month-to-month,0,2,4.0,partner,A,1
34,43.77,197,3,4.5,month-to-month,0,2,8.0,ads,B,0
9,36.86,540,1,9.6,month-to-month,0,1,6.0,ads,B,0
51,109.05,251,0,1.8,one-year,0,4,9.0,referral,B,0
7,49.83,571,2,16.6,month-to-month,1,1,6.0,organic,A,1
24,140.81,598,4,8.9,one-year,0,1,9.0,organic,B,0
44,125.68,701,2,2.8,month-to-month,1,5,9.0,partner,B,0
41,126.55,501,1,3.7,one-year,0,4,10.0,organic,B,0
27,26.35,520,0,0.0,one-year,0,5,9.0,referral,A,0
26,51.42,415,1,2.2,month-to-month,1,3,4.0,organic,A,1
47,74.74,227,3,4.5,month-to-month,0,4,6.0,organic,C,0
25,51.8,269,5,7.4,one-year,0,3,3.0,partner,A,1
11,62.43,349,6,18.7,one-year,0,1,6.0,ads,B,0
22,38.79,495,2,2.9,one-year,1,4,4.0,ads,A,1
27,35.9,361,4,0.8,month-to-month,0,2,1.0,ads,A,1
21,67.69,349,4,6.3,two-year,0,6,10.0,referral,C,0
30,138.8,646,2,4.1,month-to-month,0,2,4.0,ads,A,1
54,134.45,325,7,9.8,month-to-month,0,1,3.0,partner,B,1
24,89.82,266,3,2.4,month-to-month,1,6,9.0,ads,C,0
13,110.42,546,5,7.4,month-to-month,0,1,2.0,ads,A,1
44,62.33,550,1,3.4,one-year,0,4,10.0,referral,A,0
27,38.83,553,3,1.5,one-year,0,3,6.0,ads,B,0
35,27.84,343,3,6.9,month-to-month,0,3,2.0,organic,B,1
1,78.43,346,2,7.0,month-to-month,1,4,9.0,referral,C,1
19,81.83,616,1,6.4,one-year,0,4,7.0,ads,A,0
52,75.82,377,6,0.5,month-to-month,0,1,9.0,referral,B,0
48,90.51,446,0,0.0,one-year,0,4,9.0,referral,C,0
1,87.72,618,5,13.8,month-to-month,0,2,5.0,partner,B,1
44,110.95,330,2,4.9,one-year,1,4,4.0,organic,A,0
48,131.03,335,2,3.0,one-year,1,3,6.0,ads,C,0
47,133.24,383,1,5.4,month-to-month,0,2,6.0,organic,C,0
27,59.23,463,4,5.1,month-to-month,1,2,4.0,organic,C,1
34,101.73,271,5,11.7,month-to-month,0,2,6.0,ads,A,0
26,145.44,265,6,8.5,two-year,1,1,8.0,ads,A,0
38,92.45,361,5,11.1,month-to-month,0,2,5.0,ads,A,1
71,102.98,509,1,0.0,two-year,1,3,8.0,referral,A,0
1,126.98,477,0,0.4,two-year,1,3,4.0,ads,C,0
60,36.82,375,0,1.4,two-year,1,6,9.0,referral,B,0
9,42.46,491,2,7.3,one-year,0,2,8.0,partner,C,0
64,137.26,267,4,5.7,month-to-month,0,1,7.0,ads,A,0
11,142.81,429,4,4.4,month-to-month,0,3,5.0,partner,A,0
26,51.54,418,8,10.6,month-to-month,0,1,3.0,partner,A,1
16,30.24,592,3,10.3,month-to-month,1,3,3.0,ads,B,0
27,124.42,469,1,0.0,month-to-month,0,3,8.0,organic,B,0
28,49.87,160,3,4.0,one-year,0,3,9.0,organic,C,0
41,106.66,256,2,13.3,month-to-month,0,1,4.0,organic,B,1
61,38.64,470,0,0.0,month-to-month,1,4,7.0,ads,B,0
59,69.44,168,4,7.6,one-year,1,4,8.0,ads,B,0
39,83.37,413,4,8.8,two-year,1,4,6.0,partner,B,0
60,66.64,350,2,4.7,one-year,1,4,10.0,ads,A,0
43,100.76,414,3,0.0,one-year,1,2,8.0,partner,B,0
28,131.44,334,3,9.2,month-to-month,0,3,4.0,referral,A,1
10,93.3,537,7,5.4,month-to-month,0,3,8.0,ads,B,0
11,91.6,370,6,8.7,month-to-month,0,3,4.0,partner,B,1
16,84.52,480,1,16.2,month-to-month,0,3,4.0,ads,C,1
40,144.81,477,2,5.5,month-to-month,1,4,4.0,ads,B,0
27,22.55,261,1,5.4,month-to-month,0,2,3.0,referral,B,0
39,33.92,457,3,7.6,month-to-month,0,2,6.0,ads,B,1
62,74.52,346,0,10.5,month-to-month,1,4,10.0,partner,B,0
33,129.26,471,3,5.4,month-to-month,0,3,5.0,partner,B,0
40,141.08,278,2,3.8,one-year,0,3,8.0,ads,A,0
69,143.05,379,5,3.9,month-to-month,1,3,6.0,ads,C,0
61,50.79,471,1,7.0,month-to-month,1,1,5.0,organic,A,0
40,74.61,462,0,6.0,one-year,0,3,4.0,partner,A,0
48,106.86,301,0,4.1,month-to-month,0,5,6.0,partner,B,0
38,130.14,457,3,3.7,month-to-month,0,2,5.0,ads,B,1
16,107.29,473,2,0.0,month-to-month,0,4,5.0,partner,B,0
52,137.14,236,1,8.0,two-year,1,3,4.0,ads,A,0
43,47.69,201,5,4.6,month-to-month,0,3,10.0,referral,B,0
48,91.6,498,3,5.4,two-year,1,3,8.0,ads,B,0
55,84.61,266,4,4.3,one-year,0,3,6.0,partner,B,0
11,131.44,433,4,6.0,month-to-month,1,1,6.0,organic,B,0
65,35.96,399,3,5.9,two-year,1,3,6.0,organic,B,0
36,97.46,352,6,6.8,month-to-month,0,5,1.0,organic,A,0
36,107.83,623,0,10.9,month-to-month,0,3,10.0,organic,A,0
33,40.35,286,3,4.0,one-year,1,3,7.0,referral,A,0
41,119.05,313,4,11.9,one-year,1,2,5.0,ads,B,1
57,99.56,505,2,6.8,month-to-month,1,2,3.0,organic,C,0
15,43.36,461,6,0.1,month-to-month,1,2,1.0,ads,A,1
32,137.63,438,4,1.7,one-year,0,1,9.0,partner,A,1
37,130.27,456,3,7.1,month-to-month,1,4,9.0,referral,B,0
65,25.97,345,3,0.0,one-year,1,4,8.0,referral,C,0
18,46.98,282,6,1.7,month-to-month,1,3,3.0,organic,A,0
51,69.53,623,1,5.3,month-to-month,1,5,10.0,referral,B,0
48,89.52,272,3,0.2,month-to-month,1,4,6.0,ads,B,1
50,92.35,161,2,4.2,month-to-month,1,4,9.0,referral,A,0
58,38.7,325,7,1.3,month-to-month,1,5,8.0,referral,C,0
15,34.44,525,4,8.7,one-year,0,3,3.0,ads,B,1
54,141.24,158,1,0.0,two-year,0,3,7.0,organic,A,0
44,115.91,310,5,0.0,month-to-month,1,2,4.0,organic,C,0
37,36.0,538,4,0.0,month-to-month,0,5,9.0,referral,C,0
46,135.49,256,2,0.0,two-year,0,4,6.0,referral,A,0
32,53.58,443,3,7.6,one-year,0,2,5.0,ads,B,0
38,69.91,420,1,1.1,month-to-month,0,4,8.0,referral,A,0
27,103.45,428,2,3.8,month-to-month,0,2,8.0,ads,A,0
41,104.21,500,4,0.0,one-year,0,4,8.0,referral,A,0
40,86.23,256,4,5.1,one-year,1,5,5.0,partner,C,0
54,37.31,539,2,7.9,two-year,1,1,9.0,ads,A,0
69,59.95,264,4,2.9,one-year,1,4,6.0,referral,C,0
33,82.56,357,3,0.7,two-year,0,2,10.0,organic,A,0
17,138.85,374,8,7.8,month-to-month,0,1,3.0,organic,B,1
62,65.76,475,3,0.0,month-to-month,1,5,9.0,ads,B,0
39,123.75,215,7,10.0,month-to-month,0,3,4.0,referral,B,1
59,21.22,630,1,1.7,month-to-month,1,4,8.0,ads,A,0
54,61.04,383,1,4.0,month-to-month,1,3,9.0,partner,C,0
33,52.69,523,8,4.8,month-to-month,1,2,6.0,ads,C,1
41,131.8,260,3,5.7,month-to-month,1,2,7.0,referral,A,0
9,46.36,351,5,2.1,one-year,1,5,6.0,ads,B,0
36,136.55,126,1,3.3,month-to-month,1,5,4.0,organic,B,0
54,88.37,529,4,2.7,month-to-month,0,4,6.0,organic,B,0
42,126.95,287,3,5.9,one-year,1,4,7.0,ads,C,0
54,65.28,269,2,6.9,two-year,1,2,6.0,organic,B,0
49,60.54,490,0,0.0,one-year,1,4,8.0,ads,A,0
1,35.1,13,2,9.3,month-to-month,0,3,6.0,partner,C,0
34,102.08,391,3,7.3,month-to-month,0,2,7.0,ads,B,0
20,40.4,652,6,6.9,one-year,0,4,6.0,partner,C,0
19,104.66,289,5,3.4,one-year,0,5,8.0,partner,C,1
30,28.65,304,1,0.0,month-to-month,1,3,9.0,ads,A,0
42,38.98,541,0,0.0,month-to-month,1,5,10.0,ads,C,0
33,144.68,265,2,6.3,month-to-month,1,3,5.0,ads,B,1
58,115.81,605,3,5.2,one-year,0,2,7.0,ads,A,0
56,34.67,562,4,2.0,month-to-month,1,4,7.0,ads,B,0
19,70.57,488,4,6.4,one-year,0,5,7.0,partner,B,0
39,37.77,294,4,8.5,month-to-month,0,3,9.0,organic,A,0
31,82.75,407,4,2.0,month-to-month,1,3,6.0,partner,B,0
22,141.81,384,2,3.3,month-to-month,0,4,8.0,ads,B,0
29,62.87,431,3,1.8,month-to-month,1,3,4.0,organic,A,0
53,119.66,460,4,4.1,one-year,0,4,9.0,referral,A,1
50,35.46,351,3,4.2,month-to-month,1,5,9.0,partner,C,0
29,64.62,350,2,6.1,month-to-month,0,2,2.0,ads,B,1
33,57.68,514,4,7.8,one-year,1,4,7.0,referral,B,0
42,44.31,722,4,4.0,month-to-month,1,3,8.0,referral,B,0
40,57.11,261,3,10.6,one-year,0,4,6.0,ads,B,0
51,122.57,518,4,0.0,one-year,0,3,7.0,ads,A,0
36,92.19,489,2,0.0,month-to-month,0,6,9.0,organic,B,0
43,117.65,481,3,9.6,month-to-month,1,6,5.0,partner,A,1
16,78.57,451,3,3.3,one-year,0,2,10.0,ads,C,0
44,64.16,349,3,3.1,month-to-month,1,4,7.0,organic,B,0
29,125.09,439,5,10.0,month-to-month,1,4,7.0,ads,C,0
49,109.86,382,1,1.9,two-year,0,3,7.0,referral,A,0
28,83.61,492,5,6.5,month-to-month,1,4,3.0,referral,B,0
12,126.26,480,1,6.8,month-to-month,0,2,5.0,ads,A,0
10,32.53,107,3,6.6,month-to-month,1,1,5.0,organic,A,0
15,40.56,444,3,10.7,month-to-month,0,3,6.0,ads,C,1
16,111.93,450,6,10.3,month-to-month,1,3,4.0,ads,B,1
12,79.38,557,3,5.3,month-to-month,0,1,4.0,partner,B,1
58,138.31,421,2,5.7,one-year,0,3,5.0,referral,B,0
44,113.08,366,1,0.0,one-year,1,4,9.0,ads,C,0
72,20.36,542,0,0.0,one-year,1,5,9.0,referral,C,0
68,125.0,323,0,0.0,one-year,1,5,9.0,organic,A,0
13,91.33,222,3,0.8,month-to-month,0,4,8.0,organic,B,0
16,104.65,501,5,8.9,month-to-month,0,1,3.0,ads,A,1
23,144.54,590,1,11.9,month-to-month,0,2,7.0,ads,B,1
1,142.96,374,0,5.2,one-year,0,2,5.0,ads,B,0
7,69.95,323,2,7.0,month-to-month,1,2,6.0,organic,A,0
46,63.84,577,3,10.0,two-year,1,4,4.0,ads,C,0
61,56.14,487,2,0.5,month-to-month,0,4,6.0,referral,A,1
26,91.19,384,5,8.4,one-year,0,3,4.0,ads,A,1
50,87.41,453,4,5.3,one-year,1,5,10.0,referral,A,0
23,119.33,292,5,17.1,one-year,0,2,4.0,ads,A,0
64,95.27,463,3,0.0,one-year,1,3,10.0,organic,B,0
72,117.06,163,1,0.0,month-to-month,1,3,10.0,referral,C,0
16,37.71,308,2,9.3,month-to-month,0,2,2.0,partner,B,0
1,84.54,399,6,15.0,month-to-month,0,1,1.0,partner,A,1
1,72.32,441,7,13.8,one-year,1,5,9.0,ads,B,1
69,55.95,368,2,0.0,one-year,1,5,10.0,partner,A,0
59,122.54,546,0,0.0,one-year,0,3,10.0,referral,C,0
24,131.44,443,2,1.2,month-to-month,0,2,5.0,ads,A,0
15,72.79,358,4,3.0,one-year,0,3,5.0,ads,A,0
19,107.29,393,4,7.4,month-to-month,0,2,8.0,ads,A,0
30,44.15,504,3,12.7,two-year,1,2,5.0,referral,B,0
71,93.62,470,0,2.9,two-year,1,4,10.0,referral,B,0
12,70.39,379,0,14.6,month-to-month,0,2,7.0,organic,B,1
23,97.87,609,4,0.5,month-to-month,1,3,7.0,organic,B,0
30,22.43,299,1,4.3,two-year,0,3,9.0,referral,C,0
67,71.23,616,1,2.3,month-to-month,0,5,10.0,referral,B,0
41,88.1,233,3,5.6,one-year,0,3,7.0,ads,A,0
49,146.56,259,5,2.9,two-year,1,3,7.0,ads,C,0
18,147.52,273,2,9.7,month-to-month,0,2,6.0,ads,C,1
1,85.6,575,5,1.8,one-year,1,3,6.0,organic,B,0
24,43.27,344,4,6.3,one-year,0,1,5.0,organic,B,0
30,59.46,382,1,7.9,month-to-month,1,3,8.0,referral,A,0
37,66.24,239,6,13.7,month-to-month,0,4,6.0,ads,C,1
72,49.27,353,3,0.0,two-year,1,2,8.0,organic,B,0
46,117.03,388,2,6.3,one-year,1,3,4.0,partner,A,0
72,27.18,497,1,2.4,two-year,0,5,8.0,referral,A,0
44,78.8,465,7,9.0,month-to-month,1,3,8.0,partner,C,0
5,141.33,334,7,15.9,month-to-month,0,2,2.0,ads,A,1
56,120.37,244,0,0.0,one-year,1,5,8.0,referral,A,0
52,50.23,387,2,6.4,month-to-month,0,2,2.0,ads,C,1
56,27.68,655,7,6.3,month-to-month,0,4,3.0,ads,A,1
20,120.7,460,2,7.7,one-year,1,3,7.0,ads,A,0
56,35.94,276,1,3.2,two-year,0,2,8.0,ads,B,0
1,20.45,219,4,8.9,month-to-month,1,1,7.0,partner,A,1
72,25.39,291,0,2.0,one-year,1,5,10.0,organic,C,0
72,100.35,380,0,0.0,one-year,1,5,9.0,partner,B,0
39,36.76,577,7,0.0,month-to-month,1,4,5.0,organic,B,0
25,46.66,75,1,6.6,month-to-month,0,4,6.0,organic,A,0
45,25.26,457,1,2.5,month-to-month,0,3,6.0,referral,B,0
49,90.4,294,4,0.2,month-to-month,1,3,5.0,referral,C,0
45,31.06,510,3,5.9,month-to-month,0,3,9.0,ads,A,0
45,50.28,450,2,5.6,month-to-month,0,2,9.0,referral,C,0
34,82.32,696,2,8.7,one-year,0,6,7.0,ads,B,0
49,22.5,437,5,0.4,month-to-month,1,5,5.0,referral,A,0
45,86.88,627,5,7.7,one-year,1,1,7.0,ads,B,0
19,41.36,309,4,7.8,month-to-month,0,3,3.0,organic,B,1
34,98.71,382,1,0.0,month-to-month,0,4,10.0,referral,A,0
39,53.51,164,1,2.4,one-year,0,3,5.0,ads,B,0
12,126.08,440,2,16.7,month-to-month,0,2,1.0,partner,A,1
46,108.87,386,1,7.4,month-to-month,1,3,8.0,referral,B,0
29,92.96,473,3,2.8,month-to-month,1,3,7.0,referral,A,0
40,102.9,398,5,0.0,two-year,0,4,6.0,ads,B,0
26,149.87,604,5,11.3,month-to-month,0,4,4.0,referral,B,0
63,72.11,388,1,0.8,one-year,1,6,10.0,organic,C,0
52,65.02,490,1,0.0,month-to-month,1,4,5.0,referral,B,0
22,92.92,632,4,5.4,month-to-month,0,2,3.0,referral,C,1
44,29.56,649,2,7.3,two-year,1,4,7.0,ads,A,0
44,29.3,472,2,2.0,one-year,1,2,3.0,ads,A,0
11,99.34,438,2,8.6,month-to-month,0,2,7.0,partner,A,0
35,114.63,474,4,4.6,one-year,1,5,3.0,ads,C,0
45,117.17,631,4,1.3,month-to-month,1,5,10.0,referral,C,0
54,107.66,433,2,0.0,month-to-month,0,5,10.0,referral,A,0
32,117.36,440,2,4.5,month-to-month,1,5,10.0,referral,B,1
46,66.79,311,4,0.9,one-year,0,1,10.0,ads,A,0
59,120.28,319,1,5.1,month-to-month,0,3,7.0,ads,B,0
14,48.84,494,2,4.5,month-to-month,1,3,4.0,ads,A,0
21,61.19,303,2,7.2,month-to-month,0,3,7.0,organic,A,0
26,24.66,462,4,1.7,month-to-month,1,5,7.0,referral,B,1
27,135.12,383,1,0.0,one-year,1,2,6.0,referral,B,0
59,109.63,337,1,0.0,two-year,1,5,9.0,referral,C,0
23,140.22,310,2,0.0,one-year,1,4,7.0,referral,A,0
36,62.08,733,3,0.0,month-to-month,0,3,6.0,partner,C,0
58,134.15,491,0,0.0,two-year,1,2,8.0,ads,A,0
42,92.59,242,1,0.0,month-to-month,1,6,7.0,ads,B,0
20,124.0,744,2,6.6,one-year,1,1,7.0,referral,C,0
37,87.72,439,6,7.4,one-year,1,1,3.0,organic,B,1
29,22.67,326,4,0.8,month-to-month,0,3,5.0,ads,A,0
25,84.42,394,1,2.8,month-to-month,0,4,5.0,referral,C,1
31,118.98,629,2,7.6,month-to-month,0,3,4.0,partner,A,1
60,146.06,328,5,5.7,two-year,1,2,5.0,partner,B,0
44,99.86,366,2,0.0,month-to-month,1,2,6.0,organic,C,0
50,111.86,493,5,9.8,one-year,0,2,5.0,ads,A,0
31,137.91,390,5,4.8,month-to-month,1,2,7.0,organic,C,0
35,120.24,599,1,5.3,month-to-month,0,5,5.0,organic,B,1
6,128.58,320,1,15.4,one-year,1,2,9.0,ads,A,0
32,113.8,331,4,0.0,two-year,1,2,9.0,referral,A,0
72,90.29,372,1,5.6,one-year,0,5,9.0,referral,B,0
9,111.96,385,6,8.7,month-to-month,0,1,6.0,ads,C,1
56,38.01,465,6,8.2,month-to-month,0,3,6.0,ads,A,0
8,34.44,394,3,3.7,month-to-month,0,3,8.0,organic,B,1
9,70.74,327,4,4.1,two-year,0,2,5.0,ads,A,1
41,36.92,485,2,0.0,month-to-month,1,4,8.0,ads,A,0
33,73.24,318,3,0.0,month-to-month,0,2,7.0,organic,B,0
47,137.64,529,6,7.5,month-to-month,0,2,9.0,partner,B,1
19,121.99,170,1,7.9,one-year,0,2,6.0,partner,C,0
37,55.99,452,6,12.3,month-to-month,1,5,8.0,ads,B,1
19,140.79,411,4,5.8,month-to-month,1,3,6.0,partner,C,1
32,29.07,470,6,6.5,two-year,1,4,8.0,referral,C,0
26,86.85,486,3,3.4,two-year,0,3,9.0,ads,C,0
39,41.11,424,2,0.0,month-to-month,1,3,10.0,ads,A,0
36,63.47,691,3,2.5,one-year,1,3,4.0,ads,A,0
1,69.39,504,6,7.0,one-year,0,1,4.0,organic,C,1
62,75.48,659,3,9.3,one-year,0,3,7.0,organic,B,0
52,109.34,458,4,3.8,two-year,1,5,10.0,referral,A,0
39,106.0,341,0,8.0,one-year,1,4,10.0,referral,A,0
50,89.37,151,3,0.0,one-year,0,2,8.0,referral,B,0
52,54.92,468,3,0.0,month-to-month,1,4,7.0,ads,C,0
62,66.42,503,3,4.0,month-to-month,1,3,7.0,ads,A,0
32,44.85,257,3,3.9,month-to-month,0,3,8.0,referral,A,0
58,28.37,425,0,5.3,one-year,1,2,8.0,organic,B,0
16,65.95,238,1,0.7,one-year,1,2,8.0,ads,B,0
41,93.87,528,1,0.0,one-year,1,3,10.0,organic,B,0
55,88.24,507,0,0.0,two-year,1,5,10.0,organic,B,0
59,104.24,181,1,0.5,month-to-month,1,3,5.0,partner,C,0
24,55.59,229,3,7.0,two-year,1,4,4.0,partner,C,0
48,80.32,153,3,0.1,month-to-month,1,2,10.0,organic,B,0
23,145.53,468,3,9.6,month-to-month,1,1,5.0,ads,B,1
15,65.65,469,7,1.9,two-year,0,3,6.0,ads,B,0
22,76.96,533,7,2.1,month-to-month,1,3,6.0,ads,A,1
49,30.93,277,4,2.8,two-year,0,2,8.0,organic,C,0
26,38.31,361,3,5.4,two-year,1,3,10.0,organic,A,0
28,103.51,320,4,9.9,one-year,1,2,4.0,partner,C,0
38,143.68,300,1,8.0,one-year,0,3,8.0,organic,A,1
31,141.23,298,2,7.1,month-to-month,1,4,6.0,partner,A,0
35,92.6,253,2,5.5,month-to-month,1,4,8.0,ads,C,0
20,83.04,470,6,12.1,month-to-month,1,4,8.0,partner,B,0
23,146.18,609,1,4.6,one-year,1,4,10.0,organic,A,0
50,92.24,535,2,4.0,one-year,1,4,9.0,organic,C,0
13,141.24,367,6,10.4,month-to-month,0,2,10.0,organic,A,1
16,126.99,406,7,6.7,month-to-month,1,3,4.0,ads,C,1
18,87.29,471,5,4.6,month-to-month,1,2,4.0,organic,B,1
19,50.05,440,4,7.4,one-year,0,4,7.0,ads,A,0
40,86.47,303,1,4.2,month-to-month,1,4,6.0,referral,A,0
53,115.3,478,4,3.4,one-year,1,1,3.0,partner,C,0
36,115.93,487,2,5.6,one-year,0,5,7.0,partner,A,0
71,130.13,298,3,0.0,one-year,0,4,7.0,partner,C,0
23,80.98,436,1,4.0,month-to-month,1,6,6.0,organic,B,0
62,85.15,391,3,1.4,month-to-month,1,2,6.0,partner,A,0
24,24.15,482,2,0.0,one-year,0,1,6.0,ads,A,0
28,75.14,334,5,6.2,one-year,1,4,5.0,referral,C,0
24,125.52,671,1,0.0,one-year,1,3,8.0,ads,A,0
38,99.68,239,1,0.2,two-year,1,2,3.0,partner,C,0
38,24.53,656,2,5.4,month-to-month,0,5,6.0,partner,B,0
17,54.05,311,7,17.3,month-to-month,0,1,4.0,ads,A,1
20,107.13,492,6,6.5,month-to-month,0,2,6.0,ads,C,0
38,109.93,279,4,1.0,one-year,1,5,10.0,partner,B,0
33,110.85,322,4,6.6,two-year,0,6,5.0,referral,A,0
46,69.59,303,2,0.0,month-to-month,0,3,7.0,referral,A,0
48,97.25,352,2,8.3,two-year,1,4,8.0,referral,B,0
23,90.22,296,0,5.7,month-to-month,0,2,8.0,ads,A,0
42,131.11,701,0,3.9,month-to-month,1,3,7.0,ads,C,1
63,37.39,554,5,0.0,one-year,0,5,9.0,referral,B,0
25,45.13,382,5,8.9,one-year,0,5,5.0,organic,C,1
37,138.39,549,2,4.3,month-to-month,0,3,5.0,organic,B,0
59,59.39,714,3,0.0,one-year,1,5,10.0,ads,B,0
26,121.41,557,3,2.4,month-to-month,0,3,4.0,referral,A,1
41,138.27,617,6,13.4,month-to-month,1,3,7.0,referral,A,0
25,81.34,583,5,0.8,one-year,1,1,5.0,organic,A,0
71,70.68,609,3,3.6,one-year,0,3,4.0,referral,A,0
24,69.33,548,8,8.5,month-to-month,0,1,4.0,organic,C,1
1,86.32,286,7,13.6,one-year,0,2,5.0,organic,B,1
21,62.66,620,7,0.0,one-year,1,2,4.0,ads,A,1
14,134.85,427,2,10.4,month-to-month,0,1,6.0,ads,A,1
50,82.5,462,1,11.9,one-year,1,3,7.0,ads,C,0
15,23.2,152,3,0.0,one-year,0,4,4.0,ads,A,0
21,62.14,320,5,1.6,month-to-month,1,2,5.0,referral,A,1
45,62.98,582,2,1.9,two-year,0,1,10.0,organic,A,0
40,119.11,549,2,2.5,month-to-month,1,3,8.0,ads,C,1
36,122.96,525,4,5.8,month-to-month,0,2,6.0,ads,B,0
21,132.21,233,2,5.1,two-year,0,2,8.0,referral,C,0
16,139.72,451,13,8.3,month-to-month,0,2,4.0,partner,A,1
47,127.31,414,3,7.9,one-year,1,3,10.0,referral,B,0
26,56.57,515,5,7.2,month-to-month,1,2,8.0,ads,B,0
54,68.12,403,3,0.0,one-year,0,4,8.0,organic,C,0
37,93.4,321,5,10.0,month-to-month,0,2,5.0,partner,C,1
16,28.92,339,6,8.5,month-to-month,1,2,2.0,partner,A,1
49,119.1,89,2,3.7,one-year,0,4,5.0,ads,A,0
8,82.16,384,1,7.5,one-year,0,3,6.0,organic,C,1
19,140.31,399,6,13.2,one-year,1,1,5.0,partner,A,1
41,111.9,239,3,6.9,month-to-month,1,3,7.0,organic,C,0
43,112.67,355,2,4.0,month-to-month,1,4,10.0,ads,A,0
11,43.57,764,5,3.2,one-year,0,2,5.0,ads,A,0
72,144.58,313,2,0.0,month-to-month,1,6,10.0,organic,B,0
52,146.29,552,5,4.5,month-to-month,0,2,4.0,organic,A,0
51,96.71,425,2,6.2,month-to-month,1,4,9.0,ads,A,0
49,46.42,448,2,11.9,two-year,1,3,5.0,referral,B,0
10,30.71,537,0,14.9,two-year,1,4,10.0,referral,C,0
18,121.04,115,2,9.1,month-to-month,0,3,6.0,organic,A,0
27,102.11,495,2,9.0,one-year,0,2,3.0,organic,A,0
33,40.52,288,0,0.0,one-year,1,3,8.0,ads,B,0
17,124.71,509,4,0.0,month-to-month,1,2,6.0,partner,B,0
7,42.85,469,0,0.0,month-to-month,1,3,7.0,ads,C,0
36,44.63,201,3,0.5,one-year,1,2,5.0,organic,B,0
41,93.87,620,0,6.7,one-year,1,3,6.0,ads,C,0
48,84.89,515,4,13.9,month-to-month,0,4,2.0,ads,B,1
1,101.3,437,3,11.7,month-to-month,0,1,1.0,ads,C,1
21,88.18,715,5,2.0,one-year,0,3,9.0,organic,A,0
25,128.11,317,1,0.0,two-year,1,5,9.0,organic,B,0
41,20.6,393,1,0.0,two-year,1,3,10.0,referral,C,0
49,70.97,559,1,1.9,month-to-month,0,4,9.0,referral,B,0
24,126.59,537,4,4.0,one-year,0,3,9.0,organic,B,0
68,91.28,485,4,5.5,month-to-month,0,1,5.0,organic,B,1
39,148.52,308,4,0.0,one-year,0,5,4.0,ads,B,0
24,147.36,466,3,0.0,month-to-month,1,5,3.0,partner,A,0
29,144.68,803,2,0.0,month-to-month,1,6,7.0,referral,A,0
49,147.42,573,2,3.9,one-year,1,4,3.0,ads,A,0
15,89.81,514,7,0.0,month-to-month,1,2,7.0,ads,C,0
52,85.47,861,3,10.0,one-year,1,3,7.0,organic,C,1
47,87.0,568,6,7.3,one-year,1,1,4.0,ads,B,0
64,20.85,500,2,4.7,one-year,0,5,6.0,referral,B,0
28,48.0,384,3,5.6,month-to-month,1,4,7.0,organic,C,0
34,44.1,359,2,6.8,one-year,1,5,7.0,partner,C,0
38,37.2,265,1,7.7,two-year,0,4,4.0,partner,A,0
44,52.14,411,7,8.7,month-to-month,0,2,7.0,ads,C,1
42,148.52,347,2,3.4,month-to-month,0,6,9.0,organic,C,0
1,20.36,400,3,8.9,one-year,0,2,5.0,ads,A,1
24,82.11,453,2,16.1,two-year,0,2,3.0,ads,B,0
36,128.53,348,2,3.8,one-year,0,3,4.0,ads,B,0
28,67.91,543,3,2.0,month-to-month,0,2,10.0,ads,C,0
50,59.9,396,3,0.0,one-year,0,2,8.0,organic,A,0
38,79.24,358,3,0.4,one-year,0,6,9.0,partner,C,0
14,124.82,517,0,9.5,month-to-month,1,4,6.0,ads,B,1
25,55.47,434,0,0.0,two-year,1,5,8.0,referral,B,0
1,134.74,278,2,10.7,month-to-month,1,2,5.0,organic,B,0
62,54.43,226,3,6.8,month-to-month,1,1,2.0,ads,C,0
46,69.58,368,3,0.0,one-year,0,4,4.0,ads,B,1
19,71.19,629,3,7.8,month-to-month,0,1,3.0,ads,B,1
31,105.73,486,4,1.2,one-year,0,3,5.0,organic,A,0
52,35.81,499,1,0.0,two-year,1,5,7.0,organic,B,0
54,55.18,394,2,0.4,month-to-month,1,1,7.0,ads,A,0
31,36.02,467,1,5.2,month-to-month,1,3,7.0,organic,C,0
30,38.09,527,2,11.0,month-to-month,0,2,7.0,ads,C,0
23,77.39,398,4,6.0,one-year,0,4,10.0,organic,B,0
61,100.31,239,7,0.0,month-to-month,1,2,4.0,organic,C,0
43,97.32,316,2,0.0,month-to-month,0,1,6.0,referral,A,0
70,116.73,316,1,2.7,two-year,1,4,9.0,referral,C,0
34,104.53,746,4,0.0,one-year,1,2,7.0,referral,A,0
39,123.12,461,2,4.3,month-to-month,0,3,3.0,ads,C,0
34,136.09,388,6,3.5,one-year,1,4,5.0,referral,A,0
44,96.77,245,1,0.0,two-year,1,4,8.0,ads,C,0
72,145.41,525,4,0.0,one-year,1,2,6.0,organic,B,0
39,52.84,481,2,0.0,month-to-month,1,4,9.0,organic,B,0
27,118.33,438,5,5.4,one-year,0,3,4.0,partner,C,0
33,108.43,480,8,4.2,two-year,0,2,6.0,ads,C,0
29,97.51,272,5,10.6,month-to-month,0,4,3.0,organic,B,0
26,35.61,420,2,5.1,one-year,0,3,6.0,ads,C,0
72,70.44,434,2,2.7,month-to-month,1,4,6.0,referral,C,0
28,101.89,520,4,5.7,one-year,1,4,8.0,referral,C,0
57,123.34,548,3,0.0,month-to-month,1,5,9.0,referral,A,0
50,22.43,64,4,11.2,one-year,1,5,6.0,organic,B,1
66,48.27,391,2,10.2,month-to-month,0,3,7.0,organic,C,0
2,137.67,537,0,6.0,month-to-month,1,4,7.0,ads,B,1
48,24.29,640,2,0.0,one-year,1,4,7.0,organic,A,0
39,36.46,284,8,14.2,month-to-month,0,3,7.0,partner,C,1
10,120.56,412,6,2.4,two-year,1,2,5.0,ads,C,0
36,95.89,506,0,0.0,month-to-month,1,4,10.0,organic,B,0
29,145.62,500,4,5.1,one-year,1,1,8.0,ads,B,0
37,139.7,260,5,6.5,two-year,1,3,5.0,partner,A,0
56,111.1,276,5,0.7,month-to-month,0,2,8.0,referral,C,1
31,37.19,143,4,6.3,two-year,0,1,7.0,ads,A,0
43,57.05,361,2,0.0,month-to-month,1,4,10.0,referral,A,0
14,69.64,311,6,8.2,month-to-month,0,1,4.0,ads,C,1
61,44.8,141,1,3.1,month-to-month,1,3,9.0,referral,B,0
26,137.59,477,5,6.3,month-to-month,1,4,3.0,ads,B,1
30,65.57,385,3,2.2,month-to-month,1,2,3.0,referral,B,1
2,77.19,496,5,6.1,month-to-month,0,2,5.0,referral,B,1
29,87.57,468,3,7.6,two-year,0,2,7.0,ads,A,1
38,147.28,527,5,18.4,month-to-month,0,4,5.0,ads,B,1
44,86.32,379,3,7.2,month-to-month,1,4,5.0,ads,A,0
55,78.61,419,1,2.4,two-year,1,6,9.0,referral,B,0
36,21.14,396,3,8.0,month-to-month,1,3,6.0,partner,B,0
21,31.33,544,4,13.7,two-year,1,3,8.0,referral,A,0
25,119.14,513,3,6.8,month-to-month,1,3,2.0,ads,B,0
43,48.87,483,1,2.6,one-year,1,1,8.0,organic,A,0
30,90.51,245,0,5.5,month-to-month,0,2,6.0,partner,A,1
30,33.91,680,6,7.0,one-year,1,3,5.0,referral,C,0
39,134.87,359,2,0.0,one-year,1,4,3.0,ads,A,1
37,68.3,381,3,0.0,one-year,1,3,10.0,referral,C,0
36,31.95,637,1,6.1,one-year,1,3,6.0,organic,A,0
25,41.83,432,2,0.0,month-to-month,1,3,5.0,organic,A,0
23,57.24,371,9,10.5,month-to-month,0,3,5.0,organic,A,1
45,45.29,514,4,7.0,month-to-month,1,3,6.0,organic,B,0
37,116.22,288,4,6.3,one-year,1,4,9.0,referral,C,0
36,74.38,200,1,0.0,two-year,1,3,8.0,referral,B,0
38,111.07,325,4,4.9,month-to-month,1,3,7.0,ads,C,0
20,35.85,649,2,0.0,month-to-month,1,2,5.0,ads,B,0
45,68.06,306,3,0.0,month-to-month,0,3,8.0,ads,A,0
19,101.88,374,3,4.5,month-to-month,0,2,3.0,ads,C,1
69,40.53,442,3,3.4,one-year,1,4,6.0,partner,C,0
64,90.38,494,1,0.0,one-year,0,5,8.0,referral,C,0
28,34.85,468,3,8.3,month-to-month,1,3,4.0,partner,B,1
41,52.13,302,2,7.0,month-to-month,1,1,9.0,ads,A,0
33,110.43,623,1,1.4,one-year,0,5,10.0,referral,B,0
31,31.62,405,6,6.2,month-to-month,1,4,5.0,ads,B,0
30,42.8,573,2,2.4,month-to-month,0,2,4.0,referral,A,1
72,129.77,270,1,0.0,two-year,1,6,10.0,organic,B,0
55,142.6,479,4,2.7,one-year,1,3,5.0,ads,A,1
44,149.75,498,4,6.7,two-year,1,2,8.0,organic,C,0
42,120.72,319,3,11.4,one-year,0,2,4.0,organic,B,1
59,98.86,514,2,0.0,month-to-month,0,5,9.0,partner,B,0
42,69.59,236,3,1.8,one-year,0,2,6.0,ads,C,0
11,97.29,287,4,3.3,month-to-month,0,1,4.0,referral,C,1
72,49.0,512,1,1.3,two-year,0,5,9.0,organic,A,0
72,94.07,228,3,3.1,month-to-month,1,4,10.0,organic,C,0
25,44.87,513,4,0.0,month-to-month,0,2,6.0,organic,A,1
8,50.43,280,6,8.9,month-to-month,1,3,4.0,partner,A,0
57,126.29,519,2,1.1,month-to-month,0,4,6.0,referral,C,0
36,69.77,190,2,9.6,month-to-month,0,2,8.0,partner,A,1
42,55.81,380,2,0.0,two-year,1,3,10.0,organic,B,0
1,133.44,488,3,12.8,one-year,0,2,3.0,organic,A,0
51,134.19,664,3,2.5,month-to-month,1,5,8.0,ads,A,0
30,57.52,318,8,14.7,month-to-month,1,3,7.0,ads,B,0
56,24.95,184,5,10.6,two-year,0,6,6.0,referral,A,0
41,48.18,271,4,7.1,month-to-month,0,1,8.0,partner,A,0
20,49.39,500,4,5.8,month-to-month,1,1,4.0,ads,B,1
46,83.75,673,0,7.2,two-year,1,1,9.0,organic,B,0
45,81.95,333,3,4.3,one-year,1,3,8.0,referral,A,0
30,76.55,544,1,5.8,two-year,1,5,9.0,referral,C,0
40,29.25,431,2,3.9,two-year,0,4,6.0,partner,B,0
34,107.52,478,0,0.2,two-year,1,5,7.0,ads,A,0
14,36.63,390,5,12.9,month-to-month,0,2,4.0,organic,C,1
66,117.28,280,1,7.9,one-year,1,3,9.0,referral,B,0
42,41.39,588,1,0.0,one-year,1,5,6.0,referral,A,0
48,96.07,361,5,11.9,month-to-month,1,2,6.0,organic,A,0
16,129.31,319,6,8.6,month-to-month,0,2,4.0,organic,C,1
41,45.87,445,3,1.4,one-year,0,5,2.0,partner,C,0
59,118.39,403,1,0.0,month-to-month,1,4,9.0,organic,B,0
70,53.02,687,2,5.6,one-year,1,4,5.0,ads,A,0
56,105.91,433,0,0.0,month-to-month,1,3,8.0,ads,B,0
3,141.43,421,2,4.0,month-to-month,0,1,7.0,ads,B,1
49,59.96,553,3,3.9,month-to-month,0,1,10.0,organic,A,0
49,127.05,425,4,11.9,one-year,1,2,4.0,ads,C,1
36,36.96,505,1,9.1,month-to-month,0,3,8.0,referral,B,0
59,110.92,466,2,1.8,two-year,1,4,7.0,partner,C,0
49,50.14,548,3,5.8,one-year,1,3,5.0,ads,B,0
20,60.1,559,6,14.3,month-to-month,0,2,2.0,partner,C,1
40,60.78,307,3,8.1,one-year,1,4,4.0,organic,B,0
31,112.89,278,3,3.4,month-to-month,0,4,7.0,referral,B,0
40,106.02,270,3,4.2,one-year,1,4,8.0,referral,A,0
58,41.35,470,4,0.0,one-year,1,4,7.0,referral,B,0
37,129.64,610,1,6.6,month-to-month,1,3,7.0,referral,A,0
49,60.06,191,2,0.0,one-year,1,3,7.0,ads,A,0
45,59.35,662,2,0.0,one-year,1,4,7.0,ads,A,0
23,43.19,536,2,4.5,month-to-month,0,1,5.0,partner,C,1
53,43.34,265,5,0.0,month-to-month,1,5,4.0,organic,B,0
36,87.73,373,3,1.8,month-to-month,0,4,7.0,ads,A,0
22,68.49,300,2,5.4,month-to-month,0,3,6.0,organic,C,0
37,73.69,580,5,4.7,one-year,0,3,9.0,organic,A,1
44,70.75,517,1,3.8,month-to-month,1,4,8.0,ads,A,0
7,109.06,376,3,2.7,month-to-month,0,3,7.0,referral,B,1
5,30.79,418,2,12.5,two-year,0,4,5.0,ads,B,1
46,59.75,523,6,5.5,month-to-month,0,4,3.0,ads,C,0
31,144.67,386,1,4.9,month-to-month,0,1,2.0,partner,A,1
53,82.56,313,3,0.0,one-year,1,2,10.0,organic,A,0
6,36.97,405,4,9.5,month-to-month,0,2,4.0,ads,A,0
55,85.23,460,3,9.3,month-to-month,1,4,6.0,ads,B,0
46,128.88,284,4,1.9,one-year,0,3,7.0,ads,A,0
1,66.91,381,4,7.8,one-year,0,3,6.0,ads,A,0
49,90.5,413,2,7.1,month-to-month,0,1,7.0,organic,B,0
53,138.89,422,3,1.6,one-year,1,2,9.0,referral,B,0
18,92.26,585,2,0.0,one-year,0,3,6.0,ads,A,1
25,105.51,493,2,8.0,month-to-month,1,1,6.0,partner,A,0
11,22.8,483,0,10.1,one-year,0,3,8.0,referral,A,0
54,124.53,276,2,1.9,one-year,0,3,8.0,referral,C,0
37,127.98,356,5,4.3,month-to-month,1,4,6.0,referral,B,0
26,97.52,455,0,9.0,one-year,1,4,7.0,ads,A,0
72,31.88,411,4,2.4,one-year,1,3,9.0,referral,A,0
36,146.7,532,3,0.0,one-year,1,5,8.0,ads,A,0
39,108.95,506,3,4.2,month-to-month,1,6,9.0,referral,A,0
24,77.67,152,3,7.0,two-year,1,3,7.0,ads,A,0
22,133.86,452,5,1.7,month-to-month,0,4,6.0,ads,C,1
27,72.98,483,2,1.9,one-year,1,5,5.0,ads,A,0
49,103.45,151,5,0.0,one-year,1,4,9.0,organic,A,0
36,49.13,465,0,0.0,one-year,1,3,7.0,partner,A,0
40,136.08,778,2,3.0,month-to-month,1,4,10.0,organic,A,0
69,88.79,354,2,5.3,month-to-month,1,2,7.0,organic,A,0
54,50.74,358,5,10.3,one-year,0,1,4.0,partner,B,1
51,31.18,449,2,7.5,month-to-month,1,3,9.0,referral,B,0
13,136.86,555,6,5.8,month-to-month,1,2,4.0,ads,B,1
54,45.66,539,5,2.4,month-to-month,0,3,10.0,referral,B,1
17,148.69,315,5,3.7,one-year,1,2,8.0,ads,A,0
55,38.55,463,0,2.6,one-year,1,6,10.0,organic,A,0
63,79.9,372,0,0.0,two-year,1,5,10.0,partner,A,0
26,88.92,344,1,9.9,month-to-month,1,3,6.0,ads,B,0
30,52.02,532,3,4.3,month-to-month,0,5,8.0,ads,C,0
29,149.14,735,8,4.4,month-to-month,1,4,9.0,referral,A,0
47,95.07,392,0,2.0,month-to-month,1,4,10.0,ads,C,0
33,94.26,342,2,3.4,month-to-month,0,3,5.0,ads,B,1
48,133.61,278,0,2.3,two-year,1,4,7.0,referral,B,0
33,95.6,567,6,0.0,month-to-month,0,3,6.0,organic,C,1
39,82.05,703,2,1.2,one-year,0,4,7.0,ads,C,0
56,81.91,225,1,5.2,one-year,0,4,10.0,ads,A,0
39,112.9,377,2,0.0,two-year,1,2,10.0,organic,A,0
58,65.4,134,3,0.0,month-to-month,0,4,8.0,organic,B,0
37,86.38,503,0,3.9,month-to-month,0,2,6.0,referral,A,0
38,62.02,334,3,4.4,month-to-month,0,4,5.0,organic,C,1
44,136.16,293,6,4.9,month-to-month,0,2,6.0,partner,B,0
24,46.7,339,5,0.0,month-to-month,1,3,10.0,organic,B,0
38,94.87,245,0,1.4,one-year,1,1,10.0,organic,A,0
68,61.68,578,4,5.8,one-year,1,3,9.0,ads,A,0
52,91.89,523,4,0.5,one-year,1,5,10.0,referral,A,0
1,87.75,596,7,8.1,month-to-month,1,5,8.0,ads,C,0
41,80.21,352,1,1.2,one-year,1,1,7.0,ads,B,0
25,78.71,469,4,12.3,one-year,0,1,4.0,ads,B,0
1,77.33,478,7,0.1,two-year,1,3,6.0,referral,A,0
64,73.44,485,2,7.2,month-to-month,0,3,8.0,referral,A,0
35,38.5,358,1,5.8,month-to-month,1,6,5.0,ads,A,0
37,140.6,497,4,0.0,month-to-month,0,4,6.0,referral,A,0
32,147.02,533,3,6.1,month-to-month,0,4,5.0,referral,C,1
1,80.14,451,6,8.0,one-year,0,3,6.0,ads,B,1
16,77.76,452,4,4.6,month-to-month,0,3,5.0,ads,C,0
33,72.33,654,1,1.6,month-to-month,1,3,8.0,partner,A,0
59,48.37,522,3,0.0,two-year,0,6,6.0,ads,A,0
40,29.91,316,5,6.3,month-to-month,1,3,10.0,referral,B,0
29,23.02,379,3,3.9,one-year,1,2,4.0,ads,A,0
22,93.32,635,1,0.0,month-to-month,0,3,7.0,partner,A,0
46,112.11,766,5,5.8,month-to-month,0,2,3.0,ads,B,1
66,31.97,346,3,0.0,two-year,0,2,7.0,organic,A,0
59,83.51,491,4,5.2,one-year,1,4,8.0,ads,C,0
49,42.12,471,6,0.0,month-to-month,1,4,8.0,referral,C,0
34,40.2,482,6,13.6,month-to-month,0,3,6.0,organic,A,1
1,115.53,315,5,10.9,month-to-month,0,1,4.0,partner,B,1
45,139.85,496,2,0.0,two-year,1,2,7.0,organic,C,0
20,137.81,316,4,4.6,month-to-month,1,3,6.0,organic,B,0
1,56.89,192,2,4.7,month-to-month,0,4,5.0,ads,B,1
60,53.63,529,2,0.0,two-year,0,5,8.0,organic,C,0
21,86.0,659,0,6.9,month-to-month,0,3,6.0,organic,B,1
67,145.93,368,1,9.7,one-year,0,2,9.0,referral,C,0
57,25.71,422,2,9.6,two-year,1,5,8.0,organic,B,0
53,141.25,302,2,2.8,one-year,1,6,8.0,referral,B,0
29,39.48,445,6,5.0,one-year,0,3,4.0,partner,A,1
41,64.96,404,4,1.5,two-year,1,6,6.0,ads,C,0
67,56.07,309,1,6.2,month-to-month,0,4,7.0,referral,A,0
32,109.57,343,4,5.9,month-to-month,1,5,8.0,organic,B,0
42,116.04,161,6,6.6,two-year,0,4,8.0,referral,B,0
5,118.94,198,5,11.1,month-to-month,1,1,2.0,referral,A,1
27,30.17,163,5,3.9,two-year,0,3,9.0,ads,A,0
31,30.54,330,6,2.2,month-to-month,1,3,4.0,ads,A,0
23,137.56,380,6,7.5,month-to-month,0,1,6.0,ads,B,1
6,123.38,465,4,16.2,month-to-month,1,1,4.0,ads,C,1
28,139.34,547,2,2.6,two-year,1,4,9.0,referral,B,0
9,109.99,232,1,10.6,month-to-month,0,3,5.0,ads,A,0
72,27.52,551,0,7.4,month-to-month,0,4,8.0,referral,A,0
20,109.29,378,3,0.9,one-year,0,4,3.0,referral,A,1
10,137.45,504,4,19.5,month-to-month,0,3,5.0,organic,B,0
44,63.15,504,6,11.2,one-year,0,4,6.0,organic,C,0
34,33.98,450,1,4.9,one-year,1,5,9.0,ads,C,0
23,30.65,472,2,1.8,two-year,1,3,7.0,ads,B,0
18,34.48,511,1,8.5,month-to-month,1,2,4.0,organic,C,0
62,32.18,748,4,0.3,two-year,1,2,8.0,referral,B,0
72,96.69,786,1,3.1,month-to-month,0,4,9.0,ads,A,0
61,50.52,377,0,2.0,month-to-month,1,2,7.0,ads,C,0
65,25.41,605,4,0.0,month-to-month,1,4,10.0,referral,A,0
23,138.32,428,5,9.7,month-to-month,1,3,8.0,organic,A,1
49,108.66,502,5,5.9,month-to-month,0,2,4.0,organic,A,1
35,134.2,329,0,0.0,one-year,1,3,5.0,ads,A,0
52,83.8,574,2,2.2,one-year,0,2,8.0,referral,A,0
23,134.28,498,9,11.9,one-year,0,4,2.0,partner,A,1
20,112.56,580,5,16.7,two-year,0,4,3.0,partner,B,1
65,117.23,333,3,8.2,one-year,1,4,5.0,referral,B,0
44,64.88,68,3,8.4,one-year,0,4,3.0,ads,B,0
58,67.69,683,4,2.4,two-year,0,6,8.0,ads,A,0
31,141.88,333,4,15.5,month-to-month,0,3,2.0,organic,A,1
21,86.7,407,1,7.4,month-to-month,1,3,7.0,partner,B,0
16,146.97,666,4,9.7,one-year,0,5,7.0,ads,B,0
48,76.74,288,3,3.8,month-to-month,1,3,7.0,referral,C,0
39,137.97,495,4,0.0,one-year,1,3,7.0,organic,B,0
1,39.0,692,4,11.1,month-to-month,0,3,4.0,partner,B,1
43,46.97,461,7,1.0,two-year,0,3,5.0,partner,A,0
10,110.93,696,4,11.8,one-year,0,5,6.0,organic,B,0
30,133.13,432,3,7.3,one-year,1,3,1.0,partner,A,0
39,84.44,558,5,1.7,month-to-month,1,3,5.0,organic,A,0
10,105.31,405,1,12.9,one-year,0,3,5.0,partner,B,0
47,94.97,321,3,5.3,month-to-month,0,1,5.0,ads,A,0
7,53.36,448,2,5.7,one-year,0,2,6.0,organic,A,1
42,132.29,127,1,5.5,month-to-month,0,4,7.0,organic,C,0
41,128.6,296,5,3.7,month-to-month,1,2,6.0,ads,B,1
27,71.36,397,5,7.1,month-to-month,0,2,5.0,organic,A,1
19,22.08,469,2,7.6,one-year,1,4,10.0,partner,B,0
43,50.91,649,1,2.7,one-year,0,4,8.0,partner,A,0
44,21.12,385,2,1.5,month-to-month,1,4,7.0,organic,A,0
46,146.56,325,4,0.0,one-year,1,1,9.0,referral,B,0
63,124.72,457,1,0.0,two-year,1,4,10.0,ads,A,0
26,122.15,336,5,10.5,month-to-month,1,4,6.0,ads,B,0
27,125.75,207,5,9.3,month-to-month,1,6,8.0,organic,B,1
33,67.71,332,3,1.4,month-to-month,0,2,6.0,referral,C,0
39,31.84,277,8,7.6,month-to-month,0,1,8.0,ads,A,0
50,102.0,519,5,0.0,month-to-month,0,4,8.0,referral,C,0
46,105.7,327,1,0.0,two-year,1,2,10.0,referral,C,0
10,83.37,519,4,10.1,one-year,1,2,5.0,ads,B,0
17,149.11,331,3,6.9,two-year,0,3,5.0,organic,C,1
42,84.64,463,1,5.9,month-to-month,1,5,10.0,referral,C,0
27,71.65,494,1,7.7,one-year,1,4,7.0,referral,A,0
16,48.23,332,2,5.8,month-to-month,0,5,8.0,ads,C,1
57,66.47,290,5,0.0,one-year,1,4,5.0,ads,A,0
55,98.2,519,6,5.6,month-to-month,1,4,8.0,partner,A,0
1,50.92,308,4,4.2,month-to-month,1,3,4.0,organic,B,1
51,72.55,233,3,0.0,month-to-month,0,6,7.0,referral,A,0
37,53.37,309,4,1.4,one-year,0,5,7.0,organic,C,0
29,141.44,332,1,10.1,month-to-month,0,4,7.0,organic,B,0
30,132.51,559,3,7.0,month-to-month,0,3,4.0,ads,C,1
11,35.7,169,6,5.1,month-to-month,0,1,4.0,partner,B,1
72,138.82,611,5,13.6,one-year,1,3,9.0,organic,C,0
36,108.35,316,2,5.6,month-to-month,1,4,5.0,referral,A,0
23,87.2,453,3,0.8,one-year,1,4,7.0,organic,A,0
38,27.6,526,2,0.0,month-to-month,1,6,7.0,ads,A,0
48,81.56,390,2,4.2,two-year,0,3,5.0,referral,A,0
18,97.91,293,4,0.0,month-to-month,0,5,10.0,organic,A,0
12,124.05,649,3,2.9,one-year,0,1,2.0,partner,C,1
57,24.04,384,0,0.0,month-to-month,0,3,8.0,organic,A,1
38,83.49,367,4,1.5,one-year,1,4,5.0,organic,B,0
42,106.63,681,4,1.2,month-to-month,0,6,6.0,ads,A,1
64,100.23,361,2,1.6,two-year,1,2,4.0,ads,C,0
38,70.31,148,3,13.6,month-to-month,1,2,8.0,organic,A,1
35,107.62,628,3,0.8,month-to-month,0,6,7.0,referral,A,0
27,130.73,278,4,10.6,month-to-month,0,5,5.0,referral,B,1
1,25.46,675,3,11.1,one-year,0,2,4.0,ads,A,1
72,38.76,445,1,0.0,month-to-month,1,5,9.0,referral,C,0
61,128.95,413,4,0.0,two-year,1,3,5.0,ads,B,0
37,62.77,249,5,13.3,month-to-month,0,2,4.0,organic,C,1
62,69.9,493,1,0.0,month-to-month,1,1,9.0,ads,C,0
24,109.63,287,3,3.0,two-year,1,3,3.0,organic,C,1
25,148.8,492,1,0.6,one-year,1,3,5.0,partner,B,0
39,115.18,434,1,3.4,month-to-month,1,6,6.0,partner,C,0
20,66.84,592,3,1.1,month-to-month,0,5,5.0,referral,B,0
29,75.98,308,2,10.1,month-to-month,1,3,5.0,ads,C,0
45,105.28,253,1,10.4,one-year,0,1,4.0,ads,B,0
22,85.49,340,5,3.9,one-year,0,2,4.0,referral,B,1
28,80.83,465,8,8.6,one-year,1,2,5.0,ads,B,0
34,87.53,609,2,0.8,month-to-month,1,4,8.0,referral,A,0
39,108.72,358,5,6.9,month-to-month,0,1,8.0,partner,A,0
34,72.37,393,1,6.6,month-to-month,1,3,7.0,partner,B,0
21,41.99,439,5,0.0,one-year,1,4,10.0,organic,B,0
36,96.15,306,6,5.3,month-to-month,0,1,5.0,referral,B,1
54,66.39,250,1,12.4,one-year,1,4,8.0,organic,B,0
49,84.04,410,1,3.9,month-to-month,0,1,10.0,partner,B,0
32,147.62,530,2,0.0,month-to-month,1,3,8.0,organic,A,0
20,49.12,380,2,0.1,two-year,0,3,4.0,organic,B,0
52,96.7,534,1,10.9,month-to-month,1,5,8.0,partner,A,0
44,126.27,213,0,0.0,month-to-month,1,4,6.0,organic,B,0
19,69.99,408,8,4.9,one-year,0,1,4.0,partner,B,0
72,104.24,137,2,1.5,one-year,1,2,10.0,ads,A,0
32,59.91,463,1,4.3,month-to-month,0,2,6.0,organic,C,0
53,46.81,296,3,1.3,month-to-month,0,2,6.0,ads,C,0
37,77.51,523,4,2.8,one-year,1,2,5.0,organic,C,0
17,120.25,14,0,0.0,two-year,1,3,7.0,organic,B,0
31,92.83,556,3,4.0,one-year,0,2,8.0,referral,B,0
63,128.76,228,0,4.1,month-to-month,1,3,9.0,referral,C,0
59,58.17,346,1,0.0,two-year,1,5,10.0,referral,B,0
4,127.11,297,6,14.2,one-year,1,3,4.0,ads,B,1
17,141.73,514,4,4.8,one-year,0,1,5.0,organic,B,0
27,69.12,449,4,4.0,month-to-month,1,1,10.0,referral,A,0
52,140.4,528,1,7.1,month-to-month,1,5,6.0,referral,A,0
45,134.67,471,3,8.7,month-to-month,1,3,10.0,ads,C,0
38,30.22,356,1,10.2,month-to-month,1,3,10.0,referral,A,0
9,110.55,292,4,9.3,month-to-month,0,1,7.0,ads,A,1
56,125.36,495,3,0.0,month-to-month,0,3,8.0,organic,B,0
16,69.29,488,3,6.2,one-year,0,2,8.0,ads,A,0
40,65.08,329,0,0.0,two-year,0,5,7.0,referral,B,0
42,133.49,294,3,0.0,two-year,1,6,8.0,organic,B,0
32,77.17,461,2,11.2,month-to-month,1,2,7.0,organic,A,0
34,108.16,590,1,8.4,month-to-month,1,4,6.0,referral,A,1
36,81.96,421,3,1.0,month-to-month,0,3,8.0,organic,A,1
31,61.88,389,4,2.4,month-to-month,0,2,1.0,partner,A,1
58,127.53,384,6,5.4,month-to-month,0,1,6.0,referral,B,0
22,83.62,232,2,6.0,month-to-month,0,1,4.0,organic,C,1
1,54.08,573,2,4.7,month-to-month,0,1,4.0,organic,A,1
43,146.06,390,1,0.0,month-to-month,0,4,6.0,referral,A,0
26,39.22,307,5,4.9,month-to-month,1,3,4.0,partner,B,1
19,36.89,201,2,0.2,month-to-month,0,5,10.0,ads,A,0
63,137.18,518,2,0.0,month-to-month,1,2,10.0,referral,B,0
34,137.36,526,8,3.6,one-year,1,2,6.0,partner,B,0
13,119.03,441,4,3.1,two-year,1,3,10.0,ads,A,0
23,39.62,500,3,5.2,two-year,1,3,8.0,ads,B,0
67,117.71,402,2,3.1,one-year,0,1,5.0,referral,A,1
54,42.28,264,2,0.0,month-to-month,0,5,6.0,organic,C,1
50,27.75,585,4,4.5,one-year,1,2,9.0,partner,B,0
60,61.34,532,5,3.6,month-to-month,1,3,4.0,organic,B,0
48,112.3,304,1,6.1,one-year,1,5,8.0,referral,B,0
44,62.54,539,3,0.0,one-year,1,3,2.0,referral,B,0
39,113.15,566,3,0.0,month-to-month,1,4,6.0,ads,C,1
31,141.7,433,4,11.0,one-year,0,2,6.0,organic,A,1
21,95.82,358,1,8.4,month-to-month,1,4,6.0,ads,A,0
72,24.72,476,0,0.0,month-to-month,1,5,10.0,partner,C,0
42,25.47,431,2,0.0,one-year,1,1,10.0,referral,A,0
20,40.82,341,6,6.5,one-year,1,1,4.0,ads,A,0
3,107.21,580,4,2.9,month-to-month,0,1,10.0,ads,C,1
30,60.16,527,0,0.0,month-to-month,1,3,8.0,ads,B,0
38,68.28,458,2,2.9,one-year,0,2,9.0,referral,C,0
28,65.87,384,0,8.0,one-year,1,5,6.0,partner,C,0
25,67.52,590,5,4.1,month-to-month,1,4,9.0,ads,B,0
32,100.35,337,6,1.5,month-to-month,1,3,8.0,referral,B,0
46,95.89,489,1,0.0,month-to-month,1,3,10.0,partner,A,0
51,132.85,344,2,8.2,one-year,1,5,7.0,partner,C,0
2,148.34,612,4,11.0,month-to-month,0,1,1.0,ads,B,1
53,129.24,359,1,5.2,two-year,0,4,7.0,organic,B,0
40,120.49,380,2,0.8,month-to-month,0,3,2.0,referral,A,1
46,68.21,393,1,0.0,month-to-month,0,6,6.0,referral,A,1
72,138.93,307,0,0.0,one-year,1,6,10.0,referral,B,0
45,67.41,663,3,0.8,month-to-month,1,4,10.0,organic,B,0
50,28.28,505,2,2.3,month-to-month,1,3,7.0,partner,B,0
65,86.06,435,2,11.3,two-year,1,4,8.0,referral,A,0
62,54.29,351,1,2.8,one-year,1,2,7.0,organic,A,0
42,83.01,493,3,2.1,one-year,1,1,5.0,referral,B,0
52,108.52,279,3,1.6,one-year,0,4,8.0,ads,B,0
72,132.12,250,0,0.0,one-year,1,5,10.0,referral,A,0
13,52.62,319,3,7.1,month-to-month,0,1,3.0,ads,C,1
37,139.69,523,4,10.3,one-year,1,1,5.0,organic,A,0
25,149.0,532,3,8.4,one-year,0,3,4.0,ads,B,1
56,46.17,434,1,0.0,month-to-month,1,4,8.0,ads,B,0
39,65.12,393,1,5.0,month-to-month,0,2,4.0,ads,B,0
28,113.0,415,4,5.7,one-year,0,1,4.0,ads,B,1
10,68.12,507,1,0.0,month-to-month,0,4,7.0,organic,B,0
51,48.72,151,2,0.0,two-year,0,5,9.0,organic,B,0
33,72.46,473,3,0.0,month-to-month,1,4,8.0,partner,B,0
1,111.59,519,4,6.2,one-year,0,5,4.0,ads,B,1
18,22.21,519,3,4.1,month-to-month,0,4,8.0,organic,A,1
32,107.0,461,6,8.9,month-to-month,1,3,5.0,partner,A,0
41,137.09,493,7,3.2,month-to-month,0,1,2.0,ads,C,1
34,148.41,626,7,4.3,month-to-month,0,3,8.0,ads,B,1
35,53.05,335,3,3.6,two-year,0,1,7.0,ads,A,0
72,116.89,414,0,0.0,month-to-month,1,4,10.0,ads,C,0
18,41.74,395,1,0.0,one-year,0,5,4.0,ads,B,0
27,50.27,574,6,7.9,month-to-month,0,2,3.0,ads,A,1
29,105.8,378,9,7.7,two-year,1,3,9.0,organic,C,0
57,126.4,306,1,0.0,one-year,1,1,5.0,ads,B,0
54,32.24,329,2,4.6,month-to-month,1,6,9.0,referral,B,0
5,69.99,221,3,12.5,month-to-month,0,3,4.0,ads,B,1
16,132.65,393,1,3.3,one-year,0,2,4.0,ads,B,1
72,117.95,406,0,4.2,two-year,1,6,7.0,referral,A,0
54,26.68,250,2,8.9,month-to-month,0,1,7.0,ads,A,0
18,72.96,341,6,4.6,month-to-month,1,5,2.0,referral,C,0
22,72.47,373,1,3.2,month-to-month,1,3,8.0,ads,C,0
1,105.28,531,7,12.3,month-to-month,0,1,1.0,ads,A,1
56,31.9,310,1,0.0,two-year,0,2,5.0,referral,A,0
26,67.22,270,3,7.1,one-year,1,2,8.0,ads,A,0
42,137.75,379,2,0.0,month-to-month,0,5,8.0,organic,B,0
44,30.4,517,4,8.2,month-to-month,0,2,6.0,partner,C,0
13,36.2,394,3,10.0,one-year,1,1,8.0,partner,A,0
47,97.66,479,5,0.0,one-year,0,1,7.0,organic,B,0
35,67.44,324,2,2.1,month-to-month,0,1,5.0,ads,B,1
8,21.97,464,8,11.2,month-to-month,0,4,7.0,partner,B,1
27,51.95,490,9,6.8,month-to-month,0,3,6.0,ads,B,0
13,92.97,301,5,10.3,month-to-month,0,1,4.0,ads,A,0
50,127.91,321,2,0.0,one-year,0,3,5.0,ads,A,1
37,104.19,157,3,0.0,month-to-month,1,3,9.0,referral,A,0
5,20.71,485,6,3.9,month-to-month,1,2,4.0,partner,A,1
33,47.79,319,5,4.9,month-to-month,1,2,8.0,ads,B,0
1,38.73,387,8,10.7,month-to-month,0,1,8.0,partner,B,1
35,79.5,396,7,6.7,month-to-month,1,5,8.0,organic,A,0
18,60.11,483,5,8.1,month-to-month,0,2,9.0,ads,B,1
60,92.33,345,0,0.0,one-year,1,6,9.0,referral,B,0
25,45.55,398,6,3.1,month-to-month,0,2,6.0,partner,C,1
50,110.88,578,3,0.0,month-to-month,1,5,7.0,partner,A,0
52,74.24,625,2,4.0,two-year,0,5,8.0,partner,B,0
50,66.38,492,2,7.2,one-year,1,3,10.0,partner,C,0
40,109.22,580,2,6.6,two-year,1,4,8.0,ads,A,0
39,110.57,464,0,12.6,month-to-month,1,4,9.0,referral,C,0
1,32.97,394,1,6.7,two-year,0,3,9.0,ads,A,0
39,134.61,511,5,5.6,one-year,0,3,8.0,ads,A,0
46,106.99,348,1,0.0,one-year,0,5,6.0,referral,C,0
34,63.72,294,0,0.0,one-year,1,3,9.0,organic,C,0
33,84.32,308,7,6.1,month-to-month,1,4,5.0,ads,A,0
38,44.11,283,3,7.5,one-year,0,3,6.0,organic,A,0
26,40.33,450,3,12.2,one-year,0,3,3.0,organic,B,0
12,136.78,431,1,8.7,month-to-month,0,3,6.0,organic,A,0
38,94.35,114,4,3.3,month-to-month,1,2,7.0,ads,C,0
31,106.55,387,2,0.0,two-year,0,5,5.0,ads,B,0
21,127.66,532,4,7.5,month-to-month,0,3,4.0,ads,C,1
54,124.14,621,3,4.7,month-to-month,1,6,3.0,ads,B,0
38,34.7,550,7,2.0,one-year,1,4,5.0,ads,A,0
18,120.7,238,2,0.0,month-to-month,0,3,9.0,partner,B,0
1,64.06,449,2,12.9,month-to-month,0,1,4.0,ads,A,1
31,78.7,401,6,4.2,month-to-month,1,2,6.0,partner,B,0
51,22.82,593,1,2.1,month-to-month,0,4,5.0,organic,C,0
26,82.06,250,1,0.0,two-year,1,4,10.0,referral,A,0
37,58.76,470,3,16.8,one-year,1,1,6.0,partner,B,1
33,82.52,587,4,10.3,month-to-month,0,1,4.0,partner,A,1
72,133.68,173,2,0.0,month-to-month,1,5,9.0,ads,A,0
33,117.72,374,3,0.0,month-to-month,0,2,4.0,ads,C,0
29,74.99,277,3,1.0,month-to-month,0,2,5.0,ads,A,0
1,58.33,505,4,4.7,month-to-month,0,2,6.0,partner,B,1
65,53.7,457,3,11.3,month-to-month,0,3,5.0,ads,B,0
20,101.32,531,5,15.0,month-to-month,1,3,7.0,ads,B,1
1,66.47,316,4,9.7,one-year,0,1,4.0,partner,B,1
43,82.73,391,5,2.8,two-year,1,5,8.0,ads,B,0
72,57.17,386,1,0.0,month-to-month,1,2,8.0,ads,A,0
72,89.45,462,1,3.9,two-year,0,5,8.0,organic,C,0
24,23.44,456,5,6.5,month-to-month,1,3,6.0,partner,B,1
49,71.29,257,2,2.4,month-to-month,0,1,6.0,ads,B,0
37,126.31,441,3,1.4,month-to-month,0,5,8.0,ads,C,0
28,46.6,178,0,5.0,month-to-month,1,4,9.0,partner,C,0
66,74.78,491,3,7.2,month-to-month,1,5,4.0,referral,B,0
18,79.62,213,3,4.4,month-to-month,0,1,3.0,partner,A,1
60,146.12,502,3,6.7,two-year,1,2,9.0,ads,C,0
61,128.17,324,1,3.3,two-year,1,3,7.0,organic,B,0
63,87.23,490,0,0.0,one-year,1,4,9.0,ads,A,0
72,46.26,542,1,4.6,month-to-month,0,4,10.0,referral,B,0
72,92.37,293,2,7.0,month-to-month,0,5,8.0,referral,B,0
34,97.51,581,4,0.5,month-to-month,0,1,7.0,ads,A,0
41,81.2,284,3,0.0,one-year,1,3,7.0,referral,A,0
13,58.16,437,3,8.6,month-to-month,0,3,8.0,organic,C,0
59,125.22,315,3,6.4,month-to-month,1,3,6.0,ads,B,0
46,64.09,199,2,0.0,one-year,1,5,8.0,partner,C,0
61,71.98,453,2,2.6,one-year,1,4,6.0,referral,A,0
20,63.57,544,4,5.4,month-to-month,0,4,10.0,ads,B,0
53,137.96,366,1,9.7,month-to-month,1,2,6.0,partner,A,0
29,102.06,518,2,2.9,month-to-month,1,4,6.0,organic,C,0
24,28.24,282,3,2.6,month-to-month,1,1,8.0,partner,A,0
35,50.53,494,4,3.2,month-to-month,1,4,7.0,organic,B,0
32,111.48,34,3,3.7,one-year,0,5,5.0,referral,B,0
65,83.77,581,1,5.0,one-year,1,2,10.0,referral,A,0
48,88.33,346,3,3.7,month-to-month,0,4,7.0,ads,B,0
48,43.58,266,3,0.0,one-year,1,5,10.0,referral,B,0
43,129.5,346,4,2.3,two-year,1,4,9.0,referral,C,0
14,117.24,665,8,8.5,one-year,0,4,4.0,partner,B,1
32,85.53,479,1,4.3,month-to-month,0,4,7.0,referral,A,0
72,65.56,393,0,0.0,month-to-month,1,6,10.0,organic,A,0
37,96.67,761,3,5.2,two-year,0,4,6.0,organic,A,0
1,35.11,509,2,4.3,month-to-month,1,2,9.0,partner,A,0
20,80.04,464,4,0.0,month-to-month,1,3,8.0,organic,B,0
24,32.26,564,6,12.1,month-to-month,1,3,6.0,partner,B,0
54,140.32,580,4,5.2,month-to-month,0,2,4.0,referral,A,0
47,53.89,338,3,4.0,month-to-month,0,2,6.0,ads,B,0
5,69.47,280,5,11.7,one-year,0,2,5.0,partner,C,1
72,95.8,292,3,8.0,two-year,1,1,5.0,referral,A,0
46,50.31,428,1,0.3,month-to-month,1,2,10.0,referral,B,0
44,59.2,410,2,6.8,one-year,0,1,3.0,partner,A,0
37,137.11,339,4,0.0,month-to-month,1,5,8.0,referral,C,0
6,128.24,299,2,0.0,month-to-month,0,5,6.0,ads,A,0
27,45.6,581,4,6.1,one-year,1,3,9.0,ads,A,0
1,72.93,343,4,6.2,two-year,0,3,4.0,organic,A,0
72,80.69,273,1,5.3,one-year,0,4,4.0,organic,C,0
26,107.08,374,5,6.6,month-to-month,1,1,7.0,referral,B,0
33,117.21,304,3,3.0,one-year,0,4,7.0,organic,B,0
45,140.42,316,3,0.0,month-to-month,0,5,5.0,ads,C,1
45,89.86,418,1,5.8,two-year,1,2,6.0,organic,B,0
31,115.75,493,3,7.4,one-year,0,2,8.0,ads,A,0
43,132.04,809,1,4.8,month-to-month,1,3,4.0,organic,B,0
39,131.1,650,4,4.7,month-to-month,1,2,7.0,organic,C,0
11,135.14,252,5,10.8,month-to-month,1,2,4.0,partner,A,1
54,61.86,395,5,1.0,month-to-month,0,4,5.0,partner,A,1
32,105.39,482,5,3.3,two-year,0,1,3.0,ads,B,0
48,109.31,472,5,8.1,month-to-month,0,4,5.0,partner,A,1
54,50.0,341,3,6.8,month-to-month,0,2,6.0,organic,A,0
36,140.63,530,1,0.0,one-year,1,5,8.0,organic,B,0
30,111.44,298,1,0.4,two-year,1,6,10.0,organic,A,0
34,40.6,343,6,7.9,one-year,1,1,4.0,partner,C,0
33,33.29,376,0,1.9,two-year,1,2,6.0,organic,A,0
47,111.92,336,6,2.7,month-to-month,1,2,10.0,organic,A,0
17,90.73,608,2,4.2,month-to-month,0,3,8.0,ads,A,0
18,120.14,480,2,5.3,month-to-month,1,2,6.0,partner,C,0
41,61.35,486,9,4.8,month-to-month,0,4,2.0,ads,A,1
34,56.14,346,5,0.0,month-to-month,1,2,10.0,referral,C,0
5,49.31,759,4,10.2,month-to-month,1,1,4.0,organic,B,1
55,28.21,252,2,8.6,one-year,1,5,6.0,referral,B,0
17,46.93,534,2,3.7,month-to-month,0,3,8.0,partner,A,0
34,102.63,674,1,7.5,one-year,1,6,8.0,organic,B,0
41,56.73,475,3,9.3,two-year,0,4,4.0,referral,A,0
46,61.21,446,3,4.5,month-to-month,0,3,6.0,ads,B,1
63,46.15,378,5,4.4,one-year,1,4,6.0,ads,B,0
29,82.56,503,4,5.0,month-to-month,0,1,2.0,referral,C,1
49,88.74,415,3,1.0,one-year,0,5,5.0,organic,B,0
35,146.73,635,4,0.0,two-year,1,4,6.0,organic,C,0
8,83.71,346,6,9.2,month-to-month,0,1,2.0,ads,A,1
63,111.24,326,3,4.5,month-to-month,1,3,9.0,ads,B,0
35,86.68,296,2,0.0,month-to-month,1,3,6.0,organic,A,1
28,136.86,625,3,15.1,month-to-month,1,4,6.0,organic,A,0
35,63.2,486,0,8.9,one-year,0,2,4.0,partner,A,0
19,109.66,604,4,0.0,month-to-month,0,3,8.0,organic,A,0
49,59.76,380,2,3.6,month-to-month,0,2,4.0,organic,B,1
48,126.02,236,3,0.0,month-to-month,1,1,3.0,ads,B,1
23,59.03,557,2,0.0,one-year,0,2,10.0,referral,B,0
53,43.88,537,3,3.4,month-to-month,1,3,7.0,organic,A,0
9,140.61,331,3,6.9,month-to-month,1,2,8.0,organic,C,0
60,136.67,293,3,0.0,one-year,0,4,8.0,ads,B,0
30,105.34,331,4,0.4,one-year,0,3,10.0,partner,C,0
35,51.36,391,1,5.9,one-year,1,2,9.0,referral,A,0
55,60.73,435,2,3.7,one-year,0,3,8.0,organic,B,0
61,113.42,483,0,0.4,one-year,1,2,10.0,ads,C,0
60,38.68,368,2,6.4,two-year,1,4,10.0,organic,A,0
16,66.2,688,4,2.9,month-to-month,1,1,7.0,referral,B,0
72,149.08,685,0,0.0,two-year,1,4,7.0,ads,B,0
46,104.7,459,2,2.9,month-to-month,1,4,8.0,organic,A,0
57,31.7,464,0,0.7,month-to-month,0,4,3.0,referral,B,1
45,129.98,342,5,1.7,month-to-month,0,2,8.0,partner,B,0
55,23.23,575,1,2.3,two-year,1,5,10.0,referral,A,0
7,146.35,448,6,9.8,one-year,1,1,7.0,ads,A,0
46,146.44,240,1,0.0,month-to-month,1,4,10.0,organic,B,0
66,62.76,343,3,6.3,one-year,1,2,7.0,referral,B,0
40,91.6,429,2,6.6,month-to-month,1,1,4.0,ads,C,0
31,31.77,565,1,0.4,month-to-month,0,5,5.0,referral,C,0
1,61.87,110,8,9.0,month-to-month,0,1,6.0,organic,B,0
40,104.06,468,0,0.0,month-to-month,0,4,7.0,referral,B,0
42,93.05,419,0,0.7,one-year,1,4,8.0,referral,B,0
25,24.05,354,4,13.4,one-year,1,4,6.0,referral,A,0
45,49.31,364,2,0.0,month-to-month,1,2,4.0,organic,C,1
72,146.54,552,2,0.6,one-year,1,2,6.0,organic,A,0
45,120.54,419,6,9.4,month-to-month,0,1,6.0,ads,B,0
30,116.27,102,3,9.5,month-to-month,0,1,4.0,ads,A,1
27,77.49,412,0,5.7,two-year,1,3,9.0,ads,C,1
54,39.65,492,0,2.0,two-year,1,4,10.0,partner,A,0
71,121.71,333,2,6.7,one-year,0,4,7.0,organic,A,0
54,39.89,193,4,5.1,one-year,1,4,9.0,ads,C,0
58,136.47,575,2,3.9,month-to-month,1,2,9.0,referral,A,0
32,27.38,359,4,4.8,month-to-month,0,3,5.0,partner,B,1
36,114.84,449,7,8.0,one-year,1,2,4.0,ads,B,0
15,66.05,168,1,0.0,month-to-month,1,4,9.0,referral,C,0
53,94.16,574,1,0.0,two-year,1,1,9.0,organic,B,0
42,33.83,257,2,9.7,one-year,1,3,9.0,organic,A,0
45,27.49,593,6,4.4,month-to-month,0,3,5.0,ads,C,1
61,134.42,336,0,2.4,two-year,1,4,9.0,referral,C,0
5,146.25,472,3,7.7,one-year,0,3,5.0,ads,B,0
38,124.34,531,2,1.4,month-to-month,1,4,4.0,ads,B,0
28,91.19,257,1,0.0,month-to-month,1,3,10.0,organic,C,0
36,86.83,495,0,0.9,month-to-month,1,5,10.0,referral,A,0
34,142.47,508,3,3.0,two-year,1,4,6.0,referral,B,0
49,43.43,182,5,1.3,two-year,0,2,9.0,referral,C,0
60,130.21,359,2,0.0,one-year,1,1,4.0,ads,A,0
44,144.4,234,4,7.1,month-to-month,0,3,8.0,ads,B,0
52,90.9,145,1,0.0,two-year,0,5,6.0,referral,C,0
13,45.53,390,5,13.0,month-to-month,0,3,3.0,partner,B,1
34,77.4,380,2,9.4,month-to-month,0,3,3.0,referral,B,1
49,95.49,329,5,0.0,one-year,1,2,5.0,partner,A,0
1,53.55,306,6,8.1,month-to-month,0,3,6.0,ads,A,0
42,138.85,207,1,1.3,two-year,1,2,6.0,referral,B,0
18,92.39,420,4,5.4,month-to-month,1,3,5.0,ads,A,1
72,51.06,499,0,2.6,two-year,1,5,10.0,organic,A,0
53,61.54,466,4,0.0,month-to-month,1,4,10.0,organic,A,0
31,104.01,203,3,4.5,month-to-month,1,1,8.0,ads,B,1
12,135.42,517,3,3.8,one-year,0,3,4.0,partner,B,1
50,65.5,555,6,0.0,month-to-month,0,3,10.0,organic,B,0
40,26.05,729,8,7.6,two-year,0,2,3.0,ads,C,1
47,39.39,325,1,9.9,one-year,0,3,6.0,partner,A,0
15,20.05,502,7,9.0,month-to-month,0,4,6.0,ads,B,1
11,119.17,628,1,7.9,one-year,0,3,8.0,referral,A,0
47,52.25,498,2,5.7,month-to-month,0,4,9.0,referral,C,1
33,119.12,816,2,0.0,month-to-month,0,2,7.0,referral,C,0
33,139.24,386,5,2.9,month-to-month,1,1,4.0,ads,A,0
14,51.21,360,6,3.4,month-to-month,1,4,10.0,ads,C,1
21,125.27,182,2,6.8,one-year,0,1,5.0,referral,B,0
66,70.74,413,3,4.5,month-to-month,1,3,7.0,partner,B,0
52,103.09,426,1,0.0,one-year,1,3,5.0,partner,B,0
38,119.16,459,6,0.0,one-year,0,4,8.0,referral,B,0
71,80.07,490,4,0.0,month-to-month,1,2,8.0,referral,B,0
1,42.66,397,5,2.1,two-year,0,1,4.0,ads,A,1
21,21.18,461,5,0.0,one-year,1,3,8.0,ads,C,0
28,21.19,385,1,6.5,month-to-month,0,3,7.0,organic,C,0
40,86.23,496,3,1.1,month-to-month,0,3,7.0,partner,C,0
47,131.44,245,1,0.0,two-year,0,4,6.0,organic,B,0
4,84.5,330,1,7.6,one-year,0,1,4.0,ads,C,0
45,53.85,463,4,1.8,one-year,1,4,6.0,organic,A,0
27,38.11,515,2,0.0,two-year,0,1,6.0,partner,A,0
51,62.81,402,7,0.0,month-to-month,1,1,6.0,organic,A,1
18,136.16,375,9,6.9,month-to-month,0,3,8.0,organic,B,1
33,82.98,391,0,2.8,month-to-month,0,3,8.0,ads,C,0
34,36.11,307,3,0.0,month-to-month,1,1,5.0,referral,A,0
62,50.94,390,0,7.2,two-year,1,6,10.0,partner,B,0
20,149.48,557,4,3.1,month-to-month,0,1,8.0,ads,C,1
21,89.63,406,6,9.7,month-to-month,1,2,4.0,ads,A,1
31,33.03,384,4,6.7,two-year,0,3,6.0,ads,B,0
38,65.54,396,2,5.9,one-year,1,2,7.0,ads,A,0
45,25.37,656,1,5.1,month-to-month,0,3,4.0,partner,B,0
30,24.52,533,6,0.8,one-year,1,2,5.0,ads,B,1
14,125.21,532,2,16.9,month-to-month,0,2,6.0,organic,A,1
25,24.72,490,2,2.3,one-year,0,4,5.0,ads,C,1
39,126.22,493,3,6.8,month-to-month,1,3,8.0,partner,B,0
47,21.81,533,2,0.0,one-year,1,4,10.0,organic,C,0
27,106.68,647,5,1.3,month-to-month,0,2,8.0,ads,B,1
31,124.78,446,6,10.7,one-year,1,3,9.0,ads,B,0
2,54.36,448,1,13.0,one-year,0,3,5.0,ads,A,0
46,59.26,600,2,5.9,one-year,1,1,7.0,partner,A,0
29,143.04,440,2,9.8,month-to-month,0,1,6.0,partner,C,1
58,52.86,554,0,0.0,two-year,1,3,7.0,referral,B,0
15,38.68,375,8,12.0,month-to-month,0,3,5.0,ads,A,1
6,45.84,241,2,7.7,one-year,1,4,3.0,referral,B,0
34,37.76,252,1,4.9,month-to-month,1,5,7.0,organic,C,0
35,28.28,644,3,10.0,month-to-month,0,3,4.0,ads,A,1
72,121.76,789,0,0.0,two-year,1,4,9.0,ads,B,0
9,47.22,427,3,2.2,month-to-month,0,3,8.0,organic,C,0
25,115.63,350,2,12.9,one-year,1,1,5.0,referral,B,0
43,23.13,466,5,0.0,month-to-month,0,4,8.0,ads,A,0
5,47.28,334,4,11.9,one-year,0,1,3.0,ads,C,1
36,44.33,680,1,2.3,month-to-month,0,2,8.0,ads,A,0
17,34.97,321,4,6.9,one-year,0,1,5.0,ads,B,1
36,117.22,250,0,0.0,two-year,1,3,4.0,partner,C,0
23,112.24,438,5,14.7,one-year,1,2,6.0,ads,B,0
24,127.46,510,4,0.0,month-to-month,1,2,2.0,referral,C,1
39,103.88,415,7,5.4,one-year,0,1,3.0,referral,A,1
46,91.69,604,1,0.0,two-year,1,6,8.0,organic,A,0
19,144.26,431,2,9.3,two-year,0,2,4.0,ads,A,1
72,75.11,372,1,0.0,month-to-month,1,4,8.0,partner,A,0
60,115.14,766,2,0.0,two-year,1,4,6.0,ads,C,0
14,45.54,473,0,0.0,one-year,1,3,5.0,partner,B,0
29,123.54,335,2,0.0,month-to-month,1,2,10.0,ads,B,0
44,113.21,283,1,3.1,one-year,0,3,6.0,organic,A,0
18,61.31,273,9,16.9,month-to-month,0,2,1.0,organic,A,1
10,145.01,36,3,4.0,month-to-month,1,2,5.0,ads,A,0
64,134.08,584,2,2.8,month-to-month,1,4,6.0,referral,A,0
48,121.63,403,2,8.6,two-year,1,1,5.0,referral,B,0
26,85.74,518,4,5.5,month-to-month,0,2,6.0,ads,A,0
56,92.74,448,2,8.6,month-to-month,0,4,6.0,ads,B,0
63,129.76,107,1,6.5,one-year,1,5,7.0,ads,A,0
58,99.7,389,1,0.0,month-to-month,0,2,9.0,ads,B,0
59,85.68,400,2,8.7,month-to-month,1,3,8.0,ads,B,0
64,62.58,606,3,0.0,two-year,1,6,9.0,organic,A,0
19,85.64,544,5,2.0,month-to-month,0,6,2.0,partner,A,1
25,21.42,398,7,13.6,month-to-month,0,2,2.0,partner,A,1
15,133.6,415,2,8.1,one-year,1,1,5.0,partner,A,1
62,105.32,322,0,0.0,month-to-month,0,6,8.0,ads,C,0
40,113.83,302,0,13.8,month-to-month,0,4,6.0,organic,A,0
12,82.39,322,2,3.4,month-to-month,0,5,4.0,organic,B,1
31,145.87,393,1,9.3,two-year,1,5,4.0,organic,C,0
63,112.42,435,2,0.0,one-year,1,2,10.0,referral,B,0
49,148.33,384,0,1.0,one-year,1,5,9.0,referral,B,0
67,148.74,464,0,0.0,two-year,1,5,10.0,referral,A,1
46,85.21,363,4,4.8,one-year,0,4,6.0,referral,C,0
39,133.66,510,5,0.0,two-year,1,3,7.0,ads,C,0
21,87.06,676,3,9.7,month-to-month,0,4,4.0,ads,C,1
72,47.68,583,2,0.0,one-year,1,4,7.0,referral,B,0
29,24.22,286,8,5.7,month-to-month,1,2,2.0,ads,B,1
42,66.5,345,2,5.7,two-year,0,4,8.0,referral,C,0
8,112.44,584,4,9.4,one-year,0,2,5.0,organic,B,1
39,46.46,208,6,2.7,one-year,1,3,7.0,referral,A,0
31,96.66,382,3,7.4,month-to-month,0,1,7.0,organic,C,0
48,73.55,426,5,5.9,month-to-month,0,2,4.0,organic,B,1
30,121.31,384,3,2.2,month-to-month,0,1,8.0,partner,C,0
2,133.1,391,4,2.4,month-to-month,1,2,7.0,referral,A,0
20,88.63,462,1,0.0,month-to-month,0,2,9.0,referral,B,0
34,97.42,427,1,7.3,month-to-month,0,1,9.0,organic,C,0
30,31.06,314,5,2.1,month-to-month,0,3,10.0,referral,B,0
57,114.15,647,0,1.2,two-year,0,5,10.0,ads,B,0
32,26.71,419,8,2.0,month-to-month,0,1,7.0,partner,B,1
25,88.32,468,3,5.5,one-year,1,3,7.0,partner,A,0
32,38.64,380,5,4.3,month-to-month,1,4,5.0,partner,B,0
37,64.84,425,0,1.8,month-to-month,1,2,7.0,organic,B,0
38,87.72,322,2,9.3,two-year,1,2,8.0,organic,A,0
21,124.81,258,3,9.9,month-to-month,0,5,4.0,partner,B,1
36,20.16,508,5,2.3,month-to-month,1,4,8.0,ads,A,0
18,49.54,301,5,0.9,month-to-month,0,3,5.0,partner,B,0
41,107.85,382,1,0.0,two-year,1,3,6.0,ads,C,0
55,49.05,652,0,6.5,month-to-month,0,3,7.0,organic,B,1
30,34.6,587,2,4.7,one-year,0,1,8.0,referral,A,0
41,95.89,320,5,1.5,month-to-month,1,2,5.0,referral,C,0
48,45.11,476,3,5.8,two-year,0,4,5.0,ads,B,0
55,43.27,234,5,0.5,two-year,1,3,8.0,organic,B,0
59,86.73,587,1,5.4,one-year,0,6,9.0,referral,C,0
33,90.78,431,2,3.6,month-to-month,0,2,5.0,organic,A,1
54,88.19,572,0,4.3,month-to-month,1,1,8.0,ads,C,0
12,129.02,456,5,13.0,month-to-month,0,3,2.0,partner,B,1
44,28.88,366,1,0.8,one-year,0,4,4.0,ads,B,0
45,37.05,384,4,1.1,month-to-month,1,2,5.0,ads,C,1
20,57.83,370,2,5.0,month-to-month,0,4,6.0,referral,A,0
38,74.25,478,3,7.4,month-to-month,1,2,5.0,organic,A,0
29,29.08,320,1,3.6,month-to-month,0,4,5.0,ads,C,1
38,42.19,421,2,0.0,month-to-month,1,4,8.0,organic,C,0
27,111.59,435,1,0.5,month-to-month,0,3,7.0,organic,B,0
12,78.9,214,5,14.5,month-to-month,0,3,3.0,partner,B,1
25,141.68,276,8,18.7,month-to-month,0,3,2.0,ads,C,1
42,64.59,202,2,7.0,month-to-month,1,6,4.0,organic,B,0
47,145.03,382,6,6.9,month-to-month,1,3,4.0,organic,A,0
12,95.16,408,5,13.7,month-to-month,0,1,3.0,partner,A,1
49,52.42,515,2,8.3,one-year,1,2,4.0,ads,B,0
27,22.24,306,4,8.5,month-to-month,1,4,5.0,organic,B,0
36,144.78,247,1,2.5,one-year,1,3,8.0,organic,C,0
51,108.37,350,2,6.6,two-year,0,2,8.0,ads,A,0
33,100.97,470,3,3.4,two-year,0,3,9.0,referral,B,0
27,59.2,643,4,2.0,month-to-month,1,5,7.0,ads,A,1
1,84.75,433,2,12.5,month-to-month,0,1,6.0,organic,A,1
54,20.76,285,3,2.9,month-to-month,1,1,4.0,referral,C,1
14,90.64,473,2,0.0,one-year,1,5,10.0,referral,A,0
31,52.54,434,3,7.2,month-to-month,0,4,8.0,referral,A,0
72,101.78,424,1,0.0,one-year,0,3,10.0,organic,A,0
22,23.0,246,4,11.0,one-year,0,1,2.0,ads,C,1
47,142.6,472,1,3.5,month-to-month,1,5,8.0,organic,A,0
31,121.85,359,5,7.8,month-to-month,0,3,7.0,ads,C,0
26,146.83,358,4,1.4,one-year,0,3,8.0,partner,A,1
27,47.95,537,3,0.0,one-year,0,3,8.0,ads,A,0
35,56.42,496,2,0.0,one-year,0,5,5.0,organic,B,0
22,56.69,272,8,10.8,two-year,1,2,4.0,referral,B,0
36,29.35,615,3,2.9,two-year,1,2,7.0,referral,B,0
1,118.29,556,3,7.1,month-to-month,0,2,6.0,organic,B,1
62,57.85,310,3,0.0,month-to-month,1,3,8.0,organic,B,0
39,77.47,136,1,5.5,month-to-month,0,1,8.0,partner,A,0
34,89.88,466,4,11.0,month-to-month,0,2,5.0,ads,C,1
50,103.73,455,1,2.1,one-year,1,3,6.0,organic,C,0
39,86.61,299,1,0.6,month-to-month,1,3,10.0,referral,B,0
24,33.73,657,6,16.2,one-year,1,2,8.0,organic,C,1
12,92.74,406,2,10.2,one-year,1,3,5.0,referral,B,0
72,26.99,415,4,0.0,month-to-month,1,4,3.0,ads,A,1
43,51.9,464,5,0.0,month-to-month,1,6,7.0,partner,B,0
60,120.78,579,3,9.2,one-year,0,4,10.0,referral,A,0
40,66.04,458,1,2.0,one-year,1,4,9.0,organic,B,0
49,126.76,430,3,4.7,one-year,1,2,6.0,partner,B,0
72,62.25,232,3,4.1,month-to-month,1,3,9.0,partner,A,0
36,28.38,417,3,2.4,one-year,1,5,8.0,referral,B,0
36,65.82,595,1,0.0,month-to-month,0,5,9.0,ads,B,0
25,95.18,333,5,9.1,month-to-month,0,4,8.0,ads,B,0
12,90.11,437,2,1.4,one-year,1,3,6.0,referral,A,0
33,130.58,19,4,8.0,one-year,0,3,5.0,ads,A,0
48,109.82,605,4,2.0,month-to-month,0,4,8.0,organic,B,0
37,76.9,406,1,6.6,two-year,0,3,7.0,partner,B,0
35,119.32,399,2,4.5,month-to-month,1,1,5.0,ads,C,0
43,40.93,488,7,0.0,month-to-month,0,3,4.0,organic,B,0
48,86.06,459,4,9.3,month-to-month,1,1,5.0,referral,B,0
30,45.53,474,0,0.0,two-year,1,5,9.0,referral,C,0
49,109.69,269,4,6.4,month-to-month,1,3,9.0,organic,B,1
72,61.89,592,4,3.2,one-year,1,4,7.0,referral,A,0
11,122.97,571,6,7.9,month-to-month,0,3,6.0,organic,C,1
24,51.47,464,6,4.7,one-year,0,4,4.0,organic,C,0
72,137.91,622,1,0.0,month-to-month,1,4,10.0,ads,A,0
63,95.49,424,4,1.4,one-year,1,5,10.0,partner,B,0
46,93.79,359,3,0.0,two-year,1,5,8.0,organic,A,0
32,149.04,456,2,8.1,month-to-month,1,2,6.0,partner,C,0
33,46.67,576,4,3.3,two-year,0,1,7.0,referral,A,0
5,51.12,366,4,0.4,month-to-month,0,3,4.0,ads,A,1
30,130.22,357,1,12.7,month-to-month,1,3,7.0,partner,A,0
44,107.87,283,2,2.1,month-to-month,0,2,9.0,organic,A,0
32,105.41,419,4,6.7,month-to-month,1,3,5.0,ads,C,1
32,131.13,447,2,0.0,month-to-month,1,3,10.0,ads,A,0
15,141.51,286,5,5.9,month-to-month,1,4,7.0,ads,B,0
39,96.45,161,4,6.0,month-to-month,1,3,6.0,referral,B,1
48,52.62,372,0,1.6,month-to-month,1,3,9.0,ads,B,0
38,54.87,454,2,6.2,month-to-month,1,3,6.0,organic,B,0
1,133.9,642,4,8.7,one-year,0,1,2.0,ads,B,1
45,39.17,522,2,0.0,month-to-month,0,4,6.0,partner,C,0
14,74.35,731,5,5.4,month-to-month,0,1,4.0,ads,B,1
72,40.85,357,3,8.8,one-year,1,5,9.0,referral,A,0
45,108.97,481,1,4.8,one-year,1,5,6.0,ads,B,0
52,106.5,406,2,2.5,month-to-month,0,4,8.0,ads,C,0
43,136.83,745,2,6.2,two-year,1,3,6.0,organic,B,0
32,70.79,499,5,3.2,month-to-month,0,1,3.0,partner,A,1
61,49.88,115,2,0.0,one-year,0,6,10.0,referral,B,0
46,67.33,340,3,0.0,month-to-month,0,5,6.0,organic,A,0
26,110.64,225,2,12.2,month-to-month,1,4,3.0,referral,B,1
40,32.52,590,3,4.1,month-to-month,0,6,6.0,organic,B,0
27,30.86,315,4,4.1,month-to-month,0,4,8.0,organic,C,0
36,143.12,475,3,3.7,month-to-month,0,4,2.0,ads,B,0
27,31.19,400,4,7.0,one-year,0,3,4.0,referral,B,0
34,145.18,368,2,1.1,month-to-month,1,3,3.0,ads,A,0
23,114.26,295,3,6.5,one-year,0,4,4.0,organic,A,0
52,82.76,356,2,0.0,two-year,1,2,8.0,organic,B,0
30,28.13,427,2,4.5,month-to-month,0,4,5.0,organic,C,1
40,75.76,378,5,6.2,month-to-month,1,1,10.0,organic,B,0
70,136.61,487,7,12.7,one-year,1,1,4.0,ads,C,1
19,102.54,194,8,3.2,month-to-month,0,2,4.0,organic,A,1
49,63.12,231,4,5.6,month-to-month,0,5,8.0,referral,B,1
20,83.28,518,5,12.4,month-to-month,0,2,2.0,ads,B,1
31,99.08,286,1,3.3,month-to-month,0,3,7.0,ads,A,0
39,51.21,217,3,5.7,one-year,0,1,4.0,ads,A,0
55,117.54,457,2,0.0,month-to-month,1,6,10.0,referral,B,0
63,105.89,397,2,0.0,month-to-month,1,4,8.0,referral,A,0
32,105.0,531,8,6.8,two-year,0,3,3.0,referral,A,0
37,119.54,79,0,0.0,month-to-month,0,6,10.0,referral,B,0
31,115.69,194,2,0.0,month-to-month,0,1,9.0,organic,C,1
26,88.14,487,3,3.7,one-year,0,5,7.0,referral,B,0
46,132.04,490,6,4.7,month-to-month,1,1,5.0,ads,C,1
21,84.13,521,6,6.6,month-to-month,0,2,10.0,organic,B,0
46,63.37,499,2,7.5,two-year,1,5,10.0,referral,A,0
23,57.13,428,2,2.0,one-year,0,4,7.0,referral,A,1
72,35.86,342,4,1.9,month-to-month,1,4,6.0,ads,B,0
1,116.2,176,5,7.4,month-to-month,0,2,4.0,organic,C,1
25,24.29,672,1,5.7,month-to-month,0,4,2.0,organic,C,0
52,124.92,293,4,1.4,two-year,1,4,6.0,partner,A,0
53,130.83,572,1,2.0,one-year,1,5,10.0,referral,B,0
35,101.38,341,5,4.5,month-to-month,0,2,4.0,partner,A,1
60,52.67,389,0,0.0,month-to-month,0,5,8.0,referral,B,0
72,46.11,313,0,6.4,two-year,1,6,10.0,organic,C,0
57,29.53,429,3,7.7,two-year,1,6,6.0,partner,A,0
40,137.15,484,1,0.0,month-to-month,0,2,6.0,ads,B,0
37,84.8,196,4,5.9,two-year,0,2,4.0,organic,B,0
20,69.58,486,4,6.6,month-to-month,0,1,3.0,organic,B,0
23,148.95,634,2,4.3,one-year,0,2,8.0,referral,A,0
58,30.38,487,2,0.0,month-to-month,1,6,7.0,referral,C,0
41,121.88,524,4,0.3,month-to-month,0,5,3.0,partner,A,0
27,132.27,397,2,2.8,one-year,1,3,7.0,referral,B,0
32,123.67,352,2,3.0,two-year,1,2,5.0,referral,A,0
11,133.03,452,7,7.5,month-to-month,0,2,2.0,partner,A,0
25,59.81,278,0,5.8,month-to-month,0,3,7.0,partner,B,0
32,143.83,384,2,7.6,one-year,1,1,7.0,organic,C,0
72,134.38,202,2,1.9,month-to-month,1,4,9.0,referral,A,0
31,104.57,271,2,0.0,month-to-month,1,4,8.0,ads,B,1
7,138.06,573,5,4.5,month-to-month,0,1,4.0,partner,C,1
60,127.86,97,3,3.1,one-year,0,3,8.0,ads,B,0
10,126.38,517,8,13.5,month-to-month,0,3,3.0,partner,B,1
30,31.66,681,2,0.0,one-year,0,4,10.0,organic,A,0
23,88.38,452,1,6.0,month-to-month,0,2,6.0,referral,B,0
30,64.65,295,1,0.0,two-year,1,3,6.0,referral,C,0
72,43.99,500,2,0.0,month-to-month,1,6,8.0,referral,A,0
34,100.52,233,6,17.1,month-to-month,0,4,6.0,ads,A,1
36,105.37,316,5,9.3,month-to-month,1,1,4.0,ads,C,1
41,63.13,247,7,1.7,month-to-month,0,4,4.0,partner,B,1
63,96.33,248,1,0.0,two-year,1,3,7.0,referral,B,0
7,125.63,534,6,14.3,month-to-month,0,3,6.0,ads,B,1
1,112.31,396,6,8.7,month-to-month,0,2,1.0,ads,C,1
16,58.23,500,6,1.6,month-to-month,1,1,5.0,ads,A,1
39,149.81,450,2,0.0,month-to-month,0,4,9.0,ads,A,0
61,133.54,220,1,0.9,month-to-month,1,5,8.0,referral,A,1
32,119.52,382,8,7.9,one-year,0,3,6.0,ads,A,0
51,147.9,296,0,4.0,month-to-month,1,3,8.0,ads,A,0
33,129.13,358,3,0.0,month-to-month,1,5,10.0,referral,B,0
21,119.98,409,4,18.8,one-year,0,2,3.0,partner,A,1
13,130.34,380,0,3.2,month-to-month,0,3,6.0,referral,A,0
40,33.2,447,4,3.5,two-year,1,4,8.0,referral,A,0
52,95.26,437,2,0.0,month-to-month,0,4,9.0,organic,A,0
27,60.06,290,2,7.8,one-year,0,2,6.0,organic,C,0
45,82.93,434,1,8.3,month-to-month,1,4,6.0,organic,C,0
1,133.35,646,5,8.0,month-to-month,0,1,3.0,organic,A,1
3,61.53,349,2,0.0,one-year,1,2,8.0,partner,B,0
50,32.19,230,0,1.1,two-year,1,3,9.0,ads,C,0
50,27.67,388,6,14.5,one-year,0,3,6.0,partner,A,1
22,60.81,523,2,1.3,one-year,1,2,5.0,organic,B,0
60,52.85,505,3,12.8,one-year,1,3,7.0,ads,B,0
33,21.96,468,3,2.8,month-to-month,1,2,6.0,referral,B,0
18,64.46,626,2,0.0,month-to-month,1,3,9.0,referral,A,0
7,95.77,608,5,4.8,month-to-month,0,2,5.0,organic,B,1
34,78.6,567,4,0.0,month-to-month,0,3,8.0,organic,B,0
37,23.85,385,4,0.0,two-year,1,1,6.0,ads,C,0
18,40.6,785,3,5.1,month-to-month,1,4,6.0,ads,A,1
4,69.62,333,3,3.9,month-to-month,0,4,6.0,partner,C,0
26,125.93,536,1,7.7,two-year,0,2,10.0,partner,B,0
47,89.32,335,1,0.0,month-to-month,1,4,7.0,referral,B,0
11,93.61,520,5,4.2,month-to-month,0,3,1.0,organic,A,1
42,81.77,496,2,1.1,one-year,1,2,5.0,organic,A,0
35,134.47,377,4,4.4,month-to-month,0,5,6.0,ads,B,0
57,120.67,149,3,2.6,two-year,0,4,4.0,ads,A,0
56,117.43,703,1,0.0,month-to-month,1,3,7.0,organic,A,0
18,146.47,629,2,9.2,month-to-month,0,1,4.0,partner,C,1
41,22.67,614,5,11.7,one-year,0,3,1.0,partner,A,1
18,94.36,231,7,0.0,month-to-month,1,3,5.0,referral,B,0
23,45.58,549,3,0.0,month-to-month,0,3,3.0,referral,C,1
54,149.13,401,3,0.0,two-year,0,3,6.0,referral,A,0
7,55.23,366,3,6.5,month-to-month,1,2,4.0,ads,B,1
23,35.31,313,3,0.0,month-to-month,0,3,4.0,ads,A,1
7,24.52,609,1,4.7,one-year,0,2,8.0,referral,B,0
50,104.38,462,3,9.0,month-to-month,0,2,7.0,organic,B,1
17,23.08,422,2,6.7,month-to-month,1,4,5.0,partner,A,1
64,24.75,468,5,13.4,one-year,1,1,6.0,organic,C,0
33,55.36,446,6,0.0,month-to-month,0,3,5.0,referral,C,1
43,113.72,551,3,0.0,month-to-month,1,4,4.0,referral,C,0
22,103.77,150,4,10.7,month-to-month,0,4,3.0,ads,C,1
21,63.43,368,1,10.7,month-to-month,1,2,1.0,ads,B,1
50,53.83,239,5,7.6,month-to-month,1,3,5.0,ads,A,0
67,134.57,452,0,0.0,one-year,0,3,10.0,referral,B,0
48,75.99,216,5,0.0,month-to-month,0,2,5.0,ads,B,0
33,41.29,260,6,7.2,one-year,1,4,2.0,ads,B,0
37,61.99,461,3,1.3,month-to-month,1,2,6.0,partner,B,0
1,64.67,382,4,13.1,one-year,0,1,2.0,partner,A,1
64,88.09,466,1,0.0,two-year,1,6,9.0,referral,A,0
55,102.24,264,1,2.5,one-year,0,3,7.0,organic,A,0
72,85.62,389,1,8.3,month-to-month,1,5,9.0,referral,C,0
32,39.25,413,3,2.0,one-year,1,1,5.0,organic,C,0
46,111.34,242,1,1.5,two-year,1,4,9.0,organic,B,0
20,28.98,329,1,0.0,two-year,1,3,5.0,referral,B,0
58,92.58,443,4,0.0,month-to-month,0,4,7.0,organic,C,0
12,73.22,372,5,6.2,month-to-month,1,3,9.0,referral,A,1
28,45.1,310,4,0.0,one-year,0,4,9.0,organic,B,0
47,114.68,450,2,3.9,one-year,0,3,8.0,referral,C,0
37,67.78,354,2,2.7,month-to-month,0,4,6.0,ads,B,0
13,83.41,457,10,6.0,one-year,0,1,4.0,ads,B,1
25,111.0,492,3,6.9,month-to-month,1,3,8.0,ads,A,0
1,127.95,498,3,2.2,one-year,0,4,5.0,ads,C,0
40,41.66,436,3,0.2,two-year,1,4,8.0,partner,C,0
2,71.17,396,4,2.2,month-to-month,0,2,5.0,ads,A,1
62,30.24,414,2,0.0,month-to-month,1,1,9.0,referral,B,0
4,28.54,592,4,2.8,month-to-month,0,2,5.0,partner,B,1
5,89.68,330,0,0.0,one-year,1,2,4.0,ads,A,0
2,97.21,597,4,11.5,month-to-month,0,1,3.0,ads,A,1
37,41.26,354,0,3.4,one-year,0,6,9.0,organic,A,0
53,39.61,482,0,1.1,two-year,1,3,8.0,referral,A,0
44,105.53,446,4,2.2,month-to-month,0,2,9.0,organic,A,1
31,128.48,508,4,12.1,month-to-month,1,2,7.0,organic,A,0
69,148.35,54,3,0.0,month-to-month,1,5,8.0,ads,B,0
47,56.91,493,2,0.0,month-to-month,1,4,10.0,ads,A,0
54,138.81,397,3,10.0,one-year,1,4,8.0,referral,B,0
45,115.36,502,1,5.9,one-year,0,5,1.0,referral,A,1
24,23.58,458,1,5.9,two-year,0,3,7.0,referral,B,0
50,57.96,540,5,9.0,month-to-month,1,4,5.0,ads,B,1
25,77.98,292,1,3.5,two-year,1,4,9.0,referral,A,0
70,64.18,183,2,0.0,two-year,1,3,8.0,partner,C,0
26,137.67,210,1,0.0,two-year,1,5,10.0,partner,A,0
36,140.22,354,3,8.9,one-year,0,3,6.0,referral,C,0
68,64.52,315,3,5.0,one-year,0,5,5.0,referral,C,0
17,71.89,487,3,8.8,month-to-month,0,2,4.0,referral,A,1
39,121.0,580,1,3.5,month-to-month,0,1,6.0,ads,B,0
51,40.57,514,2,0.0,month-to-month,1,1,8.0,organic,C,0
9,36.22,343,3,4.9,month-to-month,1,3,2.0,ads,C,0
49,116.75,407,6,4.6,month-to-month,0,2,5.0,ads,C,1
35,88.46,497,1,3.8,month-to-month,1,1,6.0,referral,C,0
28,43.84,597,6,2.5,month-to-month,0,3,6.0,organic,C,1
13,131.79,559,2,13.9,month-to-month,0,3,8.0,ads,B,0
27,74.2,559,5,8.7,month-to-month,0,3,6.0,organic,A,0
30,100.16,473,2,6.7,one-year,1,3,3.0,organic,B,0
28,147.92,566,2,9.5,one-year,0,4,8.0,organic,B,0
20,143.26,524,4,1.1,month-to-month,0,2,7.0,ads,C,1
39,34.21,218,2,3.7,month-to-month,0,3,4.0,organic,A,0
72,117.28,461,2,0.0,one-year,1,3,8.0,ads,A,0
15,120.0,309,2,3.6,month-to-month,1,1,7.0,ads,C,0
31,128.36,309,6,4.7,two-year,0,3,6.0,partner,A,0
51,138.51,440,2,1.4,one-year,0,2,7.0,organic,B,0
41,122.23,419,3,3.6,month-to-month,0,5,6.0,partner,C,1
33,85.61,390,4,2.0,one-year,1,3,5.0,partner,C,0
41,82.9,254,1,0.0,one-year,1,2,3.0,referral,C,0
20,120.07,399,1,3.4,one-year,0,2,7.0,partner,B,0
56,92.77,265,2,1.7,one-year,1,4,7.0,ads,A,0
33,25.41,460,3,0.0,month-to-month,0,4,7.0,partner,B,0
8,42.89,416,6,13.0,one-year,0,3,6.0,organic,B,1
28,36.16,501,5,1.8,one-year,0,2,8.0,ads,A,0
18,34.69,291,0,0.0,one-year,0,3,7.0,partner,B,0
5,72.85,574,7,11.3,month-to-month,0,4,4.0,partner,C,1
54,36.45,447,5,0.0,two-year,0,3,4.0,referral,A,0
42,77.07,860,2,0.1,one-year,0,3,5.0,ads,A,0
68,139.57,309,2,0.4,two-year,0,2,8.0,organic,B,0
39,73.24,633,5,0.8,month-to-month,0,5,9.0,ads,A,0
35,84.77,320,3,11.4,one-year,0,2,3.0,ads,B,1
46,31.12,555,1,0.0,one-year,1,1,4.0,ads,B,0
52,137.35,485,3,6.1,month-to-month,0,1,6.0,organic,A,0
55,124.74,226,5,8.0,two-year,1,2,2.0,organic,A,0
1,78.77,383,4,7.1,month-to-month,0,3,1.0,organic,A,1
9,88.02,544,2,7.3,month-to-month,0,3,10.0,ads,C,1
33,141.14,393,5,8.5,month-to-month,1,2,8.0,ads,B,1
33,75.14,549,2,10.2,month-to-month,1,2,8.0,ads,A,0
27,35.85,493,4,3.5,month-to-month,0,3,8.0,ads,B,0
8,96.94,563,5,8.9,one-year,1,2,2.0,partner,A,1
30,63.0,487,6,10.4,month-to-month,0,4,4.0,organic,B,1
57,64.39,298,5,6.8,month-to-month,0,3,6.0,partner,A,1
19,138.44,429,2,3.1,one-year,0,1,4.0,partner,B,0
55,106.9,444,4,0.0,one-year,0,3,7.0,organic,A,0
30,113.19,421,6,6.2,two-year,0,5,8.0,ads,B,0
1,112.84,324,5,16.2,month-to-month,0,1,1.0,partner,C,1
43,101.43,389,3,6.5,month-to-month,0,5,5.0,organic,C,0
7,144.94,497,7,3.0,month-to-month,1,3,6.0,partner,A,0
17,51.26,426,6,7.9,month-to-month,0,3,2.0,organic,A,1
16,79.98,113,5,2.2,one-year,0,2,3.0,partner,C,0
51,107.89,589,1,6.0,month-to-month,1,4,5.0,referral,B,0
36,39.04,362,0,7.9,month-to-month,1,2,9.0,referral,A,0
46,52.15,208,5,5.2,month-to-month,1,2,6.0,partner,C,0
16,59.88,420,7,0.0,month-to-month,0,3,5.0,ads,B,1
34,68.86,340,3,3.1,one-year,1,3,6.0,ads,C,0
1,64.46,304,1,5.3,month-to-month,0,3,4.0,organic,B,1
59,27.14,443,2,4.0,one-year,1,3,7.0,ads,A,0
30,68.37,601,3,0.0,month-to-month,0,2,4.0,partner,A,0
3,43.92,480,5,11.2,month-to-month,0,2,5.0,ads,A,1
14,31.74,243,4,9.0,month-to-month,0,5,4.0,organic,B,1
30,53.64,386,3,0.0,two-year,1,1,6.0,ads,A,0
46,50.11,364,2,0.7,month-to-month,0,2,6.0,ads,A,0
3,38.15,489,4,4.0,month-to-month,0,3,6.0,organic,A,1
23,37.04,170,2,13.8,one-year,1,4,6.0,ads,C,0
70,113.49,496,3,1.0,month-to-month,1,4,7.0,organic,A,0
3,149.45,300,1,4.9,month-to-month,0,1,6.0,ads,B,0
47,24.96,346,0,0.1,one-year,0,5,8.0,referral,B,0
57,85.51,539,2,9.3,one-year,0,3,5.0,partner,A,0
36,41.18,464,1,0.0,month-to-month,0,3,4.0,ads,B,1
20,36.41,490,5,7.5,month-to-month,0,1,6.0,ads,C,1
38,39.91,546,4,4.1,month-to-month,1,3,4.0,ads,A,0
42,106.73,384,0,0.6,two-year,1,4,8.0,referral,B,0
62,35.24,291,2,0.0,one-year,1,3,7.0,ads,A,0
42,94.7,454,1,0.0,one-year,0,6,8.0,referral,A,0
13,49.45,528,4,6.2,month-to-month,1,6,7.0,referral,B,0
17,144.28,429,1,0.0,month-to-month,1,2,3.0,partner,B,0
18,85.02,592,1,11.3,two-year,0,1,3.0,referral,A,1
22,126.19,378,2,7.7,month-to-month,0,3,8.0,ads,C,0
48,142.75,393,1,2.7,one-year,1,3,8.0,ads,A,0
40,61.65,272,5,7.8,month-to-month,0,3,4.0,ads,B,1
57,21.56,297,1,6.0,one-year,1,4,8.0,referral,A,0
51,147.36,448,3,3.5,month-to-month,0,4,10.0,ads,B,1
58,42.73,254,0,3.7,two-year,1,3,10.0,organic,C,0
15,76.17,412,3,8.6,two-year,1,1,6.0,ads,B,1
12,76.39,415,5,6.3,month-to-month,1,2,7.0,referral,B,0
65,38.16,496,3,0.0,two-year,1,4,8.0,referral,B,0
41,82.07,545,5,4.3,month-to-month,1,4,3.0,ads,B,0
16,118.5,485,2,8.7,one-year,0,2,1.0,ads,C,1
5,72.41,702,6,9.7,month-to-month,0,3,2.0,partner,B,1
52,35.21,435,3,4.2,month-to-month,1,1,4.0,referral,A,0
12,94.92,646,3,6.7,month-to-month,0,2,6.0,ads,C,1
57,142.54,107,4,5.1,month-to-month,1,5,7.0,ads,C,0
60,30.21,466,2,5.2,month-to-month,0,2,7.0,ads,A,0
53,55.06,370,3,0.0,one-year,1,3,9.0,ads,A,0
52,141.65,465,2,7.0,one-year,0,3,5.0,referral,B,1
19,98.36,462,3,11.5,two-year,1,4,5.0,ads,B,0
61,85.25,529,3,0.0,month-to-month,1,2,5.0,organic,A,0
30,61.11,515,6,12.8,month-to-month,1,1,6.0,ads,A,0
37,95.53,443,4,6.9,month-to-month,0,3,4.0,partner,C,0
34,82.69,267,5,2.8,month-to-month,0,3,5.0,ads,C,1
53,95.51,498,3,4.8,two-year,0,2,10.0,referral,A,0
72,47.73,262,3,9.1,two-year,1,4,10.0,organic,C,0
40,86.79,307,1,1.0,month-to-month,1,3,7.0,organic,C,0
64,31.42,482,1,0.0,one-year,0,3,9.0,organic,B,0
15,76.52,444,5,0.0,month-to-month,0,1,3.0,ads,A,1
68,40.85,293,2,0.0,two-year,1,4,10.0,organic,C,0
68,47.52,250,0,0.1,two-year,1,6,8.0,ads,A,0
50,90.51,436,3,9.1,one-year,1,4,8.0,organic,C,0
72,130.57,392,2,6.1,two-year,0,3,8.0,ads,C,0
3,81.67,349,7,6.3,two-year,1,1,6.0,partner,A,0
22,112.83,505,1,8.8,month-to-month,0,3,6.0,ads,A,0
30,70.68,416,7,1.6,month-to-month,1,2,7.0,organic,B,0
58,20.07,553,2,2.1,month-to-month,1,3,8.0,ads,A,0
26,124.07,497,7,6.6,one-year,1,2,4.0,ads,C,0
64,136.46,219,2,0.0,two-year,1,2,9.0,ads,A,0
43,60.31,183,1,0.0,month-to-month,1,4,9.0,organic,C,0
27,148.2,528,1,5.3,month-to-month,0,6,6.0,partner,C,0
44,29.02,567,2,7.5,month-to-month,1,3,5.0,ads,B,0
23,44.46,497,7,6.4,one-year,0,2,5.0,ads,A,1
34,109.25,311,5,6.2,month-to-month,1,3,7.0,ads,B,0
51,107.96,607,0,0.0,month-to-month,1,4,10.0,referral,B,0
40,141.52,489,0,2.8,two-year,0,2,4.0,organic,C,0
34,125.36,554,4,3.1,one-year,0,2,6.0,organic,A,0
31,45.18,511,2,4.9,month-to-month,1,2,7.0,ads,B,0
7,52.44,366,7,8.2,one-year,0,3,4.0,ads,A,1
20,33.3,428,5,3.4,month-to-month,0,2,7.0,ads,B,1
53,56.2,394,3,0.0,one-year,1,3,10.0,referral,A,0
33,86.62,679,5,5.1,month-to-month,0,4,3.0,ads,C,0
41,51.73,467,2,0.0,month-to-month,0,4,5.0,partner,A,0
72,111.68,493,2,2.1,month-to-month,1,4,9.0,referral,B,0
23,138.65,424,5,10.0,month-to-month,0,1,6.0,partner,B,1
30,45.26,257,2,2.9,one-year,0,1,7.0,referral,B,0
72,146.36,302,2,1.9,month-to-month,1,6,5.0,ads,B,0
42,142.37,413,2,3.0,one-year,1,6,5.0,organic,C,0
72,62.94,187,0,0.0,one-year,1,5,10.0,organic,B,0
25,90.64,342,2,9.2,one-year,1,2,3.0,ads,C,0
58,113.96,451,0,1.9,month-to-month,1,3,8.0,ads,A,0
42,128.99,392,8,7.7,one-year,0,1,8.0,ads,B,0
29,48.58,470,4,1.6,two-year,1,3,6.0,referral,B,0
47,103.57,516,0,8.2,month-to-month,1,1,6.0,referral,B,0
7,121.14,266,4,3.5,month-to-month,1,4,4.0,organic,B,1
36,66.11,433,5,10.2,one-year,1,4,8.0,ads,A,0
3,128.57,368,5,8.8,month-to-month,0,1,5.0,ads,A,1
49,103.79,311,2,0.0,one-year,1,4,5.0,organic,A,0
45,87.05,337,5,0.0,month-to-month,0,5,7.0,partner,A,0
51,41.24,485,1,5.6,month-to-month,1,3,9.0,referral,B,0
53,144.23,229,1,0.0,one-year,1,3,5.0,organic,A,0
31,39.86,311,3,3.5,month-to-month,1,3,7.0,partner,B,0
34,109.39,370,4,4.6,one-year,0,5,4.0,referral,A,0
39,25.18,493,2,4.7,month-to-month,0,3,4.0,ads,A,0
43,43.49,348,3,10.4,two-year,1,3,1.0,partner,B,0
33,110.73,317,3,2.3,month-to-month,0,6,10.0,organic,C,0
30,77.78,367,3,0.0,two-year,1,3,8.0,ads,A,0
22,141.62,604,4,0.0,month-to-month,0,1,5.0,organic,A,0
52,83.33,671,1,7.0,one-year,0,3,7.0,ads,A,0
43,60.93,446,2,5.7,two-year,0,3,3.0,ads,C,0
36,149.38,90,4,3.3,two-year,1,3,6.0,organic,B,0
49,41.68,533,1,1.0,month-to-month,0,4,10.0,ads,C,0
72,61.11,281,2,0.0,two-year,1,6,10.0,organic,A,0
32,135.25,475,6,9.9,month-to-month,0,1,4.0,organic,A,1
53,132.76,237,3,0.0,month-to-month,0,2,8.0,partner,A,0
54,100.93,272,7,10.1,month-to-month,0,4,8.0,ads,C,0
30,41.02,412,3,3.6,month-to-month,1,2,5.0,referral,A,0
31,88.32,472,3,0.0,month-to-month,0,2,4.0,organic,C,1
26,105.91,97,4,12.0,month-to-month,1,3,8.0,referral,B,0
48,65.12,297,0,5.3,two-year,1,2,5.0,ads,B,0
58,141.5,533,4,1.1,two-year,1,1,10.0,organic,A,0
31,52.73,315,2,12.3,month-to-month,1,2,4.0,partner,B,1
8,46.57,277,3,0.0,month-to-month,1,4,10.0,referral,A,0
30,71.02,366,4,0.0,month-to-month,1,5,8.0,ads,B,0
5,39.24,629,2,13.0,month-to-month,1,2,8.0,referral,C,0
40,95.85,531,3,5.8,one-year,0,2,9.0,organic,A,0
46,27.95,466,0,6.7,one-year,1,4,10.0,partner,C,0
30,27.33,400,1,9.9,month-to-month,1,1,4.0,ads,A,0
22,42.77,511,1,0.0,two-year,1,2,5.0,organic,A,0
20,36.43,517,4,11.7,month-to-month,0,3,3.0,ads,A,1
57,20.52,337,3,2.2,two-year,1,3,6.0,referral,A,0
1,96.78,316,2,13.4,one-year,0,1,5.0,ads,B,0
32,100.28,388,2,5.5,one-year,1,4,7.0,referral,A,0
32,140.49,542,3,10.1,one-year,0,4,8.0,referral,C,1
60,22.98,534,1,2.7,two-year,1,3,5.0,ads,A,0
54,30.0,373,5,0.1,one-year,0,2,2.0,ads,C,0
41,72.97,325,4,6.9,month-to-month,1,2,9.0,ads,C,1
42,65.11,528,0,0.0,one-year,1,6,9.0,referral,A,0
19,89.85,381,7,7.3,month-to-month,0,3,3.0,partner,A,1
45,51.21,555,3,0.0,month-to-month,1,3,10.0,referral,A,0
29,91.84,424,3,2.7,month-to-month,0,3,9.0,referral,C,1
1,133.45,493,5,8.7,month-to-month,0,1,3.0,partner,A,1
25,93.58,337,5,5.0,month-to-month,0,3,4.0,partner,B,1
47,116.38,613,1,0.0,month-to-month,1,4,7.0,referral,A,0
26,104.28,276,3,6.5,one-year,0,3,2.0,partner,B,1
1,130.46,508,1,8.6,month-to-month,0,4,6.0,partner,A,1
52,37.24,299,3,0.0,month-to-month,0,5,9.0,referral,A,0
4,37.6,597,2,0.2,two-year,1,2,8.0,referral,C,0
41,136.42,257,5,12.2,month-to-month,0,1,7.0,ads,A,0
46,127.9,658,6,2.3,two-year,1,3,8.0,referral,A,0
20,38.21,652,3,9.0,month-to-month,1,3,6.0,ads,B,0
58,36.37,535,0,0.0,month-to-month,0,6,4.0,organic,B,0
34,128.53,523,3,5.6,month-to-month,1,2,8.0,ads,B,0
43,145.95,512,1,7.0,two-year,0,4,9.0,organic,A,0
52,88.42,341,3,4.1,month-to-month,1,3,5.0,ads,B,1
11,82.38,359,0,0.0,one-year,0,6,9.0,partner,A,0
29,43.21,482,5,0.0,one-year,1,3,7.0,ads,A,0
21,24.19,596,4,16.6,month-to-month,1,4,6.0,ads,B,1
38,56.0,515,1,1.0,two-year,1,6,8.0,referral,B,0
72,144.01,200,2,0.0,month-to-month,1,5,10.0,referral,C,0
7,107.99,518,5,4.7,one-year,1,1,5.0,ads,C,0
22,35.1,355,3,6.7,month-to-month,1,2,3.0,ads,A,0
12,26.59,513,1,0.0,two-year,0,2,8.0,organic,C,0
58,116.78,344,3,1.8,month-to-month,0,2,7.0,ads,C,0
21,63.16,541,7,1.2,month-to-month,1,2,2.0,ads,C,0
43,147.4,513,1,6.4,month-to-month,1,6,10.0,ads,A,0
63,83.09,409,0,0.0,two-year,1,3,10.0,referral,C,0
48,63.43,279,1,0.0,one-year,0,3,4.0,referral,C,0
30,50.53,583,6,3.1,month-to-month,1,3,4.0,ads,A,0
57,117.2,447,3,6.1,month-to-month,0,3,3.0,ads,A,0
46,79.99,405,3,3.3,two-year,1,5,6.0,organic,B,0
42,113.13,445,1,0.0,month-to-month,1,2,9.0,referral,C,0
33,97.48,262,2,1.1,month-to-month,1,2,6.0,referral,B,0
30,142.51,509,4,1.5,month-to-month,0,2,8.0,referral,A,0
6,22.53,383,3,0.0,month-to-month,0,4,8.0,referral,A,0
23,102.44,423,3,3.6,month-to-month,0,3,6.0,referral,A,0
58,76.72,450,1,0.0,one-year,0,6,8.0,organic,A,0
38,121.97,198,5,0.0,month-to-month,1,1,10.0,partner,A,0
5,109.53,160,1,2.9,month-to-month,1,3,4.0,ads,C,0
72,68.89,203,1,0.0,month-to-month,1,5,8.0,referral,B,0
21,68.14,320,3,5.7,one-year,1,1,10.0,ads,A,0
22,23.71,389,8,0.0,one-year,1,4,9.0,referral,A,0
3,148.86,204,2,0.0,month-to-month,0,3,3.0,organic,C,1
1,117.31,243,2,12.1,month-to-month,1,1,4.0,organic,B,1
40,39.54,433,3,1.7,month-to-month,1,4,5.0,partner,C,0
37,92.49,267,1,8.2,month-to-month,0,2,10.0,partner,A,0
54,140.18,332,2,1.8,one-year,1,5,9.0,referral,A,0
62,38.89,570,1,0.7,two-year,0,5,8.0,referral,B,0
23,133.17,462,4,3.9,month-to-month,1,2,7.0,referral,A,0
35,113.59,209,6,2.5,one-year,0,3,3.0,organic,C,0
72,62.15,434,1,2.9,one-year,1,2,10.0,ads,B,0
18,44.15,473,3,13.4,one-year,0,3,4.0,ads,A,0
67,101.79,539,1,0.0,one-year,0,4,10.0,referral,A,0
29,76.44,500,5,2.4,two-year,0,2,6.0,organic,A,1
69,56.82,485,3,7.1,month-to-month,1,4,10.0,ads,A,0
21,128.87,427,3,2.3,two-year,1,5,3.0,organic,A,0
10,149.26,480,7,0.0,two-year,1,1,4.0,partner,A,1
24,88.97,539,1,0.1,month-to-month,0,5,5.0,organic,A,1
19,31.53,402,4,11.8,month-to-month,1,1,2.0,referral,A,1
33,37.55,324,3,4.6,one-year,1,5,8.0,referral,B,0
34,123.25,401,6,0.0,two-year,1,4,7.0,referral,B,0
40,142.17,366,3,7.1,month-to-month,1,3,4.0,referral,A,1
28,34.1,403,4,1.2,month-to-month,1,4,6.0,partner,A,0
25,41.88,163,4,0.0,one-year,1,2,8.0,ads,A,0
5,137.29,556,5,9.0,month-to-month,0,2,1.0,ads,C,1
30,84.74,449,2,2.6,one-year,1,3,5.0,referral,A,1
10,146.23,566,3,0.7,month-to-month,0,3,4.0,partner,A,1
1,71.36,291,5,2.4,one-year,0,3,5.0,partner,C,1
17,44.18,484,8,5.1,month-to-month,0,3,4.0,partner,B,1
6,35.0,394,5,8.6,month-to-month,0,1,5.0,ads,B,1
34,89.34,435,4,8.6,one-year,0,2,5.0,referral,B,0
6,98.92,499,4,0.4,month-to-month,1,2,7.0,ads,C,1
51,86.63,527,0,0.0,one-year,1,3,7.0,referral,A,0
57,98.72,354,5,3.7,one-year,0,4,6.0,partner,A,0
24,114.56,354,8,0.0,one-year,1,5,6.0,referral,B,0
37,96.77,462,4,3.7,month-to-month,0,6,10.0,referral,A,0
19,118.37,16,4,6.0,one-year,1,2,7.0,referral,A,0
15,96.4,522,4,5.5,month-to-month,0,4,5.0,organic,B,0
45,146.72,461,7,2.3,month-to-month,0,3,6.0,ads,B,0
56,107.44,445,2,2.0,one-year,0,4,10.0,ads,B,0
60,119.9,444,0,0.0,month-to-month,1,5,8.0,referral,C,0
1,65.44,199,6,13.0,month-to-month,0,2,3.0,ads,A,1
29,49.48,389,1,9.0,month-to-month,0,2,4.0,organic,B,0
50,83.68,452,4,6.1,two-year,0,3,8.0,partner,C,0
42,111.49,447,2,5.8,month-to-month,0,2,5.0,partner,B,0
52,32.36,697,3,6.3,month-to-month,1,5,9.0,organic,A,0
10,108.85,357,5,1.6,month-to-month,0,3,4.0,ads,A,1
67,101.07,476,1,0.0,two-year,1,5,10.0,organic,A,0
60,124.14,229,2,11.4,one-year,0,6,10.0,partner,C,0
12,145.26,284,0,0.0,month-to-month,1,2,6.0,organic,A,0
32,81.54,607,4,0.0,month-to-month,1,6,8.0,ads,A,0
63,24.21,371,3,3.9,two-year,1,4,6.0,organic,A,0
42,116.54,433,2,0.0,one-year,0,3,4.0,ads,C,0
3,31.62,456,2,9.4,month-to-month,0,3,5.0,ads,C,1
49,54.24,607,1,8.7,month-to-month,0,2,5.0,ads,B,0
48,102.04,412,3,6.8,month-to-month,1,3,10.0,referral,A,0
49,46.62,338,3,3.8,month-to-month,0,3,5.0,organic,B,0
8,140.16,325,3,4.0,month-to-month,0,2,6.0,partner,C,0
36,33.44,443,2,2.8,month-to-month,0,2,6.0,ads,B,0
48,98.9,524,3,9.3,two-year,0,1,6.0,ads,B,0
30,125.8,336,3,0.0,one-year,1,4,9.0,partner,A,0
60,90.01,321,2,1.4,one-year,0,3,5.0,ads,B,0
10,26.05,516,4,1.7,month-to-month,0,3,4.0,ads,B,1
67,106.01,555,0,2.1,month-to-month,1,2,5.0,ads,A,0
52,149.09,617,3,0.0,month-to-month,1,3,5.0,ads,B,0
49,137.18,437,1,0.0,month-to-month,0,4,8.0,ads,B,0
20,125.08,476,3,10.6,month-to-month,0,5,6.0,organic,A,1
44,42.91,472,3,0.4,month-to-month,1,4,6.0,partner,A,1
54,138.53,143,3,6.5,two-year,1,4,9.0,organic,C,0
18,94.1,574,4,0.5,month-to-month,1,3,6.0,ads,A,0
63,110.09,528,4,5.3,month-to-month,0,2,6.0,organic,B,0
46,78.67,466,5,2.2,month-to-month,1,4,7.0,partner,A,0
13,59.23,457,7,6.1,month-to-month,0,2,2.0,partner,A,1
43,96.03,438,1,0.0,month-to-month,1,5,7.0,partner,B,0
38,71.28,696,1,2.6,one-year,1,2,5.0,ads,C,0
31,138.43,185,4,3.1,month-to-month,0,4,8.0,organic,A,0
72,47.17,360,1,0.6,one-year,1,5,8.0,ads,C,0
28,142.58,425,3,0.0,one-year,0,2,5.0,ads,C,0
43,84.75,575,6,1.9,month-to-month,1,3,7.0,partner,B,0
53,31.99,468,1,0.0,two-year,1,3,10.0,referral,B,0
29,108.14,332,6,5.5,one-year,1,4,4.0,ads,B,1
17,30.67,310,2,0.0,two-year,0,3,7.0,ads,A,0
52,125.44,445,5,5.9,month-to-month,0,2,7.0,referral,A,0
34,68.08,374,3,4.9,two-year,1,3,8.0,organic,B,0
34,107.57,692,2,0.0,month-to-month,0,2,6.0,referral,B,1
16,97.82,450,1,11.7,month-to-month,1,4,4.0,ads,A,0
24,60.9,329,4,3.2,one-year,0,1,5.0,partner,A,0
40,61.62,663,3,4.4,one-year,1,3,3.0,referral,C,0
30,147.07,296,1,2.1,two-year,0,3,6.0,referral,A,0
62,97.63,431,5,6.8,month-to-month,0,3,9.0,referral,A,0
29,134.52,338,3,2.1,one-year,1,2,9.0,referral,A,0
17,55.43,328,5,12.4,one-year,0,4,3.0,ads,A,1
37,114.57,463,2,0.0,two-year,1,3,10.0,referral,A,0
45,61.15,543,2,4.7,one-year,1,2,10.0,ads,C,0
52,35.1,506,1,0.0,two-year,1,3,8.0,referral,C,0
39,101.4,315,3,6.7,two-year,1,3,8.0,referral,A,0
67,68.42,579,3,0.0,month-to-month,1,3,4.0,referral,C,0
32,35.43,482,0,7.6,month-to-month,0,2,5.0,organic,B,1
61,84.48,107,0,0.0,two-year,1,4,9.0,referral,B,0
31,73.61,520,4,2.8,one-year,1,2,6.0,referral,C,1
37,55.12,571,4,13.4,month-to-month,1,4,10.0,referral,A,0
45,35.91,439,1,0.2,two-year,1,5,10.0,referral,A,0
37,99.24,495,1,2.1,month-to-month,0,3,10.0,organic,A,0
42,36.62,666,3,0.0,month-to-month,1,6,7.0,ads,A,0
48,125.15,87,2,4.8,month-to-month,0,2,3.0,ads,C,0
22,22.22,497,5,11.0,month-to-month,0,2,4.0,organic,C,0
64,130.02,301,1,1.8,two-year,1,5,7.0,referral,B,0
41,52.45,569,1,2.7,two-year,1,4,6.0,partner,C,0
23,99.79,380,3,1.5,one-year,1,2,7.0,partner,C,0
61,98.58,470,1,5.2,month-to-month,1,4,8.0,ads,A,0
62,61.41,211,1,0.0,month-to-month,1,5,9.0,organic,A,0
35,98.23,525,6,4.8,one-year,1,1,4.0,ads,A,0
29,81.11,262,6,12.4,one-year,0,2,8.0,ads,B,0
30,108.23,377,3,6.1,month-to-month,0,5,6.0,referral,C,0
1,62.86,580,5,1.7,month-to-month,1,2,10.0,referral,C,0
45,72.23,510,2,0.0,one-year,0,5,7.0,referral,A,1
47,117.01,383,5,8.2,month-to-month,1,2,6.0,partner,B,0
58,27.84,230,3,5.9,month-to-month,1,3,7.0,referral,C,0
27,144.17,397,4,14.8,one-year,1,2,1.0,ads,A,1
31,68.09,353,1,4.5,month-to-month,1,2,8.0,organic,A,0
42,141.3,351,1,0.0,month-to-month,1,1,10.0,organic,A,0
14,60.97,322,5,7.7,month-to-month,0,2,1.0,partner,C,1
72,124.1,369,3,0.0,month-to-month,1,4,9.0,organic,B,0
48,38.58,388,2,7.7,month-to-month,1,6,8.0,organic,A,0
29,117.78,671,5,9.8,one-year,0,2,8.0,organic,A,0
25,91.59,275,3,1.8,one-year,0,3,10.0,referral,B,0
30,99.87,569,4,6.7,month-to-month,0,3,5.0,organic,A,1
33,128.22,580,1,0.0,two-year,1,3,10.0,ads,A,0
70,79.88,124,3,0.0,one-year,1,4,10.0,ads,C,0
47,112.06,314,3,8.0,one-year,0,1,8.0,organic,B,0
57,32.02,406,2,4.7,two-year,1,5,9.0,referral,A,0
40,146.26,439,5,2.4,month-to-month,0,1,9.0,organic,A,0
43,86.49,223,4,15.4,month-to-month,0,3,4.0,partner,C,1
44,127.99,393,3,7.0,month-to-month,1,2,7.0,referral,A,0
28,25.46,475,2,4.5,one-year,0,2,4.0,organic,A,0
22,38.38,226,5,6.2,month-to-month,0,2,5.0,partner,A,1
20,104.91,412,4,0.4,one-year,0,3,5.0,referral,A,1
43,60.68,301,2,8.1,month-to-month,1,3,6.0,organic,B,0
20,119.06,393,3,8.1,month-to-month,1,2,6.0,organic,C,0
53,122.39,314,1,4.8,month-to-month,1,2,9.0,referral,A,0
43,109.19,369,8,2.7,month-to-month,0,1,3.0,ads,A,1
14,98.64,369,4,10.5,two-year,1,1,2.0,partner,B,0
18,100.5,637,5,0.7,one-year,0,4,2.0,ads,B,0
48,138.62,693,1,0.0,two-year,1,4,10.0,partner,C,0
24,137.51,690,6,12.6,month-to-month,0,3,2.0,ads,A,1
72,104.62,119,2,0.0,one-year,0,5,9.0,referral,B,0
27,68.36,502,1,0.0,one-year,0,5,8.0,organic,B,0
28,41.02,383,3,10.4,one-year,1,2,8.0,partner,A,0
1,104.59,282,6,16.3,month-to-month,0,2,2.0,ads,C,1
11,71.69,609,3,9.3,month-to-month,1,2,10.0,ads,C,0
28,77.02,402,2,5.5,month-to-month,1,4,10.0,ads,A,0
30,78.06,540,5,7.2,month-to-month,0,3,4.0,partner,B,1
26,71.77,552,2,12.5,month-to-month,1,3,5.0,ads,B,1
31,128.16,508,3,5.2,one-year,1,4,10.0,organic,B,0
72,33.4,377,1,1.7,two-year,1,5,6.0,organic,A,0
29,84.48,378,1,17.6,month-to-month,0,2,5.0,ads,B,0
19,62.69,432,1,8.3,month-to-month,0,1,4.0,ads,B,1
16,120.62,609,1,6.5,month-to-month,0,5,6.0,ads,B,0
37,50.24,555,4,10.2,month-to-month,0,4,3.0,ads,C,1
39,78.39,388,2,4.0,month-to-month,0,3,8.0,ads,A,0
1,121.24,409,8,4.5,month-to-month,1,1,4.0,ads,A,1
26,73.13,652,2,4.0,month-to-month,0,3,10.0,organic,B,0
71,60.24,260,1,0.0,two-year,1,2,7.0,referral,A,0
72,110.81,176,0,0.0,month-to-month,1,2,8.0,referral,B,0
41,81.07,308,3,8.2,month-to-month,1,2,2.0,partner,B,0
50,94.76,695,5,2.1,month-to-month,0,4,2.0,ads,B,0
29,64.5,265,0,0.5,month-to-month,0,3,4.0,ads,B,1
49,102.37,300,2,5.3,month-to-month,1,3,7.0,partner,B,1
45,106.5,460,3,7.4,month-to-month,1,4,8.0,referral,C,0
61,77.32,444,2,6.6,month-to-month,0,2,6.0,ads,C,0
56,43.27,571,7,3.3,month-to-month,1,1,9.0,ads,B,0
14,56.35,584,2,6.4,month-to-month,0,4,5.0,ads,B,1
19,63.41,365,5,6.9,month-to-month,0,2,6.0,organic,C,1
44,82.01,470,5,0.0,month-to-month,1,4,6.0,partner,B,0
31,141.14,448,3,6.9,month-to-month,0,2,5.0,ads,A,0
48,23.35,317,2,3.5,month-to-month,0,2,4.0,referral,B,0
42,46.14,491,3,12.5,month-to-month,0,1,6.0,ads,A,0
66,21.52,437,1,0.0,two-year,1,4,9.0,referral,C,0
51,101.72,463,1,11.3,one-year,1,3,7.0,organic,B,0
52,50.52,339,0,0.0,one-year,1,5,10.0,referral,C,0
1,149.25,583,3,7.3,month-to-month,0,4,8.0,partner,B,1
47,45.64,283,1,5.0,one-year,1,4,8.0,partner,B,0
70,78.69,313,2,0.0,month-to-month,0,2,9.0,ads,A,0
19,59.98,683,1,4.6,month-to-month,0,4,5.0,organic,B,1
51,54.47,366,4,5.1,one-year,0,3,6.0,organic,C,0
62,144.3,430,0,0.0,two-year,1,5,10.0,referral,B,0
12,134.27,397,3,7.8,month-to-month,1,1,3.0,ads,B,1
42,21.01,270,0,0.0,one-year,1,3,9.0,ads,B,0
1,66.98,247,5,12.9,month-to-month,0,2,3.0,ads,C,1
1,105.51,358,2,2.1,month-to-month,0,1,4.0,referral,C,1
39,81.69,374,1,2.1,two-year,1,2,10.0,organic,A,0
23,147.98,310,1,14.2,month-to-month,1,2,4.0,referral,A,1
38,113.04,476,5,7.5,month-to-month,0,4,6.0,ads,B,0
32,99.16,540,3,6.3,month-to-month,1,3,8.0,partner,A,1
53,71.32,460,1,0.0,one-year,1,4,9.0,referral,C,0
1,42.08,366,3,5.8,month-to-month,0,2,6.0,ads,A,1
33,112.3,552,4,8.4,month-to-month,1,4,6.0,organic,A,0
72,24.79,499,1,0.4,two-year,0,2,10.0,referral,A,0
72,140.59,620,0,5.5,two-year,1,5,8.0,referral,B,0
44,69.88,337,5,5.3,month-to-month,0,3,7.0,referral,A,1
1,91.74,313,5,12.7,month-to-month,1,2,2.0,ads,B,1
56,72.67,524,1,0.0,one-year,1,5,10.0,partner,C,0
72,67.45,418,2,0.0,one-year,1,4,5.0,referral,B,0
61,147.78,449,3,0.0,one-year,1,4,7.0,ads,B,0
3,93.15,721,4,7.7,month-to-month,1,2,4.0,organic,A,1
35,134.52,293,5,7.2,month-to-month,0,4,8.0,ads,A,0
40,45.31,473,3,4.1,month-to-month,0,3,10.0,referral,A,0
29,90.47,443,1,0.5,month-to-month,1,4,8.0,referral,A,0
19,83.15,579,3,5.3,two-year,1,5,10.0,referral,C,0
48,70.72,150,2,0.0,month-to-month,1,5,5.0,ads,A,0
11,83.84,364,5,2.6,month-to-month,1,3,2.0,ads,A,1
41,51.43,496,2,0.0,one-year,1,4,7.0,referral,B,0
34,123.12,426,3,3.4,month-to-month,1,4,7.0,ads,C,0
42,98.97,438,4,0.0,two-year,1,4,6.0,partner,A,0
53,35.44,331,1,0.0,month-to-month,1,6,7.0,referral,C,0
9,82.95,498,3,0.6,month-to-month,1,3,6.0,partner,C,0
32,142.64,575,4,5.8,one-year,1,3,4.0,partner,C,0
3,142.19,638,3,1.4,two-year,0,4,4.0,ads,C,0
22,148.68,435,5,7.2,two-year,1,1,3.0,partner,B,0
1,48.78,416,3,0.3,month-to-month,1,4,6.0,organic,B,0
62,124.45,455,0,2.1,one-year,1,4,10.0,organic,C,0
28,97.04,315,5,8.3,one-year,0,1,2.0,ads,A,1
20,120.24,382,4,0.7,two-year,0,2,5.0,organic,B,0
54,104.28,307,0,10.4,month-to-month,0,1,8.0,referral,A,0
55,50.99,473,1,10.8,month-to-month,0,4,8.0,ads,B,0
1,32.08,330,4,7.7,one-year,0,3,9.0,partner,C,0
18,83.51,431,5,10.1,month-to-month,0,2,5.0,organic,B,1
1,70.28,431,3,0.0,one-year,0,4,7.0,referral,B,0
25,73.69,397,6,10.6,month-to-month,0,3,6.0,partner,A,1
10,95.34,623,7,12.0,one-year,0,3,3.0,ads,A,1
13,119.96,533,3,0.0,month-to-month,1,3,8.0,organic,B,0
72,114.45,497,2,1.7,month-to-month,1,2,5.0,organic,A,0
41,82.02,537,3,2.0,one-year,1,3,8.0,referral,C,1
26,89.11,351,1,0.0,one-year,0,3,7.0,referral,A,1
71,95.71,322,1,6.2,two-year,1,4,10.0,organic,A,0
12,118.53,497,1,0.0,month-to-month,0,3,2.0,referral,C,0
28,134.5,305,1,9.9,month-to-month,1,6,8.0,referral,B,0
1,88.47,336,4,4.0,month-to-month,0,1,4.0,referral,A,0
72,132.22,401,1,1.9,month-to-month,1,4,10.0,referral,B,0
45,141.41,43,1,5.2,month-to-month,0,3,8.0,referral,C,0
48,45.86,322,4,0.0,month-to-month,0,4,7.0,referral,A,0
25,80.56,529,6,7.0,month-to-month,0,3,4.0,partner,B,1
48,62.9,436,4,2.7,month-to-month,1,3,8.0,ads,A,0
27,38.36,498,2,4.1,month-to-month,0,1,4.0,ads,A,1
32,54.34,513,5,10.1,one-year,1,2,5.0,ads,A,0
28,73.5,304,6,1.6,one-year,0,2,4.0,organic,A,0
14,87.59,155,3,8.0,month-to-month,1,1,9.0,ads,B,1
61,86.77,431,0,0.0,one-year,0,5,10.0,referral,C,0
56,62.76,386,1,1.0,month-to-month,1,5,10.0,referral,A,0
61,143.84,337,0,0.0,month-to-month,1,3,7.0,referral,A,0
1,26.8,344,4,15.3,two-year,0,1,6.0,partner,C,0
17,119.39,560,3,1.3,month-to-month,0,2,7.0,ads,B,0
37,139.74,309,1,7.2,month-to-month,0,1,7.0,ads,C,0
23,120.27,483,3,5.1,month-to-month,1,3,6.0,referral,A,0
34,36.36,514,5,13.5,one-year,0,2,5.0,ads,A,1
34,132.99,558,3,0.0,one-year,0,2,9.0,organic,B,0
9,59.13,249,3,6.1,two-year,0,1,3.0,ads,B,0
36,51.21,388,0,0.0,month-to-month,1,2,7.0,referral,A,0
40,142.46,744,1,1.6,two-year,1,4,8.0,ads,C,0
54,84.96,766,0,0.0,one-year,1,3,10.0,ads,A,0
38,77.78,679,7,12.8,one-year,0,2,3.0,organic,C,1
54,52.57,512,1,6.0,two-year,0,4,8.0,ads,A,0
72,87.97,459,2,0.0,two-year,1,2,5.0,partner,A,0
30,84.37,321,4,10.0,month-to-month,1,1,8.0,partner,B,0
12,65.81,201,1,6.0,one-year,0,3,10.0,referral,C,0
56,63.88,542,0,4.4,two-year,0,5,8.0,ads,B,0
11,55.17,365,5,9.4,month-to-month,0,2,7.0,ads,B,1
30,114.82,233,5,1.5,one-year,1,5,8.0,organic,C,0
16,134.65,482,3,8.2,one-year,0,2,4.0,ads,A,0
72,97.77,803,0,2.8,one-year,1,3,8.0,organic,A,0
58,89.92,481,6,1.5,month-to-month,1,2,8.0,ads,B,0
34,116.92,363,1,0.0,two-year,0,1,10.0,partner,A,0
25,95.05,506,7,10.9,month-to-month,0,3,3.0,ads,A,1
30,60.18,332,5,4.6,month-to-month,0,2,4.0,ads,B,1
62,76.48,363,4,0.0,month-to-month,1,3,10.0,referral,C,0
20,72.97,480,9,0.5,month-to-month,1,4,5.0,ads,B,1
16,74.19,213,4,3.2,month-to-month,0,2,7.0,partner,A,1
26,98.41,457,4,1.1,month-to-month,1,4,4.0,ads,B,1
37,89.16,400,3,0.0,two-year,1,3,8.0,ads,B,0
52,25.51,408,5,2.2,one-year,0,4,4.0,ads,C,0
47,32.08,347,1,7.6,month-to-month,0,4,4.0,ads,C,0
33,20.41,620,2,3.3,one-year,0,4,9.0,organic,B,0
55,136.29,283,3,0.0,two-year,1,3,10.0,ads,B,0
18,70.96,367,1,8.5,month-to-month,0,3,5.0,organic,B,1
46,80.96,467,3,7.8,month-to-month,1,2,5.0,partner,A,0
72,22.58,616,3,0.8,month-to-month,1,2,10.0,referral,A,0
41,72.85,258,0,1.2,month-to-month,0,2,8.0,organic,B,0
32,107.88,482,5,4.9,one-year,1,2,4.0,ads,A,0
29,53.22,387,0,4.6,two-year,0,3,10.0,referral,C,0
11,103.66,709,7,12.3,month-to-month,0,2,3.0,organic,B,1
37,30.42,505,1,5.0,two-year,1,4,5.0,partner,A,0
56,89.61,391,2,5.3,month-to-month,1,6,10.0,organic,B,0
62,146.7,250,4,6.0,month-to-month,0,2,4.0,ads,A,0
21,143.91,420,5,1.3,one-year,1,4,5.0,ads,C,1
54,126.12,405,1,8.4,two-year,1,2,5.0,organic,C,0
1,81.35,101,4,1.1,month-to-month,1,2,4.0,partner,C,1
35,22.37,407,4,4.3,month-to-month,0,1,6.0,organic,A,0
60,95.16,613,1,0.0,one-year,1,2,9.0,ads,A,0
20,32.13,493,1,5.5,month-to-month,1,1,7.0,organic,A,0
1,47.39,414,3,4.2,month-to-month,1,3,7.0,ads,C,0
44,97.91,409,1,0.0,month-to-month,1,2,8.0,organic,B,0
41,70.61,360,3,7.0,month-to-month,1,3,7.0,organic,A,0
50,35.78,331,2,2.7,month-to-month,1,2,8.0,ads,B,0
62,46.92,473,3,9.9,month-to-month,1,2,4.0,ads,C,0
35,61.53,360,3,0.0,month-to-month,0,4,3.0,ads,C,1
22,132.11,445,2,0.1,month-to-month,1,4,8.0,referral,A,0
24,141.19,513,0,0.0,month-to-month,0,2,8.0,referral,B,0
33,149.07,208,9,7.6,two-year,0,3,6.0,ads,B,0
41,131.31,231,2,11.5,one-year,0,3,8.0,referral,A,0
16,145.57,324,1,5.8,month-to-month,0,2,4.0,partner,A,1
47,87.65,364,7,0.0,month-to-month,0,6,5.0,referral,B,1
33,86.35,308,2,8.3,month-to-month,0,2,4.0,partner,A,1
23,71.01,316,0,10.0,month-to-month,0,1,6.0,organic,B,0
26,59.14,310,1,0.0,one-year,1,2,4.0,organic,B,0
31,105.23,324,2,5.6,one-year,0,3,5.0,referral,C,0
9,123.64,502,2,4.9,month-to-month,0,4,8.0,organic,A,0
34,146.3,349,3,0.0,month-to-month,1,2,4.0,ads,C,0
41,102.41,538,2,7.2,month-to-month,0,3,6.0,partner,A,0
45,121.27,567,5,7.1,month-to-month,1,5,3.0,referral,B,0
49,59.81,490,1,1.4,month-to-month,0,6,8.0,ads,A,0
32,61.83,235,2,9.1,month-to-month,0,4,4.0,organic,C,1
36,24.17,318,4,11.5,one-year,1,4,5.0,partner,C,0
41,87.22,508,3,0.3,two-year,1,4,5.0,partner,B,0
15,103.49,632,3,8.6,month-to-month,0,3,6.0,referral,C,1
2,78.52,180,5,11.2,month-to-month,0,2,1.0,ads,A,1
39,60.9,530,0,0.0,month-to-month,0,4,10.0,ads,B,0
52,123.46,301,0,0.0,one-year,1,5,6.0,referral,A,0
45,103.55,196,1,8.0,two-year,0,3,5.0,organic,B,0
17,145.45,512,6,1.0,one-year,1,4,6.0,ads,C,0
44,70.61,242,3,6.8,two-year,1,1,6.0,organic,A,0
41,139.67,238,4,0.0,month-to-month,1,4,7.0,referral,A,0
62,142.62,741,0,1.0,month-to-month,1,2,7.0,organic,A,0
34,122.36,201,5,6.5,month-to-month,0,2,7.0,ads,C,0
55,99.67,264,2,8.5,one-year,1,3,6.0,ads,A,0
11,97.97,410,2,3.1,one-year,1,3,3.0,organic,B,0
52,145.86,326,5,6.9,month-to-month,0,2,4.0,ads,A,1
63,77.57,459,3,1.3,month-to-month,1,4,8.0,organic,A,0
41,82.28,481,2,0.2,one-year,1,4,8.0,organic,B,0
50,140.93,289,4,5.6,one-year,1,5,9.0,organic,B,0
9,138.72,696,4,7.5,one-year,1,2,6.0,organic,C,1
17,59.25,216,1,0.0,month-to-month,0,3,7.0,referral,B,0
24,120.45,381,4,8.8,one-year,1,6,6.0,partner,B,0
29,89.6,400,2,10.5,one-year,1,3,6.0,referral,B,0
32,111.6,424,4,9.8,two-year,1,1,10.0,referral,A,0
20,90.23,513,3,9.6,one-year,1,4,8.0,organic,A,0
39,68.82,516,1,0.0,month-to-month,1,5,10.0,organic,A,0
35,44.7,411,1,0.3,one-year,1,4,8.0,ads,C,0
11,61.86,560,5,2.6,month-to-month,0,4,5.0,referral,B,1
39,30.83,236,1,0.0,one-year,0,2,4.0,referral,C,0
48,54.69,445,3,3.1,two-year,1,4,7.0,organic,A,0
72,78.84,538,1,7.4,month-to-month,1,4,8.0,ads,C,0
60,84.54,419,2,0.0,one-year,0,4,7.0,ads,B,0
29,129.55,382,2,6.6,month-to-month,1,2,5.0,organic,C,0
57,28.66,406,0,0.0,month-to-month,1,6,6.0,referral,A,0
44,27.51,446,1,0.0,one-year,0,4,9.0,ads,A,0
56,58.19,447,1,0.0,one-year,1,4,8.0,referral,A,0
26,26.56,520,1,9.6,one-year,0,2,4.0,ads,C,0
54,22.34,515,0,3.3,one-year,0,4,8.0,ads,C,0
25,82.65,389,3,4.0,month-to-month,1,3,6.0,referral,C,0
47,92.03,449,1,4.6,two-year,1,4,9.0,referral,C,0
57,52.41,370,0,2.4,two-year,0,4,10.0,referral,A,0
42,142.88,196,4,0.0,one-year,1,4,10.0,partner,C,0
29,111.5,593,7,5.3,one-year,1,3,6.0,partner,B,0
27,30.14,625,4,1.4,month-to-month,0,2,5.0,ads,C,1
27,144.26,448,3,3.2,two-year,1,4,6.0,referral,C,0
65,100.17,376,1,1.7,two-year,1,5,7.0,ads,B,0
18,39.16,348,3,9.9,month-to-month,0,3,6.0,partner,A,0
54,31.47,607,2,0.0,month-to-month,1,4,8.0,ads,B,0
60,35.19,324,1,0.0,one-year,1,3,7.0,partner,A,0
11,86.67,319,5,0.7,month-to-month,1,2,3.0,organic,B,1
27,82.85,133,6,9.1,two-year,0,2,5.0,ads,C,1
21,133.41,502,8,0.0,month-to-month,0,4,6.0,referral,C,1
61,40.16,619,6,1.1,month-to-month,1,4,5.0,organic,B,0
13,53.38,485,3,2.7,one-year,1,4,7.0,organic,A,0
42,121.24,351,1,3.5,month-to-month,0,4,10.0,referral,A,0
23,83.26,178,4,4.7,two-year,0,4,9.0,organic,A,1
16,101.21,481,3,6.7,one-year,0,3,5.0,referral,C,1
43,73.7,462,3,12.1,month-to-month,0,1,4.0,ads,C,1
28,74.16,337,3,5.4,month-to-month,1,1,7.0,partner,A,0
41,147.16,402,1,0.0,one-year,1,4,5.0,ads,C,0
1,141.83,504,7,3.7,month-to-month,0,1,5.0,organic,B,1
62,106.77,519,2,1.5,month-to-month,0,2,5.0,organic,A,0
22,54.08,500,2,1.3,one-year,0,3,9.0,referral,C,0
72,122.74,593,0,0.0,two-year,1,5,10.0,ads,A,0
51,91.53,453,0,1.7,two-year,1,4,10.0,organic,A,0
24,102.04,507,3,8.3,month-to-month,1,3,9.0,referral,B,0
46,99.38,372,2,4.8,one-year,0,5,6.0,organic,B,0
61,24.56,292,1,1.3,two-year,0,2,7.0,organic,B,0
65,41.68,486,0,0.0,one-year,1,6,9.0,ads,A,0
1,71.38,477,5,17.4,one-year,0,2,4.0,ads,B,1
8,28.08,353,4,7.0,one-year,0,3,3.0,partner,B,0
31,110.72,547,3,6.2,month-to-month,1,3,3.0,partner,B,1
30,48.95,389,3,1.5,one-year,1,3,6.0,ads,A,0
63,141.41,167,2,0.0,one-year,0,4,5.0,referral,B,0
13,135.23,439,1,0.0,month-to-month,1,2,9.0,ads,B,0
10,99.09,243,4,7.7,two-year,0,2,6.0,ads,C,1
1,49.79,10,7,6.2,one-year,1,2,4.0,ads,C,1
4,103.16,388,2,8.0,two-year,0,2,8.0,organic,C,0
5,39.57,503,4,9.4,month-to-month,1,3,4.0,ads,C,1
21,80.09,365,6,14.4,month-to-month,0,1,4.0,partner,B,1
38,59.82,436,2,2.9,month-to-month,0,4,8.0,ads,B,0
69,62.71,375,2,0.4,two-year,0,4,7.0,referral,C,0
58,57.43,378,2,3.5,month-to-month,0,5,6.0,ads,C,0
37,55.85,203,3,2.6,month-to-month,1,3,6.0,ads,C,0
39,84.23,110,7,9.7,two-year,0,2,9.0,organic,C,0
33,65.49,439,2,10.7,month-to-month,0,2,8.0,ads,C,1
1,52.55,344,2,10.2,month-to-month,0,1,6.0,ads,A,1
7,49.23,241,4,12.9,month-to-month,1,3,2.0,organic,C,1
44,121.89,384,3,12.0,one-year,1,3,8.0,ads,A,1
49,34.14,243,3,10.4,month-to-month,1,3,7.0,partner,A,0
42,69.21,406,2,1.6,month-to-month,0,3,6.0,referral,B,0
11,118.86,68,2,0.0,month-to-month,0,1,2.0,partner,B,1
48,44.08,578,4,7.5,month-to-month,1,3,4.0,referral,A,1
32,64.51,548,5,12.2,month-to-month,1,3,3.0,organic,A,1
52,22.85,296,2,3.9,two-year,0,2,9.0,partner,B,0
68,118.59,474,1,0.0,two-year,1,3,8.0,referral,C,0
10,122.01,338,5,13.8,month-to-month,0,3,4.0,ads,B,1
45,92.15,713,4,0.0,two-year,0,2,9.0,partner,A,0
42,103.34,222,2,9.1,month-to-month,1,3,6.0,partner,A,0
59,47.57,565,0,7.2,one-year,1,4,8.0,referral,A,0
36,106.91,539,2,5.9,month-to-month,1,4,6.0,ads,A,0
26,129.33,268,7,7.2,one-year,0,3,3.0,partner,B,1
1,44.69,563,3,5.2,month-to-month,0,1,5.0,organic,A,0
36,117.99,360,3,7.7,month-to-month,0,3,6.0,ads,A,1
72,105.68,316,1,3.0,two-year,1,4,10.0,referral,B,0
33,75.44,454,3,6.2,two-year,0,3,8.0,referral,A,0
49,20.21,389,5,0.0,month-to-month,0,2,10.0,partner,B,0
51,127.18,435,3,0.0,month-to-month,1,2,5.0,referral,A,0
31,64.77,329,2,3.1,month-to-month,0,4,8.0,ads,B,0
47,27.75,420,4,6.8,month-to-month,1,3,7.0,ads,B,0
41,117.46,553,5,5.6,month-to-month,1,3,7.0,ads,A,1
61,138.83,284,1,2.4,one-year,1,2,8.0,organic,B,0
43,67.2,464,4,8.2,month-to-month,1,4,10.0,partner,B,0
24,94.28,335,3,11.4,month-to-month,1,3,4.0,ads,B,0
38,74.52,332,1,2.0,two-year,1,6,9.0,partner,B,0
43,60.35,734,3,5.5,one-year,0,2,8.0,partner,B,0
26,130.0,620,5,4.0,two-year,0,1,7.0,ads,B,1
29,30.22,340,3,0.0,month-to-month,1,4,9.0,referral,A,0
27,47.61,347,3,3.2,one-year,0,3,6.0,organic,A,0
15,42.22,315,6,3.0,one-year,1,2,6.0,partner,C,0
36,138.37,526,5,11.1,one-year,0,1,4.0,partner,A,0
34,123.84,244,5,12.8,one-year,0,2,4.0,partner,B,1
23,117.66,470,3,0.0,one-year,0,3,6.0,ads,A,0
40,147.35,729,9,10.2,one-year,0,1,2.0,organic,B,1
19,39.16,444,10,0.5,one-year,0,2,4.0,ads,B,0
1,78.54,554,3,5.9,month-to-month,0,1,4.0,ads,C,1
46,117.36,538,3,7.6,month-to-month,0,4,7.0,organic,A,0
27,109.91,359,4,0.0,month-to-month,1,3,4.0,ads,A,0
31,42.53,240,6,0.0,month-to-month,0,3,4.0,partner,C,0
17,116.93,553,5,3.0,one-year,0,4,6.0,ads,C,0
10,77.93,552,4,1.2,two-year,0,2,6.0,ads,B,1
52,128.3,671,3,0.0,month-to-month,1,2,9.0,partner,C,0
25,40.26,421,2,5.4,month-to-month,0,3,8.0,organic,A,1
18,105.66,289,1,0.0,month-to-month,0,2,8.0,referral,C,0
34,29.22,435,3,5.7,month-to-month,1,1,4.0,organic,C,0
20,39.99,325,3,3.5,month-to-month,0,4,7.0,ads,B,1
34,87.33,530,4,3.1,one-year,1,4,10.0,organic,C,0
61,47.66,517,2,6.0,month-to-month,1,3,10.0,referral,B,0
13,89.54,505,5,0.0,month-to-month,1,1,7.0,ads,B,1
4,112.05,334,1,0.0,month-to-month,1,4,8.0,ads,B,0
42,104.14,398,1,0.0,month-to-month,1,2,7.0,partner,A,0
32,122.55,206,2,7.1,one-year,0,4,7.0,referral,C,0
29,55.27,295,3,6.4,month-to-month,1,3,8.0,partner,B,0
29,143.45,335,1,3.1,month-to-month,1,2,8.0,ads,A,0
42,74.72,272,4,0.0,month-to-month,0,2,8.0,organic,A,0
13,32.38,355,5,7.6,month-to-month,0,3,4.0,ads,C,1
46,115.17,444,3,12.5,month-to-month,0,3,2.0,partner,A,1
1,105.18,273,4,13.4,one-year,0,3,6.0,ads,B,1
23,67.17,287,3,2.9,month-to-month,0,2,4.0,ads,B,0
31,83.86,446,4,11.9,month-to-month,0,3,3.0,partner,A,1
27,124.97,401,4,0.0,one-year,0,6,5.0,ads,A,0
10,115.87,472,5,5.1,month-to-month,0,4,6.0,organic,A,0
57,35.01,540,1,0.4,one-year,1,4,4.0,referral,A,0
22,42.88,499,1,5.0,month-to-month,1,4,7.0,partner,A,0
3,75.5,537,3,5.9,one-year,0,2,5.0,ads,C,1
57,86.81,488,2,2.4,two-year,1,1,8.0,ads,A,0
46,143.0,17,2,0.0,two-year,1,5,7.0,referral,C,0
1,33.54,308,4,7.7,month-to-month,0,2,3.0,partner,A,1
67,58.82,233,3,0.0,one-year,1,2,8.0,referral,C,0
18,80.12,412,6,5.0,month-to-month,0,4,7.0,organic,C,0
31,149.68,370,4,3.7,month-to-month,0,6,6.0,organic,A,0
25,117.89,534,4,6.8,month-to-month,0,3,6.0,ads,B,1
24,133.58,197,4,12.8,month-to-month,1,2,7.0,organic,A,1
61,65.64,241,3,0.0,one-year,0,4,6.0,organic,B,0
10,92.41,348,3,5.1,one-year,0,3,6.0,organic,A,0
44,138.01,485,7,1.9,month-to-month,1,1,8.0,ads,A,1
33,95.71,369,4,9.9,month-to-month,0,1,3.0,ads,A,1
29,121.99,502,5,5.3,month-to-month,0,2,4.0,organic,A,1
51,99.42,395,2,7.5,month-to-month,0,4,8.0,referral,B,1
49,111.77,423,2,3.2,one-year,0,4,6.0,referral,A,0
17,37.58,445,2,8.4,month-to-month,1,3,6.0,organic,B,1
54,102.44,137,3,6.6,month-to-month,0,4,4.0,referral,B,0
27,77.03,485,2,0.0,month-to-month,1,5,7.0,referral,B,0
5,52.3,380,5,4.3,month-to-month,0,2,7.0,ads,A,1
38,34.46,495,0,0.2,month-to-month,0,2,10.0,organic,A,0
72,46.74,647,0,0.9,one-year,0,5,10.0,partner,A,0
37,118.21,588,2,6.2,month-to-month,0,5,9.0,organic,B,0
33,102.15,406,3,7.1,month-to-month,0,2,7.0,ads,A,1
51,70.84,502,4,8.2,two-year,1,5,3.0,ads,B,0
44,100.66,320,1,0.0,two-year,1,3,8.0,organic,B,0
1,124.46,243,3,11.8,month-to-month,0,2,8.0,ads,B,0
18,132.38,288,5,7.3,two-year,1,4,4.0,organic,B,0
52,64.16,518,3,8.4,month-to-month,0,2,9.0,organic,B,0
52,70.76,339,5,0.0,month-to-month,1,2,8.0,referral,C,0
70,70.51,419,8,4.7,month-to-month,1,4,2.0,referral,B,0
35,72.31,410,7,4.5,month-to-month,1,1,6.0,ads,A,0
23,42.61,740,3,0.0,one-year,1,4,8.0,ads,A,0
29,148.29,222,3,8.4,month-to-month,0,4,6.0,partner,B,1
15,38.51,396,5,4.4,two-year,0,4,8.0,referral,C,1
38,37.68,492,3,3.2,one-year,1,3,5.0,organic,A,0
72,116.82,457,1,4.2,month-to-month,1,1,2.0,ads,A,0
71,42.59,378,1,7.3,month-to-month,1,4,9.0,referral,B,0
59,43.68,346,3,1.0,month-to-month,0,3,9.0,referral,C,0
40,72.24,547,0,0.0,month-to-month,1,2,10.0,referral,B,0
54,141.99,270,6,9.3,month-to-month,1,2,7.0,ads,B,0
51,42.42,443,7,4.1,one-year,1,3,4.0,partner,B,0
47,135.05,314,7,21.0,month-to-month,0,3,5.0,ads,B,1
57,137.35,325,5,10.2,one-year,0,3,7.0,referral,A,0
20,21.64,353,6,0.6,one-year,1,3,4.0,ads,B,0
35,50.21,397,3,0.4,month-to-month,1,6,8.0,referral,C,0
8,76.31,362,5,7.6,month-to-month,0,2,4.0,ads,B,0
17,50.97,432,3,0.9,month-to-month,0,2,5.0,ads,B,0
39,36.38,504,2,9.6,two-year,0,3,7.0,organic,C,0
11,80.32,482,2,6.5,month-to-month,0,3,2.0,ads,B,1
72,58.14,430,2,1.2,two-year,0,3,8.0,ads,B,0
56,32.21,422,3,7.0,month-to-month,1,3,6.0,organic,A,0
34,74.39,438,4,0.9,month-to-month,1,4,8.0,ads,A,0
60,131.26,422,4,6.2,month-to-month,0,2,4.0,referral,A,0
49,91.43,452,2,4.4,month-to-month,1,2,3.0,ads,B,0
29,82.84,219,5,2.1,month-to-month,0,5,7.0,partner,C,1
3,104.87,242,4,4.0,two-year,0,3,6.0,ads,B,1
28,50.25,430,6,2.2,one-year,0,1,10.0,ads,C,0
18,54.0,469,5,0.0,one-year,0,2,6.0,ads,C,1
43,59.66,179,5,3.7,month-to-month,0,4,7.0,referral,C,1
57,91.03,466,3,0.0,one-year,1,4,9.0,organic,B,0
39,65.59,314,2,0.0,month-to-month,1,3,4.0,ads,B,0
56,112.16,478,2,1.2,two-year,1,4,9.0,referral,A,0
1,55.4,270,6,7.4,month-to-month,0,1,4.0,ads,B,1
44,102.93,675,3,4.6,month-to-month,0,3,7.0,referral,A,0
16,22.91,463,4,9.9,two-year,1,2,5.0,partner,B,1
21,106.84,556,3,0.5,month-to-month,0,2,5.0,partner,A,1
41,103.53,386,3,3.8,month-to-month,1,2,2.0,ads,B,0
32,127.4,520,1,0.0,one-year,0,3,10.0,referral,A,0
43,111.02,490,2,2.4,one-year,0,4,6.0,organic,B,1
37,25.66,343,5,4.2,month-to-month,1,2,7.0,partner,B,0
10,131.85,384,5,7.0,month-to-month,0,1,6.0,ads,A,0
47,43.96,614,3,4.8,month-to-month,1,5,9.0,ads,A,0
29,90.03,569,4,2.0,month-to-month,0,4,4.0,ads,A,1
30,55.72,236,4,0.0,one-year,1,4,7.0,organic,A,0
3,22.22,552,4,9.7,month-to-month,1,2,4.0,ads,A,1
42,36.21,381,3,0.0,month-to-month,0,3,2.0,partner,C,1
28,38.5,388,6,5.2,two-year,1,2,8.0,organic,C,0
49,91.72,375,1,8.0,one-year,1,4,8.0,ads,A,0
39,130.47,532,4,9.2,month-to-month,0,2,4.0,ads,B,1
33,146.16,578,2,12.7,one-year,0,4,5.0,ads,B,0
54,136.37,519,3,6.0,month-to-month,0,3,8.0,organic,B,0
71,77.89,409,2,7.3,two-year,1,3,9.0,ads,B,0
60,146.29,430,1,3.5,two-year,0,6,8.0,ads,B,0
43,26.92,379,1,4.5,month-to-month,0,3,6.0,organic,A,0
36,127.17,257,4,7.0,month-to-month,0,2,4.0,ads,A,1
1,59.11,448,4,3.5,month-to-month,0,2,4.0,organic,A,1
20,139.26,582,2,0.0,one-year,1,3,6.0,ads,A,0
39,112.65,548,3,0.0,two-year,1,3,10.0,referral,C,0
72,116.53,373,1,0.0,one-year,1,4,8.0,organic,B,0
32,65.85,394,4,0.0,one-year,1,5,5.0,organic,B,0
29,29.72,429,2,0.0,month-to-month,1,2,8.0,referral,B,1
25,59.53,413,4,7.3,two-year,0,5,6.0,referral,A,0
38,91.01,354,3,1.5,month-to-month,0,2,7.0,ads,C,0
37,138.83,474,6,0.0,month-to-month,0,2,6.0,referral,B,1
72,132.05,315,3,0.0,one-year,0,4,10.0,organic,B,0
35,77.28,465,2,11.2,month-to-month,0,3,3.0,organic,A,1
35,27.54,595,1,2.5,month-to-month,1,5,9.0,organic,B,0
20,121.23,343,6,2.4,two-year,0,3,5.0,ads,C,0
72,141.94,437,2,0.0,two-year,0,2,6.0,referral,A,0
16,106.3,455,1,14.8,month-to-month,0,1,3.0,ads,B,1
61,30.64,512,2,6.7,one-year,1,3,6.0,referral,A,0
25,22.7,332,1,9.7,month-to-month,1,3,8.0,referral,A,0
5,142.87,213,2,9.8,month-to-month,0,2,3.0,ads,C,1
34,138.06,676,1,3.7,month-to-month,1,4,4.0,referral,A,0
34,30.94,512,3,9.0,one-year,1,6,8.0,ads,C,0
17,80.56,310,3,11.0,month-to-month,0,1,5.0,partner,C,1
21,37.76,200,5,9.0,month-to-month,1,2,3.0,partner,C,1
43,77.36,351,4,7.2,two-year,1,4,6.0,ads,B,1
11,58.41,467,4,3.3,one-year,0,4,8.0,partner,A,1
42,119.13,291,6,0.0,one-year,1,4,8.0,partner,B,0
39,145.56,461,1,0.0,one-year,1,3,9.0,ads,B,0
26,36.07,429,3,2.3,one-year,1,1,4.0,organic,C,0
60,79.4,448,0,0.0,month-to-month,0,4,10.0,referral,A,0
30,127.64,656,3,0.4,month-to-month,1,4,9.0,organic,B,0
53,129.62,589,1,2.3,two-year,0,4,7.0,partner,C,0
34,65.88,299,1,14.1,one-year,0,1,2.0,ads,C,0
51,91.17,271,3,12.1,one-year,0,4,8.0,ads,B,0
25,112.81,302,3,10.3,month-to-month,0,4,5.0,referral,B,1
33,146.89,339,1,0.0,two-year,1,4,8.0,organic,A,0
43,119.11,535,3,6.9,one-year,1,2,4.0,ads,C,0
20,115.6,382,6,10.5,one-year,0,4,2.0,partner,A,0
29,135.63,377,4,3.3,one-year,0,3,8.0,ads,A,0
26,133.58,601,2,0.0,two-year,1,4,9.0,referral,B,0
54,54.57,448,1,0.0,month-to-month,1,3,10.0,organic,B,0
41,128.63,488,4,5.3,month-to-month,1,2,9.0,ads,B,0
55,43.69,238,0,3.3,one-year,1,4,8.0,ads,C,0
47,42.94,413,1,8.7,month-to-month,1,4,6.0,partner,B,0
57,32.72,356,2,6.1,month-to-month,1,4,8.0,organic,A,0
32,102.42,256,3,6.0,two-year,0,2,10.0,ads,C,0
26,63.25,381,3,10.5,one-year,0,3,4.0,organic,A,1
21,46.57,325,1,0.5,month-to-month,0,4,8.0,ads,A,0
8,59.58,503,2,0.0,one-year,0,6,5.0,ads,B,1
34,100.83,418,2,5.4,one-year,0,3,5.0,referral,A,1
67,145.86,412,0,2.7,one-year,1,2,8.0,organic,A,0
23,37.08,225,4,3.3,month-to-month,1,2,6.0,ads,B,0
31,52.95,529,9,12.2,month-to-month,0,1,3.0,organic,C,1
39,110.24,198,4,3.4,month-to-month,1,3,8.0,organic,A,0
41,45.12,340,1,0.0,one-year,1,4,9.0,ads,B,0
60,138.51,379,2,0.0,one-year,0,3,5.0,ads,B,0
48,94.08,481,3,2.9,month-to-month,0,5,10.0,partner,A,0
19,97.42,379,3,2.8,one-year,1,3,1.0,partner,A,0
49,143.94,300,7,9.4,month-to-month,0,1,8.0,partner,C,1
46,113.22,536,2,0.0,month-to-month,0,3,7.0,organic,B,1
26,73.71,197,3,8.9,month-to-month,0,2,5.0,ads,A,1
49,105.86,510,0,0.0,two-year,1,4,10.0,referral,A,0
61,33.96,483,1,0.0,month-to-month,1,5,8.0,referral,B,0
37,104.6,391,6,4.0,month-to-month,0,1,6.0,partner,B,1
38,112.21,426,3,0.0,month-to-month,1,2,5.0,organic,A,1
27,42.35,365,4,3.1,month-to-month,1,5,9.0,ads,A,0
46,115.44,291,1,5.2,month-to-month,0,2,7.0,ads,B,0
63,31.04,263,3,0.9,one-year,1,3,6.0,referral,B,0
28,45.85,281,1,5.3,one-year,0,5,8.0,organic,C,0
6,81.17,255,6,3.9,one-year,0,3,6.0,ads,A,1
67,112.4,542,0,1.4,two-year,1,6,8.0,referral,B,0
13,99.31,505,3,4.9,one-year,1,2,8.0,ads,B,0
48,43.35,387,3,5.0,month-to-month,0,3,7.0,organic,C,1
22,25.75,109,3,12.5,two-year,0,1,5.0,organic,B,0
59,74.56,339,2,0.0,month-to-month,0,4,7.0,referral,C,0
34,106.27,497,2,1.5,two-year,0,2,3.0,referral,A,1
30,64.72,419,6,6.6,one-year,0,1,3.0,ads,A,1
52,64.06,295,2,6.5,one-year,1,4,10.0,ads,B,0
66,98.98,367,1,2.5,two-year,1,4,8.0,ads,B,0
62,84.55,520,2,6.3,month-to-month,0,3,4.0,ads,A,1
7,136.37,672,4,12.1,one-year,0,2,7.0,organic,A,0
45,74.19,562,7,3.0,two-year,0,5,6.0,referral,B,0
72,42.53,379,3,5.6,month-to-month,0,4,4.0,organic,C,0
41,42.05,285,3,1.1,one-year,1,3,10.0,organic,A,0
39,20.82,338,6,0.0,one-year,0,4,5.0,referral,C,1
54,50.12,582,2,6.1,one-year,0,4,9.0,referral,A,0
54,101.28,402,0,0.0,month-to-month,1,4,7.0,referral,A,0
17,50.03,108,4,5.3,month-to-month,1,2,8.0,organic,B,0
40,79.83,165,6,11.5,month-to-month,1,1,3.0,ads,A,1
22,25.88,286,2,0.0,one-year,1,6,6.0,organic,C,0
49,65.23,42,1,3.3,month-to-month,1,4,10.0,organic,C,0
72,101.1,533,1,0.0,month-to-month,1,5,10.0,ads,A,0
17,130.57,715,14,3.5,month-to-month,0,1,7.0,ads,A,1
29,44.42,540,3,0.0,month-to-month,0,3,7.0,organic,C,0
24,44.81,551,2,10.0,month-to-month,0,1,7.0,ads,A,1
30,86.05,543,2,1.6,one-year,1,2,8.0,partner,A,0
11,118.21,258,1,10.0,two-year,0,3,7.0,organic,A,0
63,78.82,397,2,0.0,one-year,1,5,7.0,referral,C,0
24,26.81,423,8,2.0,one-year,0,3,4.0,ads,A,1
1,94.59,645,2,2.9,month-to-month,0,2,5.0,ads,A,1
40,120.85,331,3,6.0,month-to-month,1,3,6.0,organic,C,0
19,40.99,509,3,9.9,one-year,1,1,4.0,partner,B,0
40,147.32,322,2,7.0,two-year,1,4,6.0,referral,B,0
7,59.93,264,6,8.2,one-year,0,4,4.0,ads,A,0
43,116.77,274,4,5.6,two-year,1,1,7.0,ads,A,0
29,28.13,205,5,9.7,month-to-month,0,1,1.0,ads,A,1
28,102.61,405,4,0.0,two-year,0,1,7.0,organic,A,1
66,101.72,520,4,1.9,month-to-month,1,5,6.0,referral,B,0
49,109.12,752,3,1.2,month-to-month,1,2,7.0,partner,A,0
39,73.59,518,2,9.2,month-to-month,1,3,8.0,organic,A,0
36,138.89,310,1,4.8,one-year,0,4,8.0,ads,B,0
23,78.59,557,5,0.0,month-to-month,0,3,8.0,referral,B,0
35,119.82,527,3,1.9,one-year,1,3,6.0,ads,A,0
25,105.83,399,5,8.0,month-to-month,1,2,8.0,ads,A,0
70,95.97,285,2,3.0,two-year,1,2,10.0,organic,A,0
1,100.81,195,7,14.2,month-to-month,1,2,1.0,ads,C,1
41,130.95,313,2,6.0,month-to-month,0,4,5.0,ads,B,0
25,141.26,432,7,12.4,month-to-month,1,3,8.0,organic,A,1
45,125.32,601,2,5.5,month-to-month,1,2,10.0,partner,C,0
59,101.13,315,6,7.9,two-year,1,3,4.0,organic,B,0
31,64.55,437,6,11.5,month-to-month,0,2,3.0,ads,B,1
6,72.88,488,2,7.3,month-to-month,1,2,5.0,partner,B,1
30,51.4,330,4,6.3,two-year,1,3,3.0,ads,B,0
54,59.03,257,0,9.2,month-to-month,0,3,6.0,organic,B,0
31,143.89,418,3,6.2,one-year,1,4,8.0,ads,A,0
13,66.67,281,0,9.6,one-year,0,2,3.0,ads,A,1
32,96.79,219,2,0.0,month-to-month,1,3,8.0,referral,B,0
40,22.66,618,2,9.9,month-to-month,1,2,5.0,referral,B,0
50,75.49,342,1,1.2,one-year,0,3,9.0,ads,B,0
62,129.98,482,0,0.0,two-year,1,5,9.0,referral,B,0
56,140.24,456,3,7.2,month-to-month,0,2,7.0,ads,A,0
26,92.3,261,0,10.4,month-to-month,1,3,3.0,partner,A,0
42,84.34,452,3,3.0,two-year,1,5,9.0,organic,B,0
16,24.36,461,3,11.2,month-to-month,0,1,6.0,ads,B,0
18,78.2,438,5,2.7,one-year,0,4,6.0,organic,A,1
32,76.23,423,5,12.9,one-year,0,2,4.0,ads,C,0
26,102.1,488,0,11.4,month-to-month,1,3,7.0,organic,B,0
72,98.23,478,0,0.1,one-year,0,4,8.0,ads,B,0
68,128.27,499,0,0.0,one-year,1,4,6.0,ads,C,0
56,20.79,262,2,11.4,one-year,1,4,10.0,referral,C,0
1,72.45,194,3,15.1,month-to-month,0,3,5.0,ads,B,1
12,55.18,348,4,8.2,month-to-month,0,2,6.0,ads,A,0
21,126.84,406,8,7.1,month-to-month,0,2,2.0,partner,A,1
18,143.48,522,3,8.9,month-to-month,1,3,5.0,ads,A,0
64,88.95,675,1,0.0,one-year,0,3,8.0,ads,A,0
49,118.9,321,2,5.9,month-to-month,1,4,8.0,organic,C,0
34,137.94,572,6,5.6,month-to-month,1,3,7.0,partner,A,1
25,80.97,429,4,0.0,one-year,0,3,6.0,organic,C,0
26,87.81,339,2,1.3,month-to-month,0,2,4.0,ads,C,1
41,114.6,470,4,0.3,month-to-month,1,2,8.0,referral,B,0
61,149.93,468,1,8.3,two-year,0,4,8.0,organic,A,0
3,114.47,455,6,6.2,month-to-month,0,3,2.0,ads,B,1
36,89.05,599,4,0.0,month-to-month,0,3,3.0,organic,C,1
48,39.99,344,4,0.4,one-year,1,4,8.0,organic,A,0
41,108.96,466,2,4.2,one-year,1,2,4.0,partner,B,0
31,104.87,194,4,8.3,two-year,1,3,8.0,referral,A,0
50,88.37,221,1,1.6,two-year,1,4,9.0,referral,A,0
45,71.12,407,1,0.0,one-year,1,2,7.0,referral,C,0
18,52.98,317,2,4.4,two-year,1,2,6.0,ads,C,0
46,130.65,581,2,9.4,month-to-month,0,6,8.0,referral,C,0
36,90.26,526,3,3.0,month-to-month,0,4,8.0,organic,B,0
18,116.17,479,1,3.3,one-year,1,4,10.0,partner,C,0
31,93.39,403,3,7.8,month-to-month,0,3,7.0,partner,B,1
29,146.77,287,1,8.2,month-to-month,0,1,6.0,partner,C,1
30,100.56,31,2,6.1,month-to-month,1,1,7.0,referral,C,0
54,23.75,313,0,5.2,one-year,1,4,10.0,referral,B,0
52,76.85,465,4,0.9,two-year,1,4,7.0,organic,C,0
45,118.12,270,1,4.3,two-year,1,2,5.0,ads,B,0
19,131.36,605,7,2.9,one-year,0,4,2.0,referral,B,1
41,122.5,435,2,6.0,month-to-month,1,4,10.0,ads,A,0
61,102.83,507,3,0.7,month-to-month,1,3,8.0,organic,A,0
50,47.71,603,3,8.6,month-to-month,0,6,6.0,referral,A,0
10,32.38,292,3,2.1,one-year,1,4,10.0,referral,A,0
40,64.28,383,6,9.3,month-to-month,0,3,2.0,ads,A,1
32,93.32,501,3,2.5,one-year,0,2,5.0,ads,C,1
52,100.49,219,4,2.3,one-year,1,2,6.0,ads,A,0
31,68.46,467,2,2.9,month-to-month,1,2,8.0,ads,B,1
1,90.69,574,2,3.3,month-to-month,0,1,4.0,ads,A,1
57,34.02,496,5,0.0,month-to-month,1,3,6.0,organic,C,0
29,130.73,456,3,0.0,one-year,0,4,5.0,partner,A,0
7,98.14,232,1,7.6,month-to-month,0,1,8.0,organic,C,0
1,33.3,406,5,11.8,month-to-month,0,2,3.0,organic,A,1
43,35.36,248,5,0.0,month-to-month,0,2,5.0,ads,C,0
33,125.75,410,5,0.7,one-year,1,4,7.0,organic,A,0
49,50.03,424,6,0.0,month-to-month,1,3,5.0,referral,B,1
42,55.15,320,4,0.0,month-to-month,1,4,3.0,ads,B,0
6,44.75,589,1,11.6,month-to-month,1,1,1.0,organic,B,1
30,48.58,240,2,2.4,month-to-month,1,3,6.0,referral,B,0
25,37.83,735,4,5.9,month-to-month,1,3,7.0,partner,C,0
40,71.96,514,1,0.0,month-to-month,1,4,7.0,organic,B,0
13,29.66,528,2,4.7,one-year,0,4,6.0,organic,B,0
62,133.23,431,2,3.1,one-year,1,6,6.0,referral,B,0
29,98.38,211,4,5.1,month-to-month,0,2,1.0,ads,B,1
39,61.57,331,3,0.0,one-year,1,4,10.0,ads,B,0
53,62.85,373,4,6.3,month-to-month,1,5,8.0,ads,A,0
48,90.11,394,1,0.1,month-to-month,1,3,9.0,referral,A,1
41,33.53,324,2,4.5,two-year,1,4,5.0,ads,C,0
24,147.97,630,3,0.6,two-year,1,3,8.0,partner,B,0
4,113.44,291,4,0.0,two-year,0,3,6.0,organic,B,0
25,48.03,378,4,12.9,month-to-month,1,1,7.0,partner,B,1
65,128.52,288,0,0.0,one-year,1,5,9.0,referral,B,0
25,96.7,392,5,10.7,month-to-month,0,3,7.0,referral,C,0
64,122.5,163,2,4.7,one-year,0,2,6.0,organic,A,0
62,132.0,351,1,5.6,one-year,1,2,10.0,organic,A,0
10,103.46,554,7,11.2,one-year,0,3,6.0,ads,A,1
44,107.58,431,1,7.1,month-to-month,1,5,8.0,partner,C,0
66,127.14,221,3,4.9,month-to-month,0,1,4.0,ads,B,0
16,93.19,452,4,11.5,one-year,0,3,6.0,ads,A,1
45,80.5,482,4,1.9,one-year,1,2,5.0,ads,B,0
13,112.83,454,7,10.0,one-year,0,3,4.0,partner,B,1
37,71.18,462,2,9.8,month-to-month,1,1,6.0,ads,C,1
71,81.13,619,3,12.6,two-year,0,4,4.0,ads,B,0
41,66.7,572,1,5.7,two-year,0,2,7.0,organic,C,0
52,132.39,321,3,2.1,one-year,1,4,4.0,referral,B,0
72,76.53,344,3,4.3,one-year,1,2,8.0,organic,B,0
33,124.01,313,1,0.0,month-to-month,1,4,7.0,partner,A,0
64,120.89,438,1,5.8,month-to-month,1,4,8.0,ads,A,0
25,21.87,502,2,0.0,two-year,1,2,7.0,partner,B,0
39,135.32,233,3,2.6,month-to-month,1,4,8.0,referral,B,1
47,91.88,452,2,9.3,month-to-month,1,5,8.0,ads,C,0
39,92.32,321,4,9.4,month-to-month,0,5,8.0,organic,A,0
72,64.14,274,1,1.3,month-to-month,1,5,8.0,partner,A,0
16,128.09,433,3,3.8,month-to-month,0,3,7.0,partner,A,1
72,36.89,660,1,4.4,one-year,1,5,8.0,referral,A,0
54,82.08,419,2,1.5,one-year,0,1,4.0,organic,A,0
46,52.31,547,5,1.1,month-to-month,1,3,6.0,referral,B,1
6,119.24,443,4,15.0,one-year,1,3,2.0,ads,C,0
21,45.18,401,0,1.6,one-year,0,3,7.0,partner,C,0
11,37.69,483,7,1.3,month-to-month,0,2,2.0,ads,C,1
43,45.67,343,6,2.0,month-to-month,1,2,8.0,ads,A,0
16,134.41,223,5,5.2,month-to-month,1,3,5.0,partner,B,0
58,72.9,245,0,0.0,one-year,1,3,9.0,referral,A,0
22,23.23,398,5,10.6,two-year,1,3,7.0,referral,B,0
52,118.91,465,2,3.2,two-year,1,3,7.0,organic,A,0
23,107.03,447,3,2.3,one-year,1,3,4.0,ads,A,0
45,81.22,332,4,0.0,month-to-month,1,1,6.0,organic,B,0
72,149.66,415,0,2.2,two-year,1,5,9.0,referral,C,0
49,63.45,347,4,7.4,month-to-month,0,4,3.0,ads,C,1
72,84.54,253,1,1.5,two-year,1,2,7.0,organic,C,0
35,63.54,179,1,3.0,month-to-month,0,2,5.0,organic,A,0
19,88.83,371,3,4.6,month-to-month,1,4,5.0,organic,B,1
33,144.31,517,4,5.6,one-year,1,4,10.0,referral,B,0
20,23.88,406,3,0.2,one-year,1,2,8.0,organic,C,0
18,114.48,229,5,0.0,month-to-month,0,4,5.0,organic,A,0
32,90.94,558,3,8.1,one-year,1,1,5.0,partner,C,0
27,54.98,317,2,2.8,one-year,1,4,6.0,partner,A,0
37,62.04,112,2,6.9,two-year,1,5,6.0,organic,B,0
54,43.58,401,1,1.4,month-to-month,0,4,6.0,organic,C,0
31,89.01,557,1,7.4,month-to-month,1,4,5.0,organic,C,0
27,22.17,437,1,4.2,month-to-month,0,4,9.0,organic,A,0
55,122.81,274,4,4.3,one-year,0,3,9.0,referral,C,0
27,109.65,285,1,6.7,month-to-month,0,3,7.0,ads,B,0
36,69.62,559,8,0.0,one-year,0,3,7.0,referral,C,0
38,50.11,331,6,1.1,month-to-month,0,2,4.0,ads,B,0
1,84.63,244,9,11.6,month-to-month,0,3,2.0,ads,A,1
67,63.87,263,0,5.2,one-year,1,5,8.0,referral,B,0
56,121.79,368,5,1.4,month-to-month,1,4,7.0,organic,B,0
21,66.64,584,3,7.3,month-to-month,0,4,3.0,ads,C,0
22,113.97,502,4,4.9,month-to-month,1,3,7.0,ads,B,0
34,100.94,429,4,3.9,month-to-month,0,1,4.0,referral,B,1
67,93.05,731,1,0.0,one-year,1,4,9.0,organic,A,0
30,134.19,485,0,0.0,one-year,0,2,8.0,organic,C,0
41,103.28,773,7,16.2,month-to-month,0,3,4.0,ads,A,1
66,142.42,359,3,0.0,two-year,0,3,8.0,ads,B,0
22,81.48,415,1,0.0,one-year,0,3,2.0,partner,A,1
32,69.12,317,0,12.8,two-year,0,3,9.0,referral,B,0
41,100.91,430,4,1.3,month-to-month,0,2,7.0,partner,B,0
30,76.82,389,7,3.7,month-to-month,1,2,8.0,ads,C,0
27,80.72,819,4,6.5,one-year,0,2,9.0,organic,C,0
31,65.41,385,3,5.9,month-to-month,0,4,4.0,ads,B,0
41,113.32,561,1,4.3,month-to-month,0,5,9.0,ads,B,0
9,101.44,413,4,10.8,month-to-month,1,3,9.0,referral,C,1
25,91.59,500,6,5.7,month-to-month,0,5,1.0,organic,B,1
24,78.33,461,2,6.0,month-to-month,1,4,6.0,partner,A,0
4,104.37,474,3,1.4,one-year,1,4,7.0,ads,C,0
32,137.08,417,1,1.4,month-to-month,0,4,8.0,organic,B,0
22,118.41,197,3,5.2,month-to-month,0,1,2.0,ads,A,1
72,54.85,534,0,3.3,month-to-month,0,3,10.0,ads,C,0
19,106.19,173,3,8.5,month-to-month,0,3,5.0,referral,A,0
1,27.53,606,3,12.9,month-to-month,0,1,6.0,partner,A,0
42,134.45,487,3,4.3,month-to-month,0,5,6.0,partner,C,0
20,90.36,453,2,1.4,month-to-month,0,2,7.0,partner,B,0
13,109.0,423,2,1.4,one-year,0,3,1.0,ads,A,1
42,84.35,588,3,2.7,month-to-month,1,3,6.0,referral,B,0
26,94.11,592,2,0.0,month-to-month,0,6,9.0,ads,B,0
14,114.53,220,2,1.2,month-to-month,0,4,7.0,ads,C,1
66,133.64,113,5,0.0,month-to-month,1,4,4.0,ads,C,0
66,43.55,495,3,0.0,month-to-month,1,4,9.0,organic,A,0
28,59.05,419,2,12.2,two-year,0,2,4.0,ads,A,0
39,140.88,340,2,2.7,month-to-month,1,3,5.0,referral,A,1
37,24.4,435,2,11.8,month-to-month,0,3,3.0,ads,C,0
40,55.38,290,3,8.2,month-to-month,1,3,6.0,organic,B,1
18,86.23,483,12,3.3,one-year,0,1,8.0,ads,A,1
36,128.65,310,4,4.9,month-to-month,0,2,10.0,organic,A,0
33,73.35,398,3,0.0,one-year,0,4,4.0,organic,B,0
61,49.0,481,0,0.0,one-year,1,3,10.0,referral,B,0
30,59.75,338,7,0.9,month-to-month,1,3,7.0,organic,C,0
31,54.31,359,2,7.6,two-year,0,2,5.0,referral,B,0
46,40.05,402,4,2.4,month-to-month,0,4,5.0,ads,A,0
48,73.44,453,2,1.6,two-year,1,3,5.0,referral,C,0
17,81.93,595,5,1.5,month-to-month,1,3,6.0,organic,A,0
31,102.67,362,2,3.7,one-year,1,4,9.0,ads,A,0
1,97.4,514,3,7.7,month-to-month,0,2,5.0,organic,A,1
35,70.08,491,12,7.3,month-to-month,0,3,5.0,ads,C,0
17,45.56,455,3,6.9,month-to-month,0,1,3.0,organic,A,1
46,117.82,532,2,5.1,two-year,0,4,7.0,referral,B,0
9,99.23,621,5,10.0,month-to-month,1,2,6.0,ads,A,1
1,68.77,429,2,21.8,month-to-month,0,5,1.0,ads,B,1
46,48.47,508,9,0.0,month-to-month,0,4,7.0,ads,B,0
60,110.1,346,2,0.0,two-year,1,3,4.0,organic,A,0
30,107.79,374,5,9.2,month-to-month,0,1,7.0,ads,C,1
12,77.62,286,2,6.3,month-to-month,1,2,2.0,organic,A,0
66,62.59,380,4,8.8,month-to-month,0,5,2.0,ads,C,1
39,140.38,455,2,7.1,one-year,1,1,9.0,organic,A,0
20,112.83,418,3,0.0,one-year,0,2,9.0,organic,B,0
63,43.82,389,4,1.4,two-year,1,5,7.0,referral,A,0
1,57.67,388,5,14.9,month-to-month,0,4,2.0,ads,B,1
51,136.16,403,9,7.6,one-year,0,2,7.0,partner,B,0
9,51.65,404,5,6.7,month-to-month,1,3,5.0,ads,C,1
54,50.42,622,2,7.7,month-to-month,1,4,5.0,ads,A,0
33,27.26,415,5,9.6,one-year,1,4,5.0,ads,A,0
65,74.03,286,0,0.0,month-to-month,1,4,5.0,referral,A,0
42,73.16,660,5,15.9,one-year,0,4,4.0,ads,A,1
20,112.01,413,2,0.0,month-to-month,0,4,6.0,organic,C,1
62,141.9,399,3,4.7,month-to-month,1,4,6.0,partner,B,0
37,140.39,302,3,0.0,month-to-month,1,6,8.0,organic,B,0
15,62.73,320,3,10.5,month-to-month,0,3,4.0,ads,C,1
28,66.29,626,3,5.9,two-year,0,3,8.0,ads,B,0
22,141.84,302,8,11.8,month-to-month,0,2,5.0,organic,B,1
8,29.65,321,6,12.1,month-to-month,0,1,2.0,referral,C,1
44,68.52,498,3,0.0,month-to-month,0,4,7.0,referral,B,0
38,103.13,218,3,0.1,two-year,1,3,5.0,organic,A,0
59,24.41,552,2,0.0,month-to-month,1,2,10.0,ads,C,0
30,64.49,499,1,5.6,month-to-month,0,1,4.0,organic,A,0
59,87.67,402,2,6.1,month-to-month,1,5,8.0,organic,C,0
72,136.05,471,0,0.0,two-year,1,3,10.0,referral,B,0
41,51.4,624,6,7.6,one-year,0,3,7.0,referral,B,0
32,120.56,525,1,0.0,two-year,0,4,5.0,ads,C,0
45,78.86,535,3,3.3,month-to-month,0,2,5.0,organic,A,0
1,84.36,489,3,10.5,month-to-month,0,2,6.0,ads,A,0
42,21.15,395,0,4.0,two-year,1,4,7.0,referral,B,0
44,59.91,406,2,4.4,month-to-month,0,4,5.0,referral,C,0
40,135.69,447,4,4.4,one-year,1,4,5.0,ads,B,0
1,82.95,501,11,9.5,month-to-month,0,3,2.0,ads,C,1
1,101.14,365,4,6.5,one-year,0,2,3.0,organic,C,1
54,43.7,488,0,0.0,one-year,1,4,10.0,referral,B,0
49,147.62,389,2,6.8,month-to-month,0,4,7.0,organic,B,0
70,70.72,451,3,0.0,one-year,0,2,8.0,referral,B,0
37,68.24,431,2,3.0,month-to-month,0,4,8.0,organic,B,0
44,132.8,471,2,10.0,month-to-month,0,5,4.0,ads,C,1
45,44.46,467,2,3.6,one-year,0,3,10.0,ads,A,0
27,117.7,420,3,0.0,month-to-month,1,3,10.0,ads,A,0
6,65.44,313,0,0.0,two-year,1,3,9.0,organic,A,0
30,102.56,598,3,0.0,month-to-month,0,5,7.0,ads,A,0
30,136.0,361,9,5.0,one-year,0,3,5.0,partner,A,1
61,119.84,573,2,0.4,month-to-month,0,3,7.0,ads,B,0
50,106.5,267,1,1.8,two-year,0,5,6.0,ads,B,0
49,90.45,276,3,3.9,month-to-month,0,4,6.0,ads,B,0
51,24.61,563,2,0.0,one-year,1,2,5.0,organic,A,0
49,96.37,647,0,1.5,month-to-month,0,4,7.0,ads,B,0
4,79.02,496,7,5.1,month-to-month,0,4,10.0,ads,C,0
42,63.33,237,4,1.9,two-year,0,3,9.0,referral,B,0
34,79.48,568,5,2.1,month-to-month,0,2,6.0,ads,B,0
25,41.83,299,4,0.0,one-year,1,4,8.0,ads,B,0
45,44.76,277,0,0.0,one-year,1,2,5.0,partner,A,0
9,148.99,440,3,15.1,month-to-month,1,2,7.0,ads,A,1
15,125.83,355,2,0.0,one-year,0,4,10.0,referral,A,0
50,119.75,526,3,0.0,one-year,0,2,2.0,ads,A,1
25,122.86,487,1,6.6,month-to-month,0,2,6.0,partner,A,1
72,102.54,376,3,0.0,month-to-month,1,3,5.0,organic,A,0
45,149.59,503,4,0.2,month-to-month,0,4,2.0,partner,A,1
40,77.44,710,1,2.2,one-year,0,3,10.0,referral,C,0
31,138.79,384,6,5.7,one-year,1,5,4.0,organic,A,0
44,67.31,466,4,5.8,one-year,1,3,5.0,ads,B,0
56,88.47,500,1,5.4,two-year,0,5,9.0,organic,B,0
44,117.11,494,6,3.0,month-to-month,1,4,6.0,referral,A,0
29,78.83,693,5,7.2,one-year,0,4,3.0,ads,C,0
18,72.95,571,2,9.2,month-to-month,0,2,4.0,organic,A,0
32,110.76,293,3,6.8,one-year,0,4,8.0,referral,A,0
33,23.88,296,1,6.9,month-to-month,0,1,6.0,ads,B,0
33,66.41,405,3,2.1,month-to-month,0,1,6.0,ads,B,0
2,88.77,496,3,10.5,month-to-month,0,3,4.0,organic,A,0
3,47.22,554,3,9.5,month-to-month,0,1,6.0,ads,B,0
18,127.48,553,8,5.1,one-year,0,3,4.0,ads,A,1
29,22.35,418,3,3.4,month-to-month,1,3,10.0,organic,C,0
26,44.43,498,2,8.1,month-to-month,1,4,5.0,referral,A,0
19,68.12,627,3,11.5,month-to-month,0,3,5.0,referral,A,0
58,98.69,490,4,1.6,month-to-month,0,1,7.0,referral,C,0
59,60.92,470,5,0.0,month-to-month,1,3,9.0,ads,B,0
43,149.18,548,1,0.0,two-year,1,3,8.0,referral,B,0
10,39.48,451,2,7.5,month-to-month,0,1,4.0,ads,A,1
63,94.24,512,0,1.5,two-year,1,3,4.0,organic,C,0
57,56.16,665,1,1.8,one-year,0,2,8.0,organic,A,0
26,58.79,271,4,6.9,month-to-month,0,2,7.0,ads,A,1
21,22.06,398,6,1.7,two-year,1,2,6.0,organic,A,0
20,58.95,344,3,9.0,one-year,0,3,6.0,ads,B,0
30,127.32,335,2,0.0,month-to-month,0,3,6.0,organic,C,1
58,54.58,349,1,0.5,month-to-month,1,5,7.0,referral,C,0
69,94.69,145,2,3.7,one-year,1,4,9.0,ads,A,0
32,119.98,365,5,1.7,one-year,1,4,5.0,referral,B,0
15,122.39,561,3,8.5,month-to-month,0,3,6.0,partner,A,0
17,144.01,260,3,6.6,month-to-month,0,2,5.0,ads,A,1
49,102.98,197,1,13.8,month-to-month,1,2,5.0,ads,B,0
29,145.5,346,3,1.3,one-year,0,3,9.0,organic,B,0
39,39.27,320,6,13.5,month-to-month,0,2,2.0,ads,A,1
21,40.49,531,4,10.7,two-year,1,3,6.0,referral,B,0
27,87.21,647,1,9.3,one-year,1,4,4.0,ads,C,0
1,126.42,710,5,7.3,month-to-month,0,1,4.0,ads,A,1
37,131.22,324,1,10.9,month-to-month,1,3,5.0,partner,C,0
28,78.19,498,3,11.1,month-to-month,1,3,8.0,referral,C,0
22,145.66,417,4,9.2,month-to-month,1,1,5.0,ads,A,0
11,141.1,475,2,4.1,month-to-month,1,3,7.0,organic,B,1
40,69.57,495,1,9.2,one-year,1,6,9.0,organic,A,0
13,85.93,412,5,8.0,one-year,0,2,6.0,ads,A,1
15,81.21,297,7,9.1,month-to-month,0,2,4.0,ads,B,1
18,146.06,320,4,7.0,month-to-month,0,3,7.0,ads,C,0
22,124.51,447,0,0.0,two-year,1,6,7.0,ads,B,0
72,87.44,469,2,6.0,two-year,0,4,3.0,partner,A,0
10,23.44,340,3,6.8,month-to-month,0,2,5.0,ads,A,0
39,24.44,391,3,3.8,month-to-month,0,2,7.0,referral,B,0
1,51.17,572,2,9.0,month-to-month,1,2,1.0,ads,B,1
12,112.71,422,3,1.6,month-to-month,1,3,6.0,ads,B,0
42,58.02,481,1,1.3,month-to-month,1,4,5.0,ads,B,0
34,24.68,615,4,8.1,two-year,1,3,7.0,partner,C,0
67,109.56,439,6,2.1,two-year,1,4,10.0,referral,A,0
28,93.84,361,7,11.1,month-to-month,0,1,4.0,partner,C,0
47,137.06,357,1,0.0,one-year,0,4,9.0,organic,A,0
24,137.92,503,5,8.0,month-to-month,0,4,8.0,organic,A,0
54,149.29,225,2,8.6,one-year,0,5,9.0,referral,B,0
50,58.8,616,3,3.1,one-year,0,3,5.0,referral,C,0
16,58.53,571,1,1.7,month-to-month,0,3,6.0,referral,C,1
51,147.32,246,2,2.7,month-to-month,0,3,8.0,referral,A,0
25,146.43,354,6,0.9,month-to-month,0,1,5.0,organic,A,1
22,46.25,354,6,4.6,month-to-month,0,3,10.0,ads,A,0
60,80.56,490,2,2.0,two-year,0,4,8.0,organic,A,0
41,92.25,322,5,5.2,month-to-month,0,1,4.0,ads,A,0
44,139.08,111,3,0.0,two-year,0,2,6.0,organic,B,0
52,36.02,580,1,0.0,one-year,1,5,10.0,organic,A,0
54,55.97,122,3,1.2,month-to-month,0,2,4.0,ads,B,0
58,54.8,640,1,3.0,two-year,1,4,9.0,referral,A,0
23,140.8,370,4,5.9,one-year,0,3,4.0,referral,C,1
21,40.81,418,7,1.2,month-to-month,1,4,5.0,ads,A,1
44,92.13,386,3,0.1,two-year,0,3,8.0,ads,A,0
52,101.66,362,3,5.7,two-year,1,4,6.0,partner,C,0
1,75.45,429,4,5.4,month-to-month,1,4,6.0,referral,A,0
20,21.85,385,3,6.0,one-year,0,2,5.0,partner,C,1
36,32.5,310,0,2.0,month-to-month,1,2,8.0,organic,A,0
8,65.45,500,5,17.1,month-to-month,0,1,3.0,partner,A,1
19,129.18,390,4,6.3,month-to-month,0,5,7.0,ads,B,0
45,54.09,677,2,5.5,two-year,1,3,6.0,partner,C,0
59,52.19,305,0,0.0,one-year,0,4,2.0,referral,A,0
53,149.19,484,2,0.0,month-to-month,1,3,10.0,referral,C,0
63,128.97,351,1,0.0,one-year,0,2,8.0,ads,C,0
16,48.12,339,0,3.9,month-to-month,1,3,4.0,ads,A,1
48,43.58,418,4,0.9,one-year,1,2,4.0,organic,A,1
35,107.3,504,2,9.3,one-year,1,5,3.0,organic,A,0
22,90.03,524,4,11.6,month-to-month,0,2,4.0,ads,A,1
25,33.15,399,6,3.8,month-to-month,1,1,8.0,organic,C,0
39,36.27,625,3,3.8,one-year,0,1,5.0,organic,A,0
1,90.19,528,6,11.6,one-year,0,4,3.0,partner,B,1
15,90.45,457,4,7.4,month-to-month,1,3,6.0,ads,B,0
39,116.22,510,2,8.9,one-year,0,3,10.0,partner,A,0
1,55.57,289,3,11.6,month-to-month,0,2,5.0,ads,C,1
33,73.79,568,1,10.0,one-year,1,3,5.0,partner,A,0
44,147.23,251,3,3.6,month-to-month,1,4,8.0,organic,B,0
26,139.9,477,2,1.5,two-year,0,3,7.0,referral,C,0
22,100.5,409,3,1.7,two-year,0,1,4.0,referral,B,1
47,117.84,234,4,0.0,one-year,1,4,9.0,referral,B,0
59,135.87,261,2,0.0,month-to-month,1,3,6.0,organic,A,0
25,93.63,416,2,5.8,one-year,1,4,4.0,ads,B,0
17,146.6,407,2,12.8,month-to-month,1,4,5.0,organic,A,0
28,54.67,322,4,3.6,month-to-month,0,3,7.0,organic,A,0
14,42.17,369,1,7.7,one-year,1,4,8.0,organic,B,0
31,88.43,229,2,5.9,month-to-month,1,2,4.0,referral,B,0
72,75.38,233,2,0.1,month-to-month,1,3,8.0,referral,A,0
45,81.97,379,3,0.0,one-year,0,4,8.0,ads,B,0
23,32.54,182,3,7.2,month-to-month,0,3,7.0,organic,A,0
9,146.13,392,5,3.5,month-to-month,0,3,4.0,ads,B,1
39,92.55,479,0,6.7,month-to-month,1,1,3.0,ads,C,0
28,130.6,394,4,14.4,one-year,0,1,2.0,ads,A,1
32,108.81,483,5,6.9,one-year,1,1,6.0,organic,B,0
27,43.43,322,1,9.0,one-year,0,3,4.0,ads,C,0
55,73.89,158,1,4.1,month-to-month,1,2,5.0,ads,C,0
37,25.23,489,2,3.6,two-year,1,3,7.0,organic,A,0
40,84.7,382,4,9.6,month-to-month,0,4,7.0,ads,A,0
32,42.7,275,3,11.2,one-year,0,1,4.0,ads,A,0
58,21.37,371,2,0.0,one-year,1,4,10.0,ads,A,0
21,114.15,315,1,0.0,two-year,1,3,7.0,ads,A,0
17,134.04,520,4,8.0,month-to-month,1,3,5.0,referral,B,0
24,101.99,292,1,0.4,one-year,0,1,6.0,referral,A,0
43,42.06,306,4,2.7,two-year,0,4,8.0,organic,A,0
15,66.39,411,3,7.9,one-year,1,1,7.0,ads,A,1
42,39.8,421,2,0.0,one-year,1,3,10.0,referral,B,0
18,58.38,385,3,7.7,one-year,0,3,7.0,referral,A,1
1,82.92,155,1,6.2,two-year,1,4,5.0,ads,C,0
32,66.02,207,2,8.9,one-year,0,3,4.0,ads,C,1
21,119.36,437,6,5.7,month-to-month,0,2,6.0,ads,C,0
46,75.21,270,4,8.0,month-to-month,1,2,5.0,ads,A,0
33,35.42,485,6,3.5,one-year,0,4,9.0,partner,A,0
30,94.94,115,1,0.0,month-to-month,0,2,6.0,organic,B,0
52,81.32,353,2,0.0,month-to-month,1,3,8.0,referral,B,0
63,52.09,258,2,0.9,one-year,0,1,5.0,ads,B,0
30,98.28,226,6,9.1,month-to-month,0,1,7.0,ads,A,0
52,56.35,214,3,3.3,month-to-month,0,5,6.0,referral,A,0
15,103.35,377,6,0.0,one-year,0,1,5.0,partner,B,1
2,51.31,320,4,5.4,one-year,0,2,5.0,partner,B,0
39,21.78,335,8,7.4,month-to-month,1,1,5.0,organic,A,0
63,126.46,264,1,8.4,one-year,1,5,7.0,organic,B,0
58,93.16,526,3,6.3,month-to-month,1,3,7.0,ads,A,0
39,94.3,413,3,1.8,two-year,0,3,8.0,ads,A,0
58,20.49,366,3,1.5,month-to-month,1,3,6.0,ads,A,0
39,40.36,498,1,1.2,month-to-month,1,5,3.0,ads,C,1
64,73.61,419,1,0.0,two-year,1,2,6.0,ads,C,0
49,145.5,314,3,2.8,one-year,0,2,6.0,partner,B,0
47,113.94,455,0,5.5,two-year,0,5,6.0,organic,A,0
15,38.17,630,5,5.1,month-to-month,0,3,8.0,ads,B,1
34,78.59,378,3,2.2,month-to-month,0,3,5.0,referral,B,0
46,90.43,475,2,6.0,month-to-month,0,4,7.0,ads,C,0
57,72.09,565,2,8.5,one-year,1,4,5.0,organic,C,0
48,42.07,430,2,0.0,month-to-month,0,4,9.0,referral,B,0
34,104.89,544,6,4.0,month-to-month,1,4,10.0,ads,B,0
55,83.55,384,5,5.0,two-year,0,1,4.0,partner,B,0
1,142.63,112,3,11.7,month-to-month,0,2,5.0,ads,A,1
45,111.7,241,4,1.6,one-year,0,3,7.0,ads,B,0
31,37.19,488,1,13.3,one-year,1,4,10.0,ads,B,0
11,56.62,642,6,2.7,month-to-month,1,2,8.0,organic,B,1
10,79.04,317,6,11.0,month-to-month,0,3,4.0,ads,A,1
10,92.61,620,3,5.7,month-to-month,0,2,2.0,referral,A,1
7,93.68,275,8,5.6,month-to-month,0,1,2.0,partner,B,1
53,78.93,363,3,0.7,one-year,0,5,9.0,referral,A,0
40,133.86,411,4,1.4,one-year,0,2,5.0,organic,B,1
28,70.86,476,1,7.4,two-year,1,4,6.0,ads,C,0
61,120.59,487,2,4.8,one-year,1,4,7.0,organic,A,0
27,65.47,406,2,4.4,one-year,0,3,6.0,organic,A,0
38,57.2,738,5,6.7,one-year,0,2,2.0,organic,C,0
34,64.97,457,3,7.1,month-to-month,1,3,7.0,referral,C,1
6,107.98,333,3,7.6,month-to-month,0,2,8.0,ads,A,1
19,69.65,651,3,0.0,month-to-month,1,4,7.0,ads,A,1
11,45.28,448,7,6.1,month-to-month,0,3,6.0,referral,B,1
22,94.1,586,2,13.7,month-to-month,1,3,1.0,partner,A,1
31,39.79,207,9,1.4,month-to-month,0,3,2.0,ads,A,1
30,95.84,440,3,3.9,one-year,1,4,10.0,partner,C,0
39,92.88,379,4,2.3,month-to-month,0,2,5.0,ads,B,1
7,147.07,351,8,10.7,month-to-month,0,3,8.0,organic,C,1
47,43.43,443,3,0.1,month-to-month,1,1,6.0,ads,C,0
60,149.58,567,3,0.0,one-year,1,2,8.0,referral,A,0
11,39.22,400,3,8.1,one-year,1,1,7.0,organic,C,0
29,130.07,605,0,1.4,month-to-month,1,2,6.0,ads,A,0
53,130.33,259,2,2.8,month-to-month,0,5,8.0,organic,B,0
1,50.55,461,4,9.2,month-to-month,0,3,3.0,ads,A,1
59,30.04,489,0,2.6,one-year,1,2,5.0,referral,C,0
48,46.99,112,1,0.0,one-year,0,5,6.0,partner,B,0
55,67.27,483,1,0.0,two-year,0,3,7.0,ads,B,0
7,76.79,387,7,9.3,month-to-month,0,4,3.0,partner,B,1
1,103.22,473,2,0.0,one-year,0,1,7.0,ads,C,0
33,98.45,574,5,7.0,month-to-month,0,3,5.0,organic,A,1
36,117.56,450,0,2.6,two-year,1,2,8.0,organic,C,0
42,110.79,385,3,4.8,month-to-month,1,3,8.0,ads,C,0
70,23.17,224,1,2.1,one-year,1,2,7.0,referral,C,0
41,119.46,410,2,1.0,month-to-month,0,2,6.0,organic,C,0
59,91.95,608,2,3.4,month-to-month,0,4,6.0,partner,C,0
52,142.71,18,2,0.0,month-to-month,0,4,10.0,ads,A,0
29,56.91,571,2,1.0,one-year,0,4,5.0,organic,B,1
48,64.29,502,2,0.0,month-to-month,1,4,5.0,referral,B,0
46,67.77,413,1,7.6,month-to-month,1,2,7.0,referral,A,1
37,103.28,498,7,5.1,one-year,0,2,5.0,partner,A,0
1,63.87,568,2,11.5,month-to-month,0,3,4.0,ads,B,1
18,60.04,363,4,9.7,one-year,0,3,4.0,organic,C,1
68,43.83,432,0,7.6,month-to-month,0,2,9.0,ads,B,0
47,65.18,421,0,0.0,one-year,1,4,8.0,organic,A,0
72,112.27,621,1,0.0,two-year,1,5,9.0,organic,A,0
54,61.02,421,1,2.0,month-to-month,1,3,8.0,organic,A,0
64,114.57,439,1,0.0,month-to-month,1,4,6.0,ads,C,0
17,74.53,542,2,6.4,two-year,1,1,5.0,ads,A,0
10,112.8,486,4,9.7,month-to-month,0,3,5.0,ads,B,0
47,135.12,448,1,5.8,one-year,1,1,10.0,ads,B,0
18,24.73,248,4,4.4,two-year,1,3,7.0,organic,A,1
33,65.98,365,3,3.1,month-to-month,0,2,7.0,organic,B,0
44,68.86,467,4,10.6,one-year,0,5,9.0,ads,A,0
67,94.57,437,3,3.0,one-year,0,3,6.0,ads,C,0
57,85.71,402,1,0.0,one-year,1,3,10.0,partner,C,0
61,109.08,510,2,0.0,one-year,1,5,10.0,organic,A,0
60,20.73,701,2,0.0,two-year,0,3,7.0,referral,A,0
32,139.75,430,4,0.0,month-to-month,1,4,7.0,ads,B,0
40,95.07,505,3,3.4,month-to-month,0,3,10.0,partner,A,0
67,107.22,394,3,0.1,month-to-month,1,4,7.0,referral,B,0
44,66.1,274,4,0.0,two-year,1,3,8.0,partner,B,0
36,50.71,380,4,3.5,month-to-month,0,2,7.0,partner,B,1
63,109.35,445,1,1.4,one-year,1,4,10.0,referral,A,0
1,134.91,412,6,4.7,month-to-month,0,3,4.0,ads,A,1
44,44.96,432,2,5.3,month-to-month,1,6,7.0,referral,C,0
28,144.57,196,4,8.3,month-to-month,0,4,6.0,partner,A,0
48,44.55,360,4,0.0,month-to-month,0,4,7.0,referral,B,0
24,84.49,211,1,7.8,one-year,1,2,4.0,ads,A,1
1,57.78,459,6,8.1,one-year,0,1,2.0,partner,A,1
34,101.9,418,2,0.0,month-to-month,1,3,5.0,ads,C,0
28,34.5,395,2,7.2,month-to-month,1,5,6.0,ads,B,0
64,20.16,223,1,8.4,month-to-month,1,5,6.0,referral,B,0
63,120.79,400,4,3.2,month-to-month,0,4,7.0,partner,A,0
62,127.59,609,4,0.0,month-to-month,1,1,10.0,partner,A,0
37,85.87,349,4,10.6,month-to-month,0,1,8.0,partner,A,0
14,82.26,433,3,12.1,month-to-month,1,2,2.0,ads,A,1
24,28.58,445,3,1.1,month-to-month,0,3,4.0,organic,B,1
49,129.52,221,1,0.0,month-to-month,1,3,6.0,ads,B,0
47,123.6,225,0,0.0,one-year,1,5,7.0,organic,C,0
35,127.62,235,3,0.0,month-to-month,0,4,2.0,partner,C,0
60,50.55,470,2,9.1,month-to-month,0,3,8.0,ads,A,0
18,92.14,580,8,10.3,month-to-month,0,1,4.0,partner,A,0
37,127.44,647,2,7.7,month-to-month,1,2,6.0,ads,A,0
11,58.1,402,3,8.3,month-to-month,0,2,4.0,organic,C,1
34,132.84,562,4,7.0,month-to-month,0,3,4.0,partner,A,1
7,102.56,368,6,6.7,month-to-month,1,2,5.0,ads,B,1
27,76.12,263,3,0.0,month-to-month,0,5,7.0,organic,B,0
41,71.2,307,4,0.0,month-to-month,0,3,8.0,organic,A,0
59,123.39,364,1,4.5,two-year,1,2,8.0,ads,B,0
52,141.0,415,3,7.3,month-to-month,0,3,7.0,ads,A,0
39,23.13,411,2,7.0,two-year,0,3,4.0,partner,B,0
49,30.57,500,1,0.9,one-year,1,3,10.0,organic,C,0
37,140.94,395,2,3.4,one-year,1,3,5.0,ads,B,0
5,138.13,542,3,14.0,month-to-month,1,1,5.0,ads,C,0
30,137.63,336,3,0.0,month-to-month,1,3,5.0,partner,A,0
28,148.0,367,6,0.0,one-year,1,4,6.0,organic,A,0
26,130.67,634,5,7.8,month-to-month,0,2,5.0,partner,B,1
34,30.45,152,4,7.9,month-to-month,0,1,6.0,referral,A,0
35,84.44,737,2,0.0,month-to-month,1,3,10.0,partner,A,0
28,91.29,485,2,6.8,month-to-month,0,4,5.0,organic,B,1
49,131.47,816,5,0.0,month-to-month,0,5,8.0,organic,B,0
38,116.76,597,4,0.0,two-year,1,4,8.0,referral,C,0
53,142.79,392,3,5.5,one-year,1,4,4.0,organic,B,0
31,26.46,255,5,0.8,month-to-month,0,4,7.0,ads,B,0
72,25.24,622,3,0.0,two-year,1,4,8.0,referral,B,0
47,141.27,205,4,2.9,month-to-month,1,2,9.0,partner,C,0
58,127.23,482,2,0.0,one-year,1,4,10.0,organic,B,0
37,133.43,297,1,0.0,one-year,1,5,8.0,referral,B,0
28,140.05,545,2,0.0,one-year,1,4,8.0,organic,A,0
4,114.87,211,4,10.0,one-year,0,4,6.0,ads,C,0
32,107.47,521,3,3.8,one-year,0,4,10.0,organic,A,0
41,45.9,484,3,0.0,one-year,0,3,5.0,organic,C,0
21,80.81,450,3,0.6,two-year,1,3,5.0,partner,B,0
41,141.66,470,4,3.2,one-year,1,2,8.0,referral,C,0
67,63.21,448,2,2.9,month-to-month,1,4,8.0,organic,C,0
41,69.24,322,3,4.1,one-year,1,3,6.0,referral,C,0
57,38.76,261,4,9.0,one-year,1,1,6.0,ads,A,0
27,93.54,404,4,0.0,two-year,0,4,9.0,ads,B,0
26,46.04,684,2,6.6,month-to-month,0,1,5.0,referral,B,0
31,112.03,494,1,1.8,month-to-month,1,3,7.0,organic,C,0
46,136.33,327,3,2.7,month-to-month,0,2,5.0,partner,B,0
1,144.49,515,7,0.0,two-year,0,3,4.0,ads,A,0
24,95.87,383,5,2.9,two-year,1,4,7.0,referral,B,0
22,46.11,309,2,0.5,month-to-month,1,2,5.0,ads,C,1
72,122.85,579,0,0.0,two-year,1,4,7.0,referral,B,0
18,29.69,513,5,12.2,month-to-month,0,2,3.0,organic,B,0
9,111.57,417,3,5.1,month-to-month,1,4,6.0,organic,B,0
22,102.53,614,1,7.1,month-to-month,1,5,9.0,referral,C,0
68,58.91,485,7,0.9,two-year,1,2,7.0,referral,B,0
25,129.38,449,3,2.1,month-to-month,0,2,4.0,referral,A,1
21,42.11,188,1,8.8,one-year,1,1,6.0,partner,A,0
63,139.46,588,2,1.2,one-year,1,2,6.0,ads,C,0
48,45.33,218,2,5.8,one-year,1,2,7.0,referral,A,0
72,82.65,443,3,0.0,one-year,1,1,8.0,referral,A,0
32,130.43,460,0,2.0,month-to-month,1,2,3.0,ads,A,1
24,64.17,354,4,0.5,one-year,0,3,10.0,ads,C,0
26,145.04,278,5,10.4,one-year,0,2,5.0,partner,A,1
40,86.53,437,2,4.5,month-to-month,0,2,6.0,ads,A,1
38,70.32,500,2,3.6,one-year,0,2,3.0,ads,B,1
46,74.7,332,1,8.0,one-year,0,6,2.0,ads,A,0
14,31.99,345,1,0.0,month-to-month,1,4,7.0,ads,B,0
42,64.02,272,1,9.7,one-year,0,3,6.0,referral,A,0
27,54.52,207,2,0.0,one-year,1,5,9.0,partner,B,1
36,25.16,400,3,4.6,one-year,1,2,5.0,ads,A,0
50,143.67,324,2,0.0,month-to-month,1,2,7.0,referral,B,0
13,63.85,506,6,7.7,one-year,1,2,1.0,ads,A,1
29,51.86,507,5,9.8,one-year,1,5,7.0,ads,C,0
24,126.76,498,1,5.7,one-year,0,3,7.0,ads,B,0
30,36.84,327,1,0.0,month-to-month,0,1,3.0,ads,A,0
35,118.71,544,1,0.0,one-year,0,4,9.0,organic,B,0
33,136.12,296,5,2.1,one-year,1,3,2.0,organic,C,1
63,59.72,527,0,0.0,two-year,1,3,10.0,referral,B,0
61,104.13,485,3,1.6,month-to-month,1,3,4.0,ads,C,0
34,61.04,509,3,11.0,month-to-month,0,4,6.0,referral,C,0
40,87.53,238,7,3.9,month-to-month,0,4,8.0,ads,A,1
67,57.03,582,2,1.1,month-to-month,1,3,7.0,ads,B,0
20,73.89,442,3,6.7,month-to-month,0,4,9.0,ads,A,1
5,105.43,416,2,2.5,month-to-month,0,4,9.0,ads,A,1
36,97.94,296,2,4.4,one-year,1,2,7.0,referral,C,0
1,26.58,343,6,8.5,month-to-month,0,5,6.0,partner,B,1
72,80.55,393,1,8.4,two-year,1,4,10.0,organic,A,0
51,35.26,393,2,9.4,month-to-month,0,3,7.0,ads,C,0
72,65.1,636,0,8.1,two-year,1,4,8.0,organic,A,0
39,136.28,411,3,3.5,month-to-month,1,4,6.0,ads,A,0
32,21.44,381,4,9.1,one-year,1,3,2.0,ads,A,1
29,55.24,390,3,5.1,two-year,0,2,4.0,referral,A,0
59,92.58,470,1,0.0,one-year,1,4,10.0,organic,B,0
16,61.58,450,5,0.0,two-year,0,4,7.0,ads,A,1
12,98.57,284,1,0.0,month-to-month,1,3,8.0,ads,C,0
36,81.58,660,0,5.9,month-to-month,1,5,10.0,referral,C,0
25,77.49,389,2,0.0,one-year,1,2,6.0,organic,A,0
53,120.94,249,1,8.5,one-year,1,4,7.0,ads,B,0
50,41.54,336,1,12.5,month-to-month,0,6,5.0,partner,A,0
8,109.55,414,4,0.7,month-to-month,1,3,6.0,ads,C,1
58,105.81,637,5,9.3,month-to-month,1,2,6.0,referral,C,0
57,130.08,388,3,0.0,two-year,1,4,6.0,ads,B,0
1,62.56,310,6,9.7,month-to-month,0,4,2.0,ads,C,1
30,109.62,376,1,0.0,month-to-month,0,4,5.0,ads,A,1
29,110.6,403,6,4.5,two-year,0,3,7.0,organic,A,0
44,82.1,401,7,4.2,one-year,1,2,3.0,ads,A,0
33,77.26,192,1,3.3,two-year,0,4,6.0,referral,A,0
40,111.9,290,0,6.7,month-to-month,1,4,7.0,ads,C,0
41,80.88,526,6,6.4,two-year,1,2,8.0,referral,A,0
41,42.92,471,9,7.7,one-year,1,4,6.0,organic,B,0
44,125.96,465,1,4.4,one-year,1,1,8.0,referral,B,0
48,46.48,342,1,0.0,one-year,1,5,10.0,referral,A,0
49,44.05,225,0,0.0,one-year,1,5,9.0,referral,B,0
53,115.86,432,3,8.5,month-to-month,0,4,4.0,ads,A,1
27,50.04,474,1,0.0,month-to-month,0,1,6.0,ads,A,1
16,50.18,658,2,9.5,one-year,1,4,8.0,organic,A,0
51,107.85,312,1,2.0,one-year,0,6,7.0,organic,C,0
42,27.51,504,3,2.7,two-year,0,3,9.0,referral,C,0
5,48.87,493,6,0.4,month-to-month,0,3,6.0,partner,C,1
70,76.98,180,3,2.3,month-to-month,1,1,6.0,referral,A,0
6,57.15,461,3,13.5,one-year,0,1,4.0,ads,B,1
48,103.58,307,1,1.4,month-to-month,0,4,10.0,referral,B,0
32,31.3,494,5,8.9,one-year,0,1,6.0,referral,A,0
63,72.58,516,3,2.5,one-year,0,2,5.0,referral,A,0
7,109.26,334,5,5.4,month-to-month,0,2,6.0,ads,A,0
54,120.35,473,4,0.1,month-to-month,0,4,4.0,referral,B,0
33,121.43,663,7,15.2,month-to-month,0,1,2.0,ads,C,1
38,76.23,463,4,5.1,month-to-month,1,3,9.0,organic,C,0
16,60.69,379,2,2.8,month-to-month,1,1,4.0,ads,A,1
21,108.15,447,6,0.0,month-to-month,0,3,6.0,partner,C,0
60,51.78,346,5,0.0,month-to-month,1,6,10.0,partner,C,0
45,138.26,310,4,0.0,two-year,0,3,7.0,organic,B,0
40,45.97,550,2,4.4,one-year,0,5,10.0,organic,B,0
53,64.67,398,1,6.3,two-year,1,3,4.0,organic,B,0
30,25.73,501,3,0.0,two-year,1,4,9.0,organic,C,0
6,23.54,357,4,7.2,month-to-month,1,2,3.0,ads,C,1
20,113.89,538,5,7.3,two-year,0,3,4.0,ads,C,1
71,124.29,494,0,2.2,month-to-month,1,3,10.0,organic,B,0
42,38.12,645,1,0.0,month-to-month,0,2,7.0,referral,A,1
22,55.56,448,10,10.5,month-to-month,0,2,6.0,partner,A,1
34,41.21,417,2,0.6,month-to-month,0,1,4.0,ads,A,0
57,52.02,374,6,5.6,month-to-month,1,4,10.0,organic,A,0
37,54.73,457,1,3.2,two-year,0,6,9.0,organic,C,0
38,122.92,416,1,4.7,month-to-month,1,2,7.0,ads,B,0
1,35.89,476,6,14.4,month-to-month,0,1,1.0,ads,A,1
72,98.0,308,2,0.0,month-to-month,1,4,9.0,ads,B,0
9,54.99,460,4,5.4,month-to-month,0,3,4.0,ads,A,1
1,82.85,418,5,14.7,month-to-month,0,2,2.0,ads,B,1
10,57.27,460,5,17.0,month-to-month,0,1,3.0,ads,A,1
47,108.74,179,3,0.0,one-year,1,5,9.0,partner,B,0
42,103.5,372,1,1.1,month-to-month,0,4,5.0,organic,A,0
37,55.82,598,5,2.5,two-year,1,1,10.0,partner,B,0
36,95.3,344,3,0.1,one-year,1,1,10.0,organic,C,0
68,37.31,386,2,1.6,two-year,0,6,8.0,referral,C,0
69,139.45,357,1,4.3,month-to-month,1,3,10.0,ads,A,0
40,143.66,260,3,14.3,month-to-month,0,1,5.0,partner,C,0
28,145.19,319,3,11.3,month-to-month,1,1,4.0,organic,B,0
23,110.78,350,2,17.5,one-year,0,1,4.0,partner,C,1
36,82.35,499,1,0.0,month-to-month,1,4,6.0,ads,B,0
50,142.22,390,2,4.0,month-to-month,0,5,5.0,referral,C,0
61,26.19,532,1,0.0,month-to-month,1,3,7.0,ads,C,0
39,81.71,442,2,0.3,one-year,0,1,2.0,organic,C,0
21,126.5,322,2,7.8,month-to-month,0,4,6.0,partner,C,0
71,78.93,105,4,3.6,one-year,1,4,9.0,organic,A,0
70,127.81,651,1,0.0,month-to-month,1,3,10.0,ads,C,0
23,145.75,493,4,15.3,month-to-month,0,2,4.0,organic,B,1
31,52.18,331,0,0.0,month-to-month,0,3,5.0,organic,A,0
16,43.5,592,3,1.8,month-to-month,0,4,9.0,organic,C,1
42,143.2,430,4,6.8,month-to-month,1,3,4.0,ads,A,1
32,49.06,403,0,0.0,one-year,1,4,10.0,referral,B,0
29,101.67,687,1,7.1,two-year,0,3,6.0,partner,B,0
33,77.29,492,5,3.2,month-to-month,0,5,8.0,ads,B,1
46,66.51,609,3,8.7,two-year,1,3,4.0,ads,C,0
46,36.9,606,4,3.4,one-year,0,5,6.0,ads,A,1
44,94.29,369,3,0.0,one-year,1,4,7.0,organic,B,0
28,60.25,334,2,0.0,one-year,0,3,6.0,ads,B,0
56,78.46,546,0,2.4,two-year,0,6,9.0,ads,A,0
27,104.27,533,6,8.2,month-to-month,1,2,6.0,organic,A,0
34,148.49,451,4,0.0,one-year,0,4,5.0,ads,A,1
19,65.05,483,4,0.0,month-to-month,0,2,5.0,partner,B,1
5,70.89,382,6,8.5,month-to-month,0,2,3.0,organic,A,1
45,70.28,347,3,0.0,two-year,1,1,6.0,ads,C,0
20,78.8,327,3,16.3,month-to-month,0,1,4.0,organic,C,1
44,89.54,599,6,0.0,month-to-month,1,3,10.0,referral,A,0
20,23.97,740,4,7.0,one-year,1,5,6.0,ads,A,1
31,129.4,380,6,8.6,one-year,1,3,8.0,organic,B,0
42,96.17,479,3,0.0,month-to-month,0,5,9.0,referral,B,1
42,75.21,432,3,2.7,one-year,1,5,7.0,ads,C,0
39,20.2,487,3,0.0,two-year,1,3,5.0,ads,B,0
39,57.82,342,0,2.5,month-to-month,0,5,4.0,organic,B,0
26,57.78,417,4,2.0,month-to-month,0,3,4.0,ads,B,1
38,110.03,305,2,4.7,month-to-month,1,3,9.0,referral,C,0
7,40.8,413,1,3.4,month-to-month,1,4,3.0,partner,C,0
63,32.63,462,4,4.1,month-to-month,0,3,5.0,organic,A,0
27,115.49,653,1,0.0,one-year,1,3,7.0,referral,C,0
19,82.54,349,10,7.9,one-year,0,1,5.0,ads,B,1
32,119.37,483,7,9.2,month-to-month,0,4,7.0,ads,C,0
24,47.72,678,5,0.3,month-to-month,0,1,1.0,organic,C,1
38,39.38,421,1,5.7,month-to-month,0,1,5.0,organic,C,1
28,28.83,142,6,5.5,month-to-month,0,4,2.0,partner,B,1
42,72.46,216,1,8.9,one-year,1,4,7.0,referral,B,0
48,85.67,455,3,0.0,one-year,0,4,9.0,organic,B,0
38,79.91,380,2,0.0,month-to-month,1,3,5.0,referral,A,0
37,118.14,353,2,7.1,month-to-month,0,4,4.0,ads,A,1
49,102.75,696,5,4.4,month-to-month,1,2,3.0,referral,A,1
42,63.85,457,2,8.0,month-to-month,1,4,7.0,organic,C,1
51,84.58,484,0,4.6,month-to-month,1,6,8.0,partner,B,0
54,53.62,497,3,4.7,one-year,1,3,6.0,organic,C,0
45,95.03,347,5,5.1,one-year,1,3,5.0,ads,C,0
48,34.54,483,6,6.3,one-year,0,1,3.0,organic,A,0
1,28.17,313,12,8.2,month-to-month,0,2,6.0,partner,A,1
58,113.32,421,1,2.2,two-year,1,3,8.0,organic,B,0
52,111.55,369,0,8.0,one-year,1,5,5.0,referral,C,0
30,96.41,258,3,0.0,one-year,1,6,6.0,organic,B,0
38,59.14,386,3,2.7,two-year,0,3,5.0,referral,A,0
69,41.49,390,2,0.6,month-to-month,1,2,10.0,organic,C,0
18,78.41,335,5,3.0,one-year,1,1,7.0,organic,A,0
54,34.53,416,2,0.0,one-year,1,5,8.0,ads,A,0
49,103.72,237,2,2.4,month-to-month,1,2,10.0,ads,B,0
13,89.09,64,3,11.0,one-year,0,4,8.0,organic,B,0
41,76.75,80,1,0.5,month-to-month,0,4,7.0,referral,A,0
45,23.84,401,2,0.0,month-to-month,0,3,6.0,organic,C,1
28,111.07,484,1,6.1,one-year,1,4,6.0,referral,B,0
24,134.06,450,0,1.6,month-to-month,0,3,5.0,ads,B,0
34,110.46,567,4,3.4,month-to-month,1,1,10.0,referral,A,0
72,90.34,478,1,0.0,two-year,1,4,8.0,referral,B,0
60,117.06,372,1,0.0,month-to-month,0,6,10.0,referral,A,0
32,115.52,343,5,1.7,one-year,1,2,9.0,referral,C,0
47,116.3,589,7,0.0,month-to-month,1,2,6.0,referral,B,0
36,49.12,713,1,0.6,one-year,1,3,10.0,referral,A,0
18,37.16,455,1,4.5,month-to-month,0,6,4.0,referral,A,1
31,36.04,507,3,0.0,month-to-month,0,2,6.0,ads,A,0
49,31.23,260,5,2.3,month-to-month,1,2,5.0,ads,B,0
45,134.59,210,3,14.5,month-to-month,1,2,8.0,ads,A,0
1,85.58,600,5,12.7,month-to-month,0,1,2.0,organic,B,1
32,43.95,216,4,7.9,month-to-month,1,3,4.0,referral,B,0
24,74.78,523,3,5.4,one-year,0,3,8.0,ads,C,0
57,29.65,669,0,0.0,one-year,1,2,10.0,referral,C,0
20,44.28,631,1,7.7,month-to-month,0,3,5.0,partner,C,1
17,117.47,394,2,12.4,month-to-month,0,1,4.0,organic,B,0
32,96.4,367,1,0.6,one-year,0,4,4.0,ads,C,0
3,40.65,448,8,2.7,month-to-month,0,1,5.0,organic,C,1
29,96.33,277,3,0.0,one-year,0,3,8.0,organic,B,0
46,91.07,407,1,0.0,month-to-month,0,2,6.0,partner,B,0
48,105.98,558,3,5.7,two-year,1,4,7.0,referral,C,0
22,143.13,713,8,6.5,one-year,0,4,2.0,partner,A,1
23,39.16,572,3,8.6,one-year,1,4,7.0,organic,B,0
43,136.28,570,5,4.0,month-to-month,0,3,1.0,partner,B,1
32,55.5,611,1,0.0,month-to-month,1,3,8.0,ads,A,0
46,62.83,134,4,0.9,two-year,1,3,4.0,partner,B,1
35,81.25,433,5,3.7,month-to-month,0,3,7.0,organic,C,0
37,120.24,224,2,3.4,one-year,1,3,6.0,ads,C,0
48,112.5,279,2,5.5,month-to-month,1,2,8.0,ads,A,0
35,82.43,398,1,0.8,two-year,1,3,10.0,organic,A,0
32,125.82,617,4,6.8,two-year,0,2,8.0,partner,A,1
56,99.76,380,4,6.3,month-to-month,1,3,4.0,referral,A,0
49,142.27,346,3,11.6,one-year,0,1,5.0,partner,B,0
24,80.3,405,5,0.0,month-to-month,0,3,9.0,organic,C,0
38,118.02,414,4,3.7,one-year,1,1,7.0,organic,A,0
72,28.48,220,1,4.1,one-year,1,4,7.0,referral,C,0
50,61.77,578,2,14.9,month-to-month,1,3,6.0,organic,C,0
24,139.12,397,2,4.3,month-to-month,0,5,6.0,referral,C,1
22,87.16,312,3,0.0,one-year,0,4,4.0,ads,C,1
44,143.69,536,5,11.3,month-to-month,0,1,7.0,partner,A,1
24,20.84,292,4,0.0,one-year,0,3,8.0,ads,A,1
34,81.26,511,4,10.3,one-year,1,2,2.0,partner,C,1
56,114.47,423,4,2.3,month-to-month,1,3,8.0,organic,A,0
36,62.63,224,3,6.5,month-to-month,0,2,4.0,partner,A,0
41,80.37,495,5,0.0,month-to-month,1,4,5.0,partner,A,0
11,41.66,224,5,6.4,month-to-month,0,3,2.0,partner,A,1
66,76.28,400,3,0.0,two-year,0,3,5.0,ads,C,0
40,85.89,230,0,3.8,one-year,1,3,7.0,organic,B,0
34,98.04,522,3,0.0,month-to-month,1,3,6.0,ads,C,0
23,80.1,307,5,0.0,one-year,0,1,3.0,ads,C,0
42,47.61,419,2,6.1,month-to-month,1,4,6.0,referral,A,0
6,144.96,533,5,2.5,one-year,1,3,6.0,referral,C,0
24,120.78,256,4,5.3,month-to-month,0,3,7.0,partner,C,0
39,125.6,299,3,0.0,one-year,0,4,10.0,referral,A,0
58,102.83,260,2,5.1,one-year,1,6,7.0,ads,A,0
23,129.21,276,2,7.3,month-to-month,0,5,9.0,ads,B,0
1,96.37,572,3,7.9,month-to-month,0,3,6.0,organic,B,1
14,125.68,430,1,1.6,one-year,0,3,7.0,referral,C,0
14,141.22,365,2,2.2,one-year,1,4,7.0,referral,B,0
29,31.78,275,7,6.1,one-year,0,1,1.0,ads,A,1
46,112.1,359,1,0.0,one-year,1,4,7.0,referral,A,0
43,66.0,369,1,6.0,one-year,1,4,7.0,organic,B,0
58,63.72,309,5,8.2,month-to-month,1,4,9.0,organic,B,0
24,38.71,468,7,9.6,one-year,0,3,4.0,organic,C,1
1,145.19,302,6,16.4,one-year,1,2,7.0,partner,A,1
55,117.02,235,4,2.7,month-to-month,1,4,7.0,ads,B,0
42,28.48,258,2,5.2,one-year,0,2,4.0,referral,B,1
37,79.29,355,4,0.5,month-to-month,0,3,6.0,partner,C,0
34,76.65,595,5,4.0,month-to-month,0,1,6.0,ads,B,0
60,32.41,608,1,0.0,month-to-month,0,5,10.0,organic,B,0
25,107.4,226,1,7.8,one-year,0,1,5.0,ads,C,0
34,41.21,296,2,0.0,one-year,1,3,8.0,organic,C,0
46,38.81,128,1,0.7,two-year,1,3,8.0,organic,C,0
5,70.34,395,3,10.0,month-to-month,0,2,4.0,ads,A,1
22,47.93,328,3,2.8,month-to-month,1,4,4.0,ads,B,1
38,134.97,454,6,8.6,month-to-month,1,2,1.0,organic,A,1
30,119.76,300,5,8.0,month-to-month,1,2,7.0,ads,A,1
39,118.37,538,3,10.5,one-year,1,3,5.0,organic,B,0
68,90.06,470,3,7.6,one-year,0,2,7.0,organic,B,0
48,85.19,393,2,3.4,month-to-month,0,2,5.0,ads,B,0
21,119.05,307,7,9.2,month-to-month,1,3,3.0,partner,C,1
21,118.2,708,5,10.7,one-year,0,4,6.0,organic,B,0
5,61.46,419,7,8.2,month-to-month,0,1,2.0,ads,B,1
22,55.47,380,4,10.9,month-to-month,0,3,5.0,ads,C,1
27,51.53,449,3,1.8,one-year,1,2,9.0,referral,C,0
72,128.57,165,1,2.5,two-year,1,3,5.0,ads,B,0
36,68.33,330,5,0.7,month-to-month,0,2,4.0,ads,B,0
20,115.07,508,1,13.4,month-to-month,0,2,5.0,ads,B,1
18,73.4,529,2,2.5,month-to-month,0,3,7.0,ads,C,1
40,74.84,486,4,12.2,month-to-month,0,5,8.0,ads,B,0
1,95.07,137,4,15.3,month-to-month,0,4,2.0,partner,A,1
60,113.84,396,5,7.2,one-year,1,2,7.0,ads,A,0
64,56.5,306,3,2.1,month-to-month,0,3,4.0,ads,C,0
68,132.21,480,1,0.0,month-to-month,1,3,8.0,organic,B,0
10,76.0,439,2,5.5,month-to-month,0,2,7.0,organic,B,0
48,66.22,523,3,6.1,month-to-month,1,2,4.0,referral,B,0
31,53.41,371,4,7.0,month-to-month,1,3,7.0,ads,A,0
53,61.38,431,1,7.9,month-to-month,0,3,10.0,partner,C,0
11,122.55,607,5,10.5,month-to-month,0,2,6.0,ads,C,1
30,30.8,621,1,2.7,month-to-month,0,3,5.0,ads,C,0
26,39.86,549,2,7.9,one-year,1,2,6.0,organic,C,0
43,67.55,190,0,0.0,two-year,0,3,10.0,ads,A,0
48,41.57,360,1,6.2,month-to-month,0,3,3.0,ads,C,0
15,96.72,592,0,11.0,month-to-month,1,3,7.0,ads,B,0
42,119.63,415,4,9.6,two-year,0,2,8.0,ads,C,0
15,40.13,329,2,6.5,one-year,0,3,4.0,organic,A,1
19,66.46,440,2,4.8,month-to-month,0,3,7.0,ads,B,1
1,146.22,339,3,6.2,month-to-month,0,2,2.0,organic,B,1
28,53.53,440,7,3.9,month-to-month,0,4,5.0,organic,A,1
58,53.43,441,3,1.1,two-year,1,3,6.0,ads,C,0
43,37.93,345,1,5.9,two-year,1,5,8.0,organic,C,0
19,24.11,446,2,7.9,month-to-month,1,2,5.0,organic,A,1
61,39.06,360,1,0.6,month-to-month,1,6,8.0,ads,B,0
66,57.73,355,3,3.1,month-to-month,1,4,7.0,ads,B,0
25,115.87,459,5,4.2,month-to-month,0,2,4.0,organic,A,1
72,100.29,498,8,1.1,two-year,1,2,10.0,organic,C,0
34,39.37,426,0,4.2,month-to-month,0,2,3.0,ads,B,0
53,92.99,279,1,1.3,month-to-month,1,4,9.0,organic,B,1
31,110.78,297,1,2.6,month-to-month,1,2,7.0,referral,A,1
22,131.52,588,3,12.2,month-to-month,0,2,3.0,referral,B,1
40,145.06,390,1,1.3,month-to-month,1,5,4.0,referral,A,0
38,111.26,332,2,7.3,month-to-month,0,3,4.0,partner,B,1
17,136.8,677,7,2.5,two-year,0,3,4.0,ads,B,0
54,59.34,591,0,1.2,month-to-month,1,3,8.0,referral,B,0
16,105.28,560,3,14.8,month-to-month,1,3,7.0,ads,A,0
1,96.05,421,2,4.9,month-to-month,1,1,5.0,referral,A,1
52,63.93,390,6,0.0,one-year,0,1,6.0,partner,C,0
22,49.64,392,5,5.5,one-year,0,4,7.0,referral,C,1
36,22.02,379,4,5.6,month-to-month,1,3,7.0,organic,C,0
55,32.52,478,3,2.3,one-year,1,5,9.0,organic,B,0
47,54.95,532,5,7.5,month-to-month,1,1,5.0,organic,B,0
6,141.68,81,4,7.7,one-year,1,3,3.0,partner,A,1
34,58.65,300,5,2.9,month-to-month,0,2,8.0,ads,A,1
36,99.83,339,3,7.9,month-to-month,0,4,3.0,organic,A,0
53,20.57,200,3,6.7,one-year,0,2,7.0,ads,C,0
31,102.75,447,3,12.8,month-to-month,0,2,2.0,partner,A,1
70,119.63,266,1,0.0,two-year,1,3,9.0,referral,A,0
43,132.01,574,2,3.7,month-to-month,1,5,10.0,referral,B,0
24,45.84,401,5,6.5,one-year,1,2,7.0,referral,B,0
57,34.85,433,1,0.0,two-year,0,3,10.0,referral,C,0
72,81.83,523,0,0.0,month-to-month,0,5,10.0,ads,A,0
44,100.43,460,1,1.0,month-to-month,1,2,9.0,partner,C,0
56,70.2,434,1,3.9,one-year,0,4,7.0,referral,A,0
33,42.16,372,2,12.3,month-to-month,1,4,6.0,referral,A,0
44,122.78,393,1,4.0,month-to-month,1,1,7.0,ads,B,0
44,96.8,328,6,6.4,month-to-month,1,2,7.0,organic,B,0
40,120.36,540,5,3.8,month-to-month,0,2,6.0,ads,B,0
30,125.08,486,3,8.7,month-to-month,1,1,6.0,partner,A,0
4,118.16,686,6,3.7,month-to-month,0,2,2.0,partner,C,1
26,43.19,488,2,4.2,month-to-month,0,3,5.0,ads,A,0
25,23.28,442,5,5.3,month-to-month,0,1,6.0,ads,B,1
72,45.45,456,1,0.0,month-to-month,1,5,3.0,organic,C,0
30,146.44,330,4,14.9,month-to-month,0,3,7.0,referral,A,0
45,107.25,576,0,6.8,one-year,0,3,6.0,ads,A,1
21,148.97,399,5,8.8,month-to-month,1,3,7.0,referral,A,0
58,37.82,150,1,0.0,one-year,0,3,10.0,ads,B,0
42,129.17,241,1,5.6,month-to-month,1,2,7.0,organic,B,0
1,88.9,398,2,8.4,month-to-month,0,4,3.0,referral,A,1
59,134.96,223,4,6.8,month-to-month,0,5,6.0,ads,B,1
1,94.82,292,2,3.8,month-to-month,0,4,7.0,organic,B,0
20,106.25,522,6,6.4,two-year,0,2,1.0,ads,B,0
2,106.18,531,3,1.9,month-to-month,0,1,5.0,ads,B,1
28,137.21,502,2,3.5,one-year,0,3,6.0,organic,B,0
48,56.92,521,2,3.9,month-to-month,0,1,6.0,ads,C,0
51,65.81,504,0,0.6,one-year,1,3,9.0,referral,A,0
33,29.68,517,3,4.3,one-year,1,3,5.0,ads,A,0
44,89.38,470,3,1.1,two-year,1,4,8.0,ads,B,0
14,71.05,496,4,10.7,one-year,0,2,6.0,partner,C,1
41,95.6,633,1,0.2,one-year,0,4,7.0,partner,B,0
46,142.07,389,3,3.6,month-to-month,0,5,7.0,referral,A,0
59,46.48,717,3,2.9,one-year,0,2,4.0,organic,B,0
1,97.88,373,4,5.6,month-to-month,1,2,3.0,ads,A,1
55,41.05,358,0,0.0,one-year,1,1,6.0,ads,C,0
34,57.59,460,2,0.0,one-year,1,5,8.0,organic,A,0
58,96.96,367,5,0.4,month-to-month,1,3,7.0,organic,A,0
31,69.81,136,6,8.8,month-to-month,1,3,5.0,ads,B,0
30,65.08,303,2,4.0,month-to-month,0,2,2.0,ads,A,1
34,131.67,343,2,3.1,one-year,0,3,6.0,ads,A,0
21,133.12,368,3,9.3,two-year,0,4,8.0,ads,C,1
41,92.03,190,7,12.9,month-to-month,0,2,2.0,ads,C,1
48,134.11,326,4,7.4,month-to-month,0,4,6.0,partner,A,0
29,83.9,339,5,15.9,two-year,0,1,1.0,ads,B,1
42,127.16,325,2,12.8,month-to-month,1,3,4.0,ads,B,0
50,140.83,372,1,1.6,month-to-month,1,2,6.0,partner,B,0
65,72.62,528,2,10.1,two-year,1,4,8.0,ads,B,0
37,38.92,538,2,11.4,month-to-month,1,3,6.0,organic,C,0
21,31.36,453,4,6.8,month-to-month,0,6,7.0,organic,C,0
24,72.53,556,4,8.1,month-to-month,0,3,5.0,ads,A,1
31,113.5,427,8,2.5,month-to-month,1,4,6.0,partner,A,1
36,24.22,567,7,1.7,one-year,1,4,6.0,ads,A,0
72,63.25,471,2,0.0,month-to-month,0,4,6.0,ads,A,0
34,117.78,333,5,3.1,month-to-month,0,1,7.0,organic,B,1
24,62.85,338,2,10.6,one-year,0,4,7.0,organic,A,0
45,74.78,493,3,0.0,one-year,1,6,8.0,referral,A,0
71,23.56,519,2,5.2,one-year,0,2,6.0,organic,C,0
13,126.59,289,2,7.8,month-to-month,0,2,4.0,organic,C,1
39,98.91,686,4,0.0,one-year,1,3,10.0,ads,B,0
25,148.3,538,5,6.1,month-to-month,1,3,9.0,ads,A,0
34,100.52,367,2,8.3,month-to-month,0,2,10.0,ads,B,0
24,67.34,287,6,5.3,month-to-month,0,3,2.0,ads,B,1
32,148.57,222,2,1.6,month-to-month,0,4,8.0,ads,B,0
41,66.99,600,1,1.0,one-year,1,3,9.0,ads,A,0
34,109.95,526,3,2.5,month-to-month,0,3,5.0,partner,C,0
45,50.37,425,6,6.5,two-year,1,5,10.0,referral,B,0
56,148.21,466,3,0.0,month-to-month,1,3,9.0,organic,C,0
72,98.4,130,1,2.7,month-to-month,1,6,7.0,partner,A,0
50,137.93,121,3,0.0,month-to-month,0,6,7.0,ads,B,0
56,40.32,482,5,0.0,one-year,1,5,6.0,organic,A,0
69,99.0,454,0,0.0,one-year,1,4,8.0,organic,B,0
46,102.35,438,2,0.0,one-year,1,2,8.0,partner,A,0
28,124.21,619,3,3.4,one-year,1,3,8.0,partner,B,0
19,27.22,513,5,6.8,month-to-month,0,3,6.0,ads,C,0
33,130.28,355,2,9.4,one-year,0,5,6.0,organic,C,1
13,108.46,356,4,7.1,month-to-month,0,2,5.0,organic,C,1
45,23.66,496,6,4.8,month-to-month,0,2,8.0,organic,A,0
54,60.83,491,2,2.1,one-year,0,6,5.0,ads,B,0
20,74.3,662,5,7.7,month-to-month,0,1,3.0,organic,A,1
37,139.56,328,2,0.0,month-to-month,1,4,8.0,referral,A,0
71,61.34,295,4,9.0,one-year,1,3,10.0,referral,C,0
24,77.74,441,4,6.9,month-to-month,0,3,6.0,organic,C,1
26,81.09,426,2,10.7,month-to-month,1,3,8.0,organic,B,0
29,27.13,569,2,4.1,month-to-month,0,3,6.0,organic,B,0
72,78.56,439,4,0.0,one-year,0,4,8.0,referral,B,0
42,68.84,478,2,5.2,one-year,1,4,10.0,ads,B,0
14,50.33,195,7,13.3,month-to-month,0,1,4.0,organic,B,1
40,37.86,584,2,0.3,one-year,1,5,8.0,organic,C,0
31,89.7,420,4,6.1,month-to-month,0,4,3.0,ads,C,1
25,90.23,197,3,3.5,one-year,0,4,6.0,referral,B,1
29,106.73,473,1,0.7,two-year,0,2,2.0,referral,A,0
72,97.96,327,2,0.0,two-year,1,5,8.0,organic,B,0
53,128.65,295,2,0.1,one-year,1,4,8.0,referral,C,0
10,95.61,460,5,10.8,month-to-month,0,2,7.0,referral,C,1
15,54.27,286,6,11.4,one-year,0,2,3.0,organic,A,1
23,136.39,490,5,1.5,month-to-month,0,3,7.0,organic,C,0
42,45.92,370,0,0.0,one-year,1,2,10.0,organic,A,0
59,24.63,407,5,0.0,month-to-month,1,4,6.0,ads,B,0
49,137.65,474,2,0.0,month-to-month,1,4,6.0,organic,C,0
44,55.05,246,2,0.0,month-to-month,1,5,8.0,ads,A,0
72,37.63,429,2,0.0,month-to-month,0,3,6.0,ads,B,0
53,78.94,606,2,0.0,month-to-month,1,4,6.0,organic,A,0
28,122.24,476,4,0.0,one-year,0,2,6.0,organic,B,1
63,57.34,505,3,0.0,one-year,0,2,10.0,ads,A,1
56,50.57,486,4,5.5,one-year,1,4,6.0,referral,C,0
6,108.4,220,1,18.6,one-year,0,4,5.0,organic,A,1
55,105.1,473,5,10.6,month-to-month,0,3,6.0,organic,B,1
8,123.62,416,2,6.0,month-to-month,1,5,5.0,partner,A,0
30,130.75,356,2,4.0,month-to-month,1,2,8.0,partner,A,1
9,85.17,662,6,2.6,two-year,0,6,5.0,ads,A,0
33,131.48,68,1,3.6,one-year,0,2,6.0,partner,A,0
23,143.61,853,3,14.2,month-to-month,1,2,8.0,ads,B,0
22,121.08,538,1,0.7,month-to-month,1,1,7.0,ads,C,0
19,69.02,533,4,6.8,month-to-month,0,2,7.0,ads,B,0
65,80.98,227,3,1.0,one-year,1,5,6.0,referral,A,0
22,65.01,375,2,4.5,one-year,1,2,5.0,ads,B,0
62,25.14,131,2,0.0,one-year,1,5,7.0,referral,A,0
40,71.43,326,1,0.0,month-to-month,1,3,10.0,organic,A,0
32,126.01,372,3,0.0,one-year,0,3,9.0,referral,B,0
29,57.34,462,5,16.2,month-to-month,1,3,4.0,partner,C,1
1,79.57,367,5,12.5,month-to-month,0,4,3.0,referral,A,1
1,126.4,392,5,12.9,month-to-month,0,4,4.0,organic,B,1
27,120.19,427,7,4.6,month-to-month,0,2,2.0,ads,C,1
69,80.51,282,2,0.0,one-year,1,2,7.0,organic,A,0
36,20.65,368,4,11.8,month-to-month,1,4,8.0,referral,B,0
34,87.01,303,4,6.9,month-to-month,1,5,6.0,partner,B,0
12,86.57,343,5,12.3,month-to-month,1,2,3.0,organic,A,1
22,40.01,377,6,13.0,month-to-month,0,2,2.0,ads,B,1
50,94.06,455,0,9.2,month-to-month,1,4,8.0,referral,A,0
2,131.92,388,1,9.2,month-to-month,0,3,6.0,ads,A,0
18,137.42,366,1,8.6,one-year,1,3,4.0,partner,A,0
30,98.82,264,3,6.9,two-year,1,4,9.0,referral,A,0
58,56.97,235,1,0.0,one-year,0,5,10.0,organic,C,0
36,96.05,409,4,5.4,one-year,1,2,4.0,ads,B,0
46,97.98,372,3,6.5,month-to-month,1,1,6.0,referral,A,0
42,84.33,470,2,4.7,one-year,1,2,7.0,partner,B,0
45,136.02,204,0,0.0,one-year,1,3,7.0,referral,B,0
33,106.61,509,7,9.7,month-to-month,1,4,1.0,ads,B,0
63,65.17,322,1,0.0,two-year,0,3,10.0,referral,C,0
16,67.86,366,8,7.1,month-to-month,0,4,4.0,organic,C,1
48,43.7,449,1,2.7,month-to-month,0,3,10.0,organic,C,0
19,69.26,330,2,6.5,month-to-month,0,2,3.0,organic,A,1
37,74.61,227,4,13.0,one-year,1,4,8.0,organic,B,0
60,66.88,379,1,3.3,one-year,0,1,7.0,referral,B,0
72,66.23,250,1,0.0,one-year,1,6,10.0,organic,C,0
57,27.26,222,1,4.3,two-year,1,3,10.0,referral,C,0
30,86.28,504,6,6.9,two-year,1,3,3.0,ads,A,1
26,76.11,424,2,9.7,month-to-month,1,4,7.0,ads,A,0
33,101.83,455,6,3.0,month-to-month,1,4,7.0,referral,C,0
35,99.95,493,3,6.1,month-to-month,0,1,10.0,partner,B,0
31,72.47,461,4,2.8,one-year,0,1,4.0,referral,B,1
32,73.29,331,1,0.0,month-to-month,1,1,6.0,ads,A,0
1,112.73,394,1,6.1,month-to-month,0,2,6.0,ads,C,1
56,111.32,320,3,7.2,month-to-month,1,3,8.0,ads,A,0
46,103.45,463,0,0.0,two-year,1,2,6.0,ads,B,0
18,20.14,250,4,0.8,two-year,1,3,7.0,referral,B,0
50,72.32,307,3,2.3,month-to-month,1,4,6.0,ads,B,0
49,88.43,427,5,0.1,two-year,0,4,7.0,organic,A,0
43,44.41,386,1,0.0,two-year,1,3,9.0,organic,B,0
36,79.89,282,1,4.3,one-year,1,3,7.0,referral,C,0
28,53.93,43,5,5.7,month-to-month,1,1,6.0,referral,A,1
40,144.08,368,1,3.8,month-to-month,0,4,6.0,ads,C,0
47,107.27,412,3,5.2,month-to-month,1,4,4.0,organic,A,0
1,28.4,495,8,17.4,month-to-month,0,3,5.0,organic,B,1
68,60.43,369,1,0.0,two-year,1,2,9.0,referral,B,0
40,51.72,539,3,0.4,month-to-month,0,4,5.0,referral,B,0
43,71.67,524,6,5.8,one-year,0,4,5.0,partner,A,0
48,20.58,392,5,3.9,one-year,0,5,7.0,referral,C,0
28,120.35,505,2,6.5,month-to-month,0,2,4.0,ads,C,0
41,100.36,527,3,8.6,month-to-month,0,3,3.0,organic,B,1
28,95.01,354,4,14.2,month-to-month,0,2,2.0,organic,C,1
56,105.88,351,1,0.0,month-to-month,1,4,10.0,organic,A,0
26,109.91,447,6,14.6,one-year,1,1,4.0,partner,C,0
20,126.36,371,8,6.8,one-year,0,1,4.0,ads,A,1
29,126.7,667,0,5.1,two-year,1,2,5.0,referral,C,0
47,143.04,512,1,0.0,two-year,1,4,6.0,referral,B,0
43,29.33,459,1,6.9,one-year,0,2,5.0,organic,B,0
22,65.81,347,3,2.0,month-to-month,1,3,7.0,partner,C,0
57,108.18,642,2,2.4,one-year,1,4,10.0,referral,B,0
45,90.33,360,3,8.4,month-to-month,1,4,9.0,referral,B,0
18,139.96,472,3,1.1,one-year,0,4,8.0,referral,A,0
45,136.07,559,1,6.2,two-year,0,3,9.0,organic,B,1
66,131.87,479,2,0.0,two-year,1,6,8.0,ads,B,0
66,45.09,329,2,0.0,two-year,1,6,10.0,organic,C,0
19,47.42,448,2,6.5,two-year,1,1,4.0,partner,B,0
38,110.69,393,0,0.0,one-year,1,3,7.0,ads,A,0
50,144.41,345,6,6.4,one-year,0,3,8.0,ads,A,0
38,63.58,591,3,1.0,month-to-month,0,5,9.0,organic,B,0
18,139.27,465,3,11.1,month-to-month,0,4,4.0,ads,A,1
30,141.58,523,0,0.3,one-year,1,3,9.0,organic,B,0
26,85.19,356,3,8.2,one-year,0,4,6.0,ads,B,0
39,120.34,374,2,1.6,two-year,0,3,6.0,ads,A,0
34,42.0,412,2,0.3,month-to-month,1,5,6.0,referral,B,0
18,111.13,468,5,10.3,month-to-month,0,3,5.0,ads,C,1
27,119.47,612,6,2.9,month-to-month,0,3,7.0,partner,A,1
52,54.87,415,0,1.2,one-year,1,4,9.0,ads,A,0
40,93.75,273,4,3.8,month-to-month,0,4,1.0,ads,B,1
36,121.47,501,0,0.0,month-to-month,1,3,8.0,organic,A,0
22,33.06,356,3,0.0,two-year,1,2,6.0,partner,B,0
72,23.72,395,0,1.0,month-to-month,1,4,4.0,referral,A,0
25,41.3,630,2,3.5,two-year,0,3,6.0,ads,B,0
31,54.46,345,3,0.0,month-to-month,1,2,7.0,organic,B,0
52,95.26,352,1,7.4,month-to-month,1,4,9.0,organic,B,0
56,138.41,327,4,10.7,one-year,0,2,8.0,referral,C,0
32,76.92,295,3,6.7,two-year,1,4,5.0,partner,A,0
33,71.32,340,3,3.7,one-year,1,3,5.0,referral,C,0
18,111.47,451,1,2.0,month-to-month,1,1,8.0,organic,C,0
46,23.17,117,7,0.0,month-to-month,1,1,4.0,referral,A,0
57,129.5,316,1,4.4,month-to-month,0,1,9.0,referral,A,0
24,74.31,380,4,6.7,one-year,1,2,6.0,ads,A,0
4,35.65,548,3,3.1,month-to-month,0,1,5.0,ads,B,1
25,86.23,676,2,5.6,one-year,1,3,5.0,referral,B,0
48,87.98,295,3,8.0,month-to-month,1,3,6.0,ads,A,0
38,69.03,496,3,1.2,one-year,1,1,4.0,organic,B,0
59,118.95,491,0,0.0,one-year,1,1,8.0,organic,A,0
23,41.42,411,4,5.1,one-year,0,4,8.0,organic,A,0
18,146.06,648,3,5.3,one-year,1,3,9.0,organic,A,0
36,136.7,404,4,3.2,month-to-month,0,1,5.0,ads,B,0
34,114.7,506,5,6.9,one-year,1,3,5.0,ads,C,0
57,48.04,568,0,2.4,month-to-month,1,4,10.0,ads,C,0
12,97.61,396,6,13.1,month-to-month,0,3,3.0,ads,C,1
35,96.56,278,1,6.4,one-year,1,3,5.0,ads,C,1
48,65.65,210,3,3.9,one-year,1,3,8.0,referral,B,0
47,79.24,478,2,7.5,month-to-month,1,4,7.0,referral,A,0
60,41.4,423,2,0.0,two-year,1,5,7.0,organic,A,0
36,55.22,369,0,1.5,month-to-month,1,5,7.0,ads,C,0
63,54.89,431,3,0.0,two-year,1,2,10.0,ads,B,0
41,41.63,557,9,4.8,month-to-month,1,1,5.0,ads,C,1
36,53.63,520,1,1.3,month-to-month,0,2,8.0,organic,B,0
29,104.74,375,3,0.0,month-to-month,1,4,6.0,referral,B,0
43,123.37,403,5,11.0,month-to-month,1,2,6.0,ads,C,0
38,146.44,561,3,4.1,month-to-month,1,5,8.0,referral,B,0
72,52.46,337,0,0.0,one-year,1,3,9.0,referral,A,0
35,21.87,398,6,0.0,month-to-month,0,2,6.0,referral,A,0
14,84.66,526,1,0.5,two-year,0,4,7.0,ads,C,0
54,144.35,544,3,3.6,one-year,0,3,4.0,partner,A,0
1,101.41,407,5,11.6,month-to-month,0,3,4.0,organic,C,1
1,146.67,681,5,7.2,two-year,0,2,4.0,ads,C,1
35,111.95,438,4,10.0,two-year,0,2,3.0,ads,A,1
27,88.32,251,3,6.2,month-to-month,0,4,3.0,organic,C,1
47,48.72,564,2,1.2,one-year,0,4,10.0,partner,A,0
37,37.34,351,5,7.6,two-year,0,4,4.0,ads,B,0
1,125.8,509,3,7.4,one-year,0,3,5.0,ads,B,1
57,67.08,445,3,0.0,one-year,1,5,6.0,partner,C,0
26,58.89,772,6,5.9,month-to-month,1,2,5.0,partner,C,0
26,90.16,368,5,8.6,one-year,1,2,4.0,ads,B,1
37,141.59,416,4,0.0,one-year,1,3,6.0,ads,B,0
56,60.71,412,2,4.1,two-year,0,5,7.0,organic,A,0
42,21.03,390,3,0.0,one-year,1,2,9.0,ads,B,0
11,129.47,263,1,0.0,one-year,0,3,7.0,organic,A,0
70,132.42,254,1,1.6,one-year,0,4,5.0,ads,B,0
59,30.12,376,2,0.1,month-to-month,1,3,9.0,referral,A,0
19,101.87,424,2,4.1,month-to-month,1,2,5.0,ads,C,0
18,71.54,364,4,8.2,month-to-month,0,2,2.0,ads,C,1
33,130.31,369,4,4.1,one-year,1,4,7.0,organic,A,0
39,97.3,505,5,3.3,month-to-month,0,4,8.0,ads,C,1
5,38.91,361,3,8.6,month-to-month,1,2,3.0,referral,B,1
23,90.99,232,2,5.7,month-to-month,0,5,3.0,organic,A,1
40,43.48,500,0,0.1,one-year,1,4,10.0,ads,C,0
31,61.07,561,5,0.0,month-to-month,0,3,5.0,referral,A,0
12,94.1,492,8,10.4,month-to-month,0,1,6.0,ads,C,1
36,68.03,366,1,2.1,month-to-month,0,3,5.0,referral,C,0
33,93.35,400,6,5.5,one-year,0,3,8.0,ads,B,0
45,96.17,370,0,6.1,two-year,1,3,10.0,ads,C,0
38,138.6,477,4,1.1,month-to-month,0,3,4.0,ads,A,1
24,49.14,574,4,12.2,month-to-month,0,2,6.0,ads,A,0
54,109.08,472,3,0.0,month-to-month,1,3,9.0,referral,A,0
17,94.35,416,5,0.7,one-year,1,2,2.0,ads,A,0
22,59.41,428,1,9.0,one-year,0,3,7.0,referral,B,1
31,91.99,472,7,12.1,month-to-month,0,1,6.0,ads,A,1
43,50.19,656,5,12.7,two-year,0,3,7.0,referral,C,0
12,80.45,522,1,3.1,month-to-month,1,2,8.0,organic,B,0
34,127.78,294,10,0.3,month-to-month,0,3,5.0,organic,A,1
37,34.97,295,3,4.0,one-year,0,4,6.0,referral,B,0
37,24.79,654,2,3.6,month-to-month,0,2,7.0,organic,A,0
36,25.86,513,0,7.9,two-year,1,2,8.0,referral,B,0
1,79.7,286,3,3.6,month-to-month,0,5,4.0,referral,B,1
35,121.78,309,3,0.0,two-year,0,4,10.0,partner,C,0
72,28.44,416,4,4.0,two-year,0,3,6.0,organic,A,0
41,33.74,567,6,3.1,month-to-month,0,3,8.0,ads,B,0
37,42.42,301,1,6.3,one-year,0,2,7.0,referral,B,0
17,77.11,468,1,9.7,month-to-month,0,1,2.0,partner,A,1
42,132.7,601,1,6.6,one-year,0,3,8.0,ads,C,0
52,59.71,323,1,2.6,month-to-month,1,3,6.0,partner,B,0
41,91.53,376,5,2.9,one-year,1,4,10.0,ads,A,0
34,29.16,738,4,2.4,month-to-month,1,3,4.0,referral,B,1
53,48.46,406,4,7.4,month-to-month,1,2,3.0,ads,C,1
44,30.13,406,4,5.0,one-year,0,2,8.0,ads,B,0
72,36.87,431,1,4.4,two-year,0,1,8.0,ads,B,0
39,56.59,405,4,0.0,month-to-month,1,2,10.0,organic,B,0
56,32.72,522,2,10.8,one-year,1,1,4.0,partner,B,0
35,57.78,452,1,2.3,one-year,0,4,4.0,organic,B,1
43,34.91,354,3,6.8,month-to-month,1,4,10.0,ads,B,0
45,95.24,346,0,4.4,month-to-month,0,3,6.0,referral,A,0
26,20.89,461,2,7.0,month-to-month,1,5,7.0,ads,A,1
46,111.59,265,4,0.0,month-to-month,0,4,9.0,referral,B,0
54,54.02,531,2,2.6,month-to-month,1,3,6.0,referral,A,0
53,98.4,709,1,0.0,one-year,1,4,10.0,partner,C,0
51,81.89,447,9,5.1,month-to-month,0,2,8.0,partner,B,0
21,37.19,231,3,6.5,month-to-month,0,2,7.0,referral,C,1
59,148.54,404,5,0.0,month-to-month,0,4,7.0,referral,C,0
41,86.84,360,6,9.6,month-to-month,0,3,2.0,ads,C,1
35,110.75,434,5,5.9,month-to-month,1,3,8.0,partner,B,1
32,135.54,417,3,8.7,month-to-month,1,3,4.0,organic,A,0
63,48.09,584,1,0.0,one-year,1,6,10.0,organic,C,0
32,60.64,357,5,6.9,two-year,1,4,7.0,organic,B,0
22,26.86,413,1,8.4,one-year,0,1,5.0,organic,A,0
58,56.22,301,1,3.0,two-year,0,1,7.0,referral,A,0
41,112.68,464,4,16.0,month-to-month,0,1,3.0,organic,C,0
38,125.73,533,2,0.0,month-to-month,1,3,5.0,ads,C,0
24,39.65,600,2,4.5,month-to-month,0,1,6.0,referral,C,1
37,91.5,470,3,5.7,one-year,1,1,10.0,organic,B,0
45,28.39,454,1,0.0,month-to-month,0,3,10.0,ads,A,1
15,111.19,320,2,7.9,one-year,0,4,4.0,referral,A,1
17,24.72,144,2,5.8,month-to-month,1,3,7.0,referral,C,0
58,127.35,348,4,0.0,month-to-month,1,3,6.0,ads,C,0
27,53.93,389,5,11.8,month-to-month,0,2,5.0,partner,C,1
27,134.26,405,3,0.0,month-to-month,1,4,5.0,organic,A,1
33,59.52,212,6,14.1,month-to-month,0,3,5.0,partner,B,1
13,54.03,384,2,7.5,two-year,0,5,7.0,referral,A,0
8,51.24,142,2,8.2,one-year,0,2,4.0,organic,C,0
31,71.2,252,1,6.4,two-year,1,5,10.0,ads,A,0
72,98.35,562,3,2.2,one-year,0,4,10.0,referral,B,0
17,64.83,591,6,0.1,month-to-month,0,2,6.0,partner,B,1
1,29.27,400,3,2.7,month-to-month,0,2,2.0,partner,B,1
53,81.41,451,3,3.8,month-to-month,1,3,7.0,ads,B,0
32,60.81,471,3,0.0,one-year,0,2,7.0,organic,B,0
11,86.64,471,4,10.0,month-to-month,1,4,8.0,ads,A,0
26,62.85,304,3,1.4,one-year,0,2,9.0,partner,A,0
41,68.66,441,6,5.0,month-to-month,0,5,6.0,ads,B,0
46,85.54,454,3,5.2,two-year,0,4,10.0,referral,C,0
72,39.91,449,2,10.7,one-year,1,4,9.0,ads,C,0
1,42.33,321,2,14.5,two-year,1,2,3.0,ads,A,1
32,40.19,272,2,2.5,month-to-month,1,5,10.0,organic,A,0
28,63.39,394,3,5.5,month-to-month,0,5,8.0,referral,C,0
2,45.62,241,3,9.5,month-to-month,0,4,4.0,ads,B,1
70,101.43,316,1,1.3,one-year,1,6,9.0,referral,A,0
35,21.74,480,9,2.0,month-to-month,1,3,7.0,partner,A,0
40,48.55,560,4,12.3,one-year,0,4,6.0,ads,A,0
49,124.31,532,1,0.0,one-year,1,4,8.0,referral,B,0
19,107.2,334,5,8.5,month-to-month,1,4,4.0,ads,B,1
1,142.46,368,6,6.0,month-to-month,0,2,1.0,ads,B,1
31,50.49,359,6,6.8,month-to-month,0,3,6.0,referral,A,1
66,43.27,446,4,0.1,one-year,1,2,8.0,ads,A,0
56,54.26,307,1,0.0,two-year,1,1,7.0,ads,A,0
38,65.57,426,2,0.0,month-to-month,0,4,4.0,organic,A,0
48,22.26,405,5,4.8,two-year,0,4,6.0,ads,A,0
36,49.41,497,1,2.8,month-to-month,1,3,4.0,ads,A,0
30,23.17,274,4,6.1,month-to-month,1,3,8.0,ads,A,0
22,143.04,295,1,10.8,month-to-month,0,2,6.0,organic,B,1
46,149.44,459,3,4.2,two-year,0,2,7.0,referral,A,0
45,133.84,436,0,0.0,month-to-month,1,6,10.0,referral,A,0
44,87.78,270,3,0.0,month-to-month,0,4,7.0,ads,B,0
72,25.17,177,1,0.0,one-year,1,5,7.0,ads,B,0
42,132.99,488,1,2.2,month-to-month,1,1,4.0,referral,B,0
10,78.75,436,0,6.0,one-year,0,2,8.0,ads,A,0
36,55.95,388,2,14.0,month-to-month,0,4,8.0,ads,C,0
25,136.86,487,2,7.7,month-to-month,0,5,9.0,ads,A,0
22,20.34,315,5,8.7,month-to-month,1,3,8.0,ads,C,0
50,143.42,474,2,6.3,month-to-month,1,3,2.0,partner,B,0
51,67.99,559,5,4.7,two-year,1,2,8.0,referral,B,0
72,147.56,470,2,0.0,two-year,1,3,6.0,referral,A,0
60,76.12,245,3,0.0,two-year,1,2,9.0,partner,B,0
43,46.97,536,4,4.9,month-to-month,0,2,6.0,referral,C,1
40,137.01,276,3,5.5,one-year,1,4,4.0,partner,C,0
27,110.01,374,3,6.8,one-year,1,2,3.0,ads,B,0
5,148.14,475,3,14.0,month-to-month,0,2,4.0,ads,A,1
72,83.53,517,0,0.0,one-year,1,3,10.0,organic,B,0
51,145.48,414,3,2.5,one-year,0,3,7.0,referral,C,0
30,79.06,686,4,5.7,month-to-month,0,2,4.0,organic,A,0
29,149.12,264,3,0.0,month-to-month,1,3,9.0,partner,B,0
72,130.71,685,1,0.0,one-year,1,5,10.0,organic,B,0
36,62.79,189,2,12.7,one-year,0,2,6.0,partner,C,0
9,77.75,414,2,4.1,one-year,0,1,8.0,ads,B,0
45,127.12,219,5,0.8,month-to-month,1,2,4.0,organic,B,1
41,109.12,463,3,3.2,one-year,0,4,6.0,organic,B,0
64,55.46,219,0,0.0,two-year,1,2,9.0,referral,C,0
72,112.63,479,2,0.0,one-year,1,3,8.0,ads,A,0
62,66.91,339,3,0.2,one-year,1,3,7.0,partner,A,0
7,86.98,194,4,8.6,two-year,0,4,5.0,organic,C,0
21,130.32,617,3,0.0,month-to-month,1,4,4.0,referral,A,0
56,92.25,509,2,0.0,one-year,0,3,6.0,organic,A,0
52,31.54,485,0,0.0,month-to-month,1,4,10.0,referral,A,0
1,28.0,658,4,6.3,month-to-month,0,2,6.0,ads,B,1
58,60.32,362,1,4.6,month-to-month,1,5,10.0,ads,C,0
30,94.79,577,0,0.3,month-to-month,1,2,9.0,referral,C,0
72,117.83,288,2,13.8,two-year,0,2,8.0,referral,B,0
39,52.01,421,1,7.3,month-to-month,1,3,7.0,ads,A,0
28,103.68,208,4,4.6,month-to-month,0,3,6.0,organic,A,0
39,67.46,662,2,4.2,month-to-month,0,2,6.0,referral,B,0
68,111.95,389,2,4.9,two-year,1,4,6.0,ads,B,0
53,97.64,322,5,0.0,two-year,1,5,7.0,referral,A,0
30,21.89,669,2,8.6,two-year,1,3,6.0,referral,B,0
17,119.95,504,5,1.9,one-year,1,2,4.0,partner,B,0
16,105.8,321,7,11.0,month-to-month,0,2,5.0,ads,B,1
31,132.32,347,1,1.1,month-to-month,1,1,8.0,partner,C,0
57,114.76,447,5,3.9,two-year,1,1,8.0,partner,A,0
1,90.69,739,10,7.8,month-to-month,0,3,6.0,organic,A,1
27,72.86,315,5,5.7,month-to-month,0,1,8.0,referral,C,1
40,54.58,514,5,13.3,month-to-month,0,2,6.0,organic,B,1
23,141.0,381,3,6.1,one-year,0,2,6.0,partner,A,0
15,116.1,544,4,3.3,month-to-month,0,4,6.0,organic,A,0
32,139.99,380,3,7.0,month-to-month,0,3,7.0,partner,B,0
18,44.06,400,3,10.5,month-to-month,0,3,9.0,referral,A,1
27,107.0,208,4,6.4,month-to-month,1,3,6.0,organic,A,0
26,35.57,401,3,8.6,one-year,0,2,4.0,organic,C,0
67,76.36,762,0,0.0,one-year,1,4,10.0,partner,B,0
41,119.05,275,1,0.0,two-year,1,4,8.0,ads,A,0
45,126.99,392,2,10.6,month-to-month,1,4,4.0,ads,C,0
41,54.02,423,1,2.9,one-year,0,3,8.0,organic,B,0
52,76.3,552,3,3.8,month-to-month,1,3,5.0,referral,C,0
72,90.54,425,2,0.0,month-to-month,1,5,10.0,partner,B,0
43,62.31,586,5,9.6,month-to-month,1,3,5.0,ads,B,1
66,54.15,311,4,5.6,month-to-month,0,4,10.0,referral,C,0
32,131.9,419,7,1.9,one-year,1,1,4.0,organic,B,1
32,62.97,413,5,4.4,month-to-month,0,1,5.0,partner,A,0
48,76.68,344,2,0.0,two-year,1,4,7.0,referral,A,0
33,89.08,422,3,4.3,two-year,1,5,7.0,referral,A,0
72,77.34,320,0,0.0,one-year,1,5,10.0,referral,A,0
25,132.12,522,3,6.2,month-to-month,0,1,3.0,ads,B,0
53,48.55,251,1,0.0,one-year,1,4,6.0,referral,A,0
29,41.94,219,4,12.0,two-year,1,4,7.0,organic,B,0
34,109.74,290,1,0.0,one-year,1,3,9.0,referral,C,0
28,130.47,429,6,15.1,month-to-month,1,1,2.0,organic,B,0
1,149.47,477,2,7.7,month-to-month,1,3,6.0,organic,B,1
49,122.25,335,2,4.4,one-year,0,4,6.0,ads,A,0
33,75.21,491,2,7.0,month-to-month,0,3,5.0,organic,A,1
32,90.36,64,2,5.8,month-to-month,0,1,4.0,ads,A,0
52,25.12,370,0,7.7,month-to-month,1,4,4.0,referral,A,0
57,129.46,350,0,0.1,one-year,1,4,10.0,referral,B,0
22,101.65,464,7,0.4,two-year,1,4,9.0,organic,C,0
68,52.59,554,2,0.0,one-year,1,3,7.0,partner,B,0
46,107.89,768,7,7.7,two-year,0,6,9.0,ads,A,0
12,47.28,405,8,8.7,one-year,0,4,4.0,ads,A,1
41,116.92,0,0,0.0,two-year,0,4,10.0,referral,A,0
24,46.55,431,2,0.1,one-year,0,1,5.0,ads,A,0
27,61.92,387,3,2.1,one-year,0,3,7.0,referral,C,0
72,119.64,471,1,0.0,one-year,1,5,8.0,referral,B,0
64,140.49,480,4,0.0,two-year,0,4,6.0,ads,A,0
25,30.1,343,5,12.8,one-year,1,3,7.0,ads,A,0
22,117.51,258,4,1.8,month-to-month,1,3,7.0,ads,A,0
49,93.13,502,1,0.0,month-to-month,1,5,9.0,organic,B,0
45,96.01,573,2,4.0,month-to-month,1,2,8.0,organic,B,0
63,47.4,500,3,2.6,one-year,0,2,4.0,ads,A,0
37,65.14,488,1,0.0,month-to-month,1,4,5.0,organic,B,0
28,132.16,433,3,2.8,one-year,1,2,8.0,ads,A,0
63,47.27,541,2,2.0,one-year,1,1,8.0,referral,A,0
7,142.6,267,3,13.4,one-year,0,3,7.0,partner,A,0
17,73.59,468,5,4.2,one-year,1,2,3.0,ads,C,1
43,95.72,314,0,0.0,two-year,0,4,6.0,referral,C,0
19,70.41,232,4,3.5,month-to-month,0,4,8.0,organic,A,0
50,78.12,571,3,6.3,one-year,0,2,10.0,organic,B,0
62,92.92,325,0,0.0,one-year,1,4,10.0,referral,B,0
26,148.97,472,3,0.0,month-to-month,0,2,9.0,referral,B,0
45,147.26,523,4,12.7,month-to-month,1,1,6.0,ads,C,0
49,138.13,432,5,1.2,one-year,0,3,6.0,ads,C,0
23,21.38,308,4,10.5,month-to-month,0,4,3.0,ads,B,0
26,98.04,617,3,9.7,month-to-month,0,3,8.0,ads,A,0
72,142.25,207,0,0.0,two-year,1,5,8.0,ads,C,0
37,67.21,447,4,9.9,month-to-month,1,3,6.0,ads,A,0
42,89.0,678,3,7.3,month-to-month,1,2,7.0,ads,B,0
49,84.76,627,4,1.7,one-year,0,3,6.0,organic,B,0
37,61.12,331,2,10.7,month-to-month,1,5,6.0,ads,A,1
10,49.07,584,8,9.8,month-to-month,0,1,5.0,organic,A,1
35,45.54,296,1,0.0,month-to-month,1,3,8.0,referral,B,0
49,126.79,320,4,5.4,one-year,0,4,4.0,organic,A,0
13,96.94,495,2,0.1,month-to-month,1,4,5.0,ads,C,1
34,86.66,285,4,5.1,two-year,0,2,8.0,organic,B,0
42,37.93,320,3,5.0,month-to-month,1,5,7.0,ads,B,0
41,95.84,386,3,0.0,one-year,1,4,10.0,ads,B,0
62,30.95,449,2,0.0,month-to-month,1,3,5.0,referral,B,1
60,22.86,399,7,4.3,month-to-month,1,2,6.0,ads,A,0
35,110.01,378,3,6.1,two-year,1,5,4.0,ads,B,0
21,138.19,296,2,5.5,one-year,0,1,5.0,ads,A,0
34,60.83,168,2,2.2,month-to-month,0,3,9.0,partner,C,0
72,98.76,272,2,3.0,month-to-month,1,5,7.0,ads,B,0
43,54.17,579,7,13.5,month-to-month,1,3,3.0,partner,B,1
31,52.18,450,2,1.5,month-to-month,0,5,7.0,partner,C,0
24,58.06,456,5,0.0,month-to-month,1,4,5.0,organic,A,1
41,123.02,546,2,0.0,two-year,1,2,10.0,organic,A,0
54,71.52,384,2,0.0,one-year,0,4,8.0,referral,B,0
8,129.23,518,0,2.3,month-to-month,1,1,5.0,ads,C,0
31,131.51,520,4,10.1,month-to-month,0,3,7.0,partner,C,0
50,78.67,320,1,0.0,month-to-month,0,1,7.0,ads,C,0
1,87.1,521,2,5.4,month-to-month,1,3,8.0,organic,B,1
44,79.66,460,5,7.7,one-year,1,1,6.0,organic,C,0
66,42.83,309,2,1.7,month-to-month,1,3,10.0,referral,C,0
15,109.27,655,5,10.7,two-year,0,2,5.0,ads,B,0
67,133.91,535,1,0.4,one-year,1,3,6.0,referral,B,0
5,110.64,291,8,7.1,month-to-month,0,3,2.0,ads,B,1
36,142.8,412,4,4.1,one-year,0,2,4.0,ads,A,0
27,95.49,336,2,7.2,month-to-month,0,1,5.0,referral,B,1
51,101.19,615,0,9.9,one-year,1,4,10.0,ads,B,0
23,146.03,324,0,4.8,one-year,0,4,7.0,referral,B,0
20,100.82,495,7,9.7,one-year,0,1,1.0,partner,A,1
25,147.2,302,3,6.1,month-to-month,0,3,1.0,partner,A,1
35,105.01,640,7,10.9,one-year,0,3,4.0,partner,A,1
23,82.33,502,1,0.6,month-to-month,0,3,6.0,ads,B,1
47,85.19,498,0,0.4,one-year,0,4,6.0,partner,B,0
44,77.19,457,1,2.7,month-to-month,0,5,9.0,ads,B,1
47,34.49,429,2,7.8,one-year,1,4,7.0,partner,C,0
58,23.73,129,1,3.4,one-year,0,3,9.0,ads,C,0
23,131.57,495,4,1.2,month-to-month,1,2,5.0,partner,A,1
1,100.47,435,2,0.0,month-to-month,0,2,3.0,partner,A,1
14,132.82,252,2,10.6,one-year,0,1,7.0,partner,A,0
25,44.36,447,6,8.3,month-to-month,0,2,5.0,ads,B,1
17,111.36,266,2,8.5,one-year,0,2,6.0,organic,A,0
21,138.11,646,2,6.7,one-year,0,5,8.0,referral,C,0
52,42.21,429,4,4.3,two-year,0,5,8.0,organic,B,0
44,58.08,420,4,2.0,one-year,0,4,5.0,organic,A,0
31,78.54,497,7,7.0,month-to-month,1,1,6.0,ads,A,0
45,50.36,362,4,0.0,month-to-month,1,2,8.0,partner,C,0
12,126.48,399,3,9.4,month-to-month,0,3,3.0,ads,B,1
47,100.66,370,0,2.1,two-year,1,4,10.0,organic,A,0
45,36.95,317,4,5.2,month-to-month,1,3,4.0,ads,C,0
10,23.17,326,2,5.6,month-to-month,1,1,6.0,organic,A,0
23,128.84,416,1,0.0,one-year,0,2,7.0,partner,A,1
15,27.4,377,5,7.1,one-year,1,2,5.0,ads,A,0
36,46.36,462,2,3.0,month-to-month,0,3,3.0,partner,A,1
27,105.68,254,3,5.1,month-to-month,0,1,4.0,partner,C,1
48,120.83,300,4,12.5,month-to-month,0,4,4.0,partner,B,0
11,138.28,432,2,3.1,month-to-month,0,4,9.0,ads,B,0
50,31.89,513,3,3.7,two-year,1,5,8.0,organic,A,0
72,148.09,385,0,0.0,month-to-month,1,4,10.0,partner,B,0
1,59.86,384,4,11.0,two-year,0,3,2.0,referral,C,1
56,36.13,420,4,2.7,two-year,1,2,10.0,ads,A,0
28,89.32,432,8,4.7,month-to-month,0,1,6.0,ads,B,1
72,148.19,629,1,8.1,two-year,1,3,6.0,organic,C,0
1,80.65,489,5,3.0,one-year,1,4,9.0,partner,A,0
46,128.94,338,2,0.8,one-year,1,2,4.0,ads,B,0
50,53.82,452,2,0.0,two-year,1,4,10.0,organic,B,0
22,45.0,442,3,5.9,two-year,1,5,9.0,ads,C,0
28,24.42,215,1,1.3,one-year,1,5,6.0,ads,A,0
56,57.93,114,0,3.1,one-year,1,5,6.0,organic,C,0
33,63.61,514,5,11.2,month-to-month,0,2,2.0,partner,A,1
46,54.26,297,4,14.2,month-to-month,0,2,6.0,organic,A,0
31,46.47,570,5,18.0,month-to-month,0,1,6.0,ads,A,0
13,123.33,467,1,8.4,month-to-month,1,3,6.0,partner,C,0
55,96.49,409,1,3.0,month-to-month,1,4,7.0,organic,A,0
43,57.21,405,1,0.0,month-to-month,1,2,8.0,ads,A,0
28,122.54,373,4,7.5,two-year,1,2,7.0,ads,A,0
16,52.06,244,2,12.8,month-to-month,0,3,6.0,partner,A,0
35,48.54,362,2,0.6,month-to-month,1,3,8.0,referral,A,1
39,122.68,235,6,4.7,one-year,0,3,7.0,ads,A,1
34,147.25,534,3,0.0,one-year,0,4,6.0,referral,C,1
1,144.14,481,1,7.3,month-to-month,1,2,2.0,ads,B,1
47,118.66,394,2,0.0,month-to-month,0,2,1.0,ads,B,0
31,147.4,461,5,8.6,one-year,0,4,7.0,partner,A,1
28,124.67,555,0,3.6,month-to-month,0,3,6.0,referral,C,0
63,43.02,136,1,7.4,month-to-month,1,4,7.0,ads,A,1
33,147.2,393,7,4.7,two-year,0,3,3.0,ads,A,0
21,128.0,388,3,8.0,one-year,0,3,4.0,organic,A,1
46,60.17,421,5,4.0,month-to-month,1,4,5.0,referral,C,0
16,104.83,343,7,14.9,month-to-month,0,2,3.0,ads,A,1
51,21.0,502,3,6.4,month-to-month,1,4,9.0,organic,C,0
1,105.72,540,4,3.9,one-year,0,2,6.0,referral,B,0
50,105.96,398,4,1.8,one-year,1,1,6.0,ads,C,0
2,116.39,552,3,11.2,month-to-month,0,5,3.0,ads,B,0
11,132.52,478,4,0.9,one-year,1,3,3.0,ads,B,1
7,84.83,385,6,7.5,one-year,0,5,9.0,ads,A,0
31,135.18,441,1,0.0,month-to-month,1,4,10.0,referral,B,0
19,143.7,375,5,12.0,month-to-month,0,2,4.0,ads,A,1
36,58.54,488,0,4.2,month-to-month,1,3,4.0,referral,A,0
41,122.27,554,0,0.0,one-year,1,5,6.0,partner,A,0
16,47.76,530,5,8.3,month-to-month,1,4,4.0,partner,A,1
1,72.0,458,4,11.3,month-to-month,0,4,6.0,referral,C,1
23,34.75,582,4,11.1,month-to-month,0,1,6.0,ads,B,1
41,98.39,401,2,0.0,two-year,1,1,7.0,organic,C,0
17,102.14,520,6,3.7,two-year,1,4,3.0,ads,C,0
46,46.49,298,3,1.5,one-year,1,4,8.0,ads,B,0
38,94.53,496,2,4.1,month-to-month,0,5,8.0,referral,A,0
45,132.95,493,4,3.5,two-year,1,3,5.0,referral,A,0
20,66.68,383,1,0.4,month-to-month,0,2,8.0,ads,A,1
44,67.13,484,3,0.0,month-to-month,1,4,7.0,organic,B,0
58,141.85,416,3,13.1,one-year,0,4,10.0,referral,A,0
48,83.96,647,2,4.9,month-to-month,0,2,3.0,organic,C,0
27,128.91,453,4,6.7,month-to-month,0,1,6.0,organic,A,0
36,137.83,69,6,8.1,month-to-month,0,3,2.0,partner,C,1
53,84.72,261,2,5.4,two-year,0,2,9.0,partner,C,0
66,135.04,420,3,0.0,one-year,1,5,5.0,ads,A,0
30,124.56,224,0,4.0,two-year,0,5,6.0,ads,B,0
30,58.89,399,2,1.7,month-to-month,0,4,5.0,ads,A,1
25,44.6,531,5,7.6,month-to-month,1,5,3.0,ads,B,1
72,97.29,530,3,5.4,one-year,0,4,8.0,ads,B,0
27,84.91,516,0,0.0,month-to-month,0,3,10.0,ads,A,0
33,124.25,184,1,5.4,two-year,1,5,7.0,referral,A,0
14,137.97,530,2,7.7,two-year,0,4,8.0,ads,C,0
31,108.72,451,3,1.5,one-year,0,2,8.0,ads,B,0
10,148.34,727,6,2.8,month-to-month,1,1,4.0,referral,A,1
24,52.81,352,5,5.8,one-year,0,2,3.0,ads,B,0
1,54.75,517,4,6.5,month-to-month,1,4,6.0,ads,B,1
54,26.07,343,1,2.8,month-to-month,1,3,7.0,referral,B,0
52,41.96,333,1,4.5,month-to-month,0,5,7.0,organic,C,0
14,111.47,516,5,2.3,month-to-month,1,3,6.0,ads,C,1
55,85.84,224,0,2.7,one-year,0,5,8.0,referral,A,0
37,68.34,284,4,0.0,month-to-month,1,2,8.0,ads,B,0
22,119.68,444,4,13.6,month-to-month,0,2,6.0,partner,B,1
30,112.06,355,4,10.0,two-year,1,1,7.0,ads,C,0
49,32.83,452,6,0.0,two-year,1,2,6.0,organic,A,0
72,112.23,442,1,0.3,month-to-month,1,3,10.0,referral,B,0
10,77.93,388,3,12.8,month-to-month,0,2,6.0,ads,A,0
43,44.3,152,1,3.4,month-to-month,1,6,9.0,organic,A,0
66,103.45,441,0,0.0,two-year,1,3,10.0,referral,C,0
7,37.66,530,3,5.7,month-to-month,0,4,6.0,organic,B,1
3,148.97,480,6,8.2,two-year,1,2,5.0,ads,C,1
27,134.55,184,7,13.8,month-to-month,0,2,3.0,partner,B,1
41,50.66,339,5,4.1,month-to-month,0,3,8.0,ads,A,0
25,96.91,530,0,0.0,two-year,1,4,7.0,referral,C,0
35,143.76,596,4,10.8,month-to-month,0,3,10.0,ads,C,0
38,135.35,419,2,0.2,month-to-month,1,3,4.0,referral,B,0
14,68.4,199,5,12.0,month-to-month,0,3,7.0,partner,A,1
23,100.74,320,4,8.9,month-to-month,1,2,3.0,organic,C,1
18,113.84,316,3,6.3,one-year,1,1,6.0,ads,A,0
36,36.66,436,3,0.4,one-year,1,5,6.0,ads,A,0
25,86.44,419,1,0.6,month-to-month,1,4,8.0,referral,A,0
10,116.41,355,6,12.2,one-year,0,3,7.0,partner,B,0
51,24.35,166,5,7.4,month-to-month,1,3,5.0,ads,A,0
46,47.41,277,1,0.0,month-to-month,1,2,9.0,organic,A,0
43,81.65,464,3,6.6,one-year,1,1,8.0,ads,C,0
9,106.98,376,3,2.4,month-to-month,1,5,6.0,referral,B,0
19,149.02,381,4,5.5,month-to-month,1,2,8.0,ads,A,0
45,135.41,257,3,4.9,one-year,0,3,6.0,organic,A,1
72,113.31,584,1,0.0,two-year,1,4,5.0,ads,C,0
4,59.37,97,5,1.0,one-year,1,3,7.0,organic,A,0
33,145.3,624,3,0.0,one-year,1,2,7.0,organic,C,0
36,116.76,476,2,1.6,one-year,1,2,6.0,organic,B,0
40,107.99,343,4,8.0,one-year,1,3,10.0,referral,A,0
72,132.15,374,0,0.0,one-year,1,5,6.0,ads,A,0
28,91.81,392,0,2.5,two-year,0,4,7.0,partner,C,0
39,82.67,495,1,4.4,month-to-month,1,3,5.0,organic,C,0
29,23.49,399,3,2.9,month-to-month,0,1,4.0,referral,A,1
26,92.27,596,3,14.7,month-to-month,1,3,3.0,ads,A,1
35,118.12,260,2,0.7,two-year,1,4,9.0,organic,C,0
32,28.51,514,4,7.4,month-to-month,1,1,7.0,referral,C,1
55,138.42,533,3,4.9,one-year,0,3,6.0,referral,B,0
12,115.62,286,5,0.7,one-year,0,2,5.0,referral,A,0
32,103.42,449,6,9.8,two-year,0,4,8.0,ads,B,0
4,134.54,423,4,4.0,one-year,0,4,7.0,ads,A,0
32,49.94,482,1,0.0,month-to-month,0,2,7.0,ads,A,1
37,93.21,444,1,7.0,month-to-month,0,5,5.0,ads,C,0
46,91.33,404,0,0.0,two-year,1,4,6.0,referral,A,0
33,35.34,393,2,9.2,one-year,1,4,6.0,referral,B,0
28,74.15,403,4,12.2,month-to-month,1,2,2.0,ads,A,0
26,131.17,323,6,0.8,one-year,1,2,10.0,organic,C,0
41,131.98,332,2,9.8,month-to-month,1,2,4.0,ads,C,0
13,129.83,389,5,7.8,two-year,0,1,5.0,ads,B,1
62,31.25,511,1,0.0,one-year,1,2,10.0,ads,B,0
63,58.23,309,0,0.0,one-year,0,3,8.0,ads,B,0
47,109.78,498,1,0.0,one-year,1,3,7.0,referral,A,0
61,22.92,158,2,3.4,one-year,0,3,4.0,referral,C,0
33,55.2,322,3,15.9,one-year,0,1,4.0,partner,C,0
22,61.29,479,9,5.8,month-to-month,0,5,9.0,ads,C,1
65,133.52,603,5,3.3,two-year,1,4,8.0,ads,A,0
27,148.84,490,4,3.1,month-to-month,0,2,5.0,partner,B,0
1,73.95,344,7,9.4,month-to-month,0,3,5.0,ads,B,1
37,102.25,576,2,6.9,month-to-month,1,5,7.0,ads,A,0
51,92.48,458,2,4.2,month-to-month,0,1,6.0,ads,B,0
44,146.32,394,2,0.7,one-year,1,4,7.0,referral,A,0
72,137.7,391,2,5.8,month-to-month,1,3,6.0,organic,B,0
60,82.52,472,1,2.6,month-to-month,1,4,6.0,organic,A,0
47,101.7,477,1,11.4,one-year,1,3,6.0,referral,C,0
35,22.68,265,4,3.1,month-to-month,1,3,9.0,ads,A,0
15,75.85,374,3,4.0,month-to-month,0,3,2.0,organic,A,1
43,82.39,395,0,2.9,one-year,0,3,7.0,ads,B,0
54,21.88,340,2,0.0,one-year,0,4,7.0,partner,B,0
31,38.54,584,4,15.7,month-to-month,0,3,3.0,organic,C,0
21,90.54,500,5,4.6,month-to-month,1,3,4.0,ads,A,1
29,119.67,279,4,10.7,month-to-month,0,2,1.0,partner,C,0
39,137.73,601,5,9.8,two-year,0,2,4.0,organic,B,0
32,31.14,519,1,0.0,two-year,0,3,6.0,organic,A,0
54,74.43,321,4,7.2,month-to-month,0,1,5.0,ads,A,1
1,112.46,294,6,7.6,month-to-month,0,2,1.0,ads,C,1
50,116.83,395,3,9.2,month-to-month,0,3,6.0,partner,B,0
49,30.31,231,1,1.4,month-to-month,1,2,10.0,organic,B,0
51,65.68,567,5,1.3,one-year,0,3,6.0,referral,B,0
39,34.18,349,2,6.8,month-to-month,0,4,7.0,ads,B,0
40,95.53,507,1,6.6,month-to-month,0,4,5.0,partner,C,1
60,89.56,404,0,0.0,one-year,0,2,6.0,ads,B,0
39,20.73,356,2,0.0,month-to-month,0,1,5.0,referral,C,0
47,69.9,461,4,2.4,month-to-month,1,4,10.0,referral,B,0
54,55.55,438,7,4.9,month-to-month,0,3,4.0,referral,C,1
18,125.83,382,1,6.2,month-to-month,1,1,5.0,referral,B,0
66,139.86,399,1,1.8,two-year,1,4,10.0,ads,A,0
36,70.13,523,6,10.7,month-to-month,0,2,10.0,organic,A,1
47,51.26,310,4,10.2,month-to-month,1,2,6.0,ads,B,1
28,122.55,666,5,10.8,one-year,0,1,1.0,ads,A,1
42,147.58,441,2,1.7,month-to-month,1,4,4.0,referral,C,0
70,61.68,421,0,0.0,month-to-month,1,1,10.0,referral,C,0
46,26.46,470,0,5.2,two-year,0,4,10.0,organic,B,0
72,114.39,389,0,0.0,one-year,0,6,8.0,referral,A,0
32,115.11,299,4,2.2,month-to-month,0,4,6.0,ads,C,0
9,63.39,477,9,7.6,two-year,0,2,7.0,ads,C,1
1,93.29,421,4,1.7,month-to-month,0,3,3.0,ads,C,1
61,30.62,509,2,0.0,two-year,1,6,5.0,referral,A,0
44,107.69,425,4,0.1,month-to-month,0,4,9.0,ads,B,0
60,112.3,332,3,2.8,month-to-month,0,1,5.0,ads,A,0
36,46.57,381,2,7.8,one-year,1,3,10.0,organic,C,0
25,123.07,521,4,6.6,two-year,0,1,4.0,ads,A,0
25,24.2,380,4,0.2,month-to-month,1,1,7.0,referral,A,0
27,126.07,564,3,4.3,one-year,1,4,8.0,referral,B,0
69,132.48,341,1,5.5,month-to-month,1,6,9.0,organic,B,0
18,27.81,409,4,0.0,month-to-month,1,3,7.0,partner,A,0
27,134.94,605,1,8.8,month-to-month,0,1,5.0,ads,C,1
43,114.69,464,2,2.0,one-year,0,4,8.0,referral,C,0
48,63.28,602,2,1.9,two-year,1,5,9.0,organic,B,0
43,23.79,565,4,0.0,two-year,0,2,4.0,referral,A,0
28,142.98,87,2,1.0,month-to-month,0,4,5.0,organic,C,1
48,69.4,331,3,6.6,one-year,0,1,1.0,organic,A,0
65,105.02,660,5,0.0,two-year,1,3,8.0,ads,C,0
29,52.02,332,1,13.3,one-year,0,1,5.0,referral,A,1
72,142.82,476,1,3.4,month-to-month,0,4,9.0,referral,B,0
30,45.2,557,1,7.6,one-year,0,2,7.0,ads,B,0
50,45.95,607,1,0.5,month-to-month,1,3,6.0,partner,A,0
71,133.46,367,2,1.6,one-year,1,6,8.0,partner,A,0
37,31.54,520,5,0.0,one-year,0,4,7.0,referral,B,0
19,130.15,538,5,0.6,one-year,1,4,6.0,organic,A,0
1,40.82,271,9,3.4,month-to-month,1,2,7.0,ads,A,0
67,110.63,551,2,5.2,month-to-month,0,1,10.0,ads,C,0
22,68.46,549,3,12.4,two-year,0,2,8.0,organic,A,0
29,64.87,435,2,8.6,one-year,0,2,6.0,partner,C,0
15,118.37,527,4,12.4,two-year,0,3,8.0,partner,A,0
38,112.94,576,4,10.1,one-year,0,3,8.0,organic,A,0
1,66.38,343,9,11.6,month-to-month,0,2,1.0,organic,C,1
21,37.94,585,3,2.3,one-year,0,4,8.0,ads,B,0
43,67.27,685,3,4.7,one-year,0,2,8.0,referral,A,0
4,103.86,732,8,6.1,month-to-month,0,5,7.0,partner,C,1
34,20.19,410,1,7.3,two-year,1,1,8.0,ads,B,0
72,131.5,576,0,0.0,two-year,1,3,9.0,ads,A,0
55,143.46,414,4,0.5,month-to-month,0,4,10.0,organic,A,0
58,134.06,269,0,0.0,one-year,1,3,10.0,organic,B,0
44,104.11,415,5,10.0,one-year,0,3,6.0,organic,A,1
44,79.41,471,0,0.0,month-to-month,0,3,9.0,referral,B,0
57,30.16,389,3,10.8,two-year,1,3,7.0,organic,A,0
16,113.94,298,1,9.2,month-to-month,0,3,6.0,ads,A,0
6,71.54,491,9,11.2,one-year,0,1,3.0,ads,A,1
52,57.57,719,1,2.1,one-year,1,4,8.0,partner,A,0
70,62.96,386,1,0.0,month-to-month,0,6,8.0,referral,A,0
46,23.8,457,5,5.7,one-year,1,3,4.0,ads,C,0
32,90.93,422,2,7.8,month-to-month,0,1,4.0,organic,C,1
31,119.1,522,4,16.4,month-to-month,1,1,8.0,ads,B,0
46,126.76,423,4,6.7,one-year,1,2,7.0,referral,A,0
15,127.28,461,1,1.6,month-to-month,1,4,2.0,referral,B,0
1,29.45,565,7,14.9,month-to-month,1,4,5.0,partner,C,1
32,141.1,574,1,0.0,month-to-month,1,4,8.0,ads,B,0
24,132.15,660,3,3.2,month-to-month,1,2,3.0,ads,C,0
19,34.71,384,1,3.9,month-to-month,0,1,5.0,ads,A,0
53,30.08,346,3,0.0,one-year,1,3,6.0,referral,A,0
34,133.28,170,4,2.4,month-to-month,1,3,5.0,ads,C,0
32,141.69,388,4,0.0,month-to-month,1,2,8.0,organic,B,0
15,89.42,340,4,0.0,month-to-month,0,4,6.0,organic,B,0
47,77.19,446,0,0.1,one-year,0,2,7.0,referral,B,0
2,111.17,397,3,0.0,two-year,1,3,9.0,referral,A,0
36,111.21,144,3,5.0,month-to-month,0,3,8.0,ads,C,0
22,109.2,218,3,8.9,month-to-month,0,1,2.0,organic,A,1
35,135.87,320,4,6.6,month-to-month,1,3,5.0,partner,C,0
23,96.23,387,1,0.0,one-year,1,5,8.0,organic,C,0
40,51.73,718,4,8.2,month-to-month,1,4,5.0,referral,B,0
28,120.39,422,5,4.0,month-to-month,1,3,10.0,ads,A,0
45,99.84,429,0,0.0,one-year,0,3,9.0,referral,B,0
59,107.55,363,2,1.8,one-year,1,3,7.0,organic,B,0
67,91.96,326,3,2.9,one-year,1,3,5.0,partner,B,0
31,92.91,503,5,10.8,month-to-month,0,3,7.0,referral,B,0
1,81.85,574,8,16.2,month-to-month,0,1,2.0,ads,A,1
37,61.75,686,4,3.0,one-year,0,3,7.0,ads,A,0
46,48.29,494,4,5.6,month-to-month,0,2,4.0,referral,B,1
50,43.53,369,5,1.2,two-year,1,3,7.0,ads,B,0
72,143.25,462,2,14.3,one-year,0,4,5.0,organic,B,1
21,143.7,533,2,3.9,month-to-month,0,1,6.0,ads,B,1
18,140.18,516,5,14.1,month-to-month,0,2,2.0,ads,A,1
48,137.57,447,7,17.5,two-year,1,2,7.0,ads,C,1
64,33.21,462,3,3.8,one-year,1,2,6.0,organic,A,0
27,71.77,479,1,0.0,one-year,1,6,9.0,referral,B,0
35,137.3,327,3,10.3,month-to-month,1,2,6.0,organic,C,0
62,48.77,154,1,1.0,one-year,1,4,10.0,organic,C,0
72,139.18,428,0,0.0,one-year,1,4,10.0,referral,C,0
37,146.65,527,4,13.5,one-year,1,3,7.0,partner,C,0
35,140.75,233,3,0.0,one-year,1,2,4.0,ads,B,0
12,85.43,333,2,12.0,two-year,0,3,4.0,organic,C,1
72,100.16,122,1,0.5,month-to-month,1,3,10.0,organic,B,0
49,139.74,337,9,0.0,month-to-month,0,1,5.0,partner,A,1
27,108.73,232,0,6.6,month-to-month,0,3,7.0,ads,A,0
24,143.55,84,8,0.0,month-to-month,1,3,3.0,partner,B,1
49,92.79,297,2,1.7,month-to-month,0,4,6.0,ads,B,0
69,101.55,355,1,0.0,month-to-month,1,3,10.0,organic,C,0
10,71.35,366,5,5.7,month-to-month,0,5,6.0,ads,C,1
23,52.02,357,3,7.8,month-to-month,0,3,8.0,ads,B,0
14,22.27,404,2,5.0,month-to-month,1,4,8.0,organic,A,0
61,53.96,640,5,2.5,month-to-month,1,4,7.0,referral,A,1
24,67.27,342,5,9.7,month-to-month,0,3,4.0,partner,A,1
9,110.52,612,8,12.5,month-to-month,0,3,2.0,partner,A,1
72,75.37,637,3,0.0,month-to-month,0,4,8.0,partner,B,0
48,44.95,366,2,2.9,month-to-month,0,4,10.0,ads,B,0
13,58.94,253,3,6.6,month-to-month,0,2,2.0,ads,B,1
32,66.03,469,2,9.3,one-year,1,3,5.0,ads,A,1
56,58.41,627,2,0.0,one-year,0,3,7.0,ads,A,0
72,33.11,85,0,2.5,one-year,1,4,10.0,referral,B,0
52,58.19,386,0,0.5,month-to-month,0,5,10.0,ads,B,0
26,66.52,438,5,6.5,month-to-month,0,4,7.0,referral,A,0
53,137.26,644,4,6.4,one-year,1,4,7.0,organic,B,0
53,31.43,184,3,0.0,one-year,1,2,6.0,ads,C,0
29,21.43,470,1,0.0,one-year,1,3,9.0,referral,A,0
48,114.01,514,3,4.4,month-to-month,0,2,7.0,referral,A,0
32,64.06,309,5,5.9,month-to-month,1,4,6.0,organic,B,1
52,132.21,453,0,6.1,two-year,0,5,9.0,ads,A,0
51,53.97,461,6,5.9,month-to-month,1,1,8.0,organic,A,0
44,59.58,577,2,2.0,two-year,1,5,5.0,organic,A,0
42,135.32,592,3,12.2,month-to-month,0,4,6.0,ads,B,0
30,81.0,463,8,9.7,two-year,0,3,7.0,ads,A,0
3,20.51,445,7,2.7,month-to-month,0,4,6.0,ads,B,1
21,53.86,254,2,8.9,month-to-month,1,2,6.0,referral,A,0
27,115.72,429,7,8.9,month-to-month,1,2,5.0,ads,C,0
16,108.58,427,1,3.4,month-to-month,1,4,4.0,ads,A,0
43,146.42,308,5,7.1,month-to-month,0,3,1.0,ads,A,1
62,144.23,531,2,0.0,month-to-month,1,6,9.0,referral,A,0
65,125.03,465,2,2.4,one-year,1,3,6.0,organic,A,0
17,120.86,456,4,8.9,month-to-month,0,1,4.0,ads,B,1
56,75.85,491,1,4.9,two-year,1,3,7.0,organic,C,0
48,36.89,305,1,4.2,one-year,0,4,10.0,organic,B,0
51,137.59,229,2,2.2,two-year,1,6,6.0,referral,B,0
34,127.42,496,1,0.7,month-to-month,0,2,5.0,organic,C,1
72,94.48,228,0,0.0,two-year,1,4,10.0,organic,B,0
45,144.25,687,2,11.7,month-to-month,0,1,8.0,organic,C,0
27,141.11,405,5,5.5,month-to-month,1,2,7.0,ads,B,0
36,103.39,393,4,0.0,month-to-month,1,3,6.0,partner,A,0
57,71.95,538,1,0.0,two-year,1,1,10.0,ads,B,0
26,121.64,463,4,3.5,one-year,0,3,4.0,partner,B,1
27,116.16,646,2,3.0,month-to-month,0,2,6.0,organic,A,1
32,115.63,548,1,2.9,month-to-month,0,3,9.0,ads,A,0
27,60.27,432,3,13.6,month-to-month,1,4,6.0,referral,A,0
44,93.14,353,8,3.0,one-year,0,2,5.0,partner,A,0
14,46.35,582,0,8.7,one-year,1,3,7.0,organic,B,0
46,139.14,273,7,7.3,month-to-month,1,2,5.0,organic,B,0
28,81.06,409,4,10.9,month-to-month,0,3,5.0,ads,B,1
43,145.03,412,2,4.8,one-year,1,3,10.0,referral,A,0
16,138.79,371,7,2.7,month-to-month,1,4,5.0,partner,B,0
1,129.11,753,5,6.6,month-to-month,0,3,1.0,ads,A,1
22,95.77,638,1,6.4,month-to-month,1,5,7.0,organic,C,0
53,109.96,534,3,0.0,one-year,0,4,10.0,referral,A,0
14,99.85,768,1,15.8,month-to-month,0,2,3.0,organic,C,1
57,30.25,578,2,3.5,two-year,1,4,4.0,partner,B,0
14,98.58,455,5,3.4,one-year,0,4,6.0,organic,A,1
67,42.39,371,2,3.2,month-to-month,1,6,10.0,partner,A,0
32,106.48,283,3,2.8,one-year,1,6,8.0,ads,A,0
17,116.18,328,3,2.3,month-to-month,1,3,9.0,referral,C,0
25,99.87,431,4,10.0,one-year,1,3,7.0,organic,C,0
25,147.67,262,5,0.0,one-year,1,3,8.0,ads,A,0
20,51.61,220,4,3.8,month-to-month,0,2,6.0,organic,A,1
33,106.71,567,2,9.3,month-to-month,0,4,7.0,partner,A,0
35,67.79,236,3,1.3,month-to-month,1,1,6.0,ads,A,0
56,56.56,413,5,0.0,one-year,0,4,6.0,referral,B,0
43,73.81,534,4,7.5,one-year,1,4,5.0,ads,C,0
50,149.46,410,7,2.3,month-to-month,0,4,6.0,ads,A,1
22,107.13,304,4,19.2,one-year,0,3,1.0,partner,B,1
53,104.91,531,2,0.0,month-to-month,0,1,9.0,ads,B,0
21,76.63,287,1,2.3,two-year,1,5,5.0,organic,A,1
29,70.11,557,3,8.4,month-to-month,1,2,5.0,organic,A,0
68,80.41,374,2,0.0,two-year,1,5,10.0,organic,A,0
59,107.77,499,8,4.0,month-to-month,0,3,5.0,organic,B,1
34,56.63,455,1,11.6,month-to-month,1,2,1.0,partner,B,0
65,60.9,588,6,1.1,two-year,1,4,7.0,organic,A,0
25,129.59,354,5,0.0,one-year,1,5,4.0,referral,A,0
36,122.05,498,3,1.1,one-year,0,3,8.0,organic,B,0
37,125.99,318,5,0.0,month-to-month,0,3,4.0,organic,A,1
59,125.58,275,4,1.5,month-to-month,1,2,10.0,referral,B,1
31,70.76,460,5,9.2,one-year,1,4,6.0,ads,B,0
41,85.7,520,1,0.0,month-to-month,1,1,7.0,organic,B,0
23,23.25,500,6,12.5,month-to-month,0,1,1.0,ads,A,1
14,95.24,481,6,0.0,month-to-month,0,1,6.0,organic,B,1
72,41.25,422,1,6.4,one-year,1,4,9.0,partner,B,0
14,67.27,567,3,10.8,two-year,0,2,3.0,ads,B,0
1,132.82,322,2,3.8,two-year,1,3,6.0,partner,A,0
31,67.38,291,1,0.1,one-year,1,4,5.0,partner,B,0
47,82.67,492,2,5.6,month-to-month,0,2,4.0,ads,B,0
18,61.47,347,4,11.8,month-to-month,0,2,3.0,ads,B,1
44,126.18,303,7,9.0,month-to-month,0,1,5.0,organic,A,1
38,52.54,503,0,0.0,two-year,0,4,7.0,organic,B,0
33,20.66,550,6,9.0,month-to-month,0,3,6.0,organic,A,0
11,40.83,440,5,5.5,month-to-month,0,3,7.0,referral,A,1
3,142.22,202,1,0.0,two-year,1,3,6.0,partner,B,0
51,53.14,703,1,0.0,one-year,0,3,6.0,referral,B,0
53,45.27,554,1,5.1,month-to-month,0,3,5.0,ads,B,0
34,79.65,130,3,6.6,month-to-month,1,4,8.0,referral,C,0
42,51.95,202,3,2.4,month-to-month,1,4,8.0,ads,A,0
67,71.06,449,1,5.9,month-to-month,1,4,10.0,referral,A,0
58,43.17,489,5,7.9,month-to-month,1,4,10.0,organic,A,0
27,134.03,330,3,4.3,month-to-month,0,2,5.0,ads,C,0
25,41.69,438,6,0.7,month-to-month,1,2,7.0,ads,B,0
70,39.48,515,2,9.9,month-to-month,0,5,7.0,organic,B,0
32,122.08,508,4,6.1,month-to-month,0,2,6.0,ads,A,1
22,107.56,291,3,6.6,one-year,0,1,6.0,partner,B,0
1,78.68,688,6,6.0,month-to-month,0,1,4.0,ads,A,1
34,74.55,630,6,13.9,month-to-month,0,1,4.0,partner,A,1
25,44.09,537,4,0.0,month-to-month,1,1,8.0,ads,C,0
59,127.88,299,2,5.7,month-to-month,1,2,7.0,ads,C,0
1,110.3,571,0,4.6,month-to-month,1,1,7.0,partner,B,1
57,98.36,303,3,3.3,month-to-month,0,3,7.0,ads,C,0
32,45.11,512,7,4.4,one-year,0,2,5.0,organic,A,1
37,120.68,467,6,11.3,month-to-month,1,4,9.0,ads,C,0
19,75.25,528,6,10.9,month-to-month,1,3,2.0,partner,B,1
72,118.65,366,0,0.0,two-year,1,6,7.0,organic,B,0
30,136.94,594,6,0.5,month-to-month,1,2,6.0,ads,B,0
20,84.97,463,8,10.5,one-year,1,2,7.0,ads,B,0
1,117.46,323,2,3.4,month-to-month,0,4,5.0,organic,A,1
46,54.54,512,2,2.5,two-year,0,4,9.0,organic,B,0
32,66.54,474,4,5.4,month-to-month,0,3,6.0,organic,A,0
7,124.59,534,5,6.7,two-year,1,4,5.0,ads,B,0
45,24.09,345,2,0.0,month-to-month,0,5,9.0,partner,C,1
28,120.43,387,3,2.5,one-year,0,1,7.0,referral,A,1
42,64.25,448,1,2.4,month-to-month,1,3,6.0,organic,B,0
35,148.25,343,1,6.7,month-to-month,0,3,6.0,ads,C,0
42,141.25,328,8,11.1,month-to-month,1,1,6.0,referral,A,1
51,89.6,254,1,4.3,two-year,1,2,7.0,ads,C,0
21,31.01,421,1,6.7,two-year,0,3,9.0,partner,C,0
49,112.43,337,0,0.0,month-to-month,1,5,10.0,organic,B,0
36,32.33,334,3,11.1,one-year,1,3,8.0,referral,B,0
18,34.33,343,1,2.2,month-to-month,1,2,10.0,ads,C,0
22,64.72,236,3,10.2,month-to-month,0,2,4.0,organic,B,1
72,118.25,347,1,0.0,one-year,1,4,8.0,organic,C,0
35,52.49,442,2,6.3,one-year,1,2,8.0,referral,A,0
20,139.54,336,4,6.7,month-to-month,1,2,7.0,ads,B,0
26,75.22,231,2,3.1,one-year,0,2,5.0,ads,A,0
21,117.16,541,2,6.4,month-to-month,1,1,5.0,organic,A,0
33,44.8,383,6,10.9,one-year,1,1,6.0,ads,C,1
49,62.62,401,2,3.3,month-to-month,0,3,4.0,organic,A,0
29,74.13,302,2,6.0,one-year,0,2,6.0,referral,C,0
31,47.49,304,1,0.0,one-year,1,5,6.0,ads,C,0
41,138.33,436,3,0.5,two-year,1,3,7.0,referral,A,0
21,135.71,157,2,0.1,month-to-month,0,3,2.0,partner,C,0
16,72.55,176,2,4.8,month-to-month,1,3,2.0,organic,A,1
21,145.36,477,1,2.4,month-to-month,0,2,6.0,referral,C,0
72,33.87,462,2,0.0,one-year,1,3,10.0,referral,C,0
29,20.52,302,4,5.6,one-year,0,3,7.0,organic,B,0
46,123.98,372,1,7.1,two-year,0,3,7.0,referral,A,0
39,47.99,339,4,5.2,month-to-month,0,3,5.0,ads,A,0
64,119.22,249,2,0.0,one-year,1,3,10.0,referral,C,0
1,114.7,384,2,7.1,month-to-month,0,2,1.0,ads,A,1
12,139.59,377,4,5.2,month-to-month,1,4,2.0,ads,A,1
8,50.75,559,5,4.8,month-to-month,1,3,4.0,partner,A,1
12,144.5,258,9,1.9,month-to-month,0,2,2.0,partner,A,1
29,31.61,759,3,9.4,two-year,0,3,9.0,referral,A,0
32,128.87,271,5,7.4,month-to-month,1,2,7.0,ads,C,0
64,71.9,485,2,0.5,one-year,0,4,9.0,referral,B,0
7,24.22,426,1,0.0,one-year,1,1,5.0,referral,B,0
62,69.39,750,1,0.0,two-year,1,4,10.0,ads,C,0
61,130.58,522,3,5.0,month-to-month,1,2,6.0,ads,C,0
41,95.72,507,2,5.7,two-year,1,4,10.0,partner,C,0
18,20.41,583,5,4.6,month-to-month,0,5,5.0,organic,B,1
57,102.07,400,1,7.7,month-to-month,0,3,8.0,referral,A,0
34,32.78,353,9,3.8,two-year,0,5,4.0,ads,A,1
26,77.58,491,0,10.1,month-to-month,0,2,5.0,partner,B,1
61,39.79,369,4,0.0,two-year,0,3,9.0,ads,A,0
40,105.15,403,3,0.0,one-year,1,3,10.0,referral,C,0
22,143.34,543,4,2.1,month-to-month,0,5,3.0,ads,B,0
7,23.03,240,7,13.5,month-to-month,0,3,2.0,ads,B,1
17,29.43,428,2,6.5,month-to-month,1,2,5.0,referral,A,0
69,120.79,398,0,0.0,month-to-month,1,5,7.0,organic,A,0
39,32.92,380,1,0.5,month-to-month,0,2,5.0,partner,B,0
62,137.69,486,1,0.5,one-year,1,5,5.0,referral,A,0
70,131.82,223,1,0.0,one-year,1,3,4.0,referral,C,0
33,149.88,309,1,0.6,month-to-month,0,4,6.0,ads,A,0
33,47.95,360,6,10.5,month-to-month,1,3,5.0,organic,A,1
14,119.55,247,8,8.2,month-to-month,0,2,2.0,partner,B,1
49,106.7,571,3,0.0,one-year,0,1,8.0,referral,A,0
19,75.59,335,3,7.7,month-to-month,1,3,4.0,ads,B,1
23,69.47,679,2,0.0,month-to-month,0,5,10.0,referral,C,0
29,117.51,357,3,5.5,two-year,0,3,5.0,ads,C,0
7,67.19,316,1,12.5,two-year,0,4,8.0,ads,A,0
32,24.03,525,2,3.2,one-year,0,3,4.0,ads,C,1
1,93.05,302,2,5.9,two-year,1,2,5.0,ads,C,0
3,134.68,44,8,17.4,month-to-month,0,2,6.0,ads,B,1
37,25.35,487,1,1.2,two-year,1,6,8.0,referral,B,0
45,52.11,645,2,7.9,month-to-month,0,3,4.0,organic,C,1
26,36.54,207,2,10.3,month-to-month,0,1,1.0,organic,A,1
26,49.32,475,4,3.0,month-to-month,0,4,8.0,organic,C,0
47,32.39,563,2,4.4,month-to-month,1,4,8.0,organic,C,0
51,132.76,438,6,2.8,month-to-month,1,5,7.0,organic,A,0
50,45.42,588,2,0.0,month-to-month,0,2,8.0,partner,A,0
12,48.58,397,6,8.0,one-year,0,2,4.0,referral,A,1
31,94.25,312,2,0.0,month-to-month,1,5,6.0,organic,A,0
21,111.07,304,5,7.3,month-to-month,0,2,2.0,partner,B,1
27,125.76,482,2,0.4,month-to-month,0,1,6.0,referral,A,0
44,129.99,392,4,0.0,month-to-month,0,1,9.0,ads,C,0
35,34.16,371,4,7.8,one-year,1,4,2.0,partner,C,0
20,50.13,526,6,5.6,month-to-month,0,1,5.0,partner,B,1
58,34.34,583,2,0.0,two-year,1,3,10.0,referral,B,0
32,126.36,384,3,10.6,month-to-month,0,4,6.0,partner,B,1
26,82.9,277,1,0.0,month-to-month,0,3,6.0,referral,B,0
43,111.98,569,1,7.2,month-to-month,0,4,6.0,ads,A,0
16,88.67,664,8,7.4,month-to-month,0,3,4.0,ads,A,1
9,45.28,262,3,7.2,one-year,0,2,1.0,organic,B,1
31,43.61,347,7,4.9,month-to-month,0,1,3.0,partner,B,1
14,30.69,670,4,2.2,month-to-month,1,3,7.0,referral,A,0
43,86.89,389,4,5.7,one-year,0,2,4.0,organic,B,1
62,31.49,684,1,0.0,two-year,1,3,10.0,organic,C,0
13,65.65,401,6,5.1,month-to-month,0,3,5.0,organic,A,1
29,93.67,470,5,2.9,one-year,1,2,4.0,ads,A,0
7,124.89,253,2,7.0,one-year,1,3,9.0,ads,A,0
27,142.31,148,1,1.0,month-to-month,0,3,8.0,referral,A,0
18,51.34,388,1,7.4,two-year,0,2,7.0,partner,B,0
40,65.96,449,4,0.0,two-year,1,2,7.0,referral,A,0
12,56.34,505,3,10.1,month-to-month,1,2,6.0,organic,C,0
43,28.53,611,6,14.1,month-to-month,0,2,3.0,ads,A,0
41,95.13,376,2,8.7,one-year,0,2,5.0,organic,B,0
1,119.5,464,6,16.1,one-year,0,1,3.0,ads,C,1
38,134.75,412,7,8.6,one-year,0,3,4.0,organic,C,1
45,82.83,308,3,6.2,two-year,0,3,6.0,ads,C,0
37,46.7,446,4,5.8,month-to-month,0,4,5.0,organic,B,1
41,127.43,657,1,0.0,month-to-month,0,5,10.0,referral,C,0
47,112.69,538,2,5.1,one-year,1,5,9.0,referral,A,0
21,118.97,481,5,9.0,two-year,0,2,9.0,ads,A,0
8,33.58,335,4,5.2,month-to-month,0,2,6.0,organic,A,1
11,81.11,358,3,6.2,two-year,1,4,6.0,referral,C,1
27,21.58,446,4,2.5,month-to-month,1,2,5.0,ads,A,1
6,141.67,493,6,7.9,one-year,1,4,2.0,ads,B,1
25,83.11,402,4,9.1,month-to-month,0,3,4.0,organic,C,1
9,36.05,420,3,0.0,one-year,0,1,7.0,partner,C,0
34,98.76,275,5,4.8,month-to-month,0,5,5.0,ads,B,1
18,125.35,380,10,7.6,month-to-month,1,4,6.0,ads,C,1
43,45.34,448,2,3.7,two-year,1,4,3.0,ads,C,0
57,109.33,448,3,10.1,month-to-month,0,4,8.0,referral,A,0
49,35.43,591,7,0.4,month-to-month,1,3,7.0,referral,A,1
13,105.35,307,0,5.6,month-to-month,1,3,5.0,organic,A,1
12,111.08,388,5,3.4,month-to-month,0,3,6.0,partner,A,0
12,98.35,658,7,0.3,month-to-month,0,2,6.0,organic,B,1
47,140.5,262,3,4.1,month-to-month,1,2,10.0,partner,A,0
1,79.2,394,3,6.0,month-to-month,0,2,4.0,referral,C,1
25,83.13,632,3,3.4,month-to-month,0,1,8.0,referral,A,1
9,38.19,644,6,13.3,month-to-month,0,1,6.0,ads,B,0
54,73.16,417,3,2.0,one-year,0,3,9.0,ads,A,0
50,119.65,305,2,0.0,two-year,0,3,10.0,ads,C,0
25,22.0,388,4,11.7,month-to-month,0,1,4.0,ads,A,0
23,53.33,427,2,0.4,month-to-month,0,1,5.0,ads,A,1
59,64.99,418,1,0.0,two-year,0,6,8.0,referral,B,0
28,149.66,610,2,10.7,month-to-month,0,3,5.0,referral,B,0
36,148.71,339,2,7.6,month-to-month,0,2,6.0,organic,B,1
1,86.75,484,4,11.0,month-to-month,0,1,2.0,ads,B,1
55,107.96,421,3,3.7,month-to-month,0,3,6.0,ads,A,0
1,71.56,440,1,6.1,month-to-month,1,3,8.0,organic,C,0
28,22.28,454,3,0.7,month-to-month,0,3,10.0,organic,A,0
16,67.23,351,5,10.7,one-year,1,3,1.0,ads,B,0
28,32.07,551,11,6.5,one-year,0,3,8.0,ads,B,0
1,35.88,497,4,8.7,month-to-month,0,1,7.0,ads,A,0
48,45.18,496,3,3.2,one-year,1,4,10.0,organic,A,0
29,141.32,319,14,16.0,month-to-month,0,3,6.0,ads,C,1
64,110.26,635,3,0.0,month-to-month,1,3,10.0,referral,A,0
26,116.7,450,1,8.8,one-year,0,1,5.0,ads,B,0
45,45.65,373,1,0.0,month-to-month,1,3,8.0,referral,A,0
26,121.54,304,5,7.1,month-to-month,0,3,6.0,organic,B,0
1,83.72,340,3,11.1,one-year,0,2,2.0,partner,C,0
19,132.04,400,3,4.9,month-to-month,1,4,9.0,referral,A,0
35,66.91,15,2,3.7,two-year,0,5,8.0,organic,C,0
32,45.14,637,3,9.7,month-to-month,0,2,2.0,ads,B,1
33,146.27,510,1,8.5,one-year,1,3,5.0,partner,A,1
41,121.9,580,5,5.9,month-to-month,0,3,3.0,ads,A,0
4,147.76,405,13,14.9,month-to-month,0,2,2.0,ads,A,1
67,135.29,564,1,0.0,one-year,1,5,10.0,referral,A,0
38,110.31,513,1,4.1,month-to-month,0,3,4.0,ads,B,0
16,69.95,466,2,3.1,two-year,1,3,6.0,referral,A,0
22,100.3,381,3,0.0,month-to-month,1,4,6.0,partner,A,1
48,97.07,487,0,1.9,two-year,1,4,9.0,ads,A,0
41,34.86,505,6,6.3,one-year,0,3,8.0,partner,A,1
23,90.06,516,7,7.2,month-to-month,1,3,8.0,ads,B,0
39,113.35,403,4,4.2,month-to-month,0,2,9.0,organic,C,0
72,27.81,363,1,0.0,month-to-month,1,4,8.0,organic,C,0
16,121.87,436,8,12.2,month-to-month,0,2,5.0,ads,B,1
45,39.5,462,0,0.0,month-to-month,0,3,5.0,partner,C,0
36,96.85,542,5,2.1,month-to-month,0,1,4.0,referral,B,1
23,21.58,287,1,4.0,two-year,0,4,8.0,referral,C,0
38,90.68,266,1,0.0,month-to-month,1,3,5.0,organic,A,0
58,26.65,395,3,1.4,one-year,1,2,6.0,referral,A,0
27,22.32,392,2,10.9,month-to-month,0,4,6.0,ads,B,0
1,95.23,395,4,6.6,month-to-month,0,2,3.0,ads,B,1
23,47.8,687,2,2.3,month-to-month,0,1,10.0,organic,A,0
43,94.06,629,2,4.0,two-year,0,4,8.0,ads,B,0
24,106.9,503,0,4.8,one-year,1,2,10.0,ads,C,0
72,85.01,343,1,0.0,month-to-month,0,2,10.0,organic,A,0
34,33.37,509,2,3.0,one-year,1,3,6.0,ads,C,0
7,117.8,374,10,11.6,month-to-month,0,1,5.0,referral,A,1
25,69.89,450,4,12.0,one-year,1,3,4.0,partner,C,0
51,114.37,422,2,2.6,month-to-month,1,5,6.0,ads,C,0
8,101.61,332,5,12.9,month-to-month,0,3,1.0,ads,B,1
63,61.86,181,0,1.1,month-to-month,1,4,8.0,partner,C,0
28,143.46,209,3,6.7,one-year,0,3,8.0,referral,B,1
72,99.74,505,0,0.0,month-to-month,1,1,9.0,referral,C,0
25,45.39,439,3,13.9,month-to-month,0,1,5.0,organic,B,1
67,50.42,548,3,0.0,one-year,1,5,8.0,referral,B,0
68,53.17,498,2,0.4,one-year,1,6,10.0,organic,A,0
33,127.49,679,4,4.0,month-to-month,1,4,4.0,partner,A,1
32,108.99,446,4,0.0,two-year,1,2,10.0,referral,C,0
29,32.89,405,7,6.4,two-year,0,3,3.0,partner,B,1
38,81.92,287,4,20.5,month-to-month,0,1,5.0,partner,B,1
65,108.84,444,3,3.8,two-year,0,3,8.0,referral,A,0
29,87.05,481,2,0.7,two-year,1,5,6.0,partner,A,0
33,43.27,390,5,10.8,one-year,1,3,5.0,referral,C,0
44,38.62,473,1,0.0,month-to-month,1,3,9.0,referral,A,0
6,147.42,436,6,1.9,month-to-month,1,2,6.0,ads,A,1
22,49.99,607,5,12.3,month-to-month,0,1,1.0,organic,A,1
55,25.36,424,2,9.8,one-year,1,2,8.0,partner,B,0
43,75.63,423,4,4.4,month-to-month,1,4,6.0,referral,B,0
23,130.41,477,9,7.4,month-to-month,1,4,8.0,ads,A,0
53,106.74,649,4,0.0,month-to-month,1,4,4.0,referral,C,0
37,49.4,425,2,1.8,month-to-month,1,5,10.0,ads,B,0
52,73.21,353,2,2.3,one-year,0,5,6.0,organic,A,0
55,97.18,457,1,4.5,one-year,0,4,9.0,ads,C,0
12,100.26,389,0,2.3,month-to-month,1,3,7.0,referral,A,0
43,106.62,256,3,0.0,two-year,0,3,4.0,ads,C,0
38,110.3,516,0,0.0,month-to-month,1,3,10.0,organic,B,0
45,28.96,210,6,1.1,two-year,0,2,7.0,partner,B,0
52,35.67,296,2,0.0,one-year,1,2,7.0,organic,B,0
18,44.7,359,5,8.1,two-year,1,2,8.0,ads,A,0
30,53.95,543,3,10.4,one-year,0,3,4.0,ads,B,1
58,66.63,485,6,0.0,one-year,1,4,10.0,organic,A,0
23,116.05,612,6,0.3,one-year,1,5,7.0,ads,A,0
27,108.13,483,5,1.2,one-year,1,2,7.0,organic,A,0
48,145.87,393,1,3.7,two-year,1,6,6.0,referral,A,0
22,90.61,210,3,7.0,one-year,0,4,8.0,organic,C,0
13,62.41,379,2,7.2,month-to-month,0,3,7.0,organic,C,1
49,105.5,504,2,0.0,one-year,1,5,9.0,ads,A,0
22,88.96,263,2,8.7,month-to-month,0,4,7.0,referral,B,0
51,65.39,484,2,1.8,month-to-month,1,1,9.0,ads,B,0
33,37.57,442,6,8.9,one-year,0,4,6.0,ads,A,0
39,37.68,404,2,0.7,month-to-month,1,3,4.0,ads,A,0
30,62.41,400,4,0.0,one-year,0,2,1.0,ads,A,1
72,73.34,353,1,3.4,one-year,0,5,10.0,organic,A,0
26,139.31,249,1,1.6,one-year,1,2,5.0,ads,B,0
57,74.46,40,4,0.5,month-to-month,1,4,5.0,partner,A,0
58,75.9,567,3,5.0,one-year,0,1,7.0,ads,A,0
37,92.11,450,4,10.1,month-to-month,1,2,2.0,organic,A,1
72,78.06,491,1,0.0,two-year,1,4,8.0,organic,A,0
64,72.14,475,1,4.2,month-to-month,1,3,8.0,organic,C,0
32,127.21,467,3,11.7,one-year,1,2,7.0,ads,A,0
72,100.3,725,1,0.0,month-to-month,1,5,9.0,referral,A,0
46,100.42,467,1,6.7,month-to-month,0,3,5.0,organic,A,0
43,68.37,563,2,16.0,month-to-month,0,2,5.0,organic,C,1
37,72.65,321,2,0.0,month-to-month,0,4,7.0,partner,A,0
30,94.85,475,4,0.6,month-to-month,1,2,9.0,ads,B,0
34,23.82,691,3,7.5,one-year,1,1,9.0,organic,A,0
57,92.36,480,3,7.0,month-to-month,1,1,7.0,ads,A,0
55,20.33,379,0,3.2,one-year,0,3,10.0,ads,C,0
18,146.57,419,3,3.7,month-to-month,0,2,7.0,organic,C,1
47,120.19,186,4,7.6,one-year,0,3,5.0,ads,B,0
27,77.15,307,0,1.4,month-to-month,0,4,6.0,referral,C,0
53,74.08,494,3,3.5,month-to-month,1,1,6.0,ads,B,0
38,122.69,502,1,4.3,one-year,1,4,10.0,referral,A,0
33,119.62,479,3,13.7,month-to-month,1,1,4.0,organic,A,0
24,65.29,330,0,3.6,two-year,0,3,4.0,organic,A,0
37,98.7,451,4,9.4,one-year,1,3,4.0,ads,B,0
27,137.64,604,8,11.5,one-year,1,4,1.0,ads,B,0
17,143.35,210,3,5.0,one-year,1,1,4.0,ads,A,1
35,139.59,387,1,4.6,two-year,0,4,4.0,ads,C,0
21,30.89,370,5,4.2,one-year,0,3,6.0,organic,A,0
45,104.16,459,2,1.0,one-year,1,3,8.0,ads,A,0
42,50.78,283,0,0.0,month-to-month,1,4,9.0,ads,A,0
6,95.08,306,6,13.8,month-to-month,1,2,4.0,partner,B,1
2,24.49,495,6,5.2,month-to-month,0,1,4.0,organic,B,1
43,132.69,364,0,1.7,month-to-month,0,5,8.0,referral,B,0
46,121.7,515,3,6.2,month-to-month,1,2,5.0,ads,B,0
49,55.31,470,5,8.4,month-to-month,1,5,6.0,referral,A,0
66,96.69,534,1,3.1,month-to-month,1,5,4.0,referral,B,0
63,145.98,289,2,8.9,month-to-month,0,2,5.0,organic,B,0
41,144.07,600,3,0.2,one-year,1,6,7.0,partner,A,0
39,112.25,464,4,3.5,month-to-month,1,3,2.0,organic,C,0
19,51.21,547,2,9.6,month-to-month,0,3,6.0,ads,C,1
52,98.89,239,1,0.0,two-year,1,5,7.0,partner,A,0
11,82.24,401,3,5.5,month-to-month,1,2,8.0,referral,B,1
34,105.44,426,1,5.6,month-to-month,1,2,7.0,ads,C,0
28,135.71,482,0,0.0,two-year,1,5,7.0,organic,A,0
38,113.78,583,0,6.3,month-to-month,1,4,9.0,organic,A,0
72,21.72,377,2,7.5,one-year,0,2,8.0,partner,A,0
58,73.83,237,0,0.0,two-year,0,6,10.0,referral,C,0
36,31.66,162,3,4.0,month-to-month,1,1,5.0,partner,C,0
46,27.84,380,5,6.1,two-year,1,4,8.0,ads,C,0
42,44.59,510,2,11.4,one-year,0,5,7.0,referral,C,0
53,135.08,484,1,0.0,one-year,0,2,10.0,partner,B,0
12,125.99,417,4,11.0,month-to-month,1,3,1.0,partner,A,1
9,91.24,514,2,9.2,month-to-month,1,3,4.0,ads,B,1
15,128.73,657,3,8.2,month-to-month,0,5,3.0,ads,B,1
29,137.04,656,7,3.8,one-year,1,1,4.0,organic,B,1
5,31.21,586,4,12.5,two-year,0,1,7.0,partner,B,0
57,137.54,515,5,4.0,month-to-month,0,3,10.0,organic,B,0
4,22.88,338,5,5.6,month-to-month,0,1,4.0,ads,A,1
33,129.42,678,4,7.3,month-to-month,0,5,3.0,organic,A,0
32,94.91,579,3,4.9,month-to-month,0,3,6.0,referral,A,1
28,23.21,448,3,9.4,one-year,1,4,6.0,referral,A,0
24,67.12,281,3,15.3,month-to-month,1,4,6.0,partner,C,0
60,33.26,516,2,0.5,one-year,1,3,8.0,referral,A,0
39,87.53,542,2,1.9,two-year,0,4,8.0,referral,B,0
58,73.03,428,2,1.7,month-to-month,0,2,9.0,ads,C,0
16,44.02,229,1,0.0,two-year,1,3,8.0,referral,A,0
43,124.65,362,0,0.0,one-year,1,6,8.0,referral,A,0
51,93.34,476,1,5.9,month-to-month,1,4,6.0,ads,A,0
34,119.91,579,2,0.0,month-to-month,0,4,5.0,referral,C,0
3,67.42,426,2,12.2,month-to-month,0,3,6.0,ads,B,1
26,84.01,324,1,0.0,month-to-month,0,3,8.0,ads,B,1
41,51.76,137,1,0.0,one-year,1,4,7.0,ads,B,0
17,20.72,675,3,10.8,month-to-month,0,1,2.0,ads,C,1
20,143.44,424,2,7.7,month-to-month,0,4,5.0,organic,A,1
55,134.58,325,1,0.0,one-year,1,2,7.0,referral,B,0
47,30.19,181,3,5.0,month-to-month,1,2,8.0,ads,A,0
52,45.32,357,6,6.1,month-to-month,1,1,6.0,ads,C,0
53,113.16,621,1,8.8,two-year,0,4,4.0,referral,A,0
47,55.0,259,4,0.0,month-to-month,1,6,8.0,referral,B,0
71,108.16,537,4,0.0,month-to-month,1,2,7.0,referral,A,0
31,56.07,300,3,10.4,month-to-month,0,2,7.0,organic,B,0
29,50.6,426,0,2.8,month-to-month,1,3,7.0,referral,B,0
72,36.84,539,0,0.0,two-year,1,4,10.0,ads,B,0
45,40.59,252,1,0.6,month-to-month,1,3,10.0,referral,A,0
39,131.5,534,4,5.3,two-year,1,3,7.0,organic,C,0
35,138.24,461,5,0.0,month-to-month,1,4,9.0,referral,A,0
22,108.84,461,2,0.0,one-year,1,3,6.0,partner,B,0
72,116.0,414,2,0.0,month-to-month,1,3,10.0,ads,C,0
53,140.69,501,1,6.9,two-year,0,5,8.0,ads,A,0
44,94.38,400,4,8.6,two-year,1,5,6.0,partner,A,0
38,33.24,222,5,4.8,one-year,0,2,7.0,ads,A,0
58,148.88,408,2,0.0,two-year,0,5,8.0,partner,B,0
48,106.7,668,1,1.4,one-year,1,5,10.0,referral,A,0
27,139.99,398,2,1.5,two-year,1,3,8.0,organic,B,0
61,44.58,405,6,4.9,month-to-month,0,3,5.0,organic,A,1
12,145.26,265,3,7.3,month-to-month,0,4,4.0,partner,A,1
44,140.69,766,3,3.2,month-to-month,1,3,8.0,organic,C,0
29,29.07,190,1,1.9,one-year,1,5,7.0,referral,B,0
47,27.38,407,1,0.9,month-to-month,1,6,10.0,referral,B,0
23,41.0,352,2,7.5,one-year,0,4,7.0,ads,B,1
9,44.45,361,5,15.5,month-to-month,0,1,2.0,ads,A,1
37,58.59,305,1,5.1,one-year,1,1,8.0,organic,A,0
1,122.28,422,3,15.2,month-to-month,0,1,4.0,ads,C,1
54,35.54,318,2,0.0,month-to-month,1,4,7.0,partner,C,0
57,29.19,280,0,1.3,two-year,1,2,8.0,organic,B,0
13,91.75,85,4,0.0,month-to-month,1,3,8.0,organic,A,0
44,91.6,276,2,0.0,two-year,0,3,8.0,referral,C,0
41,100.87,456,2,0.0,two-year,0,1,6.0,referral,B,0
41,118.9,604,5,0.1,month-to-month,1,3,6.0,ads,B,0
29,31.8,307,1,2.6,one-year,0,1,3.0,ads,A,0
42,95.97,500,4,13.7,two-year,0,2,4.0,ads,A,0
16,82.83,395,6,5.1,month-to-month,0,3,2.0,ads,C,1
39,67.5,348,2,0.0,one-year,0,3,6.0,organic,B,0
39,32.27,371,2,6.1,month-to-month,0,4,8.0,organic,A,0
59,88.95,292,3,2.7,two-year,1,4,9.0,referral,C,0
27,24.51,310,2,12.6,month-to-month,1,4,9.0,referral,A,0
27,146.34,348,3,4.3,month-to-month,0,4,8.0,organic,B,0
16,134.87,419,1,0.0,month-to-month,0,2,4.0,ads,B,0
32,136.55,269,3,2.1,month-to-month,1,3,7.0,ads,B,0
66,58.1,437,4,0.0,two-year,0,2,8.0,organic,C,0
31,42.44,334,4,2.5,month-to-month,1,3,1.0,ads,A,1
20,32.59,474,7,1.5,month-to-month,1,3,4.0,ads,A,0
30,78.39,545,2,2.7,month-to-month,1,2,6.0,organic,B,1
33,25.55,448,2,5.9,month-to-month,0,3,5.0,ads,B,0
15,118.85,112,6,0.2,month-to-month,1,4,6.0,referral,A,0
28,85.37,349,2,5.7,one-year,1,3,8.0,referral,B,0
43,112.01,342,2,13.9,month-to-month,0,2,2.0,partner,B,1
31,112.34,413,3,4.1,one-year,0,4,8.0,organic,B,0
40,86.49,350,4,11.1,month-to-month,0,3,6.0,referral,A,1
68,116.27,400,0,1.5,one-year,1,4,9.0,ads,B,0
53,142.34,417,0,0.0,two-year,0,4,10.0,referral,B,0
12,21.07,526,4,7.7,one-year,1,1,5.0,ads,A,0
38,51.17,361,3,0.4,month-to-month,1,3,10.0,ads,A,0
11,137.49,126,1,1.7,one-year,0,2,4.0,partner,B,1
50,111.13,509,2,0.6,month-to-month,1,5,6.0,ads,A,0
18,93.82,426,7,11.1,month-to-month,0,1,5.0,organic,A,1
47,90.98,320,3,1.2,two-year,0,5,7.0,partner,B,0
46,72.16,294,4,14.4,month-to-month,0,3,6.0,ads,C,0
46,97.79,434,2,8.4,month-to-month,0,4,10.0,ads,A,0
31,101.66,362,4,4.9,month-to-month,0,2,6.0,ads,B,1
16,67.52,663,3,0.0,two-year,0,2,8.0,partner,B,0
33,69.67,535,5,15.1,month-to-month,0,4,4.0,referral,B,1
68,49.82,448,4,1.0,month-to-month,1,2,4.0,organic,A,0
1,94.69,551,5,6.5,month-to-month,1,2,6.0,ads,A,1
45,86.16,441,2,6.0,month-to-month,1,1,8.0,partner,A,0
35,79.91,348,3,0.0,two-year,1,1,6.0,ads,B,0
14,99.5,283,5,0.0,month-to-month,0,3,6.0,organic,B,0
51,104.47,558,8,6.8,month-to-month,1,5,9.0,ads,B,0
72,72.08,332,3,0.0,one-year,1,4,10.0,referral,A,0
38,123.55,563,0,6.4,month-to-month,0,3,6.0,partner,C,0
44,30.11,510,2,0.0,two-year,1,5,9.0,ads,C,0
40,72.05,454,2,0.0,one-year,0,1,6.0,referral,B,0
28,97.68,480,3,7.3,month-to-month,0,3,4.0,ads,A,1
32,39.45,366,5,0.1,month-to-month,0,3,4.0,ads,B,1
34,49.49,416,3,3.3,one-year,0,2,5.0,referral,C,0
25,100.75,385,2,6.1,month-to-month,0,3,6.0,ads,B,0
72,89.91,420,1,0.0,one-year,0,4,10.0,referral,A,0
53,47.44,290,2,0.0,month-to-month,0,3,9.0,referral,B,0
44,74.36,480,4,4.9,month-to-month,0,5,6.0,organic,A,0
1,123.62,571,3,5.9,month-to-month,0,4,6.0,organic,C,1
38,90.9,440,3,8.4,month-to-month,1,4,7.0,organic,A,1
30,121.42,617,2,5.2,month-to-month,0,3,8.0,ads,C,0
22,54.37,572,5,2.0,two-year,0,2,4.0,ads,C,0
71,31.91,617,0,0.6,one-year,1,3,10.0,referral,A,0
51,58.24,372,3,7.1,month-to-month,0,3,7.0,partner,C,0
27,29.38,271,0,5.7,one-year,1,2,5.0,partner,B,0
63,63.97,562,5,5.8,month-to-month,1,2,6.0,ads,B,0
44,101.19,557,2,4.4,two-year,0,3,6.0,referral,C,0
72,61.36,456,2,0.0,month-to-month,1,6,5.0,referral,A,0
36,43.74,243,8,6.7,two-year,0,4,3.0,referral,B,1
45,28.9,448,2,4.5,month-to-month,1,3,8.0,referral,A,1
53,70.11,376,3,2.6,two-year,0,1,8.0,referral,A,0
37,145.66,539,4,8.9,month-to-month,0,2,1.0,organic,C,1
47,105.2,518,2,2.8,one-year,0,3,10.0,organic,A,1
57,124.03,371,0,0.0,one-year,1,6,9.0,organic,A,0
33,104.37,320,1,7.3,month-to-month,0,4,6.0,ads,B,0
14,110.38,302,3,0.0,two-year,0,1,3.0,ads,C,1
28,95.65,353,5,7.7,two-year,1,3,8.0,organic,A,1
28,93.46,431,0,4.4,one-year,1,3,8.0,organic,C,0
15,89.22,393,5,3.6,two-year,1,2,9.0,referral,A,0
35,70.03,199,5,1.6,one-year,1,4,8.0,ads,B,0
44,100.69,601,4,3.3,month-to-month,1,3,8.0,ads,B,0
51,124.59,238,3,4.5,two-year,0,6,6.0,ads,B,0
16,103.07,299,5,11.9,month-to-month,0,2,4.0,partner,A,1
64,45.67,375,2,8.8,two-year,0,2,6.0,referral,C,0
38,56.87,333,0,4.4,one-year,1,3,9.0,partner,C,0
1,110.77,382,4,9.8,one-year,0,2,5.0,partner,A,1
1,31.16,426,3,0.0,month-to-month,1,1,6.0,ads,B,0
37,99.24,405,1,0.0,two-year,1,3,10.0,organic,C,0
41,98.13,264,3,7.1,month-to-month,0,1,2.0,ads,A,1
40,35.23,355,1,0.0,two-year,0,3,10.0,referral,A,0
41,59.97,357,3,0.7,one-year,0,2,8.0,ads,A,0
59,45.26,258,2,0.2,one-year,1,3,6.0,referral,A,1
25,116.24,226,5,9.7,month-to-month,1,3,8.0,partner,A,0
33,136.62,344,8,1.5,month-to-month,1,2,5.0,organic,A,0
46,126.56,369,6,2.8,month-to-month,0,2,8.0,referral,C,0
19,80.42,770,5,2.2,month-to-month,0,1,5.0,partner,B,1
40,49.88,526,2,4.5,one-year,0,1,5.0,ads,B,1
36,97.99,533,5,4.6,one-year,1,5,7.0,partner,B,0
27,64.48,370,2,8.1,two-year,0,1,5.0,referral,A,0
66,25.97,684,8,0.0,one-year,1,2,7.0,referral,C,0
29,79.71,473,9,7.8,month-to-month,0,1,10.0,partner,A,1
69,86.73,484,2,0.0,one-year,1,4,8.0,ads,A,0
67,141.16,474,2,0.0,two-year,0,3,7.0,referral,C,0
38,77.3,538,0,0.0,month-to-month,0,4,7.0,ads,B,1
51,53.23,455,3,9.4,month-to-month,1,4,5.0,organic,B,0
8,89.1,452,4,5.1,month-to-month,1,2,5.0,organic,A,0
51,46.03,548,2,0.0,month-to-month,0,3,10.0,referral,A,0
31,117.41,412,0,8.6,month-to-month,1,5,6.0,organic,B,0
18,92.36,137,5,7.0,one-year,1,2,7.0,organic,A,1
53,33.64,457,3,0.0,two-year,0,4,9.0,referral,A,0
54,91.24,152,1,0.2,one-year,1,3,8.0,referral,A,0
28,57.08,375,5,1.6,month-to-month,0,4,4.0,ads,A,1
61,44.97,466,0,6.1,one-year,1,5,10.0,partner,A,0
45,31.3,463,1,0.0,month-to-month,1,6,8.0,referral,C,0
18,139.25,341,8,9.4,month-to-month,0,2,5.0,ads,B,1
29,123.71,198,6,5.9,one-year,0,4,5.0,referral,B,0
54,127.18,269,0,6.9,month-to-month,0,4,9.0,referral,C,0
9,29.05,130,4,13.0,month-to-month,0,1,3.0,organic,A,1
29,148.67,236,1,9.1,one-year,1,2,6.0,organic,B,0
32,146.23,310,10,10.5,two-year,0,1,2.0,ads,C,1
27,115.85,398,4,3.2,month-to-month,0,2,8.0,partner,A,1
23,139.78,492,3,4.9,month-to-month,0,2,7.0,referral,A,1
10,130.56,366,6,4.2,month-to-month,0,3,6.0,ads,A,1
44,112.85,458,4,3.4,two-year,1,2,1.0,partner,A,0
23,72.27,399,5,3.0,month-to-month,0,3,5.0,partner,A,1
67,103.82,689,0,2.6,two-year,1,4,10.0,ads,A,0
72,116.75,235,4,0.0,month-to-month,0,4,8.0,partner,B,0
15,60.4,691,5,12.8,month-to-month,0,1,6.0,referral,B,0
34,78.21,315,2,0.0,one-year,1,4,10.0,organic,C,0
32,148.57,497,4,7.4,month-to-month,0,4,7.0,partner,B,1
42,112.2,324,4,1.3,two-year,0,3,9.0,ads,A,0
31,91.48,336,1,0.0,month-to-month,1,1,5.0,organic,A,0
50,33.16,435,2,10.6,month-to-month,0,2,5.0,organic,C,1
11,83.39,279,1,0.0,month-to-month,0,5,8.0,referral,B,0
54,27.85,402,2,6.8,month-to-month,1,1,6.0,ads,C,0
42,117.52,447,2,5.9,one-year,0,1,7.0,ads,A,0
27,29.82,131,5,12.1,one-year,0,2,4.0,partner,C,1
1,113.36,259,3,9.2,one-year,1,1,8.0,partner,A,0
36,67.92,315,4,11.4,month-to-month,1,1,2.0,organic,B,1
21,26.66,702,4,7.6,two-year,1,3,10.0,ads,A,0
14,45.84,304,9,10.9,month-to-month,0,4,8.0,organic,B,1
30,100.42,448,3,6.6,month-to-month,0,2,6.0,ads,A,0
59,112.28,554,2,0.0,month-to-month,1,2,10.0,ads,C,0
60,112.0,348,2,0.0,one-year,1,1,8.0,referral,A,0
49,100.33,327,4,4.5,month-to-month,1,3,8.0,organic,C,0
47,77.29,453,7,3.2,month-to-month,0,3,6.0,referral,B,0
62,79.29,307,0,7.1,month-to-month,1,4,7.0,ads,A,0
48,21.81,509,2,2.1,two-year,1,4,1.0,organic,C,0
16,52.84,541,5,0.4,one-year,0,4,6.0,referral,C,0
8,108.81,444,2,7.8,month-to-month,0,1,5.0,partner,A,1
54,94.87,555,1,0.0,month-to-month,1,5,10.0,organic,A,0
59,116.87,533,1,9.3,two-year,0,4,8.0,ads,C,0
39,30.61,304,0,6.3,month-to-month,0,2,7.0,ads,C,0
32,104.2,136,7,5.7,one-year,0,2,6.0,ads,A,0
45,26.93,99,2,7.2,two-year,1,2,5.0,organic,C,0
16,43.31,499,3,8.3,one-year,1,2,8.0,ads,B,0
22,149.7,324,7,12.4,month-to-month,0,3,1.0,ads,C,1
29,121.86,389,5,3.1,month-to-month,1,2,6.0,partner,A,0
72,96.9,556,1,1.3,month-to-month,0,4,7.0,referral,A,0
6,88.46,364,1,1.0,month-to-month,1,1,8.0,ads,A,1
63,126.28,375,2,3.2,month-to-month,1,2,6.0,organic,A,0
22,66.09,373,4,13.4,month-to-month,0,2,6.0,ads,A,0
35,31.84,317,1,5.9,one-year,0,6,9.0,organic,A,0
36,124.47,357,3,4.2,month-to-month,1,3,4.0,organic,A,0
14,80.96,578,2,14.9,one-year,0,2,5.0,organic,B,1
51,137.03,297,2,0.0,month-to-month,1,2,8.0,ads,A,1
36,80.65,465,4,2.6,month-to-month,1,3,10.0,organic,A,0
18,88.92,520,3,4.6,one-year,1,2,7.0,organic,B,0
49,116.27,573,2,1.7,month-to-month,0,5,7.0,partner,B,0
29,40.09,630,4,4.0,one-year,0,1,5.0,referral,C,0
32,31.26,392,3,4.4,one-year,0,1,9.0,organic,A,0
1,54.02,495,5,8.3,month-to-month,0,2,4.0,ads,A,1
41,135.02,459,2,0.0,month-to-month,0,4,5.0,organic,C,0
49,131.08,597,7,13.0,month-to-month,1,1,3.0,partner,C,1
19,35.5,416,5,5.5,month-to-month,0,4,7.0,referral,A,1
57,146.47,613,1,0.0,one-year,1,4,8.0,referral,C,0
43,52.39,529,4,0.0,one-year,0,2,10.0,referral,A,0
26,125.14,366,2,13.1,one-year,1,1,4.0,ads,B,1
43,117.31,300,8,20.5,month-to-month,0,2,3.0,partner,C,1
50,130.06,365,1,1.2,two-year,0,4,9.0,referral,A,0
25,135.85,381,4,5.6,one-year,0,1,3.0,organic,A,1
38,46.51,266,2,8.3,month-to-month,1,2,1.0,organic,C,1
46,96.96,428,3,3.8,one-year,0,1,6.0,ads,C,0
56,30.57,408,1,2.0,month-to-month,1,4,7.0,referral,A,0
43,31.26,231,4,3.1,one-year,0,3,8.0,organic,B,0
64,109.51,220,3,4.3,month-to-month,0,2,6.0,ads,A,0
38,97.71,480,5,2.7,one-year,0,6,7.0,organic,B,0
22,108.06,468,1,4.9,month-to-month,0,4,8.0,partner,B,0
28,20.29,352,4,7.4,month-to-month,0,4,6.0,ads,A,1
11,31.76,305,1,3.0,month-to-month,1,2,6.0,ads,A,0
60,32.41,523,3,9.3,month-to-month,0,3,5.0,organic,B,0
12,47.54,305,3,9.7,month-to-month,1,5,8.0,ads,A,1
42,84.35,515,1,1.0,one-year,0,2,8.0,referral,C,0
29,96.01,610,3,3.6,two-year,1,3,5.0,referral,A,0
72,89.46,538,0,1.6,one-year,1,6,8.0,referral,B,0
7,67.94,255,1,1.7,one-year,1,1,6.0,referral,A,0
10,88.72,312,2,10.7,month-to-month,1,4,2.0,ads,B,1
29,74.56,356,0,9.9,one-year,1,4,6.0,partner,B,1
34,110.21,432,3,8.9,two-year,0,3,6.0,organic,C,0
39,133.5,441,1,0.4,two-year,1,4,8.0,organic,B,0
33,91.56,286,1,3.7,two-year,1,3,5.0,partner,B,0
3,102.49,548,4,0.0,month-to-month,0,3,4.0,organic,C,1
42,122.33,499,1,1.2,month-to-month,0,2,7.0,ads,B,0
3,121.29,402,1,0.0,one-year,0,4,6.0,ads,B,0
38,127.18,360,3,0.0,one-year,0,3,10.0,referral,B,0
38,56.44,464,2,0.0,month-to-month,1,3,9.0,partner,A,0
63,49.46,388,4,0.0,month-to-month,0,3,9.0,partner,A,0
55,122.86,428,7,5.7,month-to-month,1,2,5.0,partner,B,0
24,116.66,447,2,11.3,one-year,0,5,2.0,referral,A,1
44,42.15,312,5,11.8,one-year,0,4,4.0,ads,B,1
40,40.74,699,1,0.0,one-year,1,4,6.0,ads,C,0
39,33.11,341,1,1.4,month-to-month,1,2,8.0,referral,C,0
58,56.12,343,5,1.7,month-to-month,1,2,6.0,referral,A,0
41,112.14,277,2,5.3,month-to-month,1,5,7.0,ads,A,0
54,132.82,391,2,4.8,month-to-month,1,2,9.0,referral,A,0
52,149.6,614,2,0.5,one-year,1,4,9.0,organic,A,0
45,130.91,292,1,0.0,one-year,1,3,7.0,ads,C,0
21,147.65,438,11,7.8,month-to-month,0,3,5.0,ads,A,1
24,39.06,550,3,7.2,two-year,1,4,8.0,partner,C,0
21,67.64,241,3,14.8,month-to-month,0,3,6.0,partner,A,1
32,46.45,442,4,4.9,month-to-month,0,1,7.0,ads,B,0
30,57.16,467,1,5.6,one-year,1,3,7.0,partner,A,0
43,34.26,587,7,6.9,month-to-month,0,3,3.0,ads,B,0
39,132.13,436,3,0.0,one-year,1,3,6.0,ads,B,0
6,27.44,470,2,2.4,month-to-month,1,1,4.0,ads,A,0
28,74.99,211,3,2.4,one-year,1,3,10.0,ads,B,0
47,35.37,515,3,0.0,month-to-month,1,2,8.0,referral,B,0
5,78.8,632,3,4.2,month-to-month,0,1,2.0,partner,B,0
53,54.15,554,0,3.8,month-to-month,1,4,9.0,referral,B,0
16,107.29,383,4,6.7,two-year,0,1,6.0,ads,C,0
37,137.32,403,4,1.5,month-to-month,0,3,8.0,ads,B,0
51,32.82,419,3,0.0,one-year,1,2,6.0,referral,A,0
39,23.62,679,2,0.0,month-to-month,1,5,8.0,referral,B,0
23,80.71,617,3,2.2,one-year,0,2,5.0,referral,A,0
51,28.59,321,0,0.6,two-year,0,4,8.0,ads,C,1
42,38.13,307,6,4.9,month-to-month,0,3,4.0,partner,C,1
48,106.31,572,3,0.0,month-to-month,1,5,9.0,referral,B,0
58,120.44,392,1,0.0,month-to-month,1,4,9.0,referral,A,0
33,78.63,478,3,2.0,one-year,1,6,6.0,referral,B,0
72,102.76,466,0,2.7,two-year,1,6,8.0,referral,A,0
64,138.46,611,4,6.2,month-to-month,1,3,9.0,ads,B,0
36,81.82,283,0,0.0,month-to-month,0,1,10.0,referral,C,0
17,148.65,476,6,0.0,month-to-month,1,2,8.0,partner,A,0
53,24.13,611,1,0.0,one-year,1,5,8.0,referral,A,0
49,42.75,716,6,5.4,month-to-month,0,1,9.0,organic,C,0
30,59.09,493,4,1.0,one-year,0,1,4.0,organic,A,1
36,105.75,323,2,2.1,one-year,1,4,10.0,referral,A,0
28,32.2,407,3,10.2,one-year,0,1,5.0,partner,B,0
28,98.72,378,7,10.6,month-to-month,1,2,4.0,organic,B,1
24,82.63,567,9,4.6,month-to-month,0,2,7.0,partner,B,0
53,35.7,494,3,9.5,one-year,1,2,7.0,referral,A,0
70,109.39,523,3,0.0,two-year,1,6,8.0,ads,C,0
41,71.71,437,2,0.1,one-year,1,2,6.0,organic,C,0
51,132.33,465,1,1.4,month-to-month,0,5,5.0,organic,C,1
32,27.09,407,8,11.2,month-to-month,1,4,6.0,ads,A,0
18,39.79,405,1,0.0,two-year,1,2,4.0,partner,A,1
18,89.85,217,0,9.3,one-year,0,5,9.0,organic,C,0
31,137.23,433,5,0.0,one-year,0,2,6.0,partner,C,1
30,136.29,527,0,0.0,two-year,0,3,9.0,referral,B,0
32,26.61,506,5,0.6,one-year,0,4,4.0,ads,B,0
58,46.97,449,4,1.1,one-year,1,1,7.0,organic,A,0
70,120.9,420,1,5.2,month-to-month,1,3,8.0,referral,C,0
30,59.94,347,4,5.6,month-to-month,1,4,9.0,ads,A,0
26,122.74,385,5,8.0,month-to-month,0,3,2.0,partner,A,1
32,121.11,570,4,9.2,month-to-month,0,5,5.0,organic,B,0
51,95.27,499,3,3.2,month-to-month,1,1,7.0,ads,A,0
54,121.06,418,5,6.0,one-year,1,3,6.0,ads,C,0
10,114.91,549,3,0.0,month-to-month,1,2,7.0,referral,B,1
44,106.95,618,4,7.6,one-year,0,2,6.0,referral,C,0
11,106.48,507,2,3.3,one-year,0,2,9.0,referral,A,0
72,118.41,503,1,0.0,month-to-month,1,4,10.0,ads,B,0
29,46.18,327,2,6.1,one-year,1,1,5.0,ads,B,0
15,55.22,518,3,5.8,month-to-month,0,2,6.0,organic,B,1
66,44.48,421,0,0.0,month-to-month,1,5,10.0,organic,C,0
19,38.94,407,2,0.0,month-to-month,0,4,7.0,ads,A,0
28,125.31,543,7,13.0,month-to-month,0,4,6.0,organic,A,1
60,146.66,391,1,0.0,month-to-month,1,4,6.0,referral,C,0
1,24.54,299,4,8.7,month-to-month,1,1,2.0,ads,B,1
61,103.86,569,4,3.9,month-to-month,1,2,4.0,ads,C,0
72,92.13,449,2,0.0,two-year,1,4,10.0,referral,C,0
4,42.18,329,5,6.7,month-to-month,0,1,5.0,partner,B,0
13,58.4,426,4,14.2,one-year,0,2,2.0,organic,A,1
44,34.45,469,3,16.0,month-to-month,0,1,3.0,partner,C,1
65,101.95,311,1,7.8,one-year,0,4,9.0,ads,B,0
44,131.83,391,1,1.6,two-year,1,2,10.0,organic,C,0
42,121.66,417,4,3.2,month-to-month,1,4,7.0,ads,B,0
72,43.93,161,1,0.0,one-year,1,3,7.0,ads,A,0
54,24.05,645,2,0.0,month-to-month,1,4,9.0,organic,A,0
48,86.96,635,0,0.0,two-year,1,4,9.0,ads,B,0
36,94.79,439,3,6.4,one-year,1,1,4.0,organic,A,0
12,48.2,453,5,10.0,month-to-month,1,2,1.0,ads,C,1
18,35.79,456,5,6.4,month-to-month,0,2,6.0,referral,B,0
38,134.89,302,6,4.0,two-year,0,2,6.0,organic,A,0
14,59.02,490,2,6.6,month-to-month,1,1,7.0,ads,A,1
24,85.82,317,4,5.6,month-to-month,1,2,8.0,organic,C,1
61,81.01,178,1,0.0,one-year,1,3,10.0,organic,A,0
25,143.29,412,4,0.0,two-year,1,3,7.0,organic,A,0
47,70.95,399,4,3.9,month-to-month,0,3,7.0,organic,B,0
19,138.54,636,7,3.4,two-year,0,4,10.0,referral,A,0
14,64.96,335,6,0.0,month-to-month,0,6,6.0,ads,A,0
29,138.53,393,1,1.9,month-to-month,0,4,7.0,organic,A,0
51,20.18,374,0,0.0,two-year,1,6,7.0,organic,B,0
57,48.51,344,3,0.0,month-to-month,0,2,10.0,referral,C,0
62,70.19,308,2,0.0,one-year,1,4,10.0,referral,C,0
15,132.45,331,5,6.6,month-to-month,0,4,5.0,partner,C,1
39,129.22,452,3,0.0,one-year,0,3,5.0,organic,C,1
21,58.14,312,1,6.5,one-year,0,3,5.0,referral,B,0
43,85.86,717,3,0.0,month-to-month,0,4,5.0,referral,C,0
33,90.98,401,0,0.0,one-year,1,2,10.0,ads,A,0
37,147.89,734,6,5.5,two-year,1,5,8.0,ads,B,0
17,64.73,343,9,11.6,one-year,0,1,4.0,ads,B,1
34,144.03,190,2,0.0,month-to-month,1,3,6.0,referral,A,0
48,85.51,486,3,4.5,month-to-month,1,2,8.0,referral,A,0
15,105.06,338,9,9.0,month-to-month,0,2,3.0,ads,B,1
54,107.86,309,1,3.0,two-year,1,3,6.0,organic,B,0
1,96.45,203,3,4.3,month-to-month,0,2,2.0,ads,B,1
27,101.9,379,2,5.4,month-to-month,0,1,6.0,ads,A,1
14,136.71,589,1,6.3,one-year,1,1,6.0,ads,A,0
59,74.15,443,3,10.6,two-year,1,3,10.0,organic,A,0
49,106.76,405,0,5.7,month-to-month,1,4,6.0,partner,C,0
28,52.34,382,2,7.8,month-to-month,0,1,4.0,ads,A,0
36,113.88,608,2,6.1,month-to-month,0,5,5.0,referral,C,0
32,148.61,393,5,11.8,one-year,0,1,6.0,ads,B,1
17,125.38,299,1,0.0,two-year,1,4,9.0,partner,B,0
1,33.15,388,7,9.1,two-year,1,3,5.0,ads,A,1
12,103.88,437,4,5.5,one-year,0,2,4.0,organic,C,1
42,72.32,353,4,0.0,month-to-month,1,4,5.0,organic,C,1
52,71.24,133,4,0.0,one-year,0,1,6.0,referral,A,0
7,71.26,381,1,0.0,one-year,0,4,10.0,referral,A,0
55,109.65,505,0,4.2,month-to-month,0,1,7.0,referral,C,0
42,26.94,351,2,7.7,month-to-month,1,3,4.0,ads,C,0
7,71.07,352,4,0.0,one-year,0,4,7.0,ads,A,1
40,29.71,533,4,0.0,two-year,1,2,5.0,ads,A,0
58,138.49,518,3,3.5,month-to-month,1,6,6.0,organic,C,0
44,27.32,378,7,3.7,two-year,0,4,8.0,ads,A,0
31,37.6,358,6,9.9,month-to-month,0,3,5.0,partner,B,0
19,65.78,221,3,1.2,two-year,0,3,9.0,ads,A,1
34,101.47,446,0,3.9,one-year,1,3,7.0,ads,C,0
14,88.04,374,6,0.0,month-to-month,0,4,7.0,partner,C,0
46,84.42,658,4,16.2,one-year,0,5,4.0,partner,A,0
63,22.75,503,3,1.2,one-year,1,3,8.0,organic,C,0
72,105.57,569,2,4.4,two-year,1,3,7.0,partner,B,0
26,68.53,299,3,0.4,month-to-month,1,3,6.0,partner,B,0
11,112.58,470,2,5.1,month-to-month,0,4,2.0,ads,C,1
24,74.91,426,3,8.5,month-to-month,0,1,5.0,partner,A,1
72,128.08,351,1,0.0,two-year,1,2,10.0,referral,A,0
32,46.39,369,1,4.7,one-year,1,1,5.0,organic,B,0
31,109.01,159,7,2.5,one-year,0,4,3.0,ads,A,0
44,137.89,577,2,0.0,one-year,1,4,5.0,organic,B,0
27,36.29,200,4,10.9,month-to-month,0,1,10.0,ads,A,0
44,142.71,433,3,0.0,month-to-month,1,6,10.0,organic,B,0
50,75.75,503,2,3.6,one-year,1,2,8.0,referral,B,0
28,73.74,583,4,2.0,two-year,0,2,6.0,referral,B,0
28,35.51,635,5,5.3,month-to-month,0,1,6.0,partner,A,1
19,135.89,505,5,10.3,month-to-month,0,2,1.0,partner,A,1
45,105.08,464,2,7.6,month-to-month,0,4,3.0,organic,C,1
7,132.08,623,9,11.1,month-to-month,0,3,4.0,organic,A,1
32,112.34,367,4,10.1,month-to-month,1,3,5.0,organic,C,1
20,79.17,339,5,4.2,month-to-month,1,3,5.0,ads,B,0
23,79.95,427,3,8.5,month-to-month,1,2,5.0,ads,C,1
25,130.36,314,2,3.8,one-year,0,3,4.0,referral,B,0
46,81.65,321,4,2.8,one-year,1,4,10.0,partner,A,0
59,39.67,478,4,0.0,one-year,1,3,9.0,ads,B,0
1,66.45,412,5,5.6,month-to-month,0,1,1.0,ads,B,1
42,126.58,342,5,5.7,month-to-month,0,4,2.0,referral,A,1
12,23.38,431,1,9.0,one-year,0,1,3.0,organic,C,1
54,85.73,470,1,5.8,one-year,0,4,9.0,ads,A,0
32,63.43,351,2,1.8,one-year,1,6,9.0,ads,A,0
43,71.14,492,3,6.5,one-year,1,2,5.0,partner,A,0
41,55.84,405,4,8.4,month-to-month,0,2,4.0,referral,C,0
39,116.43,518,5,9.3,month-to-month,1,3,4.0,ads,A,1
21,142.75,448,8,10.1,month-to-month,0,2,2.0,organic,A,1
29,65.68,174,1,0.0,month-to-month,0,3,5.0,ads,B,1
23,79.44,499,4,0.6,one-year,0,3,5.0,ads,B,0
59,110.62,501,3,5.4,month-to-month,0,3,10.0,organic,C,0
11,80.79,271,4,14.1,one-year,0,3,4.0,organic,B,1
50,90.62,366,7,11.2,month-to-month,0,4,7.0,organic,C,1
13,92.82,361,3,6.8,month-to-month,1,2,6.0,ads,B,1
31,103.35,329,5,5.7,one-year,0,1,3.0,partner,C,1
53,75.09,240,4,10.5,month-to-month,0,4,3.0,ads,B,0
37,39.33,515,1,3.4,two-year,1,4,10.0,ads,C,0
29,70.7,486,5,0.0,month-to-month,0,1,4.0,ads,A,1
53,132.07,535,4,3.8,month-to-month,1,4,7.0,ads,A,0
46,58.34,401,2,4.9,month-to-month,1,1,10.0,partner,A,0
16,94.28,572,4,3.2,month-to-month,1,2,6.0,partner,B,0
26,30.85,228,3,2.1,month-to-month,0,3,6.0,referral,C,0
40,111.98,474,4,3.3,month-to-month,1,3,9.0,partner,C,0
43,71.17,549,7,6.8,month-to-month,1,3,5.0,organic,B,0
42,43.28,300,7,5.3,month-to-month,0,5,10.0,referral,C,0
27,122.21,364,1,13.6,month-to-month,0,4,2.0,ads,A,1
24,147.57,245,3,9.2,month-to-month,1,3,6.0,organic,B,0
53,57.08,520,1,4.2,month-to-month,0,3,4.0,ads,A,0
30,32.33,306,2,5.4,month-to-month,1,5,6.0,ads,C,0
21,45.81,420,6,7.1,two-year,1,4,6.0,ads,B,0
18,117.38,361,2,2.5,month-to-month,1,4,8.0,ads,B,0
8,53.79,298,1,1.4,two-year,1,2,8.0,ads,C,0
1,44.58,379,5,6.2,month-to-month,0,4,2.0,ads,A,1
26,120.85,461,5,3.3,month-to-month,0,1,3.0,organic,B,1
63,68.62,433,1,7.3,one-year,1,1,8.0,organic,A,0
59,79.17,250,2,2.0,month-to-month,0,5,7.0,referral,B,1
33,145.51,471,1,8.9,month-to-month,0,1,5.0,partner,A,1
31,100.57,464,2,4.2,month-to-month,0,2,8.0,organic,B,0
51,55.92,559,3,10.7,month-to-month,1,3,5.0,ads,A,0
49,46.05,276,1,9.0,month-to-month,1,3,7.0,organic,A,0
39,83.66,556,8,10.0,month-to-month,0,4,3.0,partner,A,1
24,122.86,316,5,6.5,one-year,0,3,10.0,referral,B,0
52,40.73,234,3,4.1,two-year,1,1,7.0,organic,B,0
58,88.34,497,1,0.0,month-to-month,1,4,10.0,referral,C,0
72,107.47,500,1,0.0,two-year,1,4,10.0,referral,A,0
3,33.96,534,3,3.4,month-to-month,1,3,8.0,organic,C,0
33,115.7,314,5,0.0,one-year,0,2,5.0,partner,A,0
39,130.62,317,3,0.0,one-year,1,4,8.0,referral,A,0
45,110.96,348,1,0.0,two-year,1,4,6.0,referral,B,0
15,37.79,401,3,7.0,month-to-month,1,3,7.0,referral,A,0
25,53.5,530,4,3.6,month-to-month,1,4,5.0,ads,B,0
48,44.75,286,3,8.1,one-year,1,4,9.0,ads,A,0
24,135.34,469,4,0.9,one-year,1,4,7.0,ads,B,0
2,104.85,457,3,3.7,two-year,1,1,6.0,ads,A,1
48,87.89,361,4,0.0,month-to-month,1,5,9.0,referral,B,0
61,87.25,520,2,1.4,one-year,1,3,3.0,referral,B,0
53,119.57,576,4,0.0,month-to-month,1,3,8.0,referral,B,0
52,74.19,564,2,1.2,month-to-month,1,3,3.0,partner,C,0
30,50.61,399,4,5.3,one-year,0,2,6.0,organic,B,0
50,102.08,484,0,0.0,one-year,1,3,8.0,organic,A,1
8,132.94,385,4,5.5,one-year,0,4,7.0,ads,C,1
18,81.33,380,5,2.8,one-year,1,5,8.0,ads,C,0
47,66.94,389,9,3.2,one-year,0,2,4.0,ads,C,0
66,22.04,280,1,3.4,two-year,1,3,10.0,ads,C,0
12,148.99,267,2,8.5,one-year,1,2,6.0,ads,B,1
54,65.27,296,0,0.0,two-year,1,1,8.0,organic,A,0
40,133.79,477,2,1.7,one-year,1,4,8.0,ads,B,0
17,89.24,530,7,7.2,one-year,0,3,8.0,ads,B,0
47,25.56,214,2,1.1,one-year,0,3,10.0,referral,C,0
60,66.07,323,2,0.0,month-to-month,0,6,10.0,partner,B,0
59,51.44,218,2,0.0,one-year,0,1,10.0,referral,A,0
33,71.9,400,2,2.1,one-year,0,4,4.0,ads,A,0
31,73.21,431,7,8.3,month-to-month,1,1,5.0,ads,A,1
35,102.41,410,2,1.2,month-to-month,1,5,7.0,organic,B,0
42,102.2,615,3,3.0,month-to-month,0,4,8.0,partner,A,1
63,114.07,261,0,3.1,one-year,1,3,7.0,referral,B,0
39,134.05,233,2,4.1,one-year,1,4,10.0,organic,B,0
3,91.33,311,6,8.0,month-to-month,0,2,1.0,ads,C,1
45,56.29,368,1,2.2,month-to-month,1,3,7.0,partner,C,0
25,139.51,599,5,1.2,month-to-month,0,4,6.0,partner,B,0
47,128.78,493,4,0.0,month-to-month,1,4,5.0,ads,A,0
15,72.61,401,5,2.9,month-to-month,1,4,5.0,organic,A,1
40,75.3,561,2,0.8,one-year,0,3,9.0,referral,C,0
59,78.04,401,0,0.0,month-to-month,0,6,10.0,ads,B,0
22,72.35,359,4,5.3,two-year,1,2,3.0,partner,A,0
8,141.73,440,3,7.6,one-year,0,2,6.0,partner,A,0
36,46.78,262,3,1.3,one-year,1,3,6.0,referral,A,0
11,108.14,302,1,3.2,month-to-month,1,4,7.0,organic,B,0
7,41.33,627,2,4.5,two-year,1,2,5.0,partner,A,0
54,24.17,483,2,0.0,one-year,1,3,5.0,ads,B,0
38,31.47,510,0,3.2,month-to-month,0,1,10.0,ads,C,0
72,24.73,368,5,0.0,month-to-month,1,1,10.0,referral,C,0
33,125.7,397,0,0.0,one-year,1,5,8.0,referral,C,0
26,148.98,605,3,1.4,month-to-month,0,4,5.0,partner,B,1
52,142.73,303,3,0.0,one-year,1,6,7.0,organic,A,0
7,22.47,452,6,2.5,two-year,0,3,1.0,partner,A,1
60,125.78,558,2,0.0,one-year,0,2,8.0,ads,B,0
37,63.54,292,5,4.4,month-to-month,1,1,7.0,referral,C,0
1,30.91,315,3,5.6,one-year,1,1,5.0,organic,A,0
39,72.14,326,3,3.1,month-to-month,0,4,7.0,ads,C,0
10,87.64,415,6,13.0,month-to-month,0,1,3.0,ads,A,1
6,79.51,401,5,10.9,one-year,0,3,2.0,partner,A,1
12,33.85,334,1,1.3,two-year,0,4,5.0,organic,A,0
41,142.05,448,5,4.0,month-to-month,0,4,6.0,referral,A,0
65,138.89,371,7,4.1,month-to-month,1,1,7.0,ads,B,0
11,110.52,380,6,8.3,month-to-month,0,4,7.0,organic,B,1
50,55.91,566,3,4.6,month-to-month,0,5,5.0,ads,B,1
29,106.06,439,2,0.0,month-to-month,1,2,5.0,organic,C,0
46,42.58,490,3,1.3,month-to-month,0,3,7.0,ads,A,1
47,61.31,443,4,2.1,one-year,1,2,10.0,partner,A,0
50,142.29,334,0,1.7,two-year,1,4,6.0,partner,A,0
36,23.16,416,2,6.6,one-year,0,4,9.0,organic,A,0
38,61.16,325,5,2.5,month-to-month,1,2,8.0,partner,A,0
61,82.69,424,4,2.7,month-to-month,0,4,5.0,partner,B,0
24,129.04,553,4,17.5,month-to-month,0,4,3.0,ads,C,1
27,134.39,260,2,0.0,one-year,1,1,7.0,partner,B,0
46,107.89,339,1,0.0,month-to-month,1,4,9.0,referral,B,0
72,66.79,523,2,6.2,one-year,1,4,9.0,ads,C,0
55,147.28,380,2,7.4,month-to-month,1,4,10.0,organic,A,0
23,23.14,293,2,10.7,one-year,0,2,6.0,ads,B,1
35,145.27,235,2,1.2,month-to-month,1,4,6.0,referral,A,0
6,143.12,367,1,2.9,two-year,1,1,6.0,organic,A,0
59,71.26,431,2,0.0,one-year,1,6,9.0,referral,A,0
46,45.23,519,2,5.7,one-year,0,3,9.0,organic,A,0
39,123.91,557,2,5.6,month-to-month,1,3,7.0,ads,A,0
53,108.04,377,2,1.7,two-year,0,2,8.0,organic,A,0
16,103.09,477,3,0.0,two-year,0,5,4.0,ads,A,0
41,125.81,459,1,0.0,month-to-month,0,6,8.0,organic,A,0
59,48.34,418,3,1.2,month-to-month,1,4,10.0,ads,A,0
26,43.3,613,2,0.0,month-to-month,0,1,6.0,organic,A,0
46,138.04,9,6,0.3,one-year,1,2,5.0,ads,A,0
49,81.66,170,2,1.1,two-year,1,4,9.0,referral,A,0
35,109.33,377,2,6.4,two-year,1,2,4.0,partner,B,0
51,57.28,474,2,9.7,two-year,1,4,8.0,partner,B,0
49,84.97,660,3,4.4,one-year,1,5,8.0,partner,B,0
26,50.39,416,1,3.3,month-to-month,0,3,1.0,organic,B,0
2,98.82,474,0,8.0,one-year,1,1,8.0,ads,B,0
59,40.59,417,1,0.1,one-year,1,3,8.0,referral,C,0
12,39.35,534,9,2.9,month-to-month,0,1,4.0,ads,C,1
41,109.0,327,4,9.6,month-to-month,0,2,5.0,organic,B,0
49,71.97,411,3,2.5,two-year,1,5,8.0,referral,A,0
23,131.81,261,4,10.2,month-to-month,0,3,7.0,ads,C,1
15,64.82,343,5,9.1,month-to-month,0,3,5.0,organic,A,0
72,66.99,280,1,0.3,two-year,1,6,10.0,referral,A,0
20,48.29,343,3,6.0,month-to-month,0,3,9.0,partner,C,1
72,123.59,389,1,0.0,two-year,1,4,10.0,referral,B,0
22,142.31,454,2,3.8,month-to-month,0,3,5.0,referral,B,1
8,68.06,676,4,7.6,one-year,1,4,4.0,partner,B,1
41,75.88,554,1,8.2,month-to-month,1,6,8.0,partner,A,0
67,60.94,482,1,6.7,month-to-month,0,3,5.0,partner,A,0
1,20.57,170,4,7.6,month-to-month,0,4,4.0,referral,A,1
52,122.65,294,0,0.0,two-year,1,5,10.0,referral,A,0
36,66.34,429,2,5.4,month-to-month,0,4,7.0,ads,C,0
14,143.55,578,3,6.1,month-to-month,0,3,6.0,partner,C,0
58,36.25,391,0,0.0,month-to-month,0,4,8.0,partner,A,0
19,115.77,483,5,4.6,month-to-month,0,5,7.0,partner,C,0
20,137.35,251,2,5.8,month-to-month,0,1,6.0,organic,A,1
13,104.93,305,8,12.2,month-to-month,0,1,4.0,organic,C,1
40,96.9,386,0,0.0,one-year,1,5,8.0,partner,B,0
20,71.73,156,4,7.9,month-to-month,0,1,3.0,partner,C,1
31,76.96,498,3,5.5,one-year,0,5,8.0,ads,A,0
40,102.74,543,2,0.0,one-year,1,2,6.0,referral,B,1
46,80.1,514,5,0.9,month-to-month,0,4,4.0,partner,B,0
8,148.39,208,5,7.2,one-year,0,1,6.0,referral,B,1
12,79.88,404,3,8.9,month-to-month,1,3,7.0,ads,A,0
61,136.45,309,1,0.0,month-to-month,1,1,1.0,partner,C,1
22,54.08,336,2,6.5,month-to-month,0,4,6.0,partner,B,0
46,106.5,70,4,6.7,one-year,0,3,6.0,organic,C,0
39,145.86,511,5,0.0,month-to-month,1,4,4.0,organic,A,0
35,146.97,575,3,0.0,two-year,1,4,7.0,referral,A,0
28,66.68,98,1,0.6,month-to-month,0,5,6.0,referral,C,0
23,67.82,270,2,8.9,month-to-month,0,2,3.0,organic,A,0
72,40.36,466,0,1.5,one-year,0,4,9.0,referral,A,0
39,31.07,403,1,0.0,two-year,1,3,6.0,referral,C,0
35,53.7,416,1,2.2,two-year,1,3,4.0,ads,C,0
64,87.05,348,1,4.3,one-year,0,5,8.0,referral,B,0
69,102.59,497,2,1.1,two-year,1,5,10.0,partner,A,0
1,31.24,255,6,7.0,month-to-month,0,2,6.0,organic,B,1
35,101.45,514,3,2.5,two-year,1,4,8.0,referral,A,0
30,70.49,419,6,13.1,month-to-month,0,2,4.0,ads,A,1
38,32.05,406,1,0.0,one-year,1,5,6.0,organic,C,0
1,23.02,643,4,2.8,two-year,0,2,8.0,organic,B,0
41,129.75,429,3,4.0,one-year,1,2,8.0,organic,C,0
25,128.17,422,13,4.1,one-year,1,3,7.0,ads,A,1
1,137.48,356,2,12.0,month-to-month,0,1,4.0,partner,A,1
15,136.07,368,5,7.2,month-to-month,1,3,8.0,ads,A,0
68,146.81,621,2,0.0,one-year,0,3,10.0,organic,B,0
18,58.06,596,6,2.9,one-year,0,2,7.0,referral,C,1
28,64.06,396,5,5.3,one-year,1,1,7.0,ads,B,0
17,102.9,697,9,2.9,month-to-month,0,2,4.0,ads,C,1
32,72.76,352,5,0.5,one-year,0,3,5.0,referral,B,0
33,100.31,487,3,13.9,two-year,1,3,10.0,referral,C,0
24,55.06,470,2,7.0,month-to-month,1,4,8.0,referral,C,0
9,129.83,332,3,5.1,month-to-month,1,3,6.0,ads,A,1
24,105.88,472,2,0.0,month-to-month,0,3,10.0,organic,A,0
47,92.08,321,3,0.0,one-year,1,4,8.0,referral,C,0
21,104.35,585,2,12.2,month-to-month,0,2,4.0,ads,C,1
30,31.75,454,4,0.5,month-to-month,0,3,8.0,ads,A,0
65,86.72,400,3,4.3,one-year,1,3,7.0,referral,B,0
34,134.39,393,4,12.4,month-to-month,0,1,6.0,partner,B,0
70,94.01,473,1,0.0,month-to-month,0,4,7.0,organic,B,0
23,45.79,143,6,4.7,one-year,1,4,4.0,ads,B,1
31,27.97,516,5,8.8,month-to-month,0,3,8.0,partner,B,1
18,135.91,382,2,12.4,month-to-month,0,2,8.0,organic,B,1
69,139.17,294,1,2.0,two-year,1,5,10.0,referral,C,0
41,140.67,334,2,8.2,month-to-month,1,4,10.0,ads,B,0
28,118.8,463,5,0.0,month-to-month,0,2,6.0,ads,B,1
52,61.86,330,2,2.4,one-year,1,5,9.0,ads,A,0
38,97.25,370,2,8.5,two-year,1,2,5.0,referral,A,0
72,81.92,645,1,5.0,month-to-month,1,3,6.0,ads,C,0
22,130.51,309,3,4.5,month-to-month,1,2,2.0,organic,B,0
17,99.18,207,1,1.3,month-to-month,1,4,5.0,ads,B,1
50,109.88,366,1,0.1,one-year,1,2,3.0,referral,C,0
21,82.71,307,0,11.6,two-year,0,2,8.0,referral,A,0
53,107.21,571,3,0.0,two-year,1,6,10.0,referral,B,0
4,87.55,313,4,5.3,month-to-month,0,2,1.0,partner,B,1
62,136.64,262,1,0.0,two-year,1,5,8.0,organic,B,0
42,51.87,547,1,6.2,two-year,0,3,10.0,partner,A,0
35,93.11,356,3,0.0,one-year,1,3,7.0,organic,A,0
57,31.76,606,0,1.4,two-year,1,4,6.0,partner,B,0
1,44.79,350,3,12.8,month-to-month,0,3,2.0,ads,A,1
36,70.85,180,1,4.6,one-year,1,3,5.0,organic,A,0
1,90.65,264,7,17.4,month-to-month,0,2,3.0,organic,B,1
10,93.56,87,4,6.7,month-to-month,1,4,5.0,partner,C,0
1,23.85,66,8,9.6,month-to-month,0,3,4.0,ads,C,1
16,110.0,418,3,13.1,one-year,0,3,4.0,ads,A,1
44,127.36,507,3,1.3,month-to-month,0,3,6.0,referral,A,0
60,40.46,571,4,2.7,two-year,0,4,5.0,partner,B,0
36,100.82,444,4,0.0,month-to-month,1,2,8.0,partner,A,0
50,140.0,542,1,0.8,month-to-month,0,4,4.0,organic,B,0
38,97.93,351,4,5.4,month-to-month,0,3,4.0,ads,C,1
59,38.56,485,3,0.0,two-year,1,2,9.0,referral,C,0
32,32.95,171,3,2.1,two-year,0,5,7.0,ads,B,0
20,46.32,361,2,3.9,one-year,1,4,9.0,referral,B,0
46,59.33,573,2,1.3,month-to-month,1,2,10.0,referral,B,0
21,65.45,347,4,0.8,month-to-month,0,3,6.0,referral,C,0
14,86.85,391,7,9.8,two-year,0,3,5.0,ads,A,0
24,105.37,581,5,2.3,one-year,0,4,5.0,organic,A,1
24,41.48,466,2,1.2,one-year,1,3,5.0,ads,B,0
34,91.56,223,4,9.7,two-year,0,3,4.0,ads,B,0
50,103.68,555,3,6.6,one-year,1,4,7.0,ads,C,0
39,71.58,580,2,0.5,month-to-month,1,3,8.0,ads,C,0
41,82.33,290,4,11.7,one-year,1,3,7.0,ads,A,0
36,116.93,590,3,1.7,month-to-month,1,5,7.0,partner,A,0
52,126.21,449,1,6.3,one-year,1,6,8.0,ads,B,0
27,73.78,430,2,0.0,two-year,0,5,6.0,organic,C,1
24,55.04,219,7,2.7,month-to-month,1,1,4.0,partner,C,1
9,88.44,537,3,13.4,month-to-month,0,1,2.0,ads,A,0
25,84.49,500,2,11.8,month-to-month,0,2,3.0,ads,C,0
30,97.34,523,2,2.0,month-to-month,1,4,10.0,partner,C,0
14,66.66,499,5,15.2,month-to-month,1,1,4.0,organic,A,1
45,126.12,444,2,9.9,one-year,0,2,4.0,ads,A,0
25,93.83,346,2,0.0,one-year,1,4,6.0,organic,B,0
37,92.78,566,3,0.9,one-year,1,2,7.0,partner,C,0
38,52.22,164,2,1.7,one-year,0,3,8.0,ads,A,0
43,84.45,593,1,0.0,one-year,1,5,7.0,organic,B,0
62,137.97,445,0,1.6,month-to-month,1,5,10.0,partner,B,0
14,91.98,265,5,7.6,month-to-month,0,3,5.0,partner,A,0
10,34.63,321,3,6.6,month-to-month,1,4,9.0,ads,B,0
26,87.75,363,3,4.4,month-to-month,1,2,10.0,referral,A,0
54,44.34,612,1,5.1,month-to-month,1,4,7.0,partner,A,0
1,138.8,393,9,13.4,month-to-month,0,4,6.0,partner,C,1
30,88.95,503,5,10.0,month-to-month,0,1,6.0,partner,A,0
18,115.39,612,1,5.9,month-to-month,1,4,7.0,organic,B,0
42,27.87,485,2,11.2,month-to-month,0,3,9.0,organic,C,0
64,72.73,347,3,8.4,two-year,0,4,5.0,ads,A,0
11,97.56,396,1,0.0,one-year,0,2,5.0,organic,B,0
37,34.52,288,3,6.9,one-year,1,3,8.0,organic,B,0
44,27.69,379,2,5.4,month-to-month,0,5,9.0,partner,C,0
57,139.18,261,1,0.0,two-year,1,2,10.0,referral,C,0
65,34.76,284,1,0.0,month-to-month,0,2,8.0,organic,C,0
45,87.92,482,2,0.7,month-to-month,1,5,4.0,referral,B,0
69,142.83,316,1,5.5,one-year,1,1,7.0,partner,A,0
14,21.73,420,4,13.7,month-to-month,0,2,2.0,ads,A,1
23,130.99,261,1,5.7,month-to-month,1,1,6.0,ads,C,0
45,47.07,579,2,8.2,two-year,0,4,6.0,referral,B,0
17,141.2,435,4,4.7,month-to-month,0,3,4.0,organic,A,1
72,84.58,589,1,0.0,month-to-month,1,6,10.0,referral,B,0
36,38.93,398,2,0.0,one-year,1,2,7.0,referral,C,0
50,86.78,305,1,6.2,two-year,1,3,10.0,referral,B,0
42,101.77,338,3,3.2,month-to-month,1,4,8.0,organic,A,0
31,99.78,389,2,0.7,month-to-month,1,1,5.0,partner,A,1
1,115.89,460,3,12.4,month-to-month,0,1,4.0,partner,B,1
39,148.74,371,4,5.5,month-to-month,1,4,5.0,organic,A,0
70,63.22,450,3,1.1,one-year,1,4,8.0,partner,C,0
13,100.84,333,4,5.3,month-to-month,1,1,6.0,partner,A,1
10,28.28,371,3,5.1,month-to-month,1,3,5.0,partner,B,0
36,87.93,607,3,1.1,month-to-month,0,2,2.0,ads,A,1
33,146.74,353,3,0.0,month-to-month,1,4,9.0,referral,A,0
72,78.49,282,0,0.2,two-year,1,6,10.0,referral,B,0
12,119.57,519,6,3.8,month-to-month,0,3,4.0,partner,B,1
21,70.48,68,4,5.1,month-to-month,1,4,7.0,ads,C,0
32,144.1,630,1,14.3,month-to-month,1,3,8.0,ads,C,0
28,70.14,399,1,0.0,one-year,1,3,7.0,referral,B,0
32,125.63,432,3,0.0,month-to-month,1,3,7.0,ads,A,0
51,122.1,316,2,6.4,one-year,1,5,8.0,partner,B,0
4,39.58,505,1,11.4,one-year,0,2,6.0,referral,A,0
72,130.13,328,0,0.0,two-year,1,4,9.0,referral,B,0
24,111.83,456,3,7.1,month-to-month,0,3,3.0,ads,B,1
1,42.06,533,7,6.6,month-to-month,0,1,5.0,ads,A,1
16,52.13,554,6,7.3,one-year,0,4,7.0,ads,C,1
32,63.47,485,7,8.6,month-to-month,1,3,6.0,organic,A,0
27,21.42,382,9,11.9,one-year,0,1,4.0,ads,A,1
45,96.95,732,3,0.2,month-to-month,0,2,7.0,ads,A,0
15,108.09,338,4,8.1,month-to-month,0,1,6.0,partner,C,1
29,67.6,437,5,3.5,month-to-month,0,2,5.0,partner,C,1
49,62.46,195,4,6.2,month-to-month,1,3,1.0,organic,A,1
40,115.81,376,4,0.9,one-year,0,2,4.0,organic,B,0
51,61.63,369,2,7.1,two-year,0,2,4.0,ads,B,1
36,32.03,386,3,0.0,one-year,1,2,9.0,ads,B,0
25,90.88,349,2,4.6,month-to-month,1,2,6.0,ads,B,1
24,122.82,441,1,8.2,month-to-month,0,4,4.0,partner,B,0
40,97.52,587,2,0.0,month-to-month,1,4,8.0,referral,A,0
23,111.34,176,1,3.8,month-to-month,0,1,1.0,partner,C,0
1,121.26,670,5,11.4,one-year,0,1,1.0,partner,A,1
57,141.23,480,2,0.3,month-to-month,1,3,6.0,referral,B,0
25,125.67,453,1,0.0,month-to-month,0,3,8.0,organic,A,1
56,77.62,314,1,0.0,one-year,1,4,10.0,referral,B,0
57,57.3,503,4,4.7,one-year,0,4,6.0,organic,B,0
51,21.29,382,2,2.0,two-year,1,5,10.0,referral,B,0
39,69.48,551,3,6.6,month-to-month,0,5,6.0,partner,A,0
22,47.04,570,5,0.0,month-to-month,1,5,7.0,organic,A,0
40,105.11,375,0,0.0,one-year,0,4,9.0,referral,A,0
25,70.72,309,9,11.5,month-to-month,0,4,3.0,partner,B,1
32,124.43,313,3,6.9,month-to-month,0,3,8.0,ads,A,0
54,149.43,393,1,0.0,two-year,1,4,10.0,organic,B,0
54,122.55,529,2,7.8,month-to-month,0,5,5.0,partner,B,0
40,120.05,406,2,0.0,one-year,1,3,9.0,referral,C,0
32,80.03,202,5,3.4,month-to-month,1,3,9.0,ads,B,0
36,70.73,215,4,2.6,two-year,1,4,7.0,organic,C,0
36,32.74,416,1,3.6,month-to-month,1,3,7.0,referral,C,0
2,99.05,497,6,3.6,month-to-month,0,1,5.0,ads,B,1
13,61.42,336,3,7.4,month-to-month,0,4,4.0,ads,C,0
7,83.54,239,8,7.2,month-to-month,1,2,5.0,partner,B,1
53,87.91,541,1,0.0,month-to-month,1,3,9.0,referral,C,0
36,89.8,143,2,0.0,two-year,0,2,10.0,organic,A,0
54,70.2,563,4,4.1,two-year,1,2,3.0,organic,C,0
43,70.0,580,2,3.9,month-to-month,1,3,6.0,ads,A,0
18,32.67,574,2,5.1,month-to-month,0,2,4.0,ads,B,0
47,68.6,496,2,1.0,one-year,0,6,8.0,referral,B,0
30,122.32,500,2,3.8,month-to-month,0,2,5.0,referral,C,1
52,62.43,536,4,3.9,two-year,1,5,8.0,ads,A,0
27,78.44,496,7,7.5,month-to-month,0,5,6.0,organic,C,1
40,78.99,269,1,8.4,two-year,0,5,9.0,referral,A,0
52,119.37,426,6,11.2,month-to-month,0,2,8.0,ads,A,0
55,67.82,317,8,0.0,one-year,1,3,9.0,referral,B,0
47,42.08,515,5,0.0,month-to-month,1,3,4.0,ads,C,0
42,24.51,398,8,9.4,month-to-month,1,2,5.0,partner,A,0
31,119.19,271,0,2.0,month-to-month,0,4,7.0,ads,C,0
50,78.89,582,4,4.0,month-to-month,0,4,4.0,partner,B,0
53,77.81,703,3,6.9,month-to-month,0,1,8.0,ads,A,0
70,61.98,313,2,0.4,one-year,0,3,8.0,partner,C,0
44,26.86,297,5,0.0,month-to-month,0,3,3.0,ads,C,1
48,116.31,258,8,0.0,month-to-month,1,3,7.0,ads,B,0
48,120.83,191,2,0.0,month-to-month,1,5,8.0,referral,B,0
42,142.43,476,1,2.0,one-year,1,6,5.0,organic,B,0
50,75.62,460,1,6.8,one-year,1,4,6.0,referral,A,0
8,39.68,307,3,3.0,month-to-month,1,4,5.0,partner,A,1
71,72.61,465,0,10.7,month-to-month,0,3,9.0,ads,A,1
20,70.23,271,12,0.0,month-to-month,0,3,6.0,ads,C,1
44,90.66,513,2,4.7,month-to-month,0,4,6.0,ads,B,0
1,43.61,579,6,11.8,month-to-month,1,2,4.0,organic,B,1
72,66.61,486,1,0.0,month-to-month,1,6,9.0,referral,C,0
18,141.22,458,6,12.7,month-to-month,0,2,8.0,ads,A,1
15,129.55,389,1,1.6,month-to-month,1,3,8.0,referral,C,0
49,35.52,510,5,6.9,month-to-month,0,1,6.0,ads,A,0
61,25.77,683,3,3.7,month-to-month,1,5,9.0,referral,A,0
35,94.88,442,2,0.0,one-year,0,1,5.0,ads,B,0
21,132.17,338,6,17.6,month-to-month,0,2,4.0,organic,C,1
48,91.29,348,0,3.2,month-to-month,1,6,3.0,ads,B,0
22,62.77,412,2,6.9,one-year,0,3,4.0,referral,C,0
14,148.35,528,3,2.1,month-to-month,0,2,8.0,ads,A,1
5,20.06,586,2,11.1,one-year,0,1,4.0,ads,B,0
48,30.69,447,9,2.0,month-to-month,1,1,5.0,ads,C,1
72,25.81,463,2,4.0,one-year,1,4,9.0,organic,A,0
36,32.1,379,5,15.5,month-to-month,0,3,4.0,partner,A,0
25,88.0,456,7,13.1,month-to-month,0,2,3.0,ads,C,1
31,57.19,410,5,1.8,one-year,0,2,6.0,ads,C,0
18,144.56,435,2,4.5,month-to-month,0,2,4.0,referral,A,1
49,121.88,325,0,0.2,month-to-month,1,4,10.0,organic,A,0
50,46.58,352,1,3.2,one-year,1,5,8.0,ads,A,0
58,65.95,534,9,12.7,month-to-month,0,4,7.0,partner,B,0
70,133.07,240,5,8.8,one-year,0,4,6.0,ads,A,0
56,42.32,453,0,0.0,month-to-month,1,5,6.0,ads,A,0
14,111.23,505,3,8.8,month-to-month,0,3,5.0,ads,A,1
31,93.16,339,1,3.0,one-year,0,3,5.0,partner,A,0
32,91.69,277,2,2.2,one-year,1,4,4.0,ads,C,1
2,101.67,253,2,0.0,month-to-month,0,3,5.0,referral,A,1
35,68.2,421,1,0.7,month-to-month,0,3,6.0,ads,B,1
29,101.58,550,3,3.6,month-to-month,1,6,10.0,ads,B,0
15,118.02,532,5,3.5,month-to-month,0,3,1.0,referral,A,1
18,88.18,732,4,8.6,month-to-month,0,2,6.0,ads,B,1
30,77.96,517,2,0.0,month-to-month,0,2,6.0,partner,B,0
40,30.52,305,4,4.8,one-year,0,5,6.0,organic,B,0
21,22.54,289,8,5.8,month-to-month,0,2,4.0,ads,C,1
19,59.87,436,1,0.0,two-year,1,4,7.0,ads,B,0
38,23.95,253,6,4.1,month-to-month,0,4,5.0,ads,A,0
14,144.58,252,4,9.8,one-year,1,3,5.0,ads,A,1
19,22.22,327,5,5.3,one-year,0,3,9.0,organic,B,0
23,143.65,428,5,8.1,month-to-month,0,3,7.0,referral,C,1
28,106.81,337,1,0.6,one-year,1,3,6.0,organic,B,0
72,33.89,445,2,1.1,two-year,1,4,9.0,referral,B,0
30,53.05,372,3,6.7,month-to-month,0,3,7.0,partner,C,0
72,147.13,196,0,0.0,one-year,1,3,10.0,referral,C,0
45,20.55,580,2,8.2,two-year,1,3,5.0,referral,A,0
41,22.96,557,3,5.4,two-year,1,1,5.0,ads,B,0
46,135.04,639,4,4.4,one-year,1,2,8.0,referral,B,0
37,84.33,517,2,0.0,two-year,1,5,10.0,referral,C,0
20,28.97,422,4,11.3,month-to-month,1,3,4.0,ads,A,0
40,125.44,385,1,9.2,month-to-month,0,3,4.0,organic,A,0
72,73.27,559,1,11.2,two-year,0,1,6.0,ads,B,0
18,77.12,410,3,1.5,one-year,1,3,9.0,ads,A,0
22,130.75,489,9,6.3,month-to-month,0,3,4.0,partner,B,1
28,23.57,340,1,10.4,month-to-month,1,4,4.0,ads,B,0
72,134.81,473,0,2.8,one-year,1,4,9.0,organic,B,0
18,120.59,513,3,0.0,month-to-month,1,4,8.0,referral,B,0
42,45.67,480,4,4.9,month-to-month,1,2,6.0,ads,B,0
7,71.75,399,2,9.9,month-to-month,1,4,8.0,referral,C,0
42,95.65,380,4,2.0,two-year,0,3,9.0,referral,A,0
26,50.06,533,5,4.3,month-to-month,1,1,5.0,partner,A,0
72,54.15,471,1,0.0,one-year,1,4,9.0,organic,A,0
43,87.18,413,0,0.0,one-year,1,3,6.0,organic,B,0
49,97.36,542,1,7.3,month-to-month,0,2,9.0,ads,B,0
36,67.21,291,7,0.1,month-to-month,0,3,6.0,organic,B,0
52,144.45,234,1,0.0,one-year,1,4,7.0,organic,B,0
64,40.96,638,1,0.0,month-to-month,1,5,7.0,partner,A,0
7,63.76,202,3,8.2,month-to-month,1,3,6.0,ads,C,0
42,120.07,570,2,8.3,month-to-month,0,6,4.0,organic,C,0
12,100.88,544,4,3.9,one-year,1,3,3.0,ads,B,1
57,34.57,542,1,3.9,two-year,1,5,7.0,referral,B,0
49,56.8,486,3,0.0,month-to-month,1,4,6.0,partner,B,0
17,84.04,457,7,11.0,one-year,0,3,5.0,organic,A,0
22,78.76,383,6,4.8,one-year,0,3,5.0,partner,A,1
32,70.68,556,2,11.4,month-to-month,0,3,7.0,organic,C,0
44,21.24,371,3,7.0,month-to-month,0,3,6.0,ads,A,0
35,52.46,213,6,4.3,month-to-month,1,5,9.0,organic,B,0
10,45.64,354,4,4.4,two-year,1,1,4.0,organic,A,1
43,24.82,357,3,2.1,two-year,1,2,10.0,referral,A,0
1,70.56,505,6,7.7,one-year,1,1,3.0,partner,C,1
19,29.82,464,3,5.9,month-to-month,1,1,6.0,ads,A,0
20,32.0,189,3,14.2,month-to-month,1,4,8.0,ads,B,0
21,142.13,139,4,11.2,month-to-month,1,2,6.0,ads,C,1
14,100.48,469,7,10.6,month-to-month,1,2,5.0,referral,A,1
9,85.1,244,0,3.0,month-to-month,1,3,10.0,referral,C,0
9,51.79,480,3,4.3,one-year,1,3,7.0,ads,A,0
28,53.53,316,5,0.0,month-to-month,0,3,4.0,ads,B,1
39,62.63,255,0,0.0,two-year,1,3,10.0,organic,A,0
23,29.77,697,1,0.4,one-year,1,3,7.0,partner,C,0
64,108.87,382,1,7.4,month-to-month,1,4,6.0,referral,A,0
47,57.16,539,4,0.2,one-year,1,1,10.0,organic,B,0
72,140.78,125,0,0.0,two-year,1,4,10.0,organic,B,0
7,64.58,460,5,9.9,month-to-month,0,2,6.0,ads,C,1
72,126.75,268,1,3.9,month-to-month,0,1,6.0,organic,B,0
19,49.17,526,4,1.6,month-to-month,0,1,6.0,partner,A,0
26,147.46,330,1,11.7,month-to-month,0,4,5.0,organic,B,1
47,66.24,267,5,3.2,two-year,1,3,8.0,partner,A,0
20,143.43,263,3,9.8,month-to-month,1,2,2.0,organic,B,0
36,126.8,500,3,3.6,one-year,0,2,9.0,partner,A,0
14,46.49,215,8,15.0,month-to-month,0,2,3.0,partner,B,1
43,139.33,311,0,4.8,one-year,1,2,8.0,referral,A,0
42,31.7,552,5,0.0,one-year,1,3,6.0,referral,A,0
49,44.78,488,2,10.0,month-to-month,1,1,6.0,ads,C,0
21,91.57,578,4,0.3,one-year,0,4,7.0,ads,B,1
20,133.88,391,2,0.9,month-to-month,1,2,6.0,ads,C,0
30,71.81,619,0,9.6,month-to-month,1,2,6.0,ads,B,0
1,41.5,360,3,7.4,one-year,0,2,5.0,ads,C,1
8,23.92,526,2,6.3,month-to-month,0,3,5.0,ads,A,1
30,118.76,339,4,8.3,month-to-month,0,3,4.0,ads,B,1
39,106.32,279,8,2.4,one-year,0,3,2.0,partner,B,1
24,88.66,388,6,17.9,month-to-month,0,1,2.0,partner,A,0
16,41.92,448,0,8.8,one-year,1,4,9.0,ads,B,1
24,45.97,192,3,0.0,one-year,0,3,6.0,ads,C,1
33,101.06,455,1,0.0,month-to-month,1,4,10.0,organic,B,0
51,149.86,347,3,3.5,two-year,1,4,10.0,referral,C,0
14,37.49,499,2,7.4,month-to-month,0,3,4.0,ads,C,1
32,142.36,392,3,5.1,month-to-month,0,5,3.0,ads,A,0
66,141.79,496,0,0.0,month-to-month,1,4,10.0,ads,C,0
29,133.84,483,1,1.4,one-year,1,3,10.0,organic,C,0
21,89.7,442,2,10.9,month-to-month,0,2,8.0,referral,A,0
39,79.84,400,3,0.0,month-to-month,0,3,8.0,referral,B,0
30,29.06,568,4,1.9,one-year,1,3,5.0,ads,A,0
20,28.89,411,2,0.0,two-year,0,4,7.0,partner,B,1
4,44.99,286,6,15.7,month-to-month,0,3,6.0,ads,A,1
12,82.86,255,4,16.1,month-to-month,1,2,3.0,partner,B,1
1,80.17,500,7,9.1,month-to-month,0,2,7.0,ads,A,1
11,63.73,464,1,3.6,month-to-month,1,3,4.0,referral,A,0
16,116.06,587,2,9.2,month-to-month,0,1,7.0,ads,A,1
28,29.51,619,2,8.9,one-year,0,3,3.0,referral,B,0
10,129.51,478,3,6.2,one-year,0,3,5.0,ads,A,0
16,23.74,327,4,7.4,month-to-month,0,4,5.0,ads,C,0
46,140.09,492,0,0.1,two-year,0,2,5.0,ads,A,0
28,116.96,558,1,0.0,two-year,0,4,3.0,referral,A,0
37,101.83,242,4,0.0,one-year,0,5,4.0,organic,A,1
41,40.19,374,2,0.0,two-year,0,4,8.0,referral,C,0
44,60.14,54,1,1.1,month-to-month,1,3,6.0,referral,A,0
67,83.58,491,1,1.4,two-year,1,5,7.0,ads,B,0
43,119.59,622,4,6.5,one-year,0,3,8.0,ads,B,0
50,46.81,519,4,0.0,month-to-month,0,1,4.0,partner,B,0
33,128.63,204,9,7.9,month-to-month,0,2,6.0,partner,A,0
34,124.13,281,4,3.1,month-to-month,0,4,4.0,ads,A,0
41,100.55,436,3,0.1,one-year,1,1,6.0,organic,B,0
46,108.29,503,1,0.4,two-year,1,3,7.0,referral,C,0
34,47.88,608,4,6.2,month-to-month,1,2,9.0,organic,B,0
15,56.07,466,5,7.5,month-to-month,0,2,1.0,ads,A,1
59,110.81,240,4,7.5,month-to-month,1,4,9.0,organic,A,0
3,27.51,382,4,4.3,month-to-month,0,2,2.0,ads,A,1
46,82.5,369,0,0.0,two-year,1,3,6.0,organic,C,0
21,82.94,447,2,4.7,month-to-month,0,2,7.0,ads,C,0
48,62.25,510,3,0.0,month-to-month,1,3,10.0,referral,C,0
12,75.78,223,5,2.7,month-to-month,1,3,3.0,partner,C,1
39,142.35,471,4,0.8,two-year,1,4,10.0,referral,C,0
8,135.03,228,6,3.1,month-to-month,0,4,4.0,ads,C,1
36,50.2,433,1,2.2,month-to-month,0,3,5.0,referral,B,0
23,145.32,624,4,6.7,month-to-month,0,4,7.0,ads,A,0
9,91.62,439,4,16.1,month-to-month,1,1,2.0,ads,A,1
41,31.18,226,3,2.9,month-to-month,1,3,5.0,ads,B,0
51,80.72,534,3,0.0,one-year,1,3,10.0,organic,B,0
72,71.76,291,0,0.0,one-year,1,4,10.0,organic,A,0
23,144.44,594,3,0.0,month-to-month,0,2,8.0,organic,B,0
47,110.63,326,0,0.0,one-year,0,4,6.0,referral,C,0
18,121.53,258,2,0.0,one-year,0,3,6.0,ads,B,0
37,107.77,646,0,5.6,month-to-month,1,4,9.0,organic,C,0
7,71.15,417,3,2.7,month-to-month,0,4,9.0,ads,B,1
50,38.23,375,4,4.0,two-year,1,3,7.0,ads,B,0
54,81.23,442,2,3.3,two-year,1,3,6.0,referral,C,0
41,67.36,247,5,8.7,month-to-month,0,3,9.0,ads,A,0
36,28.68,450,1,10.9,one-year,1,5,6.0,partner,B,0
22,69.97,478,4,6.6,month-to-month,1,2,5.0,referral,A,1
34,91.65,154,5,0.6,two-year,1,4,6.0,partner,C,0
46,94.03,561,1,10.4,month-to-month,1,1,3.0,partner,B,1
57,149.38,334,1,5.4,one-year,1,3,10.0,ads,A,0
61,69.72,406,2,0.0,one-year,1,5,10.0,referral,A,0
42,60.01,361,2,0.0,month-to-month,1,4,7.0,referral,A,0
72,99.58,575,1,0.0,month-to-month,0,4,10.0,partner,A,0
26,108.25,444,3,1.6,two-year,1,1,8.0,organic,C,0
43,27.1,428,2,2.5,one-year,1,4,8.0,organic,C,0
68,25.27,420,4,0.0,two-year,1,5,7.0,referral,C,0
42,53.51,459,2,2.7,one-year,1,2,8.0,organic,A,0
25,48.01,526,6,9.7,month-to-month,0,3,4.0,ads,A,0
28,136.51,520,1,12.8,month-to-month,0,1,1.0,organic,B,1
51,137.49,429,2,0.2,month-to-month,1,5,8.0,referral,B,0
18,97.88,510,3,5.6,one-year,1,4,6.0,partner,A,0
17,135.58,461,4,1.9,month-to-month,1,4,8.0,partner,C,0
25,30.66,137,4,2.9,one-year,0,2,4.0,partner,C,1
8,63.51,193,4,6.2,month-to-month,1,2,7.0,partner,A,0
21,55.39,545,2,8.2,one-year,0,4,1.0,ads,B,0
69,32.49,433,1,0.0,two-year,1,4,10.0,organic,A,0
51,95.5,393,1,7.8,one-year,0,2,5.0,organic,C,0
14,95.37,322,2,4.4,one-year,0,2,7.0,organic,B,0
63,80.77,520,1,0.2,one-year,1,2,8.0,ads,A,0
72,137.77,375,1,0.0,two-year,1,3,8.0,organic,A,0
54,89.54,124,3,4.2,two-year,1,5,8.0,organic,A,0
33,91.43,143,1,0.0,month-to-month,1,2,6.0,organic,B,0
24,20.32,451,4,6.8,one-year,0,3,4.0,ads,B,1
32,78.38,305,4,4.2,one-year,0,3,8.0,ads,B,0
49,43.29,263,1,0.0,one-year,0,2,7.0,organic,C,0
30,87.32,407,6,0.4,month-to-month,0,1,6.0,ads,C,0
40,99.35,470,2,9.2,one-year,0,3,4.0,organic,A,0
39,109.74,577,0,0.0,month-to-month,1,4,9.0,organic,A,0
49,108.31,421,1,0.0,one-year,1,2,5.0,referral,A,0
8,56.66,513,11,14.7,month-to-month,0,1,6.0,ads,C,1
40,88.12,230,2,1.4,month-to-month,1,3,6.0,organic,B,0
25,94.55,584,4,6.0,month-to-month,1,5,8.0,partner,A,0
72,130.03,146,0,7.9,two-year,0,4,8.0,partner,B,0
67,60.46,470,3,7.6,one-year,1,5,7.0,referral,C,0
64,40.19,332,1,0.0,one-year,1,5,10.0,referral,B,0
72,106.37,385,4,4.5,month-to-month,1,5,8.0,organic,A,0
64,119.16,360,2,0.0,month-to-month,1,2,8.0,organic,C,0
56,145.02,364,2,0.0,month-to-month,1,1,10.0,referral,B,0
17,80.61,382,2,3.3,month-to-month,1,4,4.0,referral,B,1
32,115.79,637,4,3.6,month-to-month,0,3,2.0,ads,C,0
41,85.59,563,1,4.0,month-to-month,0,1,10.0,organic,C,0
28,37.46,499,1,4.0,two-year,1,2,6.0,organic,C,0
10,139.28,379,2,7.7,month-to-month,0,2,8.0,ads,A,0
48,101.31,460,2,9.2,month-to-month,1,4,7.0,organic,B,0
40,24.01,331,2,12.0,one-year,0,3,4.0,referral,C,0
8,78.43,465,5,10.1,one-year,0,4,6.0,ads,C,1
40,50.01,407,1,0.0,one-year,1,2,8.0,organic,C,0
54,135.39,484,3,3.0,month-to-month,0,1,5.0,organic,B,1
47,81.73,360,0,0.0,two-year,1,2,8.0,organic,C,0
19,80.19,548,2,6.6,month-to-month,1,3,1.0,ads,C,0
26,61.24,427,3,9.4,one-year,0,3,6.0,organic,A,0
44,25.81,395,1,8.1,one-year,1,3,5.0,ads,A,0
37,56.54,519,3,0.0,two-year,1,4,8.0,organic,A,0
42,92.38,629,2,2.1,two-year,1,1,7.0,ads,B,0
42,62.47,422,1,0.0,month-to-month,0,3,5.0,referral,B,1
26,27.18,396,3,7.0,one-year,0,4,2.0,ads,B,1
23,121.85,474,5,7.6,one-year,0,4,9.0,referral,B,0
45,92.4,360,1,0.0,month-to-month,1,2,7.0,organic,C,0
53,44.88,277,5,6.0,month-to-month,1,1,8.0,ads,A,0
68,91.8,333,2,1.0,month-to-month,1,3,8.0,organic,C,0
32,110.0,587,0,0.0,one-year,1,3,7.0,referral,A,0
1,105.63,355,7,12.9,month-to-month,0,1,5.0,ads,B,1
64,103.42,452,2,0.0,one-year,1,3,9.0,organic,B,0
53,40.43,204,2,0.8,one-year,1,5,10.0,ads,B,0
33,24.39,275,5,12.6,month-to-month,0,1,6.0,ads,B,0
29,39.68,558,8,12.5,month-to-month,1,5,4.0,ads,A,0
9,90.08,477,8,6.6,month-to-month,0,2,4.0,ads,B,1
44,94.07,438,7,11.5,month-to-month,0,2,7.0,ads,A,1
64,107.2,252,3,2.3,month-to-month,1,5,6.0,referral,C,0
10,78.75,443,1,7.5,month-to-month,0,3,7.0,ads,A,0
29,143.64,435,4,9.7,one-year,0,4,10.0,organic,A,0
16,75.21,424,5,11.0,month-to-month,1,1,3.0,ads,A,1
47,86.27,319,3,0.0,two-year,1,4,6.0,partner,B,0
26,94.2,514,3,0.0,one-year,1,4,8.0,partner,A,0
43,105.17,318,1,6.5,month-to-month,1,3,6.0,ads,B,0
50,22.39,387,7,5.9,month-to-month,1,4,5.0,referral,A,0
47,89.19,153,7,4.6,month-to-month,0,4,6.0,ads,C,0
31,124.25,413,4,8.2,month-to-month,0,3,6.0,ads,B,0
35,57.63,268,4,0.0,one-year,1,4,8.0,referral,B,0
39,65.34,444,3,4.2,month-to-month,0,5,9.0,organic,B,0
47,84.82,425,1,0.0,two-year,0,5,10.0,referral,A,0
48,65.45,420,4,7.9,month-to-month,0,4,7.0,ads,C,0
44,42.83,268,0,12.0,month-to-month,0,3,10.0,ads,A,0
46,101.65,229,2,10.3,one-year,0,1,7.0,ads,A,0
26,144.09,411,2,6.4,month-to-month,1,3,2.0,ads,A,0
41,71.98,196,2,6.4,one-year,1,3,5.0,organic,A,0
72,82.8,581,1,0.0,two-year,1,4,5.0,referral,B,0
35,30.03,457,0,0.0,month-to-month,1,4,7.0,organic,B,0
57,68.73,529,4,5.0,month-to-month,0,4,7.0,referral,B,0
29,85.21,545,3,4.0,month-to-month,1,5,6.0,referral,C,0
29,48.96,463,7,8.4,month-to-month,1,5,7.0,ads,C,0
26,146.79,410,4,7.7,month-to-month,0,3,4.0,referral,A,0
55,23.58,406,1,7.2,two-year,0,2,7.0,partner,A,0
27,132.55,586,6,11.8,month-to-month,0,3,5.0,ads,A,0
17,97.09,348,4,7.0,one-year,0,2,6.0,organic,A,0
46,68.7,402,1,1.2,month-to-month,0,2,6.0,partner,A,0
58,63.58,295,2,0.9,two-year,1,5,5.0,ads,B,0
25,25.56,339,8,10.1,month-to-month,0,1,2.0,ads,A,1
33,46.29,362,0,0.0,two-year,0,5,10.0,referral,B,0
30,82.15,397,2,12.6,one-year,0,1,3.0,ads,C,0
31,130.22,401,2,7.5,one-year,0,3,7.0,ads,A,0
44,124.15,433,2,1.4,month-to-month,0,6,6.0,referral,B,0
26,92.89,458,3,0.0,one-year,0,2,5.0,referral,A,1
50,56.12,439,1,0.0,month-to-month,1,4,7.0,referral,A,0
64,69.98,615,1,5.3,month-to-month,1,3,10.0,organic,C,0
72,22.45,413,0,6.0,one-year,1,3,9.0,organic,B,0
36,119.94,428,1,0.0,two-year,0,6,8.0,ads,A,0
15,133.49,508,1,4.6,month-to-month,1,2,6.0,organic,B,0
34,41.85,269,2,0.0,two-year,1,4,7.0,ads,C,0
44,127.66,391,3,0.0,two-year,1,3,10.0,organic,A,0
33,109.6,468,5,6.8,month-to-month,1,3,7.0,ads,A,0
27,142.61,478,6,6.6,month-to-month,1,3,4.0,ads,A,0
21,50.91,363,4,11.5,month-to-month,1,4,6.0,ads,B,0
27,116.72,453,1,9.4,month-to-month,0,2,6.0,ads,A,0
40,96.63,244,3,9.8,month-to-month,1,3,7.0,partner,C,0
20,145.94,558,7,10.6,month-to-month,1,2,1.0,ads,C,1
11,110.03,483,4,1.8,month-to-month,1,4,4.0,ads,C,1
10,82.2,418,2,2.2,month-to-month,1,5,9.0,ads,B,0
9,109.79,455,1,5.9,one-year,1,2,7.0,ads,A,0
49,149.6,330,1,0.0,one-year,1,2,7.0,organic,A,0
27,123.15,591,6,5.6,month-to-month,1,1,6.0,ads,B,1
15,142.57,647,0,0.0,one-year,0,4,10.0,organic,B,0
68,145.24,216,3,6.5,month-to-month,1,2,10.0,ads,B,0
18,124.85,504,5,13.4,month-to-month,0,1,7.0,referral,C,0
72,47.9,516,0,0.0,month-to-month,1,3,10.0,partner,B,0
22,125.26,481,5,3.7,month-to-month,1,2,6.0,ads,A,0
33,30.48,301,9,8.2,month-to-month,1,1,4.0,ads,A,1
20,69.93,348,2,11.5,one-year,1,2,4.0,ads,B,0
46,147.14,130,5,5.4,two-year,1,3,5.0,organic,A,0
31,86.21,275,2,9.0,two-year,0,4,6.0,referral,C,0
44,88.97,663,3,3.4,month-to-month,1,2,9.0,ads,A,0
49,114.57,235,4,11.1,two-year,1,4,3.0,ads,A,1
34,58.72,582,1,12.3,month-to-month,0,2,5.0,referral,C,1
35,25.83,476,1,5.5,one-year,0,5,7.0,ads,A,0
1,47.32,377,7,11.3,month-to-month,0,1,3.0,partner,A,1
45,122.16,407,5,0.7,month-to-month,1,3,3.0,partner,A,1
37,67.47,567,10,10.4,month-to-month,0,2,3.0,ads,B,1
22,36.24,265,2,3.7,month-to-month,0,4,7.0,organic,A,0
23,102.39,365,5,9.7,month-to-month,0,1,4.0,organic,B,1
51,87.7,511,1,2.7,month-to-month,0,2,8.0,ads,A,0
52,78.18,355,1,3.0,one-year,1,4,6.0,ads,C,0
27,50.09,639,5,5.3,month-to-month,0,2,5.0,partner,B,0
43,117.13,489,1,4.9,one-year,1,4,8.0,referral,A,0
24,92.67,310,4,7.0,month-to-month,1,2,6.0,organic,A,0
56,147.81,492,1,0.2,two-year,1,5,6.0,organic,B,0
32,132.14,380,1,3.3,one-year,0,1,5.0,organic,A,0
8,50.91,244,1,6.2,month-to-month,0,4,5.0,organic,A,1
43,89.18,582,2,0.4,one-year,1,5,8.0,ads,A,0
54,88.79,218,3,8.8,one-year,0,4,9.0,partner,B,0
20,39.15,558,0,1.1,month-to-month,1,3,7.0,partner,A,0
12,125.6,379,3,2.6,month-to-month,1,1,7.0,partner,B,1
33,63.69,631,0,9.0,two-year,1,3,9.0,organic,A,0
41,38.41,470,3,0.7,two-year,1,3,8.0,ads,B,0
1,51.41,476,5,14.7,month-to-month,0,2,6.0,partner,B,1
38,146.41,424,6,7.3,one-year,0,2,8.0,organic,B,0
33,93.27,350,2,5.9,two-year,1,4,7.0,partner,C,0
29,22.7,507,5,5.1,month-to-month,1,2,10.0,ads,A,0
54,88.56,386,1,0.0,month-to-month,1,2,9.0,ads,A,0
12,147.12,360,2,4.5,month-to-month,0,3,10.0,ads,A,0
8,31.87,371,5,0.0,two-year,1,4,7.0,partner,B,0
53,69.41,404,2,1.6,one-year,0,2,6.0,organic,C,0
8,71.89,539,2,1.5,one-year,1,3,5.0,referral,B,0
17,39.64,325,3,0.0,month-to-month,0,4,5.0,ads,C,1
15,75.47,286,1,4.2,month-to-month,1,3,6.0,referral,A,1
21,34.11,456,2,7.3,one-year,0,3,8.0,partner,B,0
35,110.33,413,3,10.9,one-year,0,1,6.0,partner,A,0
31,140.66,418,3,0.7,month-to-month,1,2,3.0,ads,C,0
72,73.73,546,1,4.3,two-year,1,4,9.0,referral,B,0
14,146.77,370,8,4.4,month-to-month,0,2,2.0,organic,C,1
27,92.33,490,2,2.2,month-to-month,1,3,6.0,ads,B,0
18,24.46,615,1,11.8,month-to-month,0,4,7.0,organic,A,1
56,41.68,439,8,8.9,month-to-month,0,1,4.0,organic,B,0
56,33.24,430,4,0.1,month-to-month,1,2,8.0,referral,C,0
51,111.69,254,1,2.2,two-year,1,4,8.0,organic,C,0
44,115.07,576,7,5.6,month-to-month,1,4,8.0,organic,A,0
8,71.81,335,4,10.8,month-to-month,0,1,1.0,referral,A,1
30,127.94,493,0,1.5,month-to-month,1,4,10.0,organic,A,0
30,134.07,568,5,7.7,month-to-month,0,2,3.0,organic,C,1
45,54.03,620,2,4.1,month-to-month,1,1,7.0,partner,C,0
31,130.75,126,5,5.9,month-to-month,1,4,6.0,organic,C,0
17,124.66,406,2,14.5,month-to-month,0,1,6.0,ads,A,0
67,73.21,608,1,2.4,month-to-month,0,3,8.0,ads,A,0
29,68.32,478,1,6.4,month-to-month,0,2,6.0,referral,B,0
42,147.03,365,6,5.5,month-to-month,0,1,6.0,ads,B,0
24,73.62,361,1,4.3,one-year,1,6,10.0,ads,A,0
19,58.78,375,2,11.8,month-to-month,1,1,5.0,referral,B,1
3,98.85,615,3,9.3,month-to-month,0,5,7.0,ads,C,1
13,133.71,177,5,0.0,month-to-month,0,3,9.0,organic,C,1
27,100.97,374,1,1.6,two-year,1,4,9.0,organic,A,0
40,135.47,465,2,4.4,one-year,1,1,6.0,referral,B,0
47,124.2,364,2,0.0,one-year,1,5,4.0,referral,A,0
10,135.71,605,6,16.6,month-to-month,1,2,5.0,ads,B,0
1,121.18,330,7,7.9,month-to-month,0,2,7.0,partner,B,1
57,98.21,483,2,8.1,month-to-month,1,2,5.0,referral,A,1
54,27.4,394,1,2.1,one-year,0,2,9.0,partner,B,0
18,66.82,323,3,4.8,one-year,0,2,6.0,partner,B,0
53,26.51,351,1,0.0,two-year,1,3,10.0,organic,A,0
40,139.66,502,0,7.0,month-to-month,1,2,10.0,referral,C,0
25,142.9,446,5,13.5,month-to-month,0,4,8.0,referral,A,1
35,39.93,292,3,3.2,one-year,0,3,6.0,partner,C,1
17,101.09,638,6,2.2,one-year,0,5,8.0,ads,A,0
55,127.31,458,2,5.5,month-to-month,0,1,9.0,organic,A,0
38,30.33,246,2,3.6,month-to-month,1,3,8.0,organic,B,0
31,145.88,262,3,7.5,one-year,0,4,10.0,organic,A,0
60,99.36,341,0,0.0,month-to-month,1,3,7.0,referral,B,0
42,67.48,677,5,6.3,one-year,1,2,6.0,partner,A,0
55,93.11,376,4,0.0,two-year,0,3,7.0,referral,B,0
43,93.5,409,4,6.4,month-to-month,0,2,5.0,partner,B,1
35,35.25,378,2,0.8,one-year,1,1,8.0,referral,B,0
9,94.1,249,3,0.0,month-to-month,1,2,8.0,ads,A,0
66,107.2,230,4,9.4,one-year,1,5,8.0,organic,B,0
45,49.87,276,6,7.8,month-to-month,1,2,6.0,referral,C,0
26,23.77,431,5,0.0,month-to-month,1,3,7.0,ads,A,0
58,86.05,360,0,3.4,two-year,1,4,9.0,partner,A,0
6,30.92,377,8,17.6,month-to-month,0,1,3.0,organic,B,1
72,54.1,498,0,2.4,month-to-month,1,1,9.0,organic,C,0
25,83.37,558,3,8.7,month-to-month,1,1,6.0,referral,A,1
41,26.24,265,4,5.1,two-year,0,1,6.0,ads,B,0
50,139.07,272,1,1.3,one-year,0,3,4.0,ads,C,0
63,67.16,263,1,0.4,month-to-month,1,4,5.0,referral,C,0
28,79.4,219,4,4.3,two-year,0,2,10.0,referral,C,0
54,92.66,487,2,4.1,one-year,0,5,8.0,referral,B,0
30,86.6,341,1,3.5,one-year,0,5,7.0,organic,A,0
52,47.79,267,4,0.0,two-year,1,2,8.0,ads,A,0
55,39.09,362,0,1.9,one-year,0,4,6.0,ads,B,0
71,43.16,370,1,8.5,month-to-month,0,3,3.0,organic,B,1
65,68.16,503,1,0.7,two-year,1,5,10.0,referral,A,0
29,112.6,489,2,10.0,month-to-month,0,2,3.0,ads,B,1
31,106.46,291,2,0.1,two-year,0,4,7.0,ads,B,0
45,98.93,420,1,4.4,two-year,1,5,7.0,ads,C,0
40,41.58,325,2,0.0,month-to-month,0,6,8.0,referral,C,0
28,32.2,348,6,3.2,month-to-month,0,3,2.0,partner,A,1
18,43.39,140,4,3.3,one-year,0,2,4.0,ads,B,0
33,123.43,230,2,10.4,month-to-month,0,3,8.0,partner,B,0
40,122.68,234,2,10.2,one-year,0,2,4.0,referral,A,0
48,108.52,371,1,0.0,one-year,1,2,6.0,referral,A,0
15,137.0,372,4,4.7,month-to-month,0,1,3.0,ads,A,0
66,26.2,466,2,0.0,one-year,0,5,10.0,partner,B,0
67,104.43,462,0,1.8,one-year,1,4,6.0,referral,B,0
37,127.4,447,4,7.6,month-to-month,1,2,7.0,ads,C,0
1,87.69,592,5,13.4,month-to-month,0,2,5.0,ads,A,1
37,73.6,278,2,12.0,month-to-month,0,4,5.0,ads,C,0
44,108.6,333,5,5.9,month-to-month,0,3,4.0,organic,A,0
37,112.36,584,1,3.5,one-year,0,1,6.0,organic,B,0
60,108.21,373,4,11.2,one-year,1,1,7.0,referral,C,0
20,144.79,416,1,3.7,one-year,1,6,10.0,referral,B,0
34,145.78,437,1,11.6,month-to-month,0,4,3.0,ads,C,1
26,101.81,229,6,11.1,month-to-month,0,4,6.0,partner,A,1
57,145.45,318,0,4.8,one-year,0,4,9.0,organic,A,0
11,140.57,309,4,9.6,month-to-month,1,1,3.0,ads,A,1
42,49.6,598,4,2.3,month-to-month,0,3,5.0,partner,C,1
72,114.91,250,0,0.0,one-year,1,4,10.0,partner,B,0
25,61.92,282,3,13.1,month-to-month,1,5,10.0,organic,A,0
27,123.83,432,5,3.2,month-to-month,0,2,5.0,organic,A,1
33,59.02,268,3,7.9,one-year,0,6,9.0,ads,A,0
19,50.0,408,1,12.1,one-year,1,4,7.0,ads,C,0
49,146.26,539,2,5.1,month-to-month,0,5,6.0,referral,C,1
35,55.29,399,1,0.7,one-year,0,1,8.0,referral,B,0
1,111.39,423,6,9.3,one-year,0,5,9.0,partner,C,1
48,27.17,420,1,0.0,one-year,1,4,8.0,referral,A,0
27,84.97,273,1,0.0,two-year,1,3,8.0,referral,C,0
60,87.09,368,1,7.2,two-year,1,2,8.0,organic,C,0
31,117.89,386,4,11.0,month-to-month,1,1,3.0,ads,B,0
72,108.97,459,6,0.0,month-to-month,1,4,6.0,referral,B,0
23,102.65,154,3,2.8,two-year,0,2,5.0,organic,A,0
52,57.02,612,4,4.0,month-to-month,0,5,8.0,organic,B,0
67,76.32,536,3,6.4,month-to-month,0,2,7.0,partner,A,0
29,97.54,469,5,3.7,month-to-month,0,2,2.0,partner,B,1
57,71.32,400,3,0.0,month-to-month,1,2,9.0,referral,B,0
41,134.63,220,3,0.0,one-year,0,4,6.0,ads,A,0
4,138.54,406,4,1.8,month-to-month,1,2,5.0,organic,A,0
37,86.18,471,6,1.8,one-year,0,2,7.0,organic,B,0
49,35.29,247,2,2.8,month-to-month,1,2,10.0,ads,A,0
25,51.35,521,6,2.7,month-to-month,0,4,6.0,partner,A,1
21,142.63,190,4,1.2,month-to-month,0,3,4.0,partner,C,1
47,123.83,654,5,0.0,month-to-month,1,3,6.0,referral,B,0
1,114.01,427,5,4.8,month-to-month,0,3,5.0,ads,A,1
50,68.84,405,3,3.4,month-to-month,0,2,6.0,ads,A,0
42,65.88,480,0,2.7,month-to-month,1,3,8.0,referral,A,0
9,92.5,256,7,10.4,one-year,0,2,4.0,ads,C,1
41,93.36,598,0,6.8,month-to-month,0,4,6.0,ads,A,0
43,98.46,517,5,1.3,month-to-month,0,4,9.0,ads,A,0
72,94.61,590,2,6.1,month-to-month,0,4,5.0,ads,B,0
45,61.4,412,0,0.0,one-year,1,4,10.0,referral,B,0
33,43.48,210,2,6.5,month-to-month,0,5,8.0,ads,C,0
36,146.19,240,2,0.0,month-to-month,1,2,7.0,organic,A,0
36,31.96,555,4,7.5,month-to-month,0,2,5.0,partner,A,1
58,126.31,399,0,0.0,two-year,1,3,10.0,organic,C,0
43,45.6,519,3,0.0,month-to-month,0,4,8.0,referral,A,0
33,143.97,605,6,3.8,one-year,0,2,4.0,partner,A,1
36,84.92,552,3,9.3,two-year,0,3,7.0,organic,C,0
43,63.95,522,1,3.3,one-year,1,5,9.0,partner,B,0
26,139.46,347,5,1.5,month-to-month,1,2,9.0,organic,A,1
46,64.27,706,1,1.8,one-year,0,4,4.0,ads,A,0
42,88.66,297,1,0.0,month-to-month,1,2,10.0,referral,B,0
20,123.98,526,6,6.3,month-to-month,0,3,5.0,ads,A,0
31,117.15,464,2,4.3,one-year,1,4,4.0,referral,B,0
27,136.38,493,6,9.1,month-to-month,1,4,5.0,ads,A,0
1,67.77,249,4,7.1,one-year,0,3,2.0,organic,C,1
63,46.51,665,2,4.6,month-to-month,1,2,4.0,ads,C,0
60,76.49,118,3,2.4,two-year,1,4,10.0,ads,A,0
55,108.77,95,3,9.7,two-year,0,2,5.0,ads,B,0
59,54.08,185,1,6.0,month-to-month,1,5,10.0,ads,A,0
1,108.1,556,3,9.7,month-to-month,0,4,4.0,organic,A,1
46,42.06,175,3,12.2,two-year,0,2,2.0,ads,B,0
22,149.26,304,5,4.1,two-year,1,3,9.0,partner,C,0
23,91.28,417,3,1.5,month-to-month,1,3,5.0,ads,C,0
48,30.09,481,1,1.6,month-to-month,1,3,8.0,organic,A,0
47,35.35,362,4,5.8,month-to-month,0,2,3.0,organic,C,1
68,96.74,624,1,0.0,month-to-month,0,5,8.0,referral,A,0
72,92.16,360,4,0.0,one-year,1,4,7.0,referral,C,0
31,73.78,534,5,3.4,month-to-month,0,3,6.0,ads,B,1
46,98.74,631,3,0.0,month-to-month,1,4,8.0,referral,C,0
29,32.74,393,5,6.6,month-to-month,0,3,5.0,ads,B,0
47,35.95,317,1,4.0,one-year,1,3,9.0,partner,A,0
62,57.87,257,1,0.0,two-year,0,4,8.0,ads,A,0
59,127.16,443,1,6.8,one-year,0,4,9.0,ads,A,0
45,51.14,550,2,8.4,month-to-month,0,3,6.0,organic,C,0
1,115.88,423,9,13.2,month-to-month,0,1,1.0,referral,A,1
30,95.21,397,1,0.0,one-year,0,1,6.0,organic,B,0
27,64.47,148,7,0.0,one-year,0,2,5.0,ads,C,0
27,36.38,439,3,7.4,one-year,0,2,5.0,organic,C,0
26,114.67,378,1,6.3,month-to-month,1,2,7.0,ads,A,0
11,76.54,410,2,12.3,two-year,1,1,4.0,referral,C,0
33,99.03,362,2,4.9,month-to-month,1,1,8.0,organic,B,0
18,77.93,604,10,5.1,one-year,0,2,4.0,ads,A,1
36,109.75,444,3,1.3,month-to-month,0,5,6.0,organic,A,0
39,27.24,433,0,3.0,one-year,0,6,8.0,referral,C,0
49,26.34,583,6,6.0,month-to-month,0,3,7.0,ads,B,0
45,54.17,453,4,3.6,month-to-month,0,2,6.0,ads,C,0
35,124.06,545,2,5.5,one-year,0,3,6.0,organic,A,0
37,75.46,526,2,2.6,one-year,1,3,10.0,referral,C,0
54,147.01,488,3,6.5,one-year,0,4,1.0,organic,B,0
5,121.48,382,4,11.4,month-to-month,0,1,4.0,ads,A,1
52,99.56,457,3,0.9,two-year,0,3,10.0,referral,A,0
69,53.45,460,2,3.1,two-year,1,6,5.0,referral,C,0
45,54.32,674,3,6.1,one-year,0,1,7.0,organic,B,0
6,64.25,408,6,4.0,one-year,1,4,7.0,ads,A,0
15,130.16,471,2,0.2,month-to-month,0,1,7.0,organic,B,1
15,123.82,374,7,2.1,month-to-month,0,3,3.0,ads,A,1
16,115.56,389,2,0.8,month-to-month,0,1,8.0,ads,C,0
12,88.26,374,3,13.7,one-year,0,4,5.0,ads,C,1
32,68.06,274,3,4.4,month-to-month,0,1,4.0,ads,A,0
54,115.66,470,0,0.0,two-year,1,4,10.0,referral,B,0
17,63.25,351,3,2.7,month-to-month,0,4,4.0,referral,C,1
68,120.85,544,3,0.5,month-to-month,0,2,10.0,organic,C,0
42,39.73,569,3,4.1,month-to-month,1,3,6.0,referral,A,0
19,101.33,401,4,10.8,month-to-month,0,2,3.0,ads,A,1
61,32.79,510,5,9.1,month-to-month,0,5,7.0,ads,C,0
33,92.36,106,5,4.3,two-year,0,4,4.0,partner,A,0
61,32.82,408,3,6.5,one-year,0,3,6.0,organic,B,0
32,136.5,379,7,1.0,one-year,1,2,8.0,referral,A,1
72,72.44,567,2,11.3,one-year,1,3,9.0,referral,A,0
30,102.45,362,1,5.3,two-year,1,3,8.0,organic,B,0
58,64.43,542,1,4.0,two-year,1,5,6.0,referral,A,0
31,90.65,528,1,7.1,month-to-month,0,2,10.0,referral,B,0
36,113.53,142,5,11.1,one-year,0,2,7.0,ads,C,0
23,64.44,461,3,10.0,month-to-month,0,4,6.0,partner,B,0
72,47.64,638,0,0.0,two-year,1,5,10.0,referral,B,0
35,110.2,510,3,10.9,month-to-month,0,3,7.0,organic,A,1
72,36.71,409,2,0.0,month-to-month,1,2,10.0,referral,C,0
43,127.18,272,3,0.0,one-year,1,3,9.0,organic,B,0
64,92.31,301,1,10.2,two-year,0,4,6.0,ads,A,0
25,38.75,536,4,2.4,month-to-month,1,2,5.0,organic,B,1
15,80.6,82,1,6.8,month-to-month,0,1,8.0,organic,B,0
29,66.36,487,3,7.3,month-to-month,0,1,4.0,ads,B,1
27,40.46,437,4,5.7,one-year,0,5,5.0,referral,B,1
50,25.06,397,1,0.0,one-year,1,4,9.0,referral,B,0
24,78.15,433,4,10.5,one-year,0,4,6.0,ads,B,1
21,104.7,304,2,3.9,month-to-month,1,4,6.0,organic,A,0
45,135.44,537,2,0.0,one-year,1,6,10.0,referral,C,0
44,63.29,414,5,3.5,month-to-month,0,4,5.0,ads,C,0
46,59.57,470,6,1.5,month-to-month,0,3,5.0,partner,C,0
27,88.82,266,2,12.7,month-to-month,1,2,5.0,ads,B,1
43,93.8,322,1,1.5,month-to-month,0,3,6.0,ads,B,0
5,38.5,458,2,6.8,month-to-month,0,4,4.0,partner,B,1
20,29.77,692,4,15.1,two-year,0,1,5.0,partner,A,0
59,43.15,490,0,4.7,two-year,0,4,10.0,organic,C,0
23,99.84,642,1,3.3,month-to-month,0,3,3.0,ads,A,1
34,70.81,701,4,0.1,two-year,1,3,4.0,organic,A,0
12,32.21,394,2,1.6,two-year,0,2,7.0,partner,C,1
19,121.59,587,0,1.3,month-to-month,0,4,10.0,ads,A,0
64,102.42,423,2,0.0,one-year,1,5,10.0,referral,C,0
50,128.56,327,4,2.3,month-to-month,1,4,10.0,partner,C,0
53,59.75,588,4,4.3,one-year,1,1,6.0,referral,B,0
27,93.75,420,3,4.9,month-to-month,1,2,5.0,organic,B,0
11,111.67,392,7,8.2,one-year,0,4,6.0,ads,B,0
59,139.56,561,1,0.0,two-year,1,3,10.0,referral,A,0
40,26.81,352,4,3.2,month-to-month,0,1,3.0,partner,B,1
40,139.32,358,2,0.0,month-to-month,1,3,7.0,ads,A,0
61,44.49,517,2,1.0,month-to-month,0,3,8.0,referral,A,0
14,72.76,506,3,2.5,month-to-month,1,3,4.0,ads,A,1
46,36.37,466,2,4.8,month-to-month,1,4,7.0,referral,A,0
44,134.7,506,3,0.0,month-to-month,1,4,9.0,ads,A,0
72,55.97,601,1,0.0,two-year,1,3,10.0,referral,C,0
33,98.79,332,2,6.0,one-year,1,2,7.0,referral,B,0
47,81.32,536,3,12.9,month-to-month,0,2,5.0,ads,B,1
10,133.99,521,6,3.9,month-to-month,0,4,4.0,referral,A,1
40,25.19,821,0,4.1,month-to-month,0,3,8.0,partner,C,0
39,73.91,602,2,6.3,one-year,0,3,5.0,ads,A,0
41,53.25,375,4,8.2,month-to-month,0,3,5.0,ads,B,1
1,53.64,478,8,11.2,one-year,0,1,2.0,partner,C,1
67,89.12,460,2,9.8,month-to-month,0,4,6.0,ads,B,0
60,51.09,730,0,0.0,month-to-month,1,3,10.0,referral,B,0
25,87.9,540,2,9.5,month-to-month,1,4,6.0,organic,B,0
43,37.58,394,1,4.9,one-year,0,4,6.0,organic,A,0
38,140.21,403,3,3.3,one-year,1,4,9.0,partner,C,0
72,126.88,365,5,4.1,month-to-month,0,4,7.0,referral,A,0
63,31.46,374,1,5.0,two-year,1,4,7.0,referral,C,0
41,125.6,642,2,0.0,month-to-month,0,3,5.0,organic,B,1
31,120.02,416,2,5.5,month-to-month,1,3,3.0,referral,B,0
41,28.97,613,4,5.4,month-to-month,1,2,5.0,partner,B,1
48,84.26,470,5,11.2,month-to-month,1,2,4.0,ads,C,0
1,39.89,291,1,0.5,month-to-month,1,3,8.0,partner,C,0
42,27.23,296,5,12.9,month-to-month,1,3,6.0,referral,A,0
40,107.35,360,4,1.3,two-year,1,3,10.0,organic,B,0
22,79.92,559,4,0.0,month-to-month,1,4,8.0,referral,A,0
59,94.52,466,0,0.0,two-year,0,2,6.0,referral,A,0
72,38.71,189,0,0.0,two-year,1,4,5.0,ads,B,0
45,74.93,344,2,10.4,one-year,0,3,8.0,ads,C,0
37,36.64,430,6,2.5,month-to-month,0,3,2.0,organic,C,1
59,85.42,445,2,6.3,one-year,0,3,5.0,ads,A,0
24,72.78,225,3,9.7,two-year,1,2,10.0,ads,C,0
1,147.9,304,2,20.6,one-year,0,2,5.0,ads,B,1
63,22.52,405,0,0.0,one-year,1,4,9.0,ads,A,0
34,58.54,272,1,4.0,one-year,0,1,8.0,organic,A,0
20,99.5,265,2,0.0,month-to-month,1,5,9.0,organic,B,0
51,100.84,381,1,0.0,one-year,0,3,10.0,ads,B,0
39,92.28,545,2,14.6,one-year,0,3,4.0,ads,B,0
41,131.58,439,5,5.8,month-to-month,1,1,7.0,ads,A,0
23,117.05,318,1,9.2,one-year,0,4,5.0,partner,B,0
30,141.21,443,1,7.1,one-year,0,2,6.0,referral,A,0
26,108.05,342,6,10.6,month-to-month,0,2,5.0,organic,C,1
27,54.17,485,1,6.8,one-year,1,3,6.0,partner,B,0
29,93.77,308,3,3.3,one-year,0,2,5.0,partner,B,0
24,119.04,335,4,4.9,one-year,1,4,10.0,organic,A,0
23,127.93,421,8,6.9,month-to-month,0,4,4.0,ads,B,1
27,31.64,509,4,0.0,month-to-month,0,5,10.0,organic,A,0
64,77.87,526,3,1.9,two-year,1,5,8.0,partner,C,0
31,50.14,503,2,4.2,month-to-month,1,2,3.0,organic,B,0
25,127.64,692,1,4.4,two-year,1,3,6.0,ads,A,0
45,29.08,462,1,0.2,month-to-month,1,3,9.0,ads,B,0
50,67.25,467,0,0.0,one-year,1,3,8.0,organic,C,0
19,35.52,404,3,11.0,month-to-month,0,1,5.0,ads,A,0
34,105.9,320,9,9.5,month-to-month,0,3,5.0,partner,A,1
17,21.2,415,4,8.9,one-year,0,2,5.0,ads,A,0
42,129.06,419,0,6.4,month-to-month,1,3,8.0,ads,A,0
16,86.87,396,3,1.7,month-to-month,1,1,6.0,organic,C,1
12,73.58,389,2,1.5,month-to-month,0,6,10.0,ads,A,0
40,68.18,604,0,0.1,month-to-month,1,3,6.0,ads,A,0
22,61.73,275,8,6.2,month-to-month,0,2,4.0,ads,B,1
51,60.35,342,2,1.2,two-year,0,3,8.0,organic,B,0
19,143.36,326,4,10.2,month-to-month,0,1,2.0,partner,C,1
43,79.83,557,4,0.0,one-year,0,1,5.0,organic,B,0
41,31.42,574,3,0.0,month-to-month,0,3,4.0,partner,C,0
23,80.38,400,4,5.8,month-to-month,0,3,6.0,referral,A,0
8,114.58,328,0,7.1,one-year,0,2,6.0,referral,A,1
1,95.25,398,5,7.2,month-to-month,0,1,7.0,organic,A,1
65,128.89,632,3,3.6,one-year,0,3,6.0,organic,B,0
19,68.85,179,4,1.9,one-year,0,1,6.0,partner,A,0
56,134.99,425,2,3.1,month-to-month,1,4,8.0,referral,C,0
20,107.52,387,7,8.4,one-year,0,3,4.0,ads,A,1
30,91.44,320,2,3.1,two-year,1,2,4.0,partner,C,1
33,117.56,479,5,7.0,one-year,1,3,4.0,organic,A,1
64,30.61,406,4,11.1,month-to-month,0,2,6.0,organic,A,0
39,53.08,300,4,12.6,month-to-month,1,2,9.0,ads,B,0
10,68.7,647,1,4.8,one-year,1,4,1.0,ads,B,0
19,99.72,285,2,3.3,one-year,1,5,7.0,organic,A,1
72,40.63,426,2,0.0,one-year,1,4,8.0,ads,A,0
67,148.52,430,0,0.0,one-year,1,5,10.0,referral,C,0
48,142.93,490,0,5.7,month-to-month,0,3,6.0,referral,B,0
58,76.72,380,1,0.0,month-to-month,1,5,10.0,referral,C,0
8,136.44,331,4,10.4,month-to-month,0,4,3.0,partner,B,1
64,133.38,565,0,0.0,one-year,1,3,6.0,organic,A,0
36,68.01,325,3,0.0,month-to-month,1,2,7.0,organic,B,0
15,90.66,163,5,4.3,one-year,1,4,5.0,organic,B,1
68,25.43,397,0,8.5,one-year,1,5,9.0,referral,A,0
31,86.44,575,4,7.1,one-year,0,4,5.0,partner,B,0
38,86.26,464,5,2.1,month-to-month,0,3,7.0,partner,A,0
48,128.47,310,3,1.2,month-to-month,0,1,6.0,organic,B,1
33,29.6,483,3,0.0,month-to-month,0,1,4.0,organic,C,1
25,98.53,398,1,0.0,month-to-month,0,6,7.0,ads,C,0
15,127.36,418,5,13.9,month-to-month,0,2,3.0,organic,C,0
19,73.78,293,4,10.8,one-year,1,1,7.0,ads,C,0
13,92.68,482,8,8.5,month-to-month,0,1,4.0,ads,B,1
52,105.29,457,1,3.3,two-year,1,4,7.0,ads,A,0
46,28.14,311,4,11.5,one-year,1,3,8.0,organic,C,0
40,79.1,557,9,9.3,month-to-month,0,1,6.0,ads,B,1
24,49.9,439,3,4.7,one-year,1,2,8.0,organic,A,0
40,138.77,580,3,3.7,one-year,0,2,7.0,organic,A,0
29,142.58,286,2,6.5,two-year,0,3,4.0,ads,B,0
31,119.33,556,1,6.4,one-year,0,4,8.0,ads,A,0
48,36.25,426,0,4.5,one-year,0,4,10.0,organic,A,0
53,149.7,445,6,2.4,month-to-month,0,4,5.0,ads,A,0
46,26.53,628,2,2.9,one-year,1,3,6.0,ads,A,0
46,141.75,444,3,0.0,two-year,0,2,6.0,referral,B,0
49,50.04,405,3,9.3,month-to-month,0,4,5.0,organic,A,1
51,48.46,446,3,3.5,month-to-month,1,4,5.0,referral,B,0
32,92.23,525,3,8.1,one-year,1,5,10.0,ads,A,0
30,96.1,363,5,2.4,month-to-month,0,3,6.0,partner,C,1
1,85.34,275,3,4.5,month-to-month,0,5,5.0,partner,A,1
58,131.22,323,3,0.0,one-year,1,4,10.0,partner,C,0
32,20.94,403,3,6.1,month-to-month,1,4,5.0,organic,B,0
56,57.44,349,1,0.0,month-to-month,1,3,10.0,organic,B,0
27,121.01,373,5,11.9,month-to-month,0,3,2.0,partner,A,0
31,89.81,497,3,1.7,one-year,1,3,7.0,organic,B,0
55,40.37,475,2,4.0,one-year,1,5,10.0,organic,A,0
32,77.73,227,3,10.1,month-to-month,1,5,7.0,ads,C,0
6,26.21,445,2,5.0,month-to-month,1,3,8.0,ads,A,1
36,45.05,605,5,7.3,one-year,0,4,6.0,organic,A,0
1,105.98,401,2,5.1,month-to-month,0,4,8.0,ads,B,0
23,41.08,339,4,4.8,month-to-month,1,2,9.0,referral,A,0
45,90.78,707,3,0.0,month-to-month,0,3,6.0,ads,B,0
35,90.13,450,1,7.9,month-to-month,1,1,6.0,partner,A,0
42,34.36,412,3,0.4,one-year,0,4,8.0,organic,B,0
42,141.41,508,2,6.1,month-to-month,1,4,7.0,referral,A,0
23,100.76,355,2,6.1,two-year,1,1,5.0,referral,C,0
46,126.7,363,0,0.0,one-year,1,2,9.0,partner,A,0
72,89.61,412,6,4.0,two-year,0,1,2.0,partner,B,0
54,117.95,569,5,4.4,month-to-month,0,4,4.0,partner,A,0
30,89.48,599,2,10.0,two-year,1,3,6.0,ads,A,0
38,86.19,390,2,10.3,one-year,0,4,9.0,organic,B,0
9,42.68,282,1,10.4,month-to-month,0,4,4.0,ads,C,1
18,24.13,392,5,13.4,month-to-month,1,2,6.0,organic,B,1
35,51.42,381,2,7.6,month-to-month,0,3,6.0,organic,B,0
54,43.94,328,0,0.0,one-year,1,4,10.0,referral,A,0
16,106.29,504,5,6.8,month-to-month,0,3,3.0,ads,C,1
57,44.67,615,2,0.9,month-to-month,1,4,8.0,referral,B,0
62,36.68,587,3,0.0,month-to-month,1,5,8.0,organic,A,0
39,131.3,409,2,0.9,one-year,0,4,5.0,organic,C,1
20,59.61,297,5,2.0,month-to-month,1,3,8.0,partner,B,0
48,131.05,550,4,3.0,two-year,0,2,6.0,organic,A,0
11,124.25,339,2,6.3,month-to-month,1,3,6.0,ads,A,0
3,126.68,215,10,20.5,month-to-month,0,3,4.0,ads,C,1
53,43.31,598,1,6.9,month-to-month,0,4,9.0,ads,B,0
42,23.24,313,4,7.4,two-year,1,1,7.0,referral,A,0
19,61.08,539,3,10.6,month-to-month,1,3,4.0,ads,B,1
24,126.96,368,9,2.3,month-to-month,1,2,4.0,referral,C,1
46,147.93,258,0,0.0,one-year,0,2,10.0,referral,C,0
47,81.93,319,0,0.5,month-to-month,1,6,7.0,partner,B,0
29,42.37,0,5,3.3,one-year,0,2,6.0,referral,C,0
6,52.34,256,6,5.9,month-to-month,0,4,7.0,ads,B,1
32,131.49,509,2,3.0,month-to-month,0,4,8.0,ads,C,1
48,34.9,377,4,0.7,two-year,1,4,7.0,ads,A,0
66,63.06,428,3,0.0,one-year,1,3,9.0,organic,B,0
19,128.75,521,6,2.8,month-to-month,0,4,5.0,organic,A,1
1,55.64,592,3,19.7,month-to-month,0,1,3.0,partner,B,1
45,92.45,564,0,10.5,month-to-month,0,3,5.0,referral,B,0
49,53.63,552,2,5.6,one-year,0,3,7.0,organic,B,0
15,27.71,265,5,9.1,month-to-month,0,2,6.0,ads,C,0
34,64.24,226,3,1.1,month-to-month,0,3,6.0,ads,C,0
67,22.08,183,3,0.0,month-to-month,1,1,9.0,referral,C,0
42,139.43,441,4,5.6,month-to-month,1,2,6.0,partner,A,0
56,39.95,554,2,11.5,month-to-month,0,1,3.0,ads,B,1
67,99.73,436,2,4.1,month-to-month,1,4,10.0,referral,B,0
57,144.39,450,5,5.6,month-to-month,1,4,4.0,partner,C,0
2,139.74,653,3,11.1,month-to-month,1,2,3.0,partner,C,1
20,33.9,480,6,10.1,one-year,0,3,3.0,ads,B,1
45,117.28,362,0,0.0,one-year,1,4,10.0,referral,B,0
18,72.64,158,5,0.0,month-to-month,0,3,6.0,referral,A,0
59,30.61,585,7,2.4,month-to-month,0,3,5.0,referral,C,1
26,109.93,394,9,6.5,month-to-month,1,3,6.0,organic,A,1
14,139.78,492,1,3.9,one-year,1,1,5.0,referral,B,0
17,45.74,174,0,2.7,two-year,0,3,4.0,ads,B,0
19,37.1,505,4,5.8,month-to-month,0,1,6.0,referral,A,1
1,58.45,406,6,11.6,one-year,0,1,1.0,ads,C,1
24,40.22,154,5,4.7,month-to-month,1,1,2.0,organic,B,1
58,45.27,260,6,4.8,two-year,1,3,10.0,referral,C,0
33,73.35,301,3,0.0,one-year,1,5,8.0,referral,A,0
60,34.59,317,3,7.1,month-to-month,1,5,7.0,organic,A,0
58,31.31,260,2,2.8,month-to-month,0,2,6.0,organic,B,0
58,78.97,393,1,5.6,two-year,1,4,10.0,referral,B,0
60,71.73,508,1,0.0,month-to-month,0,2,7.0,organic,A,0
42,117.27,486,2,5.5,month-to-month,0,2,2.0,referral,B,1
55,119.26,371,2,8.7,month-to-month,1,5,6.0,organic,C,0
33,87.31,508,5,7.0,month-to-month,0,2,4.0,organic,A,0
20,131.02,774,3,3.2,month-to-month,1,5,7.0,ads,B,0
61,32.29,441,2,0.0,two-year,0,5,9.0,referral,C,0
52,35.12,258,3,0.0,two-year,1,2,6.0,ads,A,0
55,78.6,426,2,0.0,one-year,1,3,8.0,referral,A,0
20,142.63,437,4,4.8,month-to-month,0,2,4.0,organic,C,1
13,88.86,221,4,4.0,one-year,1,2,2.0,ads,A,1
26,70.24,495,2,3.5,one-year,1,5,4.0,referral,A,0
16,45.76,356,1,8.4,month-to-month,0,3,7.0,ads,B,0
29,146.54,549,2,3.2,two-year,1,5,9.0,ads,B,0
46,65.03,412,4,6.4,month-to-month,1,2,8.0,referral,B,0
1,55.38,410,7,8.0,month-to-month,1,3,5.0,ads,A,1
23,69.32,550,2,8.1,month-to-month,0,2,4.0,partner,C,1
6,101.41,344,2,15.3,month-to-month,1,1,1.0,partner,A,1
18,27.99,260,9,5.1,month-to-month,0,1,3.0,partner,B,1
20,35.01,414,2,0.0,month-to-month,1,4,9.0,referral,B,0
53,148.49,210,2,4.3,month-to-month,1,5,10.0,ads,B,0
21,68.05,304,3,0.0,month-to-month,1,3,7.0,referral,B,0
32,93.73,562,4,8.8,month-to-month,0,3,2.0,organic,B,1
22,68.2,346,1,6.1,one-year,1,2,4.0,ads,C,0
20,20.6,457,3,5.5,one-year,0,2,3.0,partner,B,1
50,117.72,112,1,0.0,month-to-month,0,5,8.0,referral,C,0
33,82.35,510,2,11.3,two-year,0,4,8.0,partner,A,0
24,83.15,306,3,4.9,month-to-month,0,4,7.0,ads,C,1
30,87.31,341,1,1.7,one-year,0,4,6.0,referral,B,0
33,45.99,543,1,11.2,month-to-month,0,2,6.0,organic,C,1
61,127.3,444,1,0.0,month-to-month,1,3,7.0,organic,B,0
16,124.51,402,4,12.2,month-to-month,1,1,2.0,partner,A,1
26,53.28,436,3,17.1,month-to-month,0,4,8.0,ads,A,0
28,128.6,496,7,6.9,month-to-month,0,1,1.0,organic,B,1
46,143.27,406,4,2.1,month-to-month,1,3,3.0,organic,A,1
43,21.86,442,4,7.6,month-to-month,0,1,9.0,ads,C,0
21,107.05,247,5,9.3,month-to-month,0,3,4.0,partner,C,1
36,114.39,303,1,4.4,month-to-month,1,4,6.0,referral,C,0
32,78.2,316,4,4.0,one-year,1,5,9.0,referral,A,0
40,28.62,242,3,7.4,month-to-month,0,3,8.0,organic,B,0
67,38.12,455,1,13.7,two-year,0,5,6.0,organic,C,0
72,145.22,540,2,0.0,two-year,0,4,6.0,ads,A,0
41,88.79,459,6,11.8,one-year,1,4,7.0,organic,A,0
6,108.44,496,3,13.0,month-to-month,0,3,4.0,ads,B,1
34,82.57,527,1,0.0,two-year,1,5,8.0,ads,B,0
72,87.53,383,2,0.0,one-year,1,6,10.0,organic,A,0
35,45.31,365,0,5.5,month-to-month,1,2,2.0,partner,B,0
27,54.04,578,4,1.5,month-to-month,0,2,5.0,ads,A,0
29,64.34,255,3,0.0,one-year,1,5,8.0,ads,A,0
50,61.61,461,1,7.2,month-to-month,0,3,2.0,referral,A,0
42,32.19,449,1,1.6,month-to-month,0,3,5.0,referral,B,0
42,111.11,283,2,0.0,month-to-month,0,5,10.0,referral,C,0
13,29.59,582,3,2.5,month-to-month,1,3,4.0,organic,B,0
22,91.36,594,0,4.9,one-year,0,1,2.0,organic,A,1
24,72.87,537,6,9.0,one-year,0,3,7.0,ads,C,0
60,82.57,456,0,0.6,one-year,1,2,9.0,ads,A,0
47,109.13,384,1,3.7,one-year,1,4,7.0,organic,A,0
30,97.81,440,6,7.2,month-to-month,1,3,6.0,organic,A,0
22,139.37,641,3,6.3,month-to-month,0,3,8.0,referral,B,0
39,145.6,443,0,1.2,month-to-month,0,3,8.0,referral,A,1
18,148.27,394,7,3.0,two-year,0,5,6.0,organic,A,1
38,77.33,281,2,4.9,one-year,0,6,6.0,partner,C,0
27,67.9,355,1,14.2,month-to-month,0,1,2.0,partner,C,1
12,75.46,367,2,10.2,one-year,0,2,6.0,ads,A,0
38,47.04,463,5,0.0,one-year,0,5,8.0,ads,C,0
26,77.72,606,4,0.0,one-year,0,4,6.0,referral,B,1
23,102.0,514,5,1.2,month-to-month,0,3,8.0,ads,B,0
34,110.47,326,5,0.0,month-to-month,0,5,6.0,organic,A,1
1,31.09,360,2,9.9,month-to-month,0,1,1.0,partner,B,1
28,131.53,315,3,0.0,month-to-month,0,2,8.0,partner,B,0
38,56.49,539,6,6.1,two-year,0,3,5.0,ads,B,0
68,110.59,601,0,0.0,month-to-month,1,5,8.0,referral,C,0
43,123.96,478,4,2.6,month-to-month,1,3,2.0,ads,B,0
42,74.77,431,3,0.9,month-to-month,0,3,8.0,organic,C,0
38,53.19,285,2,0.0,two-year,1,4,8.0,organic,B,0
16,41.75,346,2,6.9,month-to-month,0,2,5.0,organic,C,0
26,139.04,476,0,0.0,month-to-month,1,3,6.0,organic,C,1
52,37.38,397,5,10.3,month-to-month,0,3,4.0,partner,B,0
60,68.9,359,2,6.6,one-year,1,3,6.0,organic,B,0
36,132.74,357,7,8.1,month-to-month,1,2,5.0,organic,B,0
40,100.22,496,3,4.4,two-year,0,1,8.0,partner,A,0
72,37.43,456,0,0.1,one-year,1,5,10.0,referral,A,0
52,99.94,204,3,3.4,month-to-month,1,4,9.0,ads,C,0
25,125.9,358,3,1.5,two-year,0,3,10.0,referral,C,0
41,117.59,480,0,6.5,two-year,0,3,9.0,ads,C,0
4,130.68,289,5,2.1,month-to-month,0,2,5.0,ads,C,1
45,111.26,296,3,3.6,two-year,1,3,10.0,partner,B,0
48,112.37,597,3,0.0,month-to-month,1,4,6.0,referral,B,0
55,87.07,719,4,3.7,month-to-month,0,5,4.0,ads,C,0
61,48.52,529,2,4.3,one-year,0,1,6.0,partner,B,0
49,76.82,384,5,7.4,two-year,1,2,7.0,partner,C,0
54,24.96,438,1,3.5,month-to-month,0,4,10.0,organic,A,0
56,126.47,629,3,5.3,month-to-month,0,4,4.0,partner,C,0
22,149.25,212,8,6.0,month-to-month,0,2,6.0,ads,C,1
37,98.33,522,5,10.0,one-year,0,1,5.0,ads,B,0
54,105.89,562,0,0.0,two-year,0,4,8.0,referral,A,0
8,71.97,477,5,16.3,month-to-month,1,2,4.0,organic,C,0
12,62.58,281,4,8.7,month-to-month,0,1,6.0,ads,C,1
8,127.09,474,4,3.5,one-year,1,4,5.0,ads,B,0
7,46.79,643,4,3.2,month-to-month,1,3,6.0,referral,B,1
41,124.84,475,3,4.1,two-year,0,4,5.0,referral,C,0
71,101.27,389,1,0.0,month-to-month,1,4,7.0,ads,C,0
35,51.41,636,6,4.2,month-to-month,0,1,4.0,organic,B,1
3,112.05,395,5,10.2,month-to-month,0,2,4.0,ads,A,1
39,131.61,320,1,0.0,one-year,1,4,10.0,partner,A,0
36,54.64,504,4,0.0,month-to-month,0,2,6.0,organic,B,0
15,56.92,358,6,17.1,one-year,1,3,4.0,ads,A,0
59,24.99,164,1,7.0,month-to-month,1,3,9.0,organic,A,0
37,25.25,374,3,0.5,month-to-month,1,2,6.0,ads,B,1
42,117.28,402,2,1.7,month-to-month,0,3,6.0,ads,C,1
42,28.51,593,2,1.9,one-year,1,2,5.0,ads,B,0
55,29.92,312,2,3.4,two-year,0,4,8.0,organic,A,0
30,112.63,569,5,6.9,month-to-month,0,2,6.0,ads,C,1
45,98.52,445,1,0.0,month-to-month,1,4,9.0,organic,A,0
1,85.79,226,8,19.8,one-year,0,1,4.0,ads,B,1
9,96.07,275,3,0.1,month-to-month,1,2,9.0,ads,C,0
23,113.37,535,5,13.7,month-to-month,1,3,3.0,ads,C,1
72,96.65,355,0,0.0,one-year,1,5,8.0,referral,C,0
49,139.2,344,2,7.8,month-to-month,1,3,8.0,ads,B,1
31,50.41,356,6,7.5,one-year,0,5,5.0,ads,C,1
33,101.06,537,3,0.0,one-year,0,4,9.0,organic,A,0
62,50.09,369,2,3.7,month-to-month,1,3,8.0,organic,B,0
42,136.37,420,3,2.8,month-to-month,1,5,4.0,organic,C,0
47,130.16,440,4,10.8,month-to-month,0,1,6.0,organic,B,1
15,143.19,207,4,2.3,month-to-month,1,3,6.0,referral,C,0
25,29.99,528,2,3.7,two-year,0,3,3.0,ads,C,0
23,133.72,377,3,7.4,month-to-month,1,1,6.0,organic,C,0
23,36.16,638,0,0.0,month-to-month,1,3,5.0,organic,B,0
1,141.41,455,12,5.4,month-to-month,0,4,5.0,ads,C,1
42,136.08,461,2,3.2,one-year,0,3,7.0,ads,A,0
22,117.0,430,8,5.6,two-year,1,2,4.0,ads,B,0
1,23.59,202,2,6.1,month-to-month,0,3,7.0,partner,A,1
43,29.14,395,6,9.4,month-to-month,0,1,6.0,referral,A,1
8,126.44,397,3,4.2,month-to-month,0,4,6.0,partner,B,0
2,144.61,344,6,18.9,month-to-month,0,1,1.0,partner,A,1
28,62.11,419,1,7.4,month-to-month,0,1,4.0,ads,A,1
57,63.98,329,3,2.2,month-to-month,0,4,4.0,ads,B,0
57,84.49,392,1,3.0,one-year,1,4,9.0,ads,A,0
19,22.21,435,5,6.1,month-to-month,0,4,2.0,partner,B,0
23,92.2,498,4,2.0,one-year,0,3,6.0,organic,B,0
72,83.34,446,1,0.0,one-year,0,4,8.0,referral,A,0
26,61.39,443,1,0.0,two-year,1,4,10.0,referral,B,0
50,106.85,582,2,0.0,one-year,1,3,8.0,organic,B,0
28,23.66,500,6,9.7,one-year,1,2,7.0,ads,A,1
37,64.34,339,1,1.1,month-to-month,0,4,6.0,partner,B,0
38,42.74,373,2,9.6,month-to-month,1,3,4.0,organic,B,0
36,106.75,174,1,0.5,month-to-month,0,4,6.0,ads,B,0
48,51.5,586,1,0.0,one-year,1,2,8.0,referral,B,0
31,82.24,374,3,3.5,month-to-month,0,2,7.0,partner,B,1
60,40.11,306,2,0.0,month-to-month,1,4,8.0,referral,A,0
35,56.77,353,2,5.4,month-to-month,1,3,5.0,ads,C,0
34,120.08,510,1,4.7,one-year,1,4,6.0,referral,A,0
54,80.68,440,2,4.7,two-year,1,4,8.0,referral,C,0
38,149.97,246,2,0.0,two-year,1,5,8.0,referral,A,0
7,41.96,230,6,16.3,one-year,0,1,7.0,partner,B,0
36,55.35,599,1,0.0,month-to-month,1,3,7.0,ads,C,0
44,128.47,319,1,1.8,month-to-month,1,4,9.0,referral,B,0
47,32.53,369,3,5.2,one-year,0,4,6.0,referral,A,0
36,68.88,488,1,9.9,one-year,1,2,5.0,ads,A,0
21,50.27,261,2,10.5,two-year,0,1,6.0,ads,B,0
51,105.84,324,2,5.1,month-to-month,1,1,8.0,ads,A,0
29,112.42,301,2,8.0,month-to-month,1,3,5.0,ads,B,0
23,104.8,560,7,7.9,one-year,0,3,6.0,referral,C,0
56,55.43,436,0,0.0,two-year,1,5,10.0,referral,B,0
50,34.35,415,1,1.3,one-year,1,1,8.0,ads,C,1
30,45.29,315,3,2.3,month-to-month,0,1,1.0,organic,A,1
29,98.14,743,2,0.0,one-year,0,2,7.0,referral,B,0
29,124.98,323,3,0.0,month-to-month,1,1,4.0,ads,A,1
50,37.58,246,6,3.9,two-year,1,2,5.0,ads,C,0
23,66.35,351,3,1.0,month-to-month,0,4,10.0,ads,C,0
15,53.39,348,3,5.7,month-to-month,1,2,7.0,referral,A,0
64,43.18,393,7,0.0,one-year,1,5,9.0,referral,B,0
42,84.65,532,1,5.4,month-to-month,1,2,7.0,organic,A,0
23,75.35,651,4,0.0,one-year,0,3,7.0,ads,B,0
42,106.99,613,1,0.0,month-to-month,1,3,9.0,referral,A,0
60,84.91,154,0,3.3,two-year,0,4,5.0,ads,C,0
26,140.69,428,3,12.5,one-year,0,3,4.0,ads,B,0
42,130.83,450,3,4.8,one-year,1,3,4.0,organic,A,0
56,60.13,410,1,0.9,one-year,0,3,8.0,organic,B,0
42,104.55,460,3,0.0,month-to-month,0,2,6.0,referral,B,1
57,104.51,579,6,7.4,month-to-month,0,3,7.0,organic,C,0
52,98.4,404,0,0.0,month-to-month,1,5,8.0,referral,C,0
1,97.2,307,4,1.3,month-to-month,0,1,4.0,ads,B,1
34,31.39,425,10,10.7,month-to-month,0,4,5.0,ads,A,1
24,140.06,60,5,10.0,one-year,0,2,4.0,ads,A,1
42,93.86,559,3,1.5,one-year,0,4,8.0,ads,B,0
45,73.31,357,2,2.1,month-to-month,1,4,6.0,ads,B,0
49,125.94,537,0,0.0,two-year,0,2,7.0,ads,A,0
39,52.8,423,1,7.9,one-year,1,5,7.0,referral,A,0
29,25.98,407,5,8.1,month-to-month,0,5,6.0,ads,A,0
27,61.86,505,6,0.0,two-year,1,3,8.0,partner,A,0
55,96.81,521,1,3.8,two-year,0,5,9.0,referral,B,0
1,139.79,333,3,6.2,month-to-month,0,2,2.0,partner,A,1
72,116.87,379,1,0.0,two-year,1,5,10.0,referral,A,0
55,66.65,423,3,8.7,month-to-month,0,3,9.0,ads,A,0
12,123.25,504,5,2.0,two-year,0,3,4.0,referral,A,0
40,142.15,362,4,0.0,two-year,1,6,8.0,referral,A,0
42,74.23,313,4,0.0,two-year,1,4,9.0,organic,B,0
40,149.04,725,4,3.5,one-year,1,3,5.0,organic,B,0
14,74.96,336,1,0.0,month-to-month,1,2,5.0,ads,C,1
44,130.88,400,0,1.6,month-to-month,1,3,8.0,partner,A,0
39,53.94,528,8,7.7,two-year,0,3,8.0,referral,B,0
15,65.75,425,3,10.1,month-to-month,0,1,4.0,referral,A,1
40,132.31,250,1,1.7,month-to-month,0,4,10.0,partner,B,0
53,24.57,603,2,12.7,one-year,0,5,3.0,ads,B,0
19,55.57,514,1,2.8,month-to-month,1,5,10.0,ads,A,0
60,115.2,622,2,0.0,two-year,0,2,10.0,referral,C,0
48,90.48,246,3,7.3,two-year,1,3,5.0,ads,C,0
37,93.94,349,2,3.6,month-to-month,1,1,8.0,referral,C,0
47,63.04,578,4,1.7,month-to-month,1,5,6.0,ads,A,0
45,93.1,195,7,7.4,month-to-month,0,2,6.0,referral,A,1
26,61.37,293,1,2.3,one-year,0,6,7.0,organic,C,0
28,28.72,685,1,11.1,two-year,1,4,7.0,organic,A,0
17,21.68,440,1,0.4,month-to-month,0,1,4.0,ads,A,1
72,56.64,420,1,0.3,month-to-month,1,3,9.0,organic,A,0
38,99.36,318,6,8.8,one-year,0,2,5.0,organic,A,1
1,46.54,595,3,9.7,month-to-month,1,3,3.0,organic,B,1
67,108.42,529,0,0.0,one-year,1,3,9.0,referral,A,0
57,79.0,436,1,7.9,two-year,0,3,6.0,organic,C,0
47,102.82,624,1,10.6,month-to-month,0,1,7.0,ads,B,1
49,76.52,231,3,0.0,month-to-month,1,4,10.0,ads,A,0
53,123.65,461,0,4.1,two-year,0,3,8.0,referral,C,0
53,30.79,329,0,5.3,month-to-month,0,2,8.0,referral,C,0
72,29.2,721,0,0.0,one-year,0,3,10.0,referral,B,0
49,144.38,444,6,2.4,month-to-month,0,4,2.0,organic,C,0
59,60.38,219,3,5.0,one-year,0,2,7.0,organic,A,0
52,53.71,383,2,0.0,month-to-month,1,5,8.0,ads,B,0
29,111.03,278,1,3.4,one-year,1,3,5.0,referral,A,1
25,113.11,500,2,10.5,month-to-month,0,3,7.0,ads,B,1
11,44.17,495,6,1.6,month-to-month,1,3,6.0,partner,C,1
38,37.01,308,1,8.0,month-to-month,0,3,9.0,partner,A,0
60,126.35,383,3,0.0,month-to-month,1,3,9.0,ads,A,0
43,138.5,305,2,8.1,one-year,1,2,8.0,organic,C,0
64,51.81,451,2,8.2,month-to-month,1,6,7.0,ads,A,0
29,41.39,319,4,10.7,month-to-month,1,2,8.0,ads,A,1
27,110.75,399,2,6.4,month-to-month,1,4,10.0,organic,B,0
26,106.76,464,6,10.4,month-to-month,0,3,4.0,ads,A,1
38,106.92,434,5,3.8,one-year,0,3,8.0,referral,C,0
50,113.62,374,0,0.0,month-to-month,1,4,7.0,referral,B,0
40,115.23,467,4,0.7,two-year,1,2,6.0,ads,A,0
56,121.55,153,0,5.3,one-year,1,3,10.0,referral,A,0
32,28.45,392,1,0.0,month-to-month,0,1,8.0,partner,C,0
71,146.11,327,4,7.7,one-year,0,2,5.0,ads,A,0
56,72.46,364,1,3.2,one-year,0,4,9.0,organic,B,0
6,67.99,520,4,4.5,one-year,0,6,7.0,partner,A,1
1,51.85,582,2,10.9,month-to-month,1,5,8.0,ads,A,0
51,49.19,526,3,1.0,one-year,0,5,8.0,ads,A,0
51,86.44,547,2,7.4,one-year,1,2,8.0,referral,B,0
19,86.51,316,3,16.0,month-to-month,0,4,1.0,organic,B,1
40,49.27,152,3,5.9,month-to-month,1,3,6.0,ads,B,0
31,82.25,462,1,7.2,one-year,0,1,6.0,organic,A,0
34,90.67,324,2,6.6,two-year,1,5,3.0,referral,B,0
62,66.11,310,3,0.0,one-year,0,3,9.0,ads,A,0
12,117.62,310,3,10.0,one-year,1,4,6.0,ads,A,0
28,121.87,240,3,9.5,one-year,1,4,3.0,ads,A,0
48,41.91,497,4,6.7,month-to-month,1,2,5.0,ads,B,0
14,102.49,525,5,10.0,month-to-month,0,1,8.0,partner,A,0
55,108.74,219,6,0.0,month-to-month,0,3,5.0,partner,C,0
38,149.77,557,7,0.3,month-to-month,1,4,7.0,partner,A,0
36,128.01,375,3,13.7,month-to-month,0,3,7.0,partner,C,1
38,134.18,515,1,0.0,two-year,1,4,8.0,ads,A,0
47,119.08,276,4,9.2,one-year,0,3,8.0,ads,C,0
24,90.27,641,4,0.8,month-to-month,1,2,2.0,referral,A,1
45,78.24,304,5,0.0,two-year,1,3,7.0,ads,A,0
43,73.55,369,0,1.6,two-year,1,5,4.0,organic,A,0
71,127.13,379,1,5.3,one-year,1,3,6.0,organic,A,0
17,66.23,383,3,12.4,month-to-month,0,1,3.0,partner,C,1
72,107.26,486,4,3.7,two-year,1,2,6.0,ads,B,0
70,71.3,164,3,0.0,two-year,0,3,6.0,ads,C,0
49,20.06,344,1,0.0,month-to-month,1,3,7.0,organic,B,0
32,66.88,521,3,3.5,month-to-month,0,1,6.0,organic,B,1
23,36.85,352,4,4.3,one-year,1,3,7.0,organic,B,0
51,23.75,203,1,3.3,two-year,0,3,7.0,ads,A,0
32,47.21,304,6,14.6,month-to-month,1,3,4.0,ads,A,0
33,148.98,579,5,0.5,one-year,1,3,4.0,ads,A,1
57,37.94,426,1,4.1,month-to-month,1,3,6.0,organic,C,0
26,108.57,414,4,10.0,two-year,1,2,7.0,referral,A,0
29,146.95,263,2,4.8,one-year,1,4,6.0,organic,B,0
43,94.15,538,0,0.0,one-year,1,3,10.0,organic,C,0
42,137.28,478,3,0.0,two-year,0,2,7.0,organic,A,0
48,90.51,375,2,1.6,month-to-month,1,2,5.0,ads,A,0
34,71.43,532,3,0.0,month-to-month,1,3,8.0,referral,B,0
61,87.78,275,4,0.0,two-year,1,5,10.0,referral,C,0
17,46.12,519,1,13.3,month-to-month,1,4,7.0,organic,A,1
21,127.25,355,0,0.6,one-year,1,4,7.0,organic,C,0
37,34.53,401,3,0.8,one-year,0,5,6.0,referral,A,0
14,28.62,260,7,11.1,one-year,0,1,4.0,ads,B,1
47,133.32,380,6,5.8,month-to-month,0,3,9.0,ads,C,1
49,123.42,259,8,7.8,one-year,1,3,8.0,referral,C,0
70,130.25,333,4,5.3,one-year,0,4,7.0,referral,B,0
29,20.69,283,2,2.1,month-to-month,0,3,6.0,ads,B,0
37,55.91,566,4,5.4,month-to-month,1,1,10.0,partner,C,0
44,48.81,416,8,6.9,month-to-month,0,4,5.0,ads,B,1
43,28.19,446,6,0.0,month-to-month,1,3,6.0,organic,B,0
57,112.02,414,5,12.9,two-year,1,3,5.0,organic,A,0
41,149.78,436,4,0.6,month-to-month,0,3,8.0,ads,A,0
1,138.8,364,6,4.7,month-to-month,0,3,3.0,partner,A,1
53,114.0,617,4,2.3,month-to-month,0,2,7.0,referral,C,1
44,23.73,250,2,5.8,one-year,0,3,4.0,ads,A,0
58,111.25,444,4,2.8,two-year,1,3,4.0,referral,A,0
3,98.87,472,4,7.5,month-to-month,0,3,4.0,ads,C,1
45,119.88,342,0,0.0,one-year,0,4,9.0,organic,B,0
45,145.95,515,2,3.9,month-to-month,1,5,10.0,referral,A,1
13,117.69,375,2,4.0,one-year,0,4,7.0,ads,B,0
63,114.91,186,8,1.7,month-to-month,1,5,6.0,ads,B,0
28,116.71,415,3,0.0,month-to-month,1,4,7.0,referral,C,0
32,44.87,363,2,5.9,month-to-month,1,4,5.0,organic,A,0
68,42.74,329,1,4.1,two-year,1,2,7.0,referral,A,0
41,140.57,601,3,3.9,month-to-month,0,3,6.0,ads,A,0
1,32.63,255,4,10.0,one-year,1,4,4.0,organic,B,1
33,142.16,512,2,0.0,month-to-month,1,1,9.0,ads,A,0
3,70.8,672,8,1.6,two-year,0,5,6.0,ads,B,1
32,21.32,750,3,12.1,month-to-month,0,2,4.0,partner,A,0
17,76.08,690,1,6.9,month-to-month,0,1,5.0,ads,A,1
26,102.48,368,6,2.8,month-to-month,0,1,5.0,ads,B,1
1,99.13,439,4,13.6,month-to-month,0,2,4.0,organic,C,1
38,47.56,327,2,3.7,month-to-month,1,4,5.0,organic,C,0
72,81.98,577,1,1.6,month-to-month,1,6,10.0,referral,B,0
59,90.36,643,2,2.2,month-to-month,0,2,4.0,referral,B,0
30,52.83,312,5,2.8,month-to-month,0,2,6.0,ads,C,0
8,61.23,588,5,4.8,one-year,1,2,7.0,ads,A,0
49,100.82,543,3,5.3,month-to-month,1,2,5.0,partner,C,0
35,83.84,577,3,11.6,month-to-month,0,1,7.0,ads,B,0
45,50.73,414,2,0.0,one-year,1,6,5.0,organic,B,0
15,130.47,258,1,0.1,one-year,1,5,10.0,partner,A,1
36,96.46,413,8,8.6,month-to-month,0,2,7.0,organic,C,1
36,148.75,596,4,8.0,one-year,1,4,8.0,referral,A,0
60,76.87,487,0,0.0,two-year,0,5,8.0,ads,A,0
60,91.5,421,2,0.0,one-year,1,3,10.0,organic,A,0
72,33.41,525,0,0.0,month-to-month,1,4,10.0,ads,C,0
23,62.49,292,4,0.0,month-to-month,1,2,10.0,ads,A,1
70,138.53,462,0,0.0,one-year,1,6,10.0,referral,A,0
55,110.95,432,4,7.4,two-year,1,5,8.0,organic,A,0
19,28.45,298,3,7.2,one-year,0,2,4.0,partner,B,1
52,112.7,441,2,3.8,one-year,1,2,10.0,referral,B,0
26,79.73,320,5,0.0,one-year,0,3,9.0,organic,C,0
26,127.54,218,5,0.0,month-to-month,1,3,8.0,referral,A,0
20,94.45,558,4,13.3,month-to-month,0,4,5.0,ads,C,0
44,149.11,312,0,4.3,one-year,1,3,4.0,organic,B,0
72,61.39,406,1,0.0,month-to-month,1,4,6.0,ads,B,0
57,114.45,589,3,1.0,month-to-month,1,2,7.0,organic,B,0
33,62.82,193,2,3.6,two-year,1,3,9.0,referral,C,0
27,84.01,627,2,0.6,one-year,0,2,6.0,partner,B,0
45,132.19,286,3,3.9,one-year,1,3,10.0,organic,B,0
1,89.17,351,6,4.8,month-to-month,1,1,3.0,ads,B,1
40,101.59,528,1,5.6,month-to-month,1,4,8.0,organic,B,0
28,121.03,382,2,11.4,one-year,0,3,6.0,organic,B,1
49,118.06,372,3,6.0,month-to-month,1,2,7.0,referral,A,0
16,127.17,596,4,0.0,month-to-month,1,4,4.0,referral,B,0
11,95.51,486,2,10.9,one-year,0,3,4.0,organic,A,0
13,91.05,478,3,5.1,month-to-month,0,4,5.0,ads,C,0
31,135.42,411,7,7.7,month-to-month,0,2,3.0,partner,A,1
13,140.13,432,7,6.2,month-to-month,0,2,7.0,referral,B,0
55,36.81,220,2,0.0,one-year,1,3,10.0,partner,C,0
33,78.47,414,5,2.5,one-year,0,3,6.0,ads,A,0
36,27.24,593,5,10.8,month-to-month,0,3,3.0,organic,C,1
39,37.53,241,5,5.9,month-to-month,1,2,9.0,referral,A,0
20,56.06,515,2,0.8,month-to-month,0,2,2.0,referral,B,1
14,60.86,431,3,11.5,month-to-month,1,3,4.0,partner,C,1
13,97.7,296,4,7.6,two-year,0,3,6.0,ads,A,0
26,89.08,149,4,9.9,month-to-month,1,2,6.0,ads,C,1
57,26.89,543,1,3.3,one-year,1,5,10.0,organic,A,0
12,20.91,548,5,3.3,month-to-month,1,1,6.0,ads,B,0
19,125.77,205,2,0.0,one-year,0,3,7.0,partner,C,0
36,33.76,376,2,5.5,month-to-month,1,5,7.0,ads,A,1
50,41.35,510,4,7.9,month-to-month,0,4,10.0,referral,B,0
31,141.06,617,0,2.7,month-to-month,1,2,4.0,ads,A,0
31,130.26,598,3,9.6,two-year,1,4,8.0,ads,A,0
15,142.86,393,2,9.1,one-year,1,4,8.0,ads,C,0
54,132.2,467,4,4.5,two-year,1,4,6.0,partner,A,0
23,132.91,432,0,0.5,month-to-month,0,4,8.0,partner,C,0
40,50.55,444,5,3.3,month-to-month,0,2,7.0,organic,A,1
36,122.14,583,4,3.5,one-year,0,3,8.0,referral,B,0
52,71.02,463,6,0.9,month-to-month,0,4,10.0,partner,A,0
19,137.38,706,2,7.6,month-to-month,1,2,6.0,ads,B,1
29,82.66,676,4,9.9,month-to-month,1,3,6.0,referral,C,1
16,123.94,347,3,0.0,one-year,0,1,7.0,partner,B,0
23,146.36,322,2,7.2,two-year,0,4,10.0,referral,C,0
59,141.08,297,0,0.0,month-to-month,1,4,8.0,referral,A,0
1,52.4,473,4,6.6,month-to-month,1,2,5.0,partner,A,1
48,92.12,245,4,1.4,one-year,0,5,8.0,referral,B,0
47,62.67,347,3,1.6,month-to-month,1,4,6.0,ads,A,0
54,83.5,337,6,0.0,two-year,0,2,6.0,organic,A,0
15,29.03,744,9,3.4,month-to-month,0,4,6.0,ads,A,1
14,76.02,348,1,3.6,month-to-month,0,3,6.0,organic,B,1
47,95.14,173,2,0.7,month-to-month,1,2,8.0,partner,A,0
38,105.57,413,9,10.0,month-to-month,1,4,4.0,partner,A,0
33,89.53,308,1,0.0,month-to-month,0,3,7.0,ads,C,0
40,21.68,494,1,1.7,one-year,1,3,10.0,organic,B,0
26,72.89,401,2,0.0,month-to-month,0,2,6.0,organic,B,1
61,93.33,445,2,4.0,one-year,1,4,10.0,organic,A,0
52,141.07,209,2,7.8,two-year,1,3,5.0,partner,A,1
28,141.52,386,1,0.0,one-year,1,5,4.0,ads,B,0
1,36.95,574,6,14.0,month-to-month,0,2,2.0,ads,A,1
72,96.0,359,0,0.0,one-year,1,3,6.0,referral,A,0
51,71.21,429,1,0.0,two-year,1,3,8.0,referral,A,0
36,122.4,466,5,9.0,two-year,0,6,9.0,organic,B,0
2,142.09,338,5,7.8,month-to-month,1,4,2.0,ads,A,1
47,93.51,267,2,9.4,one-year,1,3,3.0,referral,C,0
33,107.46,751,6,11.2,month-to-month,0,3,7.0,organic,C,1
46,147.13,504,2,0.9,month-to-month,1,4,6.0,ads,A,0
67,99.54,404,0,0.5,two-year,1,5,7.0,referral,A,0
20,119.05,594,5,12.8,month-to-month,0,3,6.0,ads,A,0
46,79.36,451,3,0.0,month-to-month,0,4,9.0,organic,A,1
49,103.22,517,1,0.0,one-year,0,5,9.0,referral,C,0
55,132.21,499,2,0.0,one-year,1,4,10.0,ads,B,0
40,131.95,549,3,4.5,month-to-month,1,3,3.0,referral,B,0
1,95.38,278,6,5.1,one-year,0,3,2.0,organic,A,1
52,148.58,402,0,10.6,month-to-month,1,4,10.0,partner,C,0
27,76.91,541,5,2.2,one-year,1,2,5.0,ads,C,0
11,59.3,420,1,5.7,month-to-month,0,4,3.0,partner,A,1
53,78.85,301,4,0.0,month-to-month,0,5,6.0,organic,B,0
47,85.32,390,1,1.2,month-to-month,1,4,9.0,organic,A,0
18,139.24,424,3,3.0,month-to-month,0,3,6.0,referral,A,1
23,27.86,220,3,0.8,one-year,1,6,8.0,organic,A,0
63,86.36,626,1,8.3,month-to-month,1,3,5.0,ads,C,0
40,39.38,263,1,6.6,one-year,1,2,6.0,organic,A,0
27,36.16,574,3,7.1,month-to-month,1,2,4.0,ads,A,1
46,136.08,627,0,0.0,one-year,1,1,8.0,organic,C,0
1,82.91,313,2,0.3,month-to-month,1,2,1.0,referral,A,0
34,28.09,523,2,0.0,one-year,1,3,10.0,partner,B,0
40,79.78,511,4,6.0,month-to-month,1,5,7.0,ads,C,1
45,106.8,411,4,14.6,month-to-month,0,1,5.0,ads,C,1
58,35.34,607,4,0.0,two-year,1,3,6.0,ads,A,0
34,71.28,504,4,9.2,month-to-month,1,1,6.0,ads,A,0
51,148.96,475,5,7.3,month-to-month,0,2,6.0,partner,A,1
45,127.79,638,2,0.7,month-to-month,1,6,6.0,organic,B,0
71,78.77,520,1,0.0,two-year,1,2,4.0,ads,C,0
38,111.6,424,3,0.3,month-to-month,1,3,6.0,ads,C,1
15,63.39,276,4,4.2,month-to-month,1,1,3.0,partner,A,1
15,132.95,420,4,8.0,one-year,1,3,6.0,ads,A,0
21,137.9,226,1,7.2,month-to-month,1,4,7.0,organic,C,0
50,93.6,585,2,1.3,month-to-month,0,1,5.0,ads,C,0
13,21.03,403,1,5.2,two-year,0,3,4.0,ads,A,1
29,125.77,370,2,0.0,one-year,1,5,10.0,referral,C,0
48,88.86,545,1,7.7,month-to-month,0,4,8.0,referral,B,0
20,32.68,405,7,12.7,one-year,0,2,3.0,ads,A,1
39,27.87,631,3,12.7,month-to-month,0,1,9.0,ads,C,0
38,83.9,337,4,2.3,month-to-month,0,5,4.0,referral,B,0
24,107.79,369,3,1.7,one-year,1,3,5.0,organic,A,0
60,85.82,510,0,4.9,two-year,1,3,9.0,ads,A,0
41,56.08,737,3,8.6,one-year,1,4,4.0,ads,B,0
12,121.66,449,6,2.6,month-to-month,0,2,8.0,ads,C,1
22,30.15,277,3,0.0,month-to-month,0,2,7.0,referral,C,1
22,44.56,130,5,6.1,month-to-month,0,2,4.0,ads,A,1
70,118.61,539,3,8.0,month-to-month,1,3,8.0,ads,A,0
37,121.28,331,2,0.0,two-year,1,5,8.0,ads,C,0
69,85.56,455,2,0.7,two-year,1,4,8.0,ads,A,0
29,33.36,240,2,8.4,month-to-month,1,4,4.0,ads,C,1
69,23.81,670,1,0.0,month-to-month,0,3,6.0,referral,A,1
60,72.97,215,1,1.0,one-year,1,2,10.0,referral,B,0
42,64.19,146,2,11.8,one-year,0,4,3.0,organic,B,0
68,103.34,522,0,0.0,two-year,1,4,10.0,referral,B,0
61,95.34,196,1,8.1,month-to-month,1,3,6.0,organic,B,0
32,69.71,524,6,5.9,month-to-month,0,4,7.0,organic,A,0
72,114.81,436,1,0.0,one-year,1,3,10.0,referral,C,0
37,67.29,142,2,0.0,month-to-month,1,5,10.0,organic,C,0
41,40.8,589,1,1.6,one-year,0,3,8.0,referral,C,0
34,50.42,380,2,0.8,month-to-month,1,3,3.0,ads,B,0
20,114.49,352,2,12.4,month-to-month,0,4,5.0,organic,A,1
53,116.76,452,3,3.5,month-to-month,1,6,5.0,organic,A,0
29,111.52,417,2,0.0,one-year,1,2,9.0,referral,A,0
33,22.84,358,0,1.1,two-year,0,3,5.0,organic,C,0
7,130.5,274,2,9.8,month-to-month,1,3,3.0,organic,B,1
72,72.86,371,1,5.9,two-year,1,4,8.0,organic,C,0
29,133.87,279,3,2.8,one-year,0,2,2.0,referral,C,0
72,68.39,351,5,2.0,two-year,1,1,8.0,ads,A,0
45,147.52,505,1,3.4,month-to-month,0,2,4.0,ads,C,0
48,92.25,266,2,5.8,month-to-month,0,4,6.0,organic,B,0
26,45.34,377,5,2.9,month-to-month,0,4,2.0,referral,B,1
20,91.63,414,3,0.0,one-year,1,3,9.0,partner,C,0
39,37.09,386,1,1.0,two-year,1,3,3.0,ads,A,0
51,26.87,340,1,4.1,one-year,1,4,8.0,ads,A,0
7,33.56,457,3,3.3,month-to-month,0,3,2.0,organic,A,1
4,57.69,527,8,9.4,month-to-month,1,1,4.0,organic,A,1
47,67.21,719,0,0.0,one-year,0,5,10.0,referral,B,0
72,107.18,516,0,0.0,month-to-month,1,3,8.0,ads,C,0
41,54.47,227,6,10.5,month-to-month,0,1,2.0,partner,B,1
32,143.11,504,5,3.2,month-to-month,0,3,6.0,partner,C,1
16,38.97,295,7,7.9,one-year,1,2,3.0,partner,C,1
20,101.12,439,2,0.0,month-to-month,0,2,5.0,ads,A,0
1,44.64,394,9,13.0,month-to-month,0,2,3.0,ads,A,1
55,22.24,366,2,2.1,month-to-month,1,3,6.0,referral,B,0
50,104.73,535,6,7.7,one-year,0,2,5.0,organic,C,0
23,57.03,330,1,5.9,month-to-month,1,2,7.0,organic,C,1
15,32.65,642,6,11.4,month-to-month,0,2,4.0,ads,B,1
30,117.57,341,3,1.5,one-year,0,3,5.0,organic,C,0
25,97.04,556,0,2.7,month-to-month,1,2,5.0,ads,C,1
72,23.35,473,0,0.0,two-year,1,4,10.0,referral,A,0
33,25.49,561,1,4.1,one-year,1,4,10.0,referral,C,0
52,23.42,401,1,0.0,one-year,1,3,6.0,organic,A,0
43,32.32,525,1,2.2,month-to-month,0,4,6.0,organic,A,0
58,125.15,498,0,0.0,two-year,0,4,8.0,referral,A,0
31,58.28,317,8,10.7,month-to-month,0,1,6.0,ads,A,1
21,102.41,303,3,7.0,one-year,0,3,4.0,organic,B,0
53,22.11,489,8,0.2,month-to-month,1,1,10.0,organic,B,0
40,44.44,473,1,0.0,one-year,1,6,10.0,partner,C,0
28,123.13,340,4,7.3,month-to-month,0,3,8.0,referral,B,1
33,113.81,495,4,5.1,one-year,0,2,4.0,referral,B,0
1,77.78,328,1,5.6,month-to-month,0,2,4.0,ads,A,1
31,126.41,498,2,3.5,month-to-month,0,4,9.0,referral,C,0
35,21.74,334,4,5.3,one-year,0,1,6.0,referral,B,0
60,64.6,321,2,4.3,month-to-month,1,3,8.0,referral,B,0
18,34.86,409,4,6.7,month-to-month,1,3,7.0,ads,C,0
15,135.05,393,2,12.8,month-to-month,0,4,5.0,ads,B,1
33,133.7,348,7,13.2,month-to-month,0,1,3.0,partner,B,1
13,24.2,498,5,4.0,month-to-month,1,1,10.0,ads,A,0
1,118.32,521,8,11.3,month-to-month,0,2,3.0,partner,B,1
16,62.82,301,4,10.1,month-to-month,0,3,5.0,ads,A,1
9,64.34,336,2,3.1,month-to-month,0,2,5.0,referral,A,0
9,106.52,618,0,11.9,month-to-month,0,3,4.0,referral,C,0
38,71.8,367,4,12.4,one-year,1,3,7.0,partner,B,0
55,109.99,555,3,7.4,one-year,0,4,7.0,referral,B,0
49,96.36,326,2,6.3,two-year,1,4,7.0,partner,A,0
49,127.64,320,5,8.6,one-year,0,2,2.0,ads,A,1
57,34.37,328,5,2.1,one-year,1,2,8.0,ads,A,0
1,93.72,351,3,11.4,one-year,0,1,4.0,partner,A,1
44,35.43,515,2,0.0,two-year,0,5,3.0,partner,B,0
30,42.1,324,4,2.2,month-to-month,1,2,10.0,ads,B,0
7,123.44,399,4,0.0,month-to-month,0,2,5.0,organic,C,0
56,115.3,276,4,2.6,one-year,1,3,8.0,organic,A,0
1,40.02,385,2,10.8,one-year,1,4,7.0,ads,B,0
11,75.95,278,0,10.3,month-to-month,0,2,7.0,organic,A,1
59,94.87,361,0,0.0,two-year,1,6,7.0,partner,C,0
54,64.61,307,0,2.2,month-to-month,0,2,8.0,referral,B,0
38,64.56,447,2,3.8,month-to-month,0,1,5.0,ads,B,0
18,66.22,381,4,12.3,one-year,0,2,5.0,partner,C,0
59,108.01,450,3,2.5,one-year,1,6,6.0,organic,B,0
54,38.88,627,0,9.4,two-year,1,1,6.0,ads,A,0
30,81.14,375,6,10.8,one-year,0,3,7.0,referral,A,0
9,110.28,393,4,9.4,month-to-month,0,2,6.0,partner,A,1
5,114.09,463,4,8.0,one-year,0,2,2.0,partner,C,1
50,43.91,585,4,0.0,two-year,1,5,5.0,ads,C,0
55,36.95,400,5,4.6,two-year,0,2,6.0,ads,C,0
45,133.79,54,4,1.0,one-year,1,4,5.0,referral,A,0
37,66.34,263,3,0.0,two-year,1,3,7.0,partner,A,0
50,60.33,128,5,4.3,month-to-month,1,3,10.0,referral,C,0
32,118.58,492,6,6.8,month-to-month,1,2,10.0,ads,C,0
41,87.55,290,2,2.9,month-to-month,1,4,6.0,ads,B,0
1,97.31,306,4,12.4,month-to-month,0,2,7.0,referral,C,1
63,89.57,270,5,0.0,two-year,1,3,6.0,organic,B,0
45,110.12,464,3,0.0,month-to-month,0,1,2.0,partner,B,1
30,32.19,419,2,1.0,two-year,0,2,5.0,referral,A,0
1,84.85,257,5,16.9,month-to-month,1,2,4.0,ads,B,1
31,67.33,395,2,4.8,month-to-month,0,2,4.0,organic,B,1
38,52.55,276,3,1.9,two-year,1,4,6.0,partner,C,0
45,27.08,499,6,3.5,month-to-month,1,4,5.0,ads,A,0
24,129.96,463,7,7.1,month-to-month,0,3,4.0,partner,B,1
34,74.37,494,4,0.0,month-to-month,1,5,6.0,referral,B,0
15,143.58,404,4,2.3,one-year,1,4,2.0,organic,C,1
43,66.41,389,3,9.7,two-year,0,4,6.0,organic,B,0
45,121.16,517,0,14.2,one-year,0,3,7.0,ads,A,0
72,66.22,367,0,0.0,two-year,1,2,9.0,partner,B,0
35,128.64,452,3,0.0,one-year,1,2,9.0,organic,C,0
72,116.8,448,2,0.0,two-year,0,3,10.0,referral,A,0
15,25.16,426,2,9.1,month-to-month,0,4,7.0,ads,B,0
49,87.46,324,4,6.5,two-year,1,4,9.0,partner,A,0
1,40.02,66,4,10.2,month-to-month,0,1,7.0,partner,B,1
16,123.77,697,3,4.0,month-to-month,0,3,10.0,ads,A,0
54,138.56,463,5,11.7,month-to-month,1,3,4.0,organic,B,1
26,57.94,386,3,9.8,month-to-month,0,2,2.0,organic,B,1
14,87.38,398,5,7.3,month-to-month,0,3,4.0,organic,B,1
4,107.92,287,7,1.3,month-to-month,0,3,4.0,organic,C,0
37,133.13,231,3,7.3,one-year,1,2,9.0,referral,B,0
54,77.62,493,3,1.5,month-to-month,1,3,9.0,ads,B,0
68,139.76,544,1,1.1,two-year,1,6,6.0,ads,B,0
34,129.51,304,4,3.2,two-year,1,1,6.0,organic,C,0
1,121.37,500,0,10.7,one-year,0,4,5.0,organic,C,1
15,38.78,539,4,0.9,two-year,0,1,1.0,ads,A,0
8,91.17,434,6,4.5,month-to-month,0,2,4.0,ads,A,1
1,111.84,190,6,15.6,two-year,1,3,2.0,ads,B,1
30,21.41,302,1,1.8,month-to-month,1,5,2.0,organic,B,1
31,114.32,370,1,1.4,month-to-month,1,3,5.0,organic,A,0
28,77.36,326,2,12.0,month-to-month,0,5,6.0,organic,B,0
27,128.74,530,0,3.2,one-year,1,2,8.0,organic,C,1
41,102.99,602,2,4.9,month-to-month,0,1,6.0,ads,A,0
16,25.77,542,5,10.3,month-to-month,0,3,8.0,ads,C,1
37,63.26,609,1,0.0,month-to-month,1,2,10.0,referral,A,0
18,24.05,319,9,5.4,month-to-month,1,2,5.0,ads,A,0
67,21.03,526,3,5.8,two-year,1,2,7.0,ads,A,0
48,147.39,511,5,4.7,month-to-month,1,4,7.0,organic,C,0
48,54.11,400,6,9.1,month-to-month,1,3,6.0,ads,B,0
68,40.6,595,0,0.0,month-to-month,1,3,4.0,referral,A,0
72,133.43,262,0,2.2,month-to-month,1,4,10.0,partner,C,0
25,60.16,223,7,6.5,month-to-month,1,2,6.0,referral,C,1
55,58.24,173,4,3.0,month-to-month,0,5,4.0,partner,C,0
55,135.05,365,2,0.0,month-to-month,1,3,10.0,ads,A,0
48,94.95,501,3,3.1,one-year,1,5,5.0,ads,C,0
70,47.2,324,5,0.1,month-to-month,0,4,7.0,organic,B,0
33,57.69,326,3,8.2,month-to-month,1,4,9.0,partner,C,0
51,32.57,369,1,0.8,one-year,0,1,10.0,partner,A,0
22,105.59,224,2,10.4,month-to-month,1,1,7.0,organic,B,0
32,42.71,395,1,3.6,month-to-month,0,3,6.0,organic,A,0
30,76.11,724,2,3.2,month-to-month,0,2,8.0,ads,A,1
67,105.08,261,5,3.1,month-to-month,1,4,6.0,ads,A,0
9,77.95,485,5,14.5,month-to-month,0,1,6.0,organic,A,1
36,79.0,491,4,0.0,one-year,0,2,3.0,partner,A,0
31,138.05,389,3,7.7,month-to-month,0,1,4.0,referral,B,1
24,124.74,459,4,4.4,two-year,1,3,6.0,partner,B,0
1,68.44,467,4,8.3,month-to-month,0,3,4.0,partner,A,1
22,98.1,368,4,4.8,month-to-month,0,5,6.0,ads,A,0
59,75.08,420,3,2.5,month-to-month,0,5,8.0,referral,A,0
57,102.95,557,3,3.5,two-year,1,4,4.0,partner,B,0
26,138.03,500,1,0.1,two-year,1,4,5.0,ads,C,0
39,93.61,306,0,0.0,two-year,1,2,9.0,referral,C,0
40,38.32,464,1,4.1,one-year,0,6,6.0,organic,B,0
1,129.24,319,4,8.1,month-to-month,0,4,8.0,partner,A,0
35,115.14,354,2,2.8,one-year,0,4,7.0,ads,C,0
3,43.06,711,3,5.3,month-to-month,0,3,7.0,partner,C,1
50,101.31,620,3,11.5,month-to-month,0,4,6.0,organic,B,1
6,138.47,559,6,15.0,month-to-month,0,1,3.0,ads,A,1
72,136.91,310,0,5.5,one-year,1,3,4.0,referral,B,0
48,148.04,438,2,6.5,one-year,1,1,8.0,ads,A,0
28,108.82,364,4,3.8,one-year,1,2,5.0,ads,C,0
7,146.74,571,6,2.9,month-to-month,0,5,4.0,ads,B,1
38,32.25,411,3,0.0,one-year,1,3,7.0,partner,C,0
25,47.94,420,2,11.8,month-to-month,1,2,5.0,ads,C,0
39,88.24,639,7,4.9,month-to-month,0,3,8.0,organic,B,0
35,68.5,382,1,14.9,month-to-month,1,5,8.0,organic,A,0
57,27.9,169,3,0.0,month-to-month,1,4,8.0,organic,A,0
40,36.41,473,1,5.8,month-to-month,1,4,8.0,organic,C,0
10,61.78,512,5,13.4,one-year,1,1,5.0,partner,C,0
61,126.48,520,0,0.0,two-year,1,6,10.0,referral,A,0
54,137.12,470,2,0.0,month-to-month,1,6,7.0,organic,A,0
32,135.65,583,4,1.1,month-to-month,1,2,6.0,referral,A,1
28,56.18,519,4,4.6,month-to-month,1,3,5.0,ads,A,0
36,117.59,492,2,5.9,one-year,0,4,4.0,referral,A,0
33,61.08,365,3,5.8,month-to-month,1,3,6.0,organic,A,0
72,100.83,90,2,0.0,two-year,1,4,8.0,ads,A,0
37,129.0,387,2,3.7,one-year,1,2,2.0,partner,B,0
42,50.19,722,6,7.8,month-to-month,1,2,3.0,ads,A,0
34,76.19,391,2,5.2,one-year,1,3,1.0,ads,C,0
46,83.11,468,3,7.2,one-year,1,6,8.0,referral,C,0
53,68.88,331,0,0.6,month-to-month,0,3,10.0,organic,A,0
53,131.48,532,3,0.0,one-year,1,5,5.0,partner,C,0
49,30.64,410,5,5.4,one-year,1,4,5.0,organic,C,0
19,144.5,514,4,13.8,one-year,1,1,6.0,organic,A,0
1,139.09,495,8,13.2,month-to-month,0,2,1.0,partner,B,1
49,67.58,387,3,7.3,month-to-month,1,3,5.0,ads,A,0
49,128.54,496,3,11.4,two-year,0,4,8.0,ads,C,0
49,33.02,532,2,2.7,two-year,1,3,6.0,referral,C,0
39,138.35,156,2,0.0,two-year,0,4,4.0,ads,A,0
32,116.93,411,1,9.7,month-to-month,1,1,1.0,ads,C,1
53,104.22,567,2,7.7,one-year,1,4,10.0,referral,B,0
55,77.41,406,1,1.0,two-year,0,4,10.0,referral,B,0
31,20.06,786,0,6.3,two-year,0,3,7.0,partner,B,0
31,116.36,318,0,0.0,month-to-month,1,3,8.0,partner,C,0
37,118.77,502,1,1.2,month-to-month,1,3,6.0,organic,C,1
31,99.23,414,3,4.9,month-to-month,0,4,7.0,ads,B,0
32,58.91,205,2,3.7,two-year,1,3,5.0,ads,B,0
9,32.83,502,4,0.3,month-to-month,0,3,6.0,organic,A,1
63,25.23,473,2,2.3,one-year,0,4,8.0,referral,C,0
44,36.74,399,4,0.0,one-year,0,4,10.0,referral,A,0
46,39.44,575,2,4.8,one-year,1,4,9.0,partner,B,0
72,55.71,230,0,0.0,one-year,1,3,10.0,referral,A,0
27,119.08,347,0,2.0,two-year,0,4,9.0,referral,A,0
29,60.52,356,4,3.4,one-year,1,4,6.0,ads,B,1
1,149.85,410,8,8.3,month-to-month,0,3,1.0,ads,B,1
46,44.0,559,2,1.6,two-year,1,1,8.0,referral,B,0
27,130.91,453,1,3.0,month-to-month,1,2,6.0,ads,B,0
48,49.58,617,2,10.7,one-year,0,2,5.0,ads,A,0
41,61.89,235,3,4.3,one-year,0,2,4.0,ads,B,0
45,51.94,278,4,13.4,one-year,0,1,8.0,referral,B,0
44,99.81,185,3,0.0,month-to-month,1,4,9.0,referral,A,0
1,117.63,550,2,9.7,month-to-month,0,3,6.0,ads,A,1
1,24.8,131,6,9.6,month-to-month,0,3,3.0,ads,B,0
17,77.71,248,1,1.6,month-to-month,1,3,6.0,referral,A,0
49,106.57,402,1,0.0,one-year,1,3,10.0,referral,A,0
44,38.73,96,3,1.3,month-to-month,1,2,7.0,referral,C,0
23,99.81,440,3,0.0,one-year,1,3,4.0,organic,A,0
19,65.77,576,2,4.1,month-to-month,1,1,4.0,organic,A,0
60,24.26,358,6,4.8,one-year,0,4,6.0,ads,C,0
27,145.96,485,1,7.3,two-year,1,2,9.0,organic,A,0
68,125.53,652,1,0.7,two-year,1,6,8.0,referral,A,0
11,27.98,471,6,8.5,one-year,0,2,5.0,ads,C,1
32,80.61,574,2,2.8,month-to-month,0,2,7.0,referral,A,0
38,124.01,359,7,5.8,month-to-month,1,2,3.0,ads,A,1
38,145.37,366,9,12.6,month-to-month,0,3,2.0,ads,A,1
44,78.96,473,4,0.0,one-year,1,4,7.0,organic,A,1
55,137.64,477,4,0.0,month-to-month,1,6,5.0,ads,C,0
47,106.03,506,2,0.0,month-to-month,0,5,6.0,ads,A,0
47,35.3,553,0,3.6,one-year,0,3,10.0,ads,C,0
33,127.63,561,1,11.5,month-to-month,0,3,6.0,partner,B,0
20,119.59,629,1,7.6,month-to-month,1,3,4.0,partner,A,1
58,62.82,657,3,0.0,one-year,1,5,10.0,ads,A,0
24,139.09,389,3,2.6,month-to-month,1,4,4.0,organic,B,0
58,48.45,445,0,3.7,one-year,1,3,6.0,ads,C,0
35,111.37,459,7,1.0,month-to-month,1,2,9.0,partner,B,0
1,116.73,553,2,7.2,one-year,0,3,5.0,organic,A,1
1,58.59,428,8,10.0,month-to-month,0,2,3.0,ads,B,1
1,63.9,313,3,5.9,one-year,0,2,7.0,partner,A,1
41,140.09,473,3,8.0,one-year,1,1,9.0,referral,B,0
46,95.15,711,2,5.1,month-to-month,1,6,6.0,referral,C,1
45,40.52,255,2,1.7,month-to-month,1,5,4.0,referral,A,1
54,46.38,422,6,13.8,month-to-month,1,1,4.0,partner,A,0
64,34.36,494,2,8.8,two-year,1,4,10.0,referral,C,0
32,32.66,304,6,7.0,one-year,0,2,4.0,organic,B,1
14,84.0,589,2,4.9,month-to-month,0,4,8.0,partner,A,0
30,108.7,306,3,0.0,one-year,0,3,7.0,ads,A,0
27,141.49,474,0,5.2,one-year,1,2,3.0,ads,C,0
40,31.28,341,2,0.0,one-year,1,4,8.0,organic,A,0
16,66.61,492,2,0.0,one-year,0,1,6.0,partner,B,0
1,80.07,398,5,12.0,one-year,0,3,3.0,ads,A,1
17,105.63,350,3,4.4,month-to-month,1,4,6.0,organic,C,0
44,100.43,557,2,1.7,one-year,1,2,7.0,organic,B,0
72,68.14,549,0,0.0,two-year,1,5,10.0,ads,B,0
37,65.22,373,2,0.0,month-to-month,1,3,9.0,referral,B,0
31,113.37,656,2,2.5,month-to-month,0,3,7.0,referral,B,0
41,20.02,436,4,6.7,month-to-month,0,1,3.0,referral,B,1
13,92.12,559,1,2.7,month-to-month,0,2,3.0,organic,B,1
32,98.07,330,4,8.8,month-to-month,0,4,5.0,organic,C,1
25,95.85,344,2,6.2,one-year,1,2,9.0,ads,C,0
44,43.92,328,4,0.0,two-year,1,3,8.0,referral,C,0
55,39.41,473,4,0.0,month-to-month,1,5,5.0,ads,C,0
67,98.78,338,3,7.4,month-to-month,1,5,8.0,referral,C,0
54,107.3,423,2,4.4,two-year,0,4,5.0,ads,C,0
48,107.32,254,4,5.8,two-year,0,5,5.0,ads,B,0
32,99.3,423,6,6.0,two-year,0,4,6.0,ads,B,0
72,48.63,503,1,0.0,one-year,1,2,10.0,referral,C,0
46,62.61,241,7,8.7,month-to-month,1,4,5.0,ads,A,1
1,32.58,670,2,7.6,month-to-month,0,3,7.0,ads,B,0
1,134.59,353,7,12.2,month-to-month,0,1,4.0,ads,A,1
39,144.4,488,2,6.4,month-to-month,1,1,8.0,ads,B,0
19,42.83,136,2,0.0,month-to-month,1,4,6.0,organic,C,0
10,40.31,450,6,9.4,month-to-month,0,2,3.0,referral,C,1
16,106.79,401,2,12.5,month-to-month,0,3,4.0,referral,B,1
42,114.08,571,5,5.7,one-year,1,4,9.0,organic,A,0
14,102.35,465,5,0.9,month-to-month,0,4,6.0,organic,B,0
44,128.48,389,2,2.6,one-year,1,3,6.0,referral,A,0
42,36.75,579,2,7.7,month-to-month,1,2,10.0,organic,A,1
27,134.63,440,4,9.7,month-to-month,0,2,4.0,organic,C,0
17,126.88,479,2,12.3,one-year,0,2,7.0,ads,B,1
20,75.54,405,1,4.8,two-year,0,5,10.0,organic,A,0
72,65.35,451,0,0.0,one-year,0,6,10.0,referral,C,0
35,97.21,433,0,1.2,two-year,1,4,6.0,referral,A,0
9,84.47,508,7,3.4,one-year,1,3,4.0,ads,B,1
53,134.62,221,3,0.0,month-to-month,1,4,8.0,referral,B,0
21,29.83,478,9,10.5,month-to-month,0,1,8.0,organic,C,0
45,91.08,333,0,0.0,month-to-month,1,6,6.0,referral,B,0
50,116.59,470,2,9.5,one-year,1,3,4.0,organic,A,0
1,65.62,131,2,11.3,month-to-month,1,2,3.0,partner,B,1
59,97.93,327,4,4.2,month-to-month,0,4,6.0,partner,A,0
46,46.55,411,0,3.6,one-year,1,3,10.0,partner,A,0
47,121.06,377,0,3.2,one-year,0,6,4.0,ads,A,0
1,55.07,193,3,8.2,month-to-month,0,4,5.0,organic,B,1
15,147.37,427,3,3.7,month-to-month,0,2,8.0,ads,B,0
1,30.82,363,5,7.6,month-to-month,0,3,4.0,ads,A,1
21,50.39,313,6,2.3,month-to-month,0,4,6.0,ads,B,1
69,28.33,506,0,0.0,one-year,1,4,10.0,referral,C,0
61,147.85,71,5,5.5,month-to-month,0,4,7.0,organic,C,0
67,30.73,320,1,0.0,two-year,1,4,10.0,organic,A,0
43,67.9,579,0,2.0,one-year,0,3,6.0,referral,C,0
39,59.79,292,2,3.6,month-to-month,1,4,5.0,ads,B,0
72,57.38,318,1,0.0,one-year,1,4,9.0,referral,A,0
72,145.68,531,3,11.9,two-year,1,3,2.0,referral,C,0
36,133.77,418,1,6.3,month-to-month,1,1,6.0,ads,B,0
62,62.33,456,4,0.0,one-year,0,6,5.0,organic,B,0
59,107.75,457,0,0.0,one-year,0,5,9.0,partner,A,0
42,38.65,573,4,1.7,month-to-month,0,2,6.0,ads,A,0
10,91.64,437,2,8.0,month-to-month,0,2,5.0,ads,B,1
30,132.4,471,3,1.9,one-year,1,2,8.0,organic,A,0
52,141.18,558,6,3.5,one-year,1,2,8.0,ads,B,0
64,71.58,600,1,0.0,month-to-month,1,2,7.0,organic,A,0
7,52.24,468,5,9.0,month-to-month,0,2,8.0,partner,B,1
28,49.49,273,0,0.0,month-to-month,1,5,10.0,ads,C,0
21,102.89,623,2,4.6,month-to-month,0,2,7.0,referral,B,0
48,70.61,333,4,5.7,month-to-month,1,3,8.0,ads,C,0
1,50.19,579,5,8.5,one-year,0,3,6.0,organic,A,1
51,100.1,320,0,1.6,month-to-month,1,4,10.0,referral,B,0
41,101.97,695,4,7.8,month-to-month,1,4,7.0,ads,C,0
24,29.24,484,5,10.3,month-to-month,0,1,5.0,organic,B,1
55,146.98,586,3,3.1,month-to-month,1,6,7.0,referral,A,0
27,78.86,372,2,0.0,month-to-month,1,3,7.0,ads,A,0
29,124.54,433,4,7.1,month-to-month,1,3,5.0,referral,C,1
64,63.78,553,1,6.3,month-to-month,0,2,9.0,organic,A,0
8,110.43,638,6,11.3,one-year,0,1,4.0,ads,B,1
52,64.63,373,2,5.5,month-to-month,0,3,6.0,referral,C,0
1,45.65,453,2,8.7,one-year,0,1,4.0,partner,A,1
33,85.94,298,7,11.1,month-to-month,0,2,5.0,organic,A,1
52,30.95,542,1,0.0,month-to-month,1,3,8.0,ads,A,0
39,89.65,447,1,5.5,one-year,1,5,10.0,organic,C,0
29,41.98,438,1,8.7,month-to-month,1,3,6.0,ads,A,0
64,24.8,179,2,0.0,two-year,1,2,4.0,partner,C,0
34,119.23,509,3,3.2,one-year,1,3,4.0,ads,A,0
50,98.72,331,1,13.0,one-year,0,6,9.0,ads,C,0
58,108.88,270,0,0.0,one-year,0,3,9.0,organic,C,0
17,148.02,410,1,3.3,month-to-month,0,2,7.0,ads,A,0
15,94.23,487,4,11.7,two-year,1,4,8.0,partner,B,0
30,58.84,342,2,0.0,one-year,0,3,7.0,referral,A,0
24,30.58,414,2,4.2,two-year,1,3,6.0,ads,B,0
61,81.28,306,2,0.9,month-to-month,1,4,10.0,referral,A,0
57,21.92,457,1,9.1,month-to-month,1,2,9.0,ads,A,0
32,44.51,399,1,0.7,two-year,1,4,7.0,referral,B,0
24,94.86,339,3,1.5,one-year,0,4,5.0,organic,A,0
41,133.43,355,4,9.0,one-year,0,1,7.0,partner,A,0
66,136.38,673,3,1.4,month-to-month,1,4,9.0,ads,B,0
38,106.36,348,2,6.9,one-year,0,4,7.0,ads,A,0
1,98.68,556,2,5.5,month-to-month,1,3,7.0,referral,A,1
40,87.28,597,1,0.0,one-year,0,5,6.0,ads,A,0
72,70.91,514,1,3.6,two-year,1,6,10.0,referral,C,0
23,96.21,457,2,5.5,month-to-month,0,2,2.0,ads,B,1
23,77.01,307,3,8.0,month-to-month,0,2,2.0,partner,C,1
45,127.69,361,0,5.3,month-to-month,0,4,4.0,ads,A,1
13,48.05,486,2,11.7,month-to-month,1,4,8.0,ads,A,1
26,65.94,184,5,0.0,two-year,0,4,6.0,referral,C,1
38,68.31,516,3,0.4,month-to-month,1,4,8.0,referral,B,0
67,104.49,562,2,4.0,two-year,1,4,8.0,organic,B,0
6,132.5,552,7,6.2,month-to-month,0,5,10.0,ads,B,0
36,87.04,443,4,6.3,month-to-month,0,3,6.0,partner,C,0
46,139.38,330,5,1.1,one-year,0,2,4.0,ads,B,0
69,20.28,501,3,3.7,month-to-month,1,5,10.0,referral,B,0
62,145.31,302,1,0.0,month-to-month,1,4,9.0,referral,B,0
21,149.21,535,3,2.4,month-to-month,1,3,8.0,ads,B,0
45,33.83,445,6,6.1,month-to-month,0,3,5.0,partner,A,0
57,100.9,340,5,9.4,month-to-month,0,3,6.0,organic,C,0
40,32.16,594,2,3.6,month-to-month,1,2,6.0,referral,B,0
17,54.06,504,4,11.6,one-year,0,4,4.0,partner,A,1
28,29.45,494,4,0.0,month-to-month,0,3,7.0,referral,C,0
25,129.61,475,2,0.6,two-year,1,4,7.0,ads,C,0
50,123.28,416,5,17.7,month-to-month,0,2,1.0,organic,B,1
26,61.07,428,4,5.4,month-to-month,0,3,3.0,referral,B,1
37,95.85,447,3,5.9,month-to-month,1,2,10.0,organic,C,0
38,36.72,247,2,3.7,one-year,0,1,8.0,referral,B,0
38,55.62,369,1,9.2,two-year,1,4,6.0,partner,B,0
64,109.96,405,1,2.1,month-to-month,0,6,4.0,referral,A,0
40,25.99,349,1,0.0,one-year,1,3,9.0,ads,A,0
57,62.0,502,4,6.8,one-year,1,5,9.0,organic,C,0
33,53.25,617,4,11.3,month-to-month,1,3,10.0,ads,A,0
43,100.85,385,4,0.0,month-to-month,0,2,8.0,partner,B,0
63,97.49,462,4,5.3,month-to-month,0,3,5.0,organic,A,0
8,113.17,427,4,7.9,one-year,0,2,2.0,partner,B,0
29,149.19,461,5,4.3,month-to-month,0,5,4.0,organic,B,1
35,140.44,461,2,2.5,month-to-month,1,4,5.0,organic,C,0
18,70.76,504,7,0.0,one-year,0,2,4.0,ads,B,1
1,52.64,521,3,11.0,month-to-month,0,3,4.0,ads,A,1
69,123.11,606,1,0.0,one-year,1,2,10.0,referral,B,0
42,106.6,476,1,3.0,month-to-month,0,2,4.0,referral,B,1
20,52.45,254,4,3.3,one-year,1,3,7.0,organic,A,0
9,45.76,675,0,0.0,one-year,0,3,3.0,ads,C,0
2,48.14,754,5,6.3,one-year,1,3,7.0,ads,B,1
62,127.55,626,0,0.0,one-year,1,4,6.0,organic,B,0
28,119.37,419,4,0.8,month-to-month,1,3,9.0,organic,C,0
12,49.13,465,4,2.6,one-year,0,1,4.0,ads,A,1
63,96.97,485,1,0.0,month-to-month,1,3,6.0,referral,C,0
33,86.05,604,1,4.6,two-year,0,4,3.0,partner,B,0
37,65.49,552,6,0.0,month-to-month,1,5,4.0,organic,A,0
22,70.8,410,3,14.5,month-to-month,1,3,5.0,ads,C,1
39,112.82,544,2,2.2,one-year,1,2,8.0,partner,A,0
11,71.74,478,3,0.9,month-to-month,0,4,5.0,ads,B,0
43,129.47,453,3,1.7,one-year,0,4,10.0,organic,C,0
41,125.0,488,2,3.4,one-year,1,4,4.0,referral,B,0
16,43.34,473,2,10.1,month-to-month,0,3,1.0,partner,B,1
65,114.05,375,0,0.0,month-to-month,1,5,8.0,organic,C,0
72,130.66,340,4,0.0,one-year,0,5,10.0,referral,A,0
48,124.33,408,2,5.9,one-year,1,2,9.0,organic,A,0
67,26.76,548,3,6.8,month-to-month,1,4,5.0,referral,C,0
46,25.73,513,3,4.9,one-year,0,3,6.0,partner,A,0
31,85.49,565,2,4.2,two-year,1,3,8.0,referral,B,0
53,134.2,389,2,0.0,month-to-month,1,5,7.0,ads,A,0
72,55.95,354,4,0.1,two-year,0,4,8.0,partner,A,0
26,38.33,464,2,1.9,month-to-month,1,2,5.0,organic,A,0
37,21.17,505,0,5.1,one-year,0,4,7.0,referral,C,0
1,143.24,400,2,16.7,one-year,0,1,1.0,organic,B,0
57,58.24,373,0,0.0,one-year,1,5,10.0,organic,C,0
1,96.92,461,4,17.2,month-to-month,0,3,4.0,ads,A,1
54,120.78,234,2,8.4,month-to-month,0,3,8.0,ads,B,0
39,78.28,220,4,8.9,month-to-month,1,2,7.0,partner,B,1
49,115.22,413,3,3.6,one-year,1,6,9.0,ads,B,0
44,82.46,515,1,0.4,one-year,1,5,10.0,referral,B,0
6,101.66,257,4,6.5,month-to-month,0,2,6.0,organic,A,1
19,122.66,424,3,0.0,month-to-month,1,4,7.0,ads,A,0
15,128.05,302,3,4.0,month-to-month,0,3,10.0,ads,B,1
45,88.24,294,5,4.4,month-to-month,0,4,7.0,ads,B,0
43,41.94,377,3,1.8,month-to-month,1,1,3.0,ads,A,1
46,82.63,566,3,5.9,one-year,0,3,7.0,ads,A,0
7,105.09,538,3,2.7,month-to-month,0,4,4.0,organic,B,1
30,141.73,155,3,2.4,month-to-month,0,2,8.0,organic,B,0
24,125.39,139,5,3.2,one-year,1,1,8.0,referral,B,1
53,113.93,527,1,0.0,one-year,1,3,8.0,ads,B,0
36,60.23,687,4,10.1,month-to-month,1,3,4.0,ads,B,0
8,137.24,363,5,9.4,one-year,0,5,6.0,organic,C,1
58,83.83,371,0,5.4,two-year,0,4,6.0,ads,A,0
71,33.29,525,2,7.1,one-year,0,2,8.0,referral,B,0
58,37.34,460,2,1.0,two-year,1,5,9.0,referral,C,0
23,25.96,534,5,7.7,month-to-month,0,2,10.0,partner,B,0
10,68.51,432,7,10.9,month-to-month,0,1,3.0,ads,B,1
26,71.38,510,3,0.0,month-to-month,1,2,5.0,referral,B,1
15,69.72,401,2,7.1,two-year,0,3,5.0,ads,C,0
39,38.64,441,6,2.7,month-to-month,0,2,6.0,ads,C,1
11,98.16,277,1,13.3,two-year,0,4,7.0,organic,B,0
17,104.26,600,4,1.0,one-year,1,6,7.0,ads,B,0
36,43.79,532,3,4.4,one-year,1,5,10.0,organic,A,0
38,141.67,347,4,0.0,two-year,0,3,8.0,ads,A,0
29,137.69,390,4,2.0,month-to-month,1,2,6.0,organic,B,0
19,55.09,411,2,0.0,one-year,0,1,6.0,organic,B,0
40,102.34,375,4,11.5,two-year,1,3,8.0,ads,C,0
27,39.3,243,0,4.8,one-year,0,1,7.0,organic,A,0
24,56.73,446,3,4.9,one-year,1,3,5.0,partner,C,1
72,95.11,232,3,1.8,one-year,1,6,8.0,partner,B,0
43,119.29,547,2,0.9,month-to-month,1,3,6.0,referral,B,0
1,132.98,584,3,7.2,month-to-month,0,2,3.0,ads,C,1
19,130.86,419,1,0.0,one-year,0,5,9.0,organic,B,0
28,132.2,406,3,0.4,month-to-month,0,2,6.0,ads,B,1
23,105.19,229,1,5.1,month-to-month,0,3,7.0,referral,C,1
32,72.05,377,0,0.0,one-year,0,4,10.0,referral,A,0
35,48.36,225,6,0.0,month-to-month,1,2,6.0,partner,B,0
45,128.14,497,6,0.0,one-year,1,3,7.0,referral,B,0
22,27.11,326,2,14.5,month-to-month,1,3,2.0,ads,B,1
45,86.3,393,1,0.0,month-to-month,1,3,4.0,organic,A,1
24,60.4,290,5,9.1,month-to-month,0,1,4.0,partner,B,1
19,41.39,469,7,2.9,month-to-month,0,3,5.0,organic,B,1
31,75.11,427,2,8.3,month-to-month,0,3,4.0,organic,A,0
68,99.04,181,2,3.9,month-to-month,1,3,9.0,referral,C,0
41,37.88,104,2,0.0,one-year,1,3,8.0,organic,B,0
21,131.83,379,0,3.4,month-to-month,1,4,10.0,ads,A,0
9,32.35,459,3,7.8,month-to-month,1,2,4.0,partner,A,1
42,74.75,406,2,0.0,month-to-month,0,4,9.0,referral,B,0
30,136.18,469,5,5.4,month-to-month,1,3,5.0,referral,A,1
1,73.6,630,5,6.7,one-year,0,1,4.0,ads,B,1
48,123.9,381,1,3.0,two-year,1,2,9.0,organic,C,0
32,133.55,591,6,11.6,month-to-month,0,2,6.0,ads,B,1
21,24.98,349,2,0.0,month-to-month,1,4,4.0,referral,A,1
17,127.62,370,3,2.3,month-to-month,1,5,7.0,organic,A,0
44,54.84,370,3,0.0,two-year,0,1,6.0,organic,A,0
51,28.62,289,7,1.8,two-year,0,2,8.0,referral,C,0
29,117.1,533,2,1.2,two-year,0,2,6.0,ads,C,0
27,134.28,546,3,7.7,month-to-month,1,3,4.0,referral,B,1
54,148.33,150,4,6.5,month-to-month,1,2,8.0,organic,A,0
50,123.58,298,2,3.0,two-year,0,4,8.0,referral,C,0
13,101.61,583,4,7.5,month-to-month,0,4,9.0,referral,B,0
13,134.4,362,6,0.0,one-year,1,4,6.0,organic,C,0
53,124.16,444,3,2.0,one-year,1,6,10.0,organic,A,0
30,72.04,363,6,6.5,two-year,0,2,8.0,ads,B,1
47,132.01,281,2,5.7,month-to-month,1,1,6.0,referral,C,0
27,20.59,413,5,10.9,month-to-month,1,1,2.0,ads,C,1
32,85.59,194,1,0.0,month-to-month,1,6,10.0,referral,B,0
3,68.35,355,3,7.6,month-to-month,0,4,3.0,partner,B,1
17,87.58,543,6,4.6,month-to-month,0,1,9.0,referral,A,1
23,105.31,406,5,0.0,month-to-month,0,5,6.0,ads,A,0
53,135.38,339,1,0.0,two-year,1,2,9.0,referral,A,0
35,26.16,301,3,7.7,month-to-month,1,2,2.0,organic,B,0
72,61.69,473,0,0.0,two-year,1,5,10.0,organic,B,0
41,97.77,571,1,0.0,month-to-month,1,3,6.0,referral,C,1
37,97.99,508,4,0.0,month-to-month,0,4,8.0,ads,C,0
14,95.13,418,3,9.7,month-to-month,0,2,6.0,ads,A,1
44,97.66,413,1,3.7,month-to-month,1,4,6.0,referral,A,0
30,143.95,381,4,6.8,one-year,0,1,7.0,organic,A,0
63,90.34,185,4,0.0,two-year,1,6,8.0,referral,C,0
36,29.78,334,5,4.6,month-to-month,1,2,2.0,ads,A,0
1,31.55,312,5,0.0,month-to-month,0,3,9.0,referral,A,0
27,113.78,332,3,8.0,month-to-month,1,3,4.0,partner,A,1
45,134.57,500,2,5.3,one-year,1,1,6.0,organic,A,0
38,104.72,438,2,4.3,one-year,1,3,8.0,ads,A,0
60,39.1,304,2,0.0,one-year,0,2,8.0,organic,A,0
46,149.01,542,2,7.0,two-year,1,3,9.0,referral,C,0
17,57.66,653,7,10.1,one-year,0,2,2.0,partner,B,1
32,136.32,503,2,0.3,one-year,1,4,10.0,referral,C,0
50,33.94,758,0,0.0,month-to-month,1,4,10.0,organic,C,0
41,114.87,427,5,6.0,one-year,0,2,7.0,ads,A,0
72,76.9,639,2,0.8,one-year,1,5,7.0,referral,C,0
33,124.18,514,1,0.0,one-year,0,3,4.0,ads,B,0
1,53.1,638,3,7.6,month-to-month,1,1,6.0,organic,A,1
33,98.57,357,6,4.4,one-year,1,3,2.0,organic,B,0
67,45.71,373,1,2.7,month-to-month,1,4,9.0,referral,A,0
52,69.8,502,7,0.0,one-year,0,2,3.0,referral,B,0
24,31.1,297,3,9.0,month-to-month,0,4,4.0,ads,B,1
18,107.47,228,2,5.2,two-year,0,3,5.0,ads,B,0
49,114.5,167,6,7.1,month-to-month,1,4,7.0,ads,A,0
39,106.48,408,0,0.0,month-to-month,1,1,9.0,referral,C,0
53,130.83,600,2,7.8,month-to-month,1,3,8.0,referral,B,1
46,30.74,485,3,0.0,two-year,0,3,8.0,referral,C,0
18,47.82,293,4,0.0,month-to-month,0,3,6.0,ads,A,0
40,114.37,352,0,4.5,one-year,0,2,8.0,ads,B,0
44,35.42,401,5,6.5,month-to-month,0,1,6.0,ads,B,1
49,96.16,187,1,5.0,month-to-month,0,3,4.0,organic,B,1
13,59.93,455,3,1.8,month-to-month,1,2,7.0,ads,A,0
26,57.7,402,5,0.0,one-year,1,4,10.0,referral,A,1
22,31.66,466,2,3.0,month-to-month,0,4,6.0,referral,C,0
32,55.81,373,0,6.6,one-year,0,2,3.0,ads,C,0
42,144.33,358,5,1.1,month-to-month,1,3,6.0,partner,C,0
7,132.66,188,4,12.1,month-to-month,0,2,6.0,ads,A,1
38,70.64,542,1,6.3,month-to-month,0,3,3.0,partner,C,1
3,25.71,427,4,5.4,month-to-month,1,4,5.0,ads,A,1
67,97.97,501,2,5.1,one-year,1,4,8.0,partner,B,0
64,101.0,270,2,0.0,one-year,1,4,10.0,ads,B,0
50,65.71,531,1,2.5,month-to-month,0,1,8.0,referral,A,0
6,125.71,492,3,6.4,month-to-month,0,2,6.0,organic,B,0
25,115.09,348,0,4.2,month-to-month,0,4,4.0,ads,B,1
13,62.29,588,6,9.5,one-year,0,4,3.0,partner,A,1
23,67.41,283,1,3.8,month-to-month,1,4,7.0,partner,A,0
57,44.78,544,1,2.1,two-year,1,5,10.0,referral,A,0
39,60.53,480,1,4.6,month-to-month,1,4,10.0,referral,B,0
34,134.94,409,0,3.5,month-to-month,1,3,10.0,referral,B,0
41,26.39,511,6,4.0,two-year,1,5,5.0,ads,B,0
48,145.42,540,2,0.0,two-year,1,5,7.0,referral,C,0
71,58.58,482,3,0.0,month-to-month,0,3,9.0,referral,A,0
36,120.35,556,1,0.0,one-year,1,4,10.0,ads,A,0
39,54.68,183,5,6.3,month-to-month,0,3,6.0,referral,A,0
22,76.96,392,6,9.7,month-to-month,1,3,1.0,partner,A,1
33,72.78,393,3,0.0,month-to-month,0,3,4.0,partner,A,0
42,86.57,304,1,4.6,two-year,1,2,7.0,ads,B,0
50,105.02,509,3,8.3,month-to-month,0,2,5.0,referral,C,0
63,49.0,414,0,7.3,two-year,1,6,10.0,referral,C,0
40,60.22,353,2,9.5,month-to-month,1,2,10.0,organic,C,0
51,136.5,438,2,0.0,one-year,1,3,10.0,organic,A,0
29,45.78,600,5,3.0,month-to-month,0,3,7.0,partner,A,0
19,56.36,683,5,6.9,month-to-month,0,3,6.0,referral,C,1
19,115.38,595,9,11.2,month-to-month,0,2,4.0,ads,C,1
31,47.52,305,3,10.7,month-to-month,1,2,7.0,ads,A,0
48,91.25,313,2,4.8,one-year,1,5,7.0,organic,A,0
39,57.31,406,4,0.0,two-year,0,4,7.0,referral,A,0
44,72.3,471,2,0.0,month-to-month,1,4,5.0,referral,A,1
37,127.28,523,1,9.3,two-year,1,6,6.0,organic,C,0
23,52.71,446,3,4.4,one-year,0,2,7.0,ads,C,0
66,21.01,433,1,0.0,two-year,1,5,8.0,referral,B,0
32,103.07,507,2,0.0,one-year,0,3,7.0,ads,A,0
53,137.07,345,2,0.0,month-to-month,0,4,9.0,ads,C,0
46,97.26,509,2,11.6,one-year,0,3,7.0,ads,A,0
34,91.43,406,2,0.9,one-year,1,6,9.0,referral,B,0
56,28.78,524,2,4.1,two-year,0,4,9.0,organic,B,0
39,37.82,185,2,4.8,one-year,0,4,6.0,referral,A,0
38,50.28,382,4,10.8,month-to-month,0,1,1.0,ads,B,1
33,20.48,434,4,0.0,two-year,1,3,5.0,ads,A,0
61,72.82,598,1,3.7,month-to-month,1,4,10.0,referral,C,0
43,90.3,553,2,0.0,one-year,1,3,5.0,organic,A,0
21,84.94,354,1,0.0,month-to-month,1,4,5.0,ads,B,0
8,57.63,546,8,1.8,month-to-month,0,2,2.0,ads,A,1
41,40.07,528,1,8.5,month-to-month,0,2,2.0,organic,B,0
34,147.69,493,7,6.0,month-to-month,0,1,5.0,referral,A,1
8,93.0,348,3,0.0,month-to-month,0,5,9.0,ads,B,0
50,48.72,508,0,0.0,one-year,1,3,7.0,partner,B,0
18,122.01,543,2,5.9,month-to-month,1,3,3.0,partner,A,0
43,81.3,496,1,3.4,one-year,0,4,6.0,organic,B,0
59,47.25,335,2,1.9,one-year,1,2,7.0,ads,C,0
36,115.33,504,4,6.6,month-to-month,1,4,2.0,organic,B,1
32,115.63,577,6,14.6,month-to-month,0,2,5.0,ads,A,0
33,131.43,472,2,4.5,two-year,0,5,5.0,referral,B,0
36,24.48,529,2,6.1,month-to-month,1,4,6.0,referral,A,0
13,83.09,653,2,4.1,month-to-month,0,4,5.0,ads,C,1
6,76.89,537,6,3.8,one-year,0,1,3.0,ads,B,1
30,139.82,325,3,3.1,two-year,1,2,7.0,referral,A,0
13,71.95,438,3,8.0,two-year,0,4,8.0,partner,B,0
63,138.25,377,2,0.0,two-year,0,1,7.0,ads,A,0
27,146.53,443,1,0.0,month-to-month,0,3,8.0,referral,A,0
31,145.05,642,10,10.4,month-to-month,1,1,4.0,organic,A,1
46,140.58,365,0,0.0,month-to-month,0,2,6.0,partner,A,0
41,49.54,255,1,4.0,one-year,0,1,5.0,referral,C,0
37,117.1,403,3,0.3,one-year,1,4,9.0,organic,A,0
1,79.36,305,4,7.0,month-to-month,1,2,3.0,organic,C,1
51,126.08,401,1,2.6,one-year,1,4,8.0,ads,A,0
47,141.31,401,1,0.0,month-to-month,1,3,8.0,ads,A,0
35,104.48,501,3,12.9,one-year,1,1,7.0,referral,A,0
18,129.28,298,3,4.6,month-to-month,1,4,8.0,ads,A,0
48,74.66,554,2,4.5,month-to-month,0,5,7.0,partner,C,1
72,125.24,268,5,4.5,month-to-month,1,3,6.0,ads,A,0
20,42.59,272,4,1.2,month-to-month,0,2,7.0,ads,C,1
42,21.68,388,4,12.1,one-year,0,3,6.0,organic,C,0
9,93.82,526,1,2.4,one-year,0,3,8.0,organic,B,0
21,100.31,176,6,9.8,month-to-month,0,4,5.0,ads,B,1
72,77.18,453,1,0.0,one-year,0,3,10.0,organic,A,0
46,55.92,417,1,0.0,month-to-month,1,3,8.0,referral,A,0
36,74.11,343,3,6.2,month-to-month,1,2,9.0,organic,B,0
46,29.61,342,2,2.7,one-year,1,5,5.0,referral,A,0
12,62.2,378,3,20.5,one-year,0,2,2.0,organic,C,1
53,116.57,584,1,0.3,two-year,0,4,10.0,referral,A,0
12,120.03,672,6,9.0,month-to-month,0,2,3.0,ads,B,0
1,86.98,353,2,0.0,one-year,1,2,4.0,ads,A,0
29,49.67,398,4,2.4,month-to-month,1,2,6.0,ads,B,0
48,57.09,398,3,3.3,two-year,1,1,5.0,ads,B,0
30,66.9,481,4,1.8,month-to-month,1,5,10.0,ads,B,0
27,82.3,637,4,7.6,month-to-month,1,3,9.0,organic,B,0
29,58.39,363,2,5.5,month-to-month,0,2,8.0,partner,C,0
17,55.8,475,8,1.9,month-to-month,1,5,5.0,referral,B,0
18,82.6,414,5,6.9,month-to-month,0,3,3.0,ads,A,1
47,66.85,238,2,0.0,month-to-month,1,3,5.0,referral,A,1
13,114.23,552,3,3.3,month-to-month,0,6,7.0,ads,C,0
65,149.83,506,1,1.0,one-year,1,4,7.0,referral,A,0
22,24.94,571,4,4.0,one-year,1,2,4.0,ads,B,0
72,94.3,274,1,0.0,month-to-month,0,3,5.0,organic,A,0
15,48.4,474,1,16.1,one-year,0,3,6.0,partner,C,0
37,83.7,535,3,1.7,month-to-month,1,3,8.0,organic,B,0
45,81.77,479,3,2.2,one-year,1,6,9.0,referral,B,0
45,107.87,501,1,0.0,one-year,1,3,8.0,referral,B,0
3,118.8,600,7,7.9,month-to-month,0,2,6.0,organic,B,1
35,111.03,275,0,5.4,two-year,1,2,10.0,organic,A,0
53,65.07,543,0,3.4,month-to-month,1,4,9.0,organic,B,0
14,26.4,417,7,6.6,month-to-month,0,1,3.0,partner,B,1
41,58.06,223,1,8.5,month-to-month,1,1,5.0,ads,A,0
26,126.13,127,4,1.3,one-year,1,3,6.0,ads,C,0
41,76.59,341,1,0.0,one-year,0,4,6.0,organic,A,0
59,110.71,561,3,0.0,one-year,1,4,6.0,organic,C,0
47,100.69,433,6,11.7,one-year,1,2,6.0,ads,A,0
28,108.22,405,4,8.6,month-to-month,0,1,6.0,organic,B,1
70,117.66,495,1,0.0,one-year,1,1,6.0,partner,A,0
48,132.73,440,4,4.8,month-to-month,0,2,6.0,organic,A,0
28,47.27,325,2,0.0,two-year,1,1,8.0,referral,A,0
43,26.1,550,6,7.6,two-year,0,1,8.0,organic,B,0
33,87.07,195,1,0.0,one-year,1,4,10.0,organic,A,0
33,138.1,592,4,7.1,month-to-month,0,3,5.0,referral,A,1
49,37.88,210,0,12.7,month-to-month,1,4,10.0,ads,C,0
57,141.24,374,3,1.7,month-to-month,0,2,5.0,referral,A,1
57,132.29,251,1,4.1,month-to-month,1,3,10.0,referral,C,0
21,145.26,328,5,7.4,month-to-month,0,2,2.0,partner,A,1
14,57.88,283,4,9.9,month-to-month,0,2,3.0,organic,B,1
41,73.61,530,1,0.8,one-year,1,3,5.0,organic,B,0
40,128.17,395,4,0.0,two-year,1,2,6.0,referral,A,0
22,56.05,455,2,0.2,month-to-month,0,2,10.0,ads,C,0
45,146.9,256,5,2.9,month-to-month,0,3,4.0,ads,A,0
66,36.96,344,3,3.2,one-year,1,4,9.0,ads,B,0
41,63.67,542,0,1.1,two-year,1,4,7.0,referral,C,0
38,79.75,461,2,3.5,month-to-month,0,3,8.0,referral,A,0
47,46.23,276,1,0.0,one-year,0,6,7.0,ads,B,0
1,27.51,372,5,8.1,one-year,1,4,5.0,organic,C,0
27,134.71,447,3,5.4,month-to-month,0,2,7.0,ads,B,0
72,61.35,668,1,0.0,one-year,0,6,8.0,partner,B,0
26,93.73,568,7,2.5,month-to-month,0,4,10.0,ads,C,0
69,43.77,702,1,6.5,one-year,0,5,8.0,organic,C,0
72,115.68,487,0,0.0,two-year,1,5,10.0,ads,A,0
25,33.58,381,3,5.1,one-year,1,1,3.0,partner,B,0
54,112.29,520,1,0.0,one-year,0,4,8.0,partner,B,0
42,104.32,674,1,1.6,one-year,0,3,7.0,organic,C,0
28,97.01,293,7,2.8,month-to-month,1,4,9.0,organic,B,0
68,108.81,194,1,0.0,month-to-month,0,2,9.0,organic,B,0
15,53.72,152,3,7.6,month-to-month,1,3,5.0,organic,B,1
44,98.19,642,4,9.3,month-to-month,0,3,7.0,organic,C,1
20,24.49,537,5,5.8,month-to-month,1,5,6.0,partner,B,0
28,53.52,459,4,5.3,month-to-month,1,5,6.0,ads,A,0
72,101.88,346,1,1.1,month-to-month,0,3,8.0,referral,B,0
55,77.67,509,0,0.4,one-year,1,3,9.0,referral,C,0
27,22.73,470,3,3.2,one-year,1,2,7.0,partner,B,0
71,97.01,407,3,0.0,one-year,1,3,6.0,referral,A,0
51,128.41,305,5,1.1,month-to-month,0,3,5.0,ads,A,0
61,20.12,346,1,4.1,one-year,1,5,2.0,partner,A,0
30,109.63,533,3,0.0,one-year,0,1,5.0,partner,B,0
37,48.93,402,0,0.0,one-year,0,1,8.0,partner,A,0
46,33.76,609,1,10.2,one-year,1,2,9.0,referral,B,0
27,89.84,548,3,8.4,one-year,1,2,2.0,ads,C,0
15,102.64,336,1,7.9,month-to-month,0,3,4.0,ads,A,1
40,27.25,361,7,0.0,month-to-month,0,3,7.0,organic,B,0
20,24.6,549,4,11.0,month-to-month,1,1,6.0,ads,B,1
65,130.21,572,2,7.0,month-to-month,1,5,10.0,partner,C,0
58,28.61,450,2,7.2,month-to-month,0,5,8.0,referral,A,0
17,23.6,291,3,0.0,month-to-month,1,4,6.0,partner,B,0
19,58.35,389,4,12.0,month-to-month,0,2,2.0,ads,C,1
39,123.55,304,0,0.0,one-year,1,4,9.0,referral,B,0
69,97.48,615,3,0.0,two-year,1,5,10.0,ads,A,0
52,123.83,439,1,0.0,month-to-month,1,3,9.0,partner,A,0
44,29.03,389,4,0.0,one-year,1,3,8.0,ads,C,0
34,77.43,338,2,5.8,month-to-month,0,4,7.0,ads,B,0
43,113.38,144,4,1.7,month-to-month,0,3,6.0,referral,A,0
38,112.5,366,4,1.8,month-to-month,1,2,6.0,ads,C,0
26,110.1,422,3,3.7,month-to-month,1,3,7.0,ads,B,1
29,135.88,304,3,8.3,one-year,1,4,8.0,ads,B,0
33,56.37,523,0,0.0,two-year,1,3,10.0,referral,B,0
38,39.9,266,3,9.5,month-to-month,0,2,6.0,organic,B,1
42,47.16,443,0,6.8,one-year,1,2,7.0,organic,A,0
27,72.31,493,3,2.7,month-to-month,0,2,3.0,referral,A,1
72,42.18,391,3,1.5,one-year,0,6,7.0,ads,B,0
10,134.77,284,5,9.4,one-year,0,3,4.0,ads,A,0
1,72.83,403,5,12.3,month-to-month,0,2,5.0,ads,C,1
49,146.25,281,0,1.5,month-to-month,1,6,4.0,referral,B,0
61,126.65,404,1,2.5,month-to-month,1,2,9.0,referral,C,0
18,91.44,456,0,4.0,one-year,0,3,10.0,ads,C,0
44,82.4,410,1,3.7,month-to-month,0,3,8.0,referral,C,0
35,55.74,319,4,6.4,month-to-month,0,2,6.0,partner,A,0
41,131.8,346,1,6.7,month-to-month,1,2,7.0,referral,A,0
21,69.03,621,1,10.3,month-to-month,1,4,7.0,partner,A,1
1,84.4,621,4,4.0,month-to-month,1,5,7.0,ads,A,1
22,40.9,383,2,3.4,month-to-month,0,2,5.0,partner,A,1
11,28.48,339,9,9.6,month-to-month,0,5,4.0,partner,B,1
40,70.11,402,3,5.6,month-to-month,1,1,6.0,partner,A,0
47,66.19,258,2,5.2,two-year,0,4,8.0,referral,A,0
52,145.32,328,2,0.0,month-to-month,1,2,9.0,organic,C,0
5,54.76,528,3,6.2,two-year,1,3,10.0,organic,A,0
25,57.09,561,8,0.0,month-to-month,0,3,4.0,ads,B,1
51,86.92,567,2,1.7,one-year,0,3,5.0,ads,C,0
22,42.02,233,4,8.7,month-to-month,0,1,8.0,ads,A,0
45,142.34,463,4,4.5,month-to-month,0,3,6.0,ads,B,0
11,143.76,461,1,5.2,month-to-month,1,3,5.0,organic,A,0
50,38.91,344,2,8.7,one-year,1,3,9.0,referral,B,0
30,90.32,572,6,0.8,one-year,1,1,8.0,partner,B,0
23,57.22,703,3,0.0,month-to-month,1,5,10.0,ads,A,0
46,107.28,383,2,0.6,one-year,0,2,6.0,ads,B,1
72,113.9,616,0,0.0,two-year,1,5,10.0,ads,A,0
62,38.28,273,4,6.3,one-year,1,4,5.0,referral,A,0
72,108.62,393,5,1.5,one-year,1,4,10.0,referral,B,0
52,108.01,439,1,13.3,one-year,0,2,8.0,partner,C,0
19,64.87,636,1,0.3,one-year,1,1,9.0,organic,A,0
37,91.44,241,5,0.0,two-year,0,5,8.0,referral,C,0
34,39.39,642,7,4.1,one-year,0,5,7.0,organic,A,0
44,79.31,218,3,7.4,one-year,1,4,2.0,partner,A,0
34,64.07,544,3,5.7,one-year,1,2,3.0,partner,C,0
26,87.53,438,5,6.0,month-to-month,1,4,2.0,partner,B,1
52,43.8,571,4,0.0,month-to-month,0,2,5.0,ads,C,0
15,58.0,434,5,6.9,two-year,0,3,7.0,ads,A,1
57,93.21,450,3,0.3,one-year,1,4,9.0,referral,C,0
4,148.48,305,3,7.0,two-year,0,2,4.0,ads,C,0
2,78.68,603,0,7.1,month-to-month,0,3,4.0,ads,A,0
66,65.26,384,1,7.1,month-to-month,0,5,6.0,referral,C,0
51,43.29,628,1,2.6,month-to-month,0,2,7.0,referral,B,0
53,106.83,414,0,0.0,two-year,0,3,8.0,organic,A,0
58,97.83,528,0,0.5,one-year,0,4,8.0,referral,C,0
9,95.33,234,10,3.4,month-to-month,1,4,4.0,ads,C,1
17,24.59,377,3,6.2,month-to-month,0,4,9.0,partner,A,1
18,114.27,357,4,8.1,month-to-month,1,4,8.0,ads,B,0
9,92.43,419,9,15.5,month-to-month,0,4,1.0,partner,C,1
48,26.88,222,4,3.6,month-to-month,0,4,6.0,ads,B,0
62,90.71,446,2,0.0,two-year,1,4,10.0,partner,B,0
18,108.81,550,3,1.3,one-year,1,2,7.0,referral,B,0
33,36.01,563,0,2.8,month-to-month,0,2,7.0,ads,C,0
21,142.38,507,6,2.7,one-year,0,1,8.0,referral,C,0
1,129.43,317,4,6.5,month-to-month,1,1,7.0,partner,C,1
60,22.95,593,1,7.2,one-year,1,5,10.0,organic,A,0
26,43.09,345,5,3.2,month-to-month,0,1,5.0,referral,B,0
38,106.47,551,3,0.0,month-to-month,1,5,8.0,organic,B,0
58,43.9,391,3,7.3,one-year,0,3,9.0,ads,C,1
55,121.42,704,2,0.0,month-to-month,1,2,9.0,referral,C,0
41,60.07,402,2,1.1,one-year,1,5,7.0,referral,A,0
29,131.75,413,6,5.8,one-year,0,4,7.0,partner,A,1
38,29.68,375,5,0.9,month-to-month,0,3,8.0,partner,B,0
47,73.46,359,3,1.7,one-year,0,3,10.0,referral,C,1
46,143.13,379,7,1.7,one-year,1,4,6.0,ads,A,0
28,48.14,397,2,7.4,month-to-month,1,1,5.0,organic,A,1
47,90.61,453,0,1.8,two-year,1,3,6.0,organic,C,0
40,51.62,271,3,4.1,one-year,1,2,7.0,organic,A,0
25,64.17,765,3,0.0,month-to-month,1,1,5.0,ads,B,1
37,29.96,535,0,0.0,one-year,1,3,7.0,referral,B,0
52,22.66,423,10,6.1,one-year,1,3,7.0,referral,C,0
72,37.89,245,0,0.0,two-year,1,3,10.0,referral,B,0
50,57.0,256,3,6.2,two-year,0,2,2.0,ads,B,0
24,108.12,570,2,3.4,month-to-month,1,3,10.0,referral,B,0
32,104.66,470,0,2.7,month-to-month,1,2,7.0,ads,B,0
2,85.88,214,6,6.0,one-year,1,3,3.0,partner,B,1
34,76.67,356,2,3.5,one-year,0,4,4.0,ads,C,1
8,81.84,272,1,1.4,two-year,1,5,7.0,ads,A,0
41,89.68,565,1,0.0,month-to-month,1,4,7.0,referral,A,0
55,109.53,558,0,0.0,one-year,1,2,5.0,partner,A,0
42,113.53,432,1,7.6,month-to-month,1,2,1.0,partner,C,0
40,134.95,414,0,0.1,one-year,0,5,8.0,organic,A,0
44,67.31,563,0,2.6,one-year,1,4,9.0,partner,A,0
31,45.68,608,5,5.2,one-year,0,1,9.0,partner,B,1
36,67.61,382,5,8.0,month-to-month,0,2,6.0,ads,B,0
31,84.65,491,2,0.0,two-year,1,3,6.0,organic,C,1
40,91.25,442,3,4.5,one-year,1,3,5.0,ads,B,0
24,129.03,326,6,2.8,one-year,0,3,6.0,referral,B,0
24,39.86,352,2,1.4,month-to-month,1,2,8.0,organic,B,0
24,113.46,311,3,5.5,month-to-month,1,4,4.0,partner,A,1
6,91.73,445,7,9.0,month-to-month,0,2,3.0,ads,A,1
12,79.89,411,4,5.5,one-year,0,4,9.0,ads,A,0
46,134.38,457,5,3.9,month-to-month,1,1,6.0,referral,C,1
40,91.42,573,3,5.7,one-year,0,3,3.0,ads,C,0
33,127.35,407,3,2.4,month-to-month,0,4,6.0,ads,B,0
3,120.64,597,7,12.5,month-to-month,1,1,4.0,partner,A,1
1,62.38,379,3,5.0,month-to-month,0,4,3.0,ads,C,1
54,103.45,410,2,2.7,month-to-month,1,4,9.0,referral,A,0
41,69.23,460,0,0.0,one-year,1,5,7.0,referral,B,0
37,72.97,546,0,0.0,two-year,1,3,9.0,ads,A,0
7,135.59,443,3,16.6,one-year,1,4,9.0,partner,C,0
18,63.77,403,9,8.0,month-to-month,1,3,4.0,partner,B,1
66,138.96,540,6,0.0,two-year,0,2,9.0,organic,C,0
36,128.64,299,1,1.7,two-year,1,4,5.0,referral,B,0
24,146.35,510,4,1.2,month-to-month,1,5,4.0,ads,A,0
22,40.19,499,3,9.4,one-year,1,3,7.0,ads,A,1
28,32.46,512,2,0.1,month-to-month,0,1,6.0,ads,A,0
4,24.53,537,5,4.2,month-to-month,1,3,8.0,referral,A,0
52,141.18,467,2,0.0,two-year,0,6,9.0,ads,B,0
72,20.12,765,4,7.6,two-year,0,4,7.0,partner,A,0
1,21.06,466,2,3.1,month-to-month,1,1,8.0,ads,A,0
21,50.46,327,1,5.9,one-year,0,4,8.0,ads,A,0
1,100.5,417,3,7.3,month-to-month,1,4,4.0,partner,A,0
43,30.66,352,1,3.7,one-year,1,5,10.0,organic,B,0
55,80.64,357,1,3.7,two-year,1,2,9.0,ads,A,0
38,86.29,362,3,8.2,month-to-month,0,1,4.0,ads,A,0
54,100.63,517,4,2.3,one-year,0,4,6.0,ads,C,0
49,86.81,214,4,6.7,two-year,1,3,6.0,organic,A,0
67,149.97,227,3,0.9,one-year,1,3,10.0,organic,A,0
57,120.84,257,2,3.6,one-year,1,2,4.0,ads,A,1
35,47.36,401,1,0.0,month-to-month,0,4,10.0,referral,B,0
53,38.45,223,2,0.0,two-year,1,3,8.0,organic,C,0
26,29.95,350,3,2.9,month-to-month,1,1,8.0,partner,A,0
25,48.06,587,3,10.2,month-to-month,0,2,8.0,organic,B,0
48,20.67,448,1,0.5,one-year,1,3,8.0,referral,A,0
18,41.5,279,7,14.9,one-year,0,1,4.0,ads,C,1
43,100.69,462,8,8.8,one-year,1,2,4.0,ads,A,0
35,40.38,586,0,2.3,two-year,0,2,5.0,partner,A,0
28,74.71,423,3,8.4,month-to-month,0,3,8.0,referral,B,0
8,125.33,342,2,13.0,month-to-month,0,3,4.0,ads,B,0
41,134.76,413,3,0.0,two-year,0,3,5.0,referral,B,0
8,34.75,227,5,5.7,one-year,0,1,5.0,organic,B,1
27,105.65,279,5,7.5,month-to-month,0,4,7.0,organic,A,0
67,59.27,335,2,4.1,month-to-month,1,6,6.0,partner,A,0
49,89.18,335,2,4.3,two-year,1,4,7.0,partner,C,0
35,27.39,377,8,3.4,month-to-month,0,5,8.0,referral,B,1
29,88.24,287,6,4.4,one-year,0,3,6.0,ads,B,0
4,116.5,516,8,7.6,month-to-month,1,2,3.0,ads,A,1
40,24.63,451,3,0.0,one-year,1,3,9.0,ads,C,0
40,133.15,379,1,0.0,one-year,0,4,8.0,referral,B,0
32,111.47,421,4,8.2,month-to-month,0,1,7.0,partner,B,1
59,116.56,366,1,4.1,month-to-month,1,4,6.0,organic,A,0
37,69.21,230,4,11.2,one-year,0,5,5.0,ads,A,0
53,80.69,349,7,2.5,month-to-month,1,3,5.0,organic,B,0
65,73.64,242,0,4.2,month-to-month,0,1,6.0,partner,B,0
39,113.08,353,3,5.2,month-to-month,0,2,6.0,ads,A,1
50,41.7,395,4,4.4,month-to-month,1,4,7.0,ads,A,0
23,30.94,288,3,1.1,month-to-month,0,3,9.0,ads,C,1
13,104.59,448,4,5.7,month-to-month,0,4,6.0,ads,A,0
52,128.0,539,2,7.5,month-to-month,0,2,5.0,ads,C,1
38,45.22,668,1,0.0,month-to-month,0,2,10.0,organic,B,0
23,113.68,506,7,7.9,month-to-month,0,3,6.0,partner,A,0
28,61.07,571,4,6.6,month-to-month,0,1,4.0,ads,B,1
33,61.75,398,3,4.2,month-to-month,0,3,1.0,ads,B,1
30,42.54,267,3,3.8,one-year,1,2,6.0,partner,C,0
18,107.7,263,6,13.6,month-to-month,0,3,3.0,referral,C,0
43,92.14,389,5,0.1,month-to-month,1,5,8.0,partner,A,0
21,90.16,400,0,0.0,month-to-month,0,3,6.0,ads,A,0
14,35.57,543,4,5.3,month-to-month,0,1,3.0,organic,B,1
14,54.64,355,7,16.7,month-to-month,0,1,1.0,ads,A,1
39,73.75,428,1,7.5,month-to-month,0,4,9.0,ads,B,0
39,101.62,425,0,6.1,month-to-month,0,2,6.0,referral,B,0
18,94.09,243,1,10.7,month-to-month,0,3,6.0,referral,A,0
5,86.58,473,3,12.6,month-to-month,0,2,3.0,partner,A,1
30,110.82,302,5,2.2,month-to-month,0,3,4.0,ads,C,1
27,141.96,326,3,0.0,month-to-month,1,1,8.0,referral,B,0
44,139.3,419,4,7.3,one-year,0,3,6.0,referral,B,0
39,92.81,330,3,7.0,one-year,1,3,6.0,partner,B,0
48,101.87,548,6,0.2,two-year,0,2,6.0,ads,C,0
16,58.94,541,2,10.2,month-to-month,0,3,3.0,organic,B,1
37,62.67,372,1,0.0,month-to-month,1,3,5.0,referral,C,0
48,59.18,453,1,8.2,month-to-month,1,1,7.0,ads,A,0
24,72.5,641,3,5.4,month-to-month,0,1,2.0,partner,A,1
36,32.76,292,1,7.2,month-to-month,0,1,8.0,ads,B,0
68,76.73,423,2,3.3,month-to-month,0,3,8.0,referral,C,0
32,36.76,263,2,5.7,month-to-month,1,4,7.0,referral,B,0
29,128.03,453,5,5.9,two-year,0,6,6.0,ads,B,0
15,90.46,146,3,6.9,month-to-month,0,4,5.0,organic,B,1
19,117.39,441,1,4.3,month-to-month,0,5,6.0,ads,A,0
38,48.34,509,4,7.1,month-to-month,0,1,3.0,referral,A,1
9,65.38,378,5,10.9,month-to-month,0,2,3.0,ads,B,1
39,30.07,433,0,9.9,one-year,0,3,7.0,ads,A,0
72,132.86,276,1,0.0,one-year,1,3,4.0,organic,C,0
25,102.65,441,2,7.5,month-to-month,0,1,5.0,partner,A,1
22,72.22,537,1,0.0,one-year,1,5,10.0,referral,B,0
48,147.28,577,4,4.7,two-year,0,1,8.0,ads,C,0
43,45.5,361,3,5.4,month-to-month,1,3,10.0,referral,B,0
23,62.75,295,4,7.0,month-to-month,0,4,5.0,ads,A,0
41,87.38,229,7,2.7,month-to-month,1,3,6.0,organic,A,0
45,107.89,578,2,2.2,month-to-month,0,3,8.0,partner,C,0
18,91.88,343,1,6.8,one-year,0,3,7.0,partner,A,0
38,128.29,350,3,8.3,month-to-month,1,2,7.0,referral,B,0
47,49.38,128,3,6.0,month-to-month,0,2,3.0,organic,B,0
12,141.39,378,1,3.2,one-year,0,1,7.0,ads,C,0
24,98.43,782,9,10.5,month-to-month,0,1,9.0,organic,B,1
21,72.37,667,0,0.0,one-year,1,5,7.0,referral,A,0
20,99.87,426,5,3.7,one-year,1,3,10.0,organic,B,0
42,40.16,597,2,0.0,one-year,1,5,6.0,ads,A,0
42,85.81,334,9,6.0,one-year,1,2,4.0,ads,C,1
23,81.88,619,1,2.1,month-to-month,0,6,8.0,ads,B,0
36,29.15,448,2,3.2,one-year,0,3,4.0,organic,A,0
33,103.16,509,6,4.3,one-year,0,5,7.0,ads,A,0
39,81.68,350,7,8.2,one-year,1,3,2.0,organic,A,1
20,135.29,487,2,1.5,month-to-month,1,4,8.0,referral,A,0
37,135.62,818,6,3.1,month-to-month,0,4,10.0,ads,B,1
17,54.89,555,7,11.3,month-to-month,0,4,4.0,ads,A,1
48,110.93,348,3,0.8,one-year,1,3,7.0,organic,C,0
19,147.61,139,7,9.8,month-to-month,0,2,4.0,organic,A,1
39,48.87,329,2,0.0,month-to-month,1,4,9.0,referral,C,0
51,49.41,433,1,9.1,two-year,1,5,8.0,partner,C,0
26,27.65,346,5,8.5,one-year,0,3,7.0,ads,C,1
24,108.22,437,7,0.0,month-to-month,0,4,4.0,partner,A,1
28,117.0,396,6,0.6,month-to-month,1,3,7.0,partner,A,1
41,113.81,553,3,0.3,month-to-month,1,2,1.0,referral,C,0
37,133.99,183,5,11.3,one-year,0,1,8.0,organic,A,0
26,33.34,405,1,12.8,one-year,1,4,5.0,ads,A,0
52,88.13,473,1,0.8,two-year,1,3,9.0,referral,A,0
14,116.09,89,4,9.9,one-year,0,4,7.0,ads,C,1
15,43.83,287,6,14.1,one-year,1,2,1.0,ads,C,1
37,87.12,575,0,0.0,two-year,0,3,10.0,referral,A,0
68,140.42,411,2,0.0,one-year,0,3,9.0,referral,B,0
51,33.22,481,0,2.5,two-year,1,3,10.0,ads,A,0
9,65.2,311,10,12.8,month-to-month,1,1,3.0,organic,C,1
34,84.54,269,2,12.8,month-to-month,0,2,3.0,ads,A,0
32,116.53,418,6,16.2,month-to-month,1,1,5.0,organic,A,1
41,145.74,605,3,4.1,month-to-month,1,1,8.0,organic,A,0
9,43.61,364,8,9.6,month-to-month,0,2,6.0,ads,B,1
16,100.8,412,4,3.1,month-to-month,1,5,4.0,organic,B,1
37,82.28,470,8,7.3,one-year,0,3,2.0,ads,C,1
51,65.64,540,2,7.9,month-to-month,0,3,6.0,ads,B,0
28,41.53,514,6,8.9,one-year,0,4,7.0,organic,B,0
50,83.44,544,2,5.7,two-year,1,3,8.0,partner,C,0
1,75.63,248,4,0.6,one-year,0,3,9.0,ads,B,1
44,87.72,436,3,14.7,two-year,0,1,4.0,ads,C,0
41,87.92,402,1,4.0,month-to-month,0,3,4.0,ads,A,0
38,101.33,348,1,5.0,two-year,1,2,9.0,ads,B,0
19,145.9,343,5,10.6,two-year,1,2,5.0,ads,A,0
72,47.35,579,0,0.0,one-year,1,4,10.0,ads,B,0
26,61.52,284,1,0.0,month-to-month,0,3,9.0,organic,C,0
56,55.71,158,3,3.0,month-to-month,1,3,8.0,partner,A,0
59,25.06,329,0,0.0,one-year,1,4,9.0,organic,A,0
67,67.07,252,2,0.0,one-year,1,3,10.0,organic,C,0
29,122.05,525,1,0.0,month-to-month,0,3,7.0,referral,B,0
21,44.24,400,3,1.0,one-year,0,3,6.0,referral,A,0
38,64.96,515,4,0.0,month-to-month,0,3,5.0,partner,B,0
39,108.84,328,3,3.4,month-to-month,0,4,7.0,organic,C,1
54,137.78,303,2,3.7,one-year,0,4,5.0,partner,B,0
35,134.36,589,5,8.1,one-year,1,4,8.0,ads,A,0
34,63.07,445,8,4.1,one-year,1,4,7.0,organic,C,0
64,35.45,411,2,0.0,month-to-month,1,6,8.0,organic,A,0
68,28.58,378,2,1.7,month-to-month,1,3,9.0,organic,B,0
22,28.25,291,8,13.4,month-to-month,1,1,5.0,ads,C,1
13,93.75,362,4,2.5,month-to-month,0,5,5.0,partner,B,1
42,138.85,459,1,14.2,two-year,1,3,6.0,partner,C,1
29,132.52,626,3,6.5,one-year,0,5,6.0,ads,B,0
58,124.55,472,1,0.0,month-to-month,1,3,9.0,organic,A,0
18,109.86,215,3,3.3,month-to-month,1,4,7.0,ads,B,0
55,79.69,443,6,8.4,two-year,0,6,5.0,partner,B,0
37,61.46,473,4,4.1,month-to-month,0,2,7.0,referral,B,0
40,97.01,610,4,6.6,month-to-month,1,2,8.0,ads,B,0
34,75.72,507,2,3.1,two-year,0,4,6.0,ads,C,0
30,100.19,372,4,4.0,month-to-month,1,4,7.0,partner,C,1
33,45.59,433,1,0.1,one-year,1,3,6.0,organic,B,0
44,125.98,347,3,6.2,month-to-month,1,3,3.0,partner,C,0
58,86.16,437,1,8.5,two-year,1,2,8.0,organic,A,0
26,97.38,784,5,8.5,month-to-month,0,4,6.0,organic,A,0
30,123.62,497,4,6.1,two-year,1,4,6.0,ads,A,0
42,52.07,126,7,7.2,month-to-month,0,4,4.0,organic,B,0
56,66.8,415,2,0.3,month-to-month,1,2,8.0,referral,A,0
68,36.48,581,1,1.2,month-to-month,1,4,7.0,referral,A,0
1,78.36,501,7,8.4,month-to-month,0,3,1.0,organic,B,1
50,105.88,472,1,0.0,two-year,1,4,9.0,organic,B,0
25,75.79,494,6,0.8,two-year,0,1,6.0,organic,C,1
62,113.11,397,2,0.0,month-to-month,1,3,10.0,referral,A,0
45,116.68,418,1,5.0,one-year,0,4,10.0,ads,A,0
36,20.32,390,4,0.9,month-to-month,0,3,6.0,partner,A,1
24,95.89,412,4,4.0,month-to-month,1,3,9.0,organic,A,1
39,145.47,385,3,3.4,one-year,1,2,4.0,organic,B,0
57,111.24,463,1,1.2,two-year,0,4,10.0,ads,C,0
11,81.9,610,2,5.9,one-year,0,2,8.0,referral,A,0
70,78.38,225,7,0.0,month-to-month,0,3,5.0,organic,C,0
70,45.17,448,3,4.7,two-year,1,4,10.0,ads,A,0
35,135.39,490,1,0.7,two-year,0,2,7.0,ads,A,0
33,148.6,492,2,3.0,one-year,1,5,10.0,referral,B,0
31,43.83,312,3,7.5,month-to-month,0,2,6.0,ads,A,1
57,34.36,354,0,4.8,one-year,1,4,8.0,partner,C,0
34,59.26,546,4,5.9,one-year,0,4,5.0,referral,A,1
51,61.81,446,3,0.0,two-year,1,3,7.0,referral,B,0
47,117.12,405,1,0.0,two-year,1,3,5.0,referral,A,0
39,49.32,372,6,10.4,one-year,1,3,1.0,organic,C,0
36,92.86,484,1,0.0,one-year,0,5,10.0,referral,C,0
40,54.79,407,1,0.0,month-to-month,1,4,8.0,partner,A,0
40,119.86,550,2,0.0,one-year,1,2,6.0,referral,B,0
25,67.3,305,6,7.9,month-to-month,0,1,1.0,ads,A,1
24,66.28,381,4,11.0,two-year,0,3,3.0,ads,C,1
31,24.53,587,4,3.8,one-year,0,4,6.0,organic,B,0
72,29.08,427,5,0.0,two-year,1,4,9.0,organic,A,0
72,114.36,238,0,3.4,month-to-month,1,4,8.0,referral,B,0
31,94.86,638,3,0.0,two-year,0,2,7.0,ads,A,0
12,40.11,455,1,1.6,two-year,1,2,6.0,organic,A,0
72,144.16,507,3,0.3,two-year,1,6,7.0,organic,B,0
49,88.1,319,1,0.0,month-to-month,0,3,9.0,ads,B,0
37,42.53,350,3,0.0,two-year,1,3,7.0,partner,B,0
5,72.09,384,0,9.2,month-to-month,0,3,3.0,ads,A,1
40,85.73,313,5,2.9,month-to-month,0,2,5.0,ads,A,0
28,36.62,368,1,3.6,month-to-month,0,3,3.0,ads,A,0
48,84.56,289,3,3.0,month-to-month,0,3,7.0,ads,C,0
34,31.1,177,4,0.0,one-year,0,3,9.0,ads,C,0
35,65.38,242,3,11.8,month-to-month,1,4,7.0,organic,B,0
72,104.14,307,2,0.0,one-year,1,4,7.0,referral,A,0
43,120.62,362,4,2.4,one-year,0,2,7.0,partner,B,0
18,57.13,359,4,7.2,one-year,0,2,7.0,ads,A,0
1,89.24,460,6,9.3,month-to-month,0,2,1.0,partner,B,1
45,65.06,610,1,2.6,one-year,1,4,10.0,organic,C,0
49,149.79,373,4,7.2,one-year,0,3,6.0,ads,B,0
37,122.99,334,3,1.9,month-to-month,0,1,5.0,ads,A,1
12,125.94,579,2,2.0,one-year,0,4,6.0,referral,A,0
33,138.08,421,3,4.1,month-to-month,0,3,2.0,ads,A,0
59,100.45,411,1,0.0,month-to-month,1,6,9.0,referral,A,0
60,115.6,532,1,0.0,one-year,1,3,10.0,organic,C,0
27,123.41,308,8,1.3,month-to-month,1,4,9.0,ads,A,1
17,55.56,348,1,0.0,two-year,1,4,5.0,referral,A,0
28,147.28,408,6,12.3,month-to-month,0,1,6.0,ads,A,1
59,78.57,627,2,2.5,one-year,0,4,10.0,organic,B,0
20,92.93,165,4,5.2,one-year,1,1,9.0,partner,A,0
44,98.91,437,3,0.0,month-to-month,1,2,5.0,referral,B,0
27,86.7,314,5,2.9,one-year,0,3,8.0,referral,A,0
50,71.39,211,2,0.0,month-to-month,1,4,10.0,ads,C,0
31,134.85,332,2,2.6,month-to-month,0,1,7.0,ads,A,0
47,25.68,420,4,4.3,two-year,1,3,3.0,ads,B,0
38,51.96,424,7,5.3,month-to-month,0,2,8.0,referral,B,1
20,150.0,338,5,7.2,two-year,1,4,8.0,ads,B,0
56,47.65,493,2,7.6,month-to-month,1,3,7.0,organic,B,0
3,66.96,193,2,8.6,month-to-month,0,4,3.0,ads,A,1
55,123.53,353,3,5.4,one-year,0,1,8.0,partner,A,0
56,51.98,525,2,7.4,month-to-month,1,1,6.0,ads,C,1
57,120.14,499,2,6.8,one-year,1,4,7.0,organic,B,0
50,137.59,699,4,0.0,one-year,1,5,10.0,referral,A,0
38,27.28,517,4,0.0,two-year,1,6,5.0,referral,C,0
37,142.91,244,1,2.1,month-to-month,1,3,8.0,ads,C,0
37,84.29,550,7,0.0,two-year,0,3,6.0,referral,B,0
30,98.1,360,2,3.6,one-year,1,4,7.0,organic,B,0
33,56.24,618,4,4.7,month-to-month,1,4,8.0,organic,A,0
9,85.61,584,8,7.9,month-to-month,0,2,2.0,ads,C,1
15,125.14,232,3,3.4,one-year,1,1,4.0,organic,A,0
28,124.49,456,5,0.0,one-year,0,2,1.0,ads,B,1
51,60.09,387,2,0.0,one-year,1,3,10.0,organic,A,0
31,110.21,379,4,16.7,month-to-month,0,2,6.0,ads,C,1
17,128.66,650,6,9.1,one-year,0,4,7.0,ads,A,1
29,140.64,436,1,6.6,one-year,1,6,7.0,ads,C,0
70,38.54,542,3,4.7,one-year,1,3,5.0,ads,B,0
13,48.63,504,1,11.1,month-to-month,1,1,6.0,partner,B,0
44,114.66,392,2,2.8,one-year,0,3,7.0,referral,C,0
34,138.38,449,4,1.8,month-to-month,0,1,6.0,referral,A,1
1,30.38,209,6,15.2,month-to-month,0,2,4.0,organic,C,1
55,50.66,359,4,1.7,one-year,0,1,4.0,organic,A,1
44,137.38,407,2,6.5,two-year,0,2,8.0,partner,A,0
23,38.38,403,4,11.5,one-year,1,4,9.0,ads,C,0
18,97.48,397,6,12.3,month-to-month,0,2,6.0,ads,B,1
33,22.86,335,0,0.0,one-year,1,4,8.0,referral,C,0
62,52.78,391,3,9.4,month-to-month,0,4,6.0,ads,A,0
23,55.35,227,1,4.8,one-year,0,2,9.0,organic,B,1
33,21.87,672,4,2.3,month-to-month,1,3,9.0,referral,B,0
16,120.81,250,5,9.3,month-to-month,0,4,9.0,referral,C,0
43,113.78,373,3,0.0,month-to-month,1,4,6.0,referral,B,0
52,20.83,499,3,0.0,two-year,1,3,4.0,ads,A,0
52,31.46,588,4,5.8,month-to-month,0,2,5.0,ads,B,1
37,120.4,592,2,0.0,month-to-month,1,2,8.0,organic,C,0
60,49.1,444,1,0.0,month-to-month,1,4,8.0,organic,C,0
46,94.68,298,3,2.0,one-year,0,4,7.0,organic,C,1
32,142.93,599,1,0.0,month-to-month,0,4,10.0,referral,B,0
66,44.77,403,3,1.8,month-to-month,0,2,6.0,referral,C,0
37,27.03,241,1,8.7,month-to-month,1,2,2.0,partner,A,1
57,96.68,416,1,0.0,one-year,1,5,7.0,organic,C,0
72,61.01,377,0,2.5,two-year,1,4,10.0,referral,B,0
72,105.96,315,1,6.5,one-year,1,3,10.0,referral,B,0
33,145.11,444,4,7.8,month-to-month,0,2,4.0,partner,B,1
27,93.87,146,4,5.8,month-to-month,1,4,4.0,partner,A,0
46,108.66,223,10,8.8,month-to-month,0,3,9.0,referral,C,1
2,49.23,429,2,6.4,month-to-month,0,1,3.0,partner,A,1
60,117.67,339,1,7.0,two-year,0,3,7.0,referral,C,0
52,27.14,402,2,2.1,month-to-month,0,3,10.0,organic,A,0
57,134.11,633,4,7.6,one-year,1,3,5.0,referral,A,0
40,77.89,432,3,1.6,one-year,0,4,6.0,organic,A,0
58,57.38,220,2,2.7,two-year,1,3,8.0,referral,B,0
31,98.4,528,0,7.2,two-year,1,1,3.0,organic,B,0
52,128.54,393,1,0.0,two-year,1,5,10.0,organic,A,0
56,71.93,607,2,0.0,one-year,1,4,8.0,organic,A,0
55,106.54,442,0,0.1,two-year,1,3,5.0,organic,A,0
1,139.52,508,1,7.4,one-year,1,4,5.0,partner,B,0
26,121.05,521,2,0.8,two-year,0,3,9.0,referral,A,0
21,143.53,376,5,0.0,two-year,1,3,6.0,ads,B,0
6,130.2,232,7,4.6,month-to-month,0,3,3.0,ads,B,1
72,66.33,621,2,1.9,month-to-month,1,2,9.0,referral,B,0
69,99.88,515,2,0.0,one-year,1,5,10.0,referral,B,0
47,42.98,477,2,1.2,month-to-month,1,4,7.0,partner,B,0
11,137.81,329,5,0.0,month-to-month,1,2,4.0,ads,B,1
41,62.55,279,1,12.1,month-to-month,1,3,6.0,organic,A,0
13,86.91,383,2,0.0,one-year,0,1,6.0,ads,B,1
62,87.74,573,4,5.7,month-to-month,0,2,9.0,organic,A,1
22,53.76,535,6,3.1,one-year,0,4,5.0,partner,C,1
44,142.02,183,1,2.0,one-year,1,3,7.0,ads,A,0
38,126.72,523,2,2.8,one-year,1,2,6.0,referral,A,0
36,68.13,258,2,0.0,month-to-month,0,4,8.0,organic,B,0
53,56.33,408,1,8.1,one-year,0,1,5.0,referral,C,0
44,81.49,384,3,5.1,month-to-month,1,4,4.0,organic,C,1
63,144.88,795,3,0.0,one-year,1,5,8.0,partner,B,0
23,122.3,208,0,7.5,two-year,0,3,8.0,referral,C,0
57,68.79,293,2,5.5,two-year,1,4,6.0,referral,B,0
49,34.77,141,2,0.0,one-year,1,3,6.0,referral,B,0
62,31.18,487,1,0.0,two-year,1,4,10.0,referral,C,0
25,108.44,651,2,7.4,one-year,1,3,5.0,partner,B,0
65,53.86,560,0,0.0,one-year,0,5,8.0,referral,C,0
34,110.49,192,5,10.1,one-year,0,4,8.0,ads,B,0
22,52.97,442,1,8.6,one-year,1,3,10.0,referral,B,0
19,121.55,554,1,0.6,one-year,1,5,9.0,organic,A,0
64,25.36,378,1,0.0,one-year,1,5,9.0,referral,B,0
72,119.42,264,3,0.0,two-year,0,2,7.0,ads,C,0
20,54.3,539,5,4.5,month-to-month,0,2,8.0,ads,A,0
55,63.96,463,2,1.8,month-to-month,1,3,10.0,partner,A,0
26,38.06,602,5,12.0,month-to-month,0,1,1.0,ads,A,1
1,42.07,524,4,10.7,month-to-month,0,2,6.0,partner,A,0
37,82.44,847,3,6.2,month-to-month,1,4,6.0,ads,C,0
23,113.71,548,5,3.8,two-year,0,2,5.0,ads,C,0
58,81.89,387,2,13.5,one-year,1,4,7.0,referral,C,0
57,105.47,234,2,5.6,month-to-month,0,5,8.0,ads,C,0
45,58.45,332,3,3.9,two-year,1,3,8.0,organic,C,0
14,21.09,413,2,8.0,month-to-month,1,3,6.0,ads,A,1
36,35.1,471,0,3.9,month-to-month,1,4,8.0,ads,B,0
38,91.37,561,2,2.6,one-year,0,4,9.0,organic,A,0
36,67.38,196,2,4.5,month-to-month,1,6,8.0,referral,B,0
59,83.26,618,0,0.0,one-year,0,5,10.0,organic,B,0
48,103.61,353,2,2.3,month-to-month,1,4,6.0,referral,C,0
47,52.29,305,5,0.0,one-year,0,3,8.0,organic,C,0
18,82.12,660,7,14.0,month-to-month,1,3,6.0,partner,C,1
30,96.0,234,1,0.0,month-to-month,0,2,7.0,referral,A,1
32,54.37,258,1,1.4,one-year,0,4,8.0,organic,C,0
29,122.23,306,0,0.0,two-year,0,2,9.0,referral,C,0
31,118.94,389,5,1.0,two-year,1,3,8.0,partner,C,0
37,36.3,591,3,0.4,two-year,0,4,4.0,ads,C,0
16,25.01,573,1,0.0,month-to-month,1,3,8.0,ads,A,0
39,39.99,581,6,10.6,month-to-month,1,1,10.0,organic,B,0
30,105.65,414,4,4.9,one-year,1,4,6.0,partner,B,0
35,55.06,405,2,2.1,one-year,0,4,5.0,partner,A,1
44,82.95,453,3,7.6,two-year,1,1,8.0,organic,A,0
1,124.79,477,5,10.4,month-to-month,1,3,2.0,ads,A,1
34,75.41,443,6,1.0,two-year,0,2,5.0,partner,A,0
3,84.93,522,5,8.3,month-to-month,1,2,6.0,organic,A,0
53,27.7,484,2,4.7,month-to-month,0,2,4.0,ads,C,0
21,133.13,444,7,7.3,one-year,1,4,9.0,referral,C,0
36,23.24,345,3,0.1,one-year,1,4,6.0,referral,B,0
59,71.57,544,1,0.0,month-to-month,1,3,8.0,referral,A,0
44,105.32,350,4,4.9,month-to-month,1,3,8.0,referral,A,0
25,57.91,436,2,1.4,month-to-month,1,4,10.0,referral,A,0
43,96.83,305,4,4.8,two-year,1,3,8.0,ads,A,0
41,60.25,316,4,6.5,month-to-month,1,4,5.0,ads,B,0
30,113.71,206,5,0.0,two-year,1,2,5.0,referral,C,0
35,80.54,323,0,1.1,month-to-month,0,6,9.0,referral,B,0
46,95.63,399,1,0.0,month-to-month,0,5,7.0,referral,A,0
47,105.38,374,1,0.0,one-year,1,1,8.0,referral,B,0
1,93.03,551,4,10.6,one-year,0,3,4.0,ads,C,1
32,118.97,353,2,1.2,two-year,1,1,8.0,partner,A,0
71,80.07,455,2,0.0,month-to-month,1,3,6.0,ads,A,0
35,109.96,450,0,6.4,month-to-month,1,1,8.0,organic,A,0
39,105.54,392,1,0.0,month-to-month,1,2,8.0,ads,B,0
17,135.71,386,1,4.4,month-to-month,0,3,7.0,organic,A,0
30,42.55,467,4,10.5,month-to-month,0,2,6.0,ads,C,1
42,116.49,276,4,9.7,one-year,0,4,5.0,ads,A,0
57,86.43,529,3,0.0,month-to-month,1,3,6.0,organic,C,0
21,23.75,341,3,0.1,two-year,0,4,4.0,organic,B,0
30,143.75,477,4,0.3,month-to-month,0,4,5.0,organic,A,1
58,92.41,416,1,7.2,month-to-month,1,1,6.0,referral,B,0
51,36.39,603,4,6.3,two-year,1,2,6.0,organic,A,1
29,110.01,455,3,11.5,month-to-month,0,2,5.0,partner,B,0
42,89.23,636,0,0.6,one-year,0,4,10.0,partner,C,0
35,30.0,452,1,4.2,month-to-month,0,4,8.0,organic,A,0
70,73.47,481,4,0.0,one-year,1,2,6.0,referral,B,0
35,84.63,297,3,0.0,month-to-month,0,1,5.0,organic,A,0
5,144.18,498,6,9.2,month-to-month,1,2,7.0,ads,C,0
24,103.46,525,4,1.5,month-to-month,1,1,9.0,organic,C,0
53,102.9,278,3,0.0,one-year,1,2,5.0,partner,C,0
36,138.07,258,3,10.4,month-to-month,0,2,8.0,ads,A,0
35,22.69,672,4,2.2,month-to-month,1,2,4.0,ads,A,1
32,71.33,442,4,4.0,one-year,1,5,9.0,organic,A,0
52,80.76,467,5,3.9,month-to-month,1,2,6.0,referral,C,0
60,102.4,585,1,8.7,one-year,0,2,9.0,referral,A,0
34,140.43,414,6,3.2,one-year,0,1,3.0,ads,B,1
62,24.08,316,6,5.9,month-to-month,0,2,6.0,ads,B,0
30,25.68,360,3,4.1,month-to-month,1,4,6.0,referral,A,1
48,69.45,538,0,1.0,month-to-month,1,4,6.0,organic,C,0
22,105.83,231,4,5.2,month-to-month,0,2,2.0,organic,B,1
15,46.38,422,5,7.9,month-to-month,0,2,5.0,organic,A,1
65,93.69,357,4,5.8,month-to-month,1,3,9.0,referral,A,1
58,38.1,488,1,0.0,one-year,1,3,8.0,organic,C,0
32,63.57,519,6,4.9,month-to-month,1,4,3.0,ads,B,0
1,148.61,592,7,7.6,month-to-month,0,3,5.0,organic,C,1
29,54.03,438,0,0.0,one-year,1,4,7.0,partner,B,0
57,116.08,507,1,0.0,month-to-month,1,3,9.0,referral,A,0
19,112.63,271,7,10.6,one-year,0,1,5.0,organic,A,1
29,69.51,321,3,8.1,one-year,0,1,6.0,referral,A,0
72,78.02,590,2,0.0,one-year,1,4,10.0,organic,C,0
14,124.27,283,2,0.0,month-to-month,1,2,6.0,partner,C,1
12,27.8,719,3,5.6,month-to-month,0,4,5.0,partner,B,1
23,117.6,359,1,2.9,month-to-month,1,1,6.0,organic,A,0
12,91.51,425,4,2.6,month-to-month,1,3,2.0,ads,B,1
23,139.75,483,5,10.4,month-to-month,1,1,3.0,partner,A,1
42,86.3,296,2,2.3,one-year,1,2,8.0,organic,A,0
1,83.22,480,5,12.0,one-year,0,1,3.0,ads,B,1
52,135.44,551,5,4.8,month-to-month,0,2,7.0,organic,A,0
20,75.73,346,0,4.3,one-year,0,5,5.0,referral,A,0
3,87.32,323,5,9.7,two-year,0,2,2.0,organic,C,0
1,110.4,568,8,14.9,month-to-month,0,4,7.0,ads,A,1
54,59.84,294,4,6.3,one-year,1,4,5.0,partner,C,0
45,123.4,331,2,3.4,month-to-month,1,2,8.0,referral,B,0
57,121.27,549,2,0.0,month-to-month,0,1,5.0,ads,B,0
64,127.37,516,4,7.9,one-year,1,3,9.0,referral,B,0
72,146.92,570,1,0.0,one-year,0,3,10.0,partner,A,0
44,134.17,287,2,5.7,month-to-month,0,4,7.0,ads,C,0
11,105.97,291,2,8.6,month-to-month,0,4,6.0,ads,A,0
33,47.84,465,5,4.8,month-to-month,1,4,6.0,partner,C,0
48,90.91,489,3,1.2,one-year,0,4,7.0,partner,C,0
44,42.34,445,7,3.2,month-to-month,1,2,6.0,ads,C,0
40,103.85,561,5,0.0,month-to-month,1,4,9.0,referral,C,0
25,121.51,420,6,3.9,month-to-month,0,3,3.0,ads,B,1
4,45.65,436,2,6.5,month-to-month,0,1,2.0,organic,C,1
23,27.95,584,3,3.7,month-to-month,1,3,7.0,referral,B,0
13,20.44,312,5,7.8,month-to-month,0,2,6.0,ads,C,1
29,145.75,460,1,3.6,month-to-month,0,2,2.0,referral,A,1
1,49.6,467,4,12.0,month-to-month,0,3,4.0,ads,A,1
30,95.67,338,3,3.0,one-year,1,3,4.0,ads,B,0
49,55.49,422,6,2.7,month-to-month,0,4,8.0,partner,B,0
28,84.53,417,3,2.2,two-year,1,3,4.0,ads,B,0
29,37.76,339,3,6.7,two-year,0,2,10.0,organic,A,0
35,81.2,251,4,3.5,month-to-month,0,1,6.0,referral,A,1
54,141.94,311,1,1.9,one-year,1,6,7.0,organic,A,0
13,144.3,421,3,10.9,month-to-month,0,4,4.0,ads,A,1
54,74.58,360,2,4.6,one-year,1,2,8.0,organic,C,0
25,104.51,240,5,6.3,month-to-month,0,1,6.0,partner,A,1
43,103.27,638,6,4.6,month-to-month,0,4,5.0,organic,C,1
20,102.95,429,3,10.0,month-to-month,0,3,2.0,ads,A,1
38,89.55,412,1,1.1,month-to-month,1,4,6.0,referral,A,0
25,76.44,229,7,1.1,month-to-month,0,1,7.0,ads,B,0
40,42.9,550,2,4.2,one-year,1,1,8.0,ads,C,0
17,94.71,623,2,10.4,month-to-month,0,2,7.0,organic,C,1
24,24.13,463,5,8.6,two-year,0,2,6.0,partner,C,0
20,140.79,375,2,10.4,month-to-month,0,2,7.0,ads,C,1
30,142.2,414,1,3.0,month-to-month,1,1,10.0,ads,C,0
27,144.56,375,3,8.5,one-year,0,2,7.0,ads,A,0
31,28.57,344,0,4.4,month-to-month,1,4,10.0,referral,A,0
20,69.49,381,4,6.5,month-to-month,0,3,2.0,ads,C,1
36,111.67,488,3,10.3,month-to-month,0,3,7.0,ads,B,0
47,50.53,468,1,1.8,two-year,1,3,10.0,referral,A,0
60,125.27,737,0,8.1,one-year,1,4,7.0,partner,B,0
20,50.74,582,9,1.2,one-year,0,2,7.0,organic,B,1
15,24.91,160,4,1.1,month-to-month,1,5,8.0,referral,A,0
26,61.32,525,3,3.0,month-to-month,0,3,6.0,ads,A,1
27,73.06,777,4,12.2,one-year,0,2,3.0,organic,A,1
30,52.86,560,4,3.8,month-to-month,0,2,4.0,partner,B,0
65,89.13,328,0,0.0,one-year,1,4,10.0,referral,C,0
18,80.87,537,2,0.0,one-year,0,4,7.0,ads,C,0
1,149.72,382,5,8.3,month-to-month,0,1,4.0,organic,B,1
44,138.02,280,3,1.1,two-year,1,5,10.0,referral,B,0
35,133.89,439,2,9.5,one-year,1,4,9.0,referral,C,0
10,30.59,598,6,4.8,month-to-month,0,2,5.0,organic,B,1
14,61.08,577,5,3.8,month-to-month,0,3,4.0,ads,B,1
54,74.43,392,5,8.2,month-to-month,1,3,8.0,referral,B,0
58,110.13,352,3,11.6,month-to-month,1,2,10.0,organic,C,0
24,144.11,618,3,2.7,month-to-month,1,2,4.0,ads,C,1
72,134.26,584,1,0.0,two-year,1,4,9.0,referral,A,0
45,76.63,373,4,6.2,month-to-month,1,2,7.0,referral,A,0
66,21.27,333,0,0.3,two-year,1,3,10.0,referral,A,0
46,110.51,433,1,9.0,two-year,1,3,10.0,referral,B,0
26,121.15,327,1,4.8,month-to-month,0,3,8.0,organic,A,0
42,137.23,621,1,0.0,month-to-month,0,4,9.0,ads,C,0
25,28.31,390,4,2.9,month-to-month,0,3,8.0,referral,C,0
15,121.56,649,5,14.0,month-to-month,0,1,4.0,ads,C,1
42,55.93,290,3,5.2,one-year,0,5,9.0,partner,C,0
47,136.83,284,0,9.2,two-year,0,1,9.0,ads,A,0
28,90.97,430,4,8.0,month-to-month,0,2,8.0,referral,C,0
33,51.16,442,3,2.2,month-to-month,0,3,8.0,ads,B,0
56,144.93,417,1,4.0,month-to-month,1,6,10.0,ads,C,0
47,147.07,315,1,8.5,one-year,1,3,9.0,referral,B,0
3,140.24,391,3,12.4,one-year,0,2,4.0,partner,B,1
28,84.96,355,3,0.0,one-year,1,5,8.0,organic,A,0
55,30.42,206,4,4.5,one-year,1,3,6.0,organic,A,0
5,109.54,351,5,7.1,month-to-month,0,1,6.0,ads,C,1
35,135.05,380,4,1.5,month-to-month,1,4,9.0,referral,B,0
37,119.35,224,5,1.9,month-to-month,0,5,10.0,organic,A,0
32,104.89,535,6,5.1,month-to-month,1,1,5.0,referral,A,1
55,94.15,640,2,3.2,two-year,0,6,10.0,organic,B,0
11,144.49,425,2,3.6,two-year,0,4,3.0,partner,B,1
40,146.86,245,0,7.9,month-to-month,0,4,4.0,organic,B,1
21,104.01,391,4,14.0,one-year,0,3,3.0,ads,A,0
47,54.72,402,6,3.5,month-to-month,0,4,10.0,referral,B,1
63,76.22,448,2,5.0,one-year,1,5,8.0,referral,B,0
32,45.24,655,1,6.7,month-to-month,0,2,5.0,organic,A,1
18,47.08,280,2,0.0,one-year,0,1,8.0,partner,B,0
13,47.52,462,1,2.4,month-to-month,1,1,7.0,organic,A,0
72,21.08,525,7,1.8,month-to-month,1,3,10.0,partner,A,0
19,20.49,518,3,10.9,month-to-month,0,2,5.0,referral,A,1
38,124.18,565,1,0.0,month-to-month,1,2,6.0,partner,B,0
56,79.89,420,1,1.2,month-to-month,1,3,6.0,referral,B,0
66,23.85,417,2,12.3,one-year,0,3,7.0,referral,C,0
7,127.93,444,7,10.2,month-to-month,0,1,2.0,ads,B,1
33,79.71,420,0,7.4,one-year,1,3,5.0,referral,B,0
29,70.22,320,2,0.0,one-year,0,5,10.0,referral,C,0
70,23.73,447,1,0.0,one-year,1,2,8.0,referral,A,0
25,65.71,486,5,0.0,month-to-month,0,3,10.0,ads,B,1
38,22.06,349,2,7.7,month-to-month,1,4,5.0,organic,B,0
34,38.65,482,1,0.0,two-year,0,4,7.0,ads,A,0
37,85.5,324,1,0.0,two-year,1,4,8.0,referral,B,0
20,75.59,377,2,13.8,month-to-month,0,4,4.0,organic,C,1
35,29.0,399,2,5.1,month-to-month,1,5,10.0,referral,C,0
25,25.35,560,1,6.1,month-to-month,0,5,7.0,organic,B,0
65,104.02,460,4,9.2,month-to-month,0,2,8.0,referral,C,0
24,44.23,527,1,8.0,two-year,1,2,7.0,ads,B,0
47,141.56,452,2,6.2,month-to-month,1,4,8.0,partner,A,0
36,95.37,485,2,2.1,month-to-month,0,5,3.0,referral,C,0
29,39.21,388,5,2.3,one-year,0,4,5.0,partner,C,0
16,115.92,423,4,6.2,month-to-month,1,2,5.0,partner,A,0
34,121.05,552,2,5.2,one-year,1,3,10.0,partner,C,0
34,100.92,225,1,9.2,month-to-month,0,3,7.0,referral,B,0
29,113.84,421,2,8.7,two-year,0,3,7.0,referral,C,0
19,143.85,443,5,20.3,one-year,0,2,5.0,ads,B,1
8,45.24,487,3,17.5,month-to-month,1,2,3.0,ads,C,1
38,123.66,445,0,7.5,two-year,0,1,8.0,referral,A,0
21,74.16,432,6,0.4,month-to-month,0,1,7.0,organic,A,1
30,78.13,288,2,6.5,month-to-month,1,5,8.0,partner,A,0
3,101.17,352,3,10.9,month-to-month,1,6,6.0,organic,B,1
29,73.77,586,1,2.7,two-year,0,4,7.0,partner,A,0
72,26.44,634,2,0.0,one-year,0,3,8.0,ads,A,0
28,32.41,512,7,5.8,month-to-month,0,1,4.0,referral,A,1
41,116.17,319,4,9.3,month-to-month,1,2,5.0,ads,C,0
15,45.26,534,3,2.4,month-to-month,1,3,5.0,organic,C,1
27,65.6,512,1,0.9,month-to-month,1,4,5.0,referral,A,0
13,37.45,323,4,4.3,month-to-month,0,2,4.0,partner,C,1
50,81.77,419,4,5.0,month-to-month,0,4,10.0,referral,A,0
70,39.25,841,3,6.5,month-to-month,0,4,9.0,organic,B,0
43,143.68,498,3,9.8,month-to-month,1,4,4.0,referral,A,0
62,147.37,391,3,8.3,one-year,0,3,9.0,ads,C,0
21,38.03,298,3,6.0,month-to-month,0,2,3.0,ads,B,0
57,101.83,436,2,7.1,month-to-month,1,1,8.0,referral,A,0
72,132.22,514,2,5.8,month-to-month,0,3,9.0,ads,C,0
40,80.21,759,2,3.3,one-year,0,4,8.0,referral,B,0
28,21.89,529,2,6.6,one-year,0,3,4.0,ads,C,1
14,28.08,470,2,0.0,one-year,0,3,3.0,ads,B,0
35,104.91,565,1,1.2,two-year,0,4,6.0,referral,C,0
46,105.49,192,2,1.2,month-to-month,1,5,8.0,organic,B,0
72,104.27,248,1,0.0,month-to-month,1,4,10.0,ads,C,0
13,89.46,422,1,5.5,month-to-month,0,3,4.0,organic,B,1
41,142.13,457,2,9.8,month-to-month,0,1,7.0,ads,B,0
15,108.38,105,1,3.8,month-to-month,1,4,6.0,partner,A,0
18,20.54,697,9,12.4,month-to-month,0,5,5.0,partner,A,1
43,95.87,316,4,6.3,one-year,0,1,3.0,ads,A,0
18,111.05,247,4,17.4,month-to-month,0,3,6.0,ads,B,0
51,58.3,500,2,2.3,month-to-month,0,5,7.0,partner,B,0
50,117.49,711,4,0.0,one-year,1,4,9.0,ads,C,0
54,114.86,157,0,4.9,month-to-month,0,2,7.0,referral,C,0
32,50.58,508,4,0.0,month-to-month,0,1,6.0,organic,A,0
24,149.39,149,5,5.5,one-year,0,3,9.0,ads,B,0
25,80.82,448,2,0.0,month-to-month,1,6,9.0,referral,A,0
45,70.35,113,1,0.0,one-year,1,2,9.0,ads,A,0
34,57.67,297,0,5.5,month-to-month,1,3,5.0,partner,B,0
56,118.08,449,2,0.0,month-to-month,1,4,6.0,ads,A,0
48,28.77,551,3,0.0,two-year,0,3,6.0,referral,A,0
15,141.17,533,5,3.3,month-to-month,0,2,3.0,ads,B,1
38,68.29,531,0,7.8,one-year,1,5,8.0,referral,B,0
48,143.1,388,1,4.5,one-year,1,5,10.0,referral,A,0
60,107.82,374,5,1.1,month-to-month,1,4,6.0,referral,B,0
70,94.64,475,2,11.7,month-to-month,0,2,8.0,organic,A,0
51,133.93,389,8,7.6,month-to-month,1,1,4.0,ads,A,0
37,134.97,426,1,0.0,two-year,0,3,9.0,organic,B,0
34,109.45,427,5,0.1,one-year,1,3,6.0,partner,B,0
64,48.02,555,5,2.4,month-to-month,1,4,7.0,ads,B,0
24,29.96,405,7,7.7,one-year,0,4,4.0,partner,B,0
34,109.81,465,5,17.1,month-to-month,0,2,2.0,partner,B,1
1,108.08,408,3,5.9,month-to-month,0,2,5.0,ads,A,1
46,133.3,147,1,0.0,one-year,0,1,9.0,referral,B,0
49,107.32,480,4,7.1,one-year,0,2,7.0,referral,A,1
27,27.27,303,0,3.9,two-year,0,4,6.0,ads,C,0
34,114.39,422,2,1.6,month-to-month,0,2,6.0,referral,A,1
1,60.2,397,4,7.0,month-to-month,1,1,6.0,ads,C,1
51,31.02,481,4,3.2,one-year,0,5,6.0,partner,B,0
43,146.91,246,2,5.2,one-year,0,3,3.0,ads,B,1
30,145.42,606,4,1.7,one-year,1,2,4.0,organic,A,0
48,147.7,462,2,7.1,one-year,0,5,4.0,referral,C,0
32,45.42,392,4,9.4,two-year,1,2,6.0,ads,C,0
72,59.5,432,1,0.0,month-to-month,1,2,10.0,organic,A,0
41,148.04,568,5,1.0,month-to-month,1,3,8.0,ads,B,0
57,105.6,427,2,2.5,month-to-month,1,3,6.0,referral,A,0
51,68.27,417,3,2.5,month-to-month,0,2,6.0,referral,C,0
72,98.31,437,1,0.0,one-year,1,3,10.0,ads,C,0
1,133.25,533,3,3.3,month-to-month,1,3,8.0,referral,B,1
27,113.59,359,1,6.0,two-year,1,4,8.0,referral,A,0
23,58.97,445,3,7.3,month-to-month,0,3,7.0,partner,A,0
47,34.14,448,2,2.2,two-year,1,3,8.0,organic,B,0
13,101.29,495,3,0.0,one-year,1,4,6.0,referral,A,0
1,23.64,549,1,7.7,month-to-month,1,2,4.0,ads,C,1
62,24.69,430,7,6.3,month-to-month,0,3,5.0,organic,A,0
53,78.32,359,1,0.0,one-year,0,3,6.0,ads,C,0
46,114.89,508,1,0.0,two-year,0,5,6.0,referral,C,0
37,65.63,216,1,3.0,one-year,0,3,6.0,referral,B,0
19,21.23,280,2,14.9,one-year,0,1,4.0,partner,A,1
48,146.94,288,5,6.8,one-year,0,4,5.0,ads,A,0
34,57.12,327,1,8.1,month-to-month,1,5,8.0,referral,A,0
60,128.48,239,0,0.0,one-year,1,3,9.0,ads,C,0
25,98.62,544,2,7.4,month-to-month,0,3,5.0,ads,B,1
15,76.27,375,3,0.0,month-to-month,0,1,4.0,referral,A,1
50,71.82,196,6,0.0,month-to-month,0,1,7.0,referral,A,0
46,121.45,264,0,1.8,one-year,1,5,8.0,organic,B,0
51,75.06,461,5,4.9,one-year,0,4,9.0,ads,A,0
27,102.0,208,7,0.0,two-year,0,3,5.0,partner,C,0
67,103.59,434,4,2.9,one-year,0,3,7.0,ads,A,0
16,70.63,416,3,9.2,one-year,0,4,7.0,referral,C,0
5,29.02,401,3,8.9,one-year,1,1,6.0,partner,A,1
12,31.0,419,2,4.5,month-to-month,0,4,7.0,ads,C,1
59,131.35,277,2,0.0,one-year,1,5,10.0,referral,A,0
64,47.27,351,1,4.5,one-year,1,2,8.0,ads,B,0
61,119.2,254,0,0.1,two-year,1,2,6.0,ads,B,0
1,36.86,320,5,6.8,one-year,1,2,5.0,referral,B,0
43,142.69,335,1,5.9,one-year,1,4,7.0,organic,C,0
1,34.03,341,2,6.8,month-to-month,1,4,10.0,referral,C,0
51,21.22,372,3,4.6,one-year,1,2,4.0,ads,A,0
54,118.06,456,6,2.3,month-to-month,0,3,5.0,referral,B,1
46,134.92,402,1,3.7,two-year,1,5,7.0,organic,A,0
38,71.26,369,1,0.0,month-to-month,0,4,5.0,ads,B,0
25,23.72,304,3,12.2,month-to-month,1,3,4.0,ads,A,1
17,131.73,306,0,3.1,month-to-month,0,3,9.0,referral,B,0
19,64.29,461,6,17.2,month-to-month,0,4,3.0,partner,C,1
57,143.93,375,0,0.0,month-to-month,1,5,10.0,organic,A,0
60,123.36,399,1,3.4,month-to-month,1,2,5.0,ads,C,0
24,96.27,606,2,7.0,month-to-month,0,3,3.0,partner,C,1
20,111.45,269,6,0.0,month-to-month,0,3,8.0,ads,C,1
5,101.84,335,4,8.1,month-to-month,1,4,8.0,ads,B,0
27,113.11,597,3,0.0,month-to-month,1,3,9.0,partner,B,0
39,88.11,397,4,7.8,month-to-month,0,3,4.0,partner,A,1
31,96.77,413,1,3.8,two-year,0,3,8.0,referral,C,0
40,82.25,672,6,0.2,month-to-month,0,2,2.0,ads,B,1
72,68.9,734,5,0.0,one-year,1,2,8.0,ads,A,0
26,23.94,581,3,9.3,month-to-month,1,2,4.0,ads,A,0
5,33.95,362,8,4.0,month-to-month,1,2,5.0,partner,B,1
31,33.61,459,5,7.1,one-year,0,3,2.0,partner,A,0
25,82.43,224,7,5.4,month-to-month,0,2,4.0,ads,C,0
65,122.7,433,2,7.8,month-to-month,0,3,6.0,referral,C,0
72,109.57,459,2,2.5,month-to-month,1,5,7.0,organic,C,0
24,46.9,388,6,6.4,one-year,0,5,3.0,referral,C,1
48,118.86,425,5,9.1,month-to-month,1,2,7.0,partner,B,0
27,134.61,646,1,3.4,one-year,0,5,6.0,ads,C,0
36,70.07,382,3,12.0,month-to-month,1,3,4.0,ads,A,0
40,101.47,441,3,2.3,one-year,1,3,9.0,ads,B,0
15,94.17,440,2,3.2,month-to-month,0,5,7.0,organic,B,1
59,139.72,505,4,1.1,month-to-month,0,2,8.0,organic,A,0
36,126.38,414,4,4.5,one-year,0,2,4.0,partner,B,0
39,34.15,396,3,2.1,month-to-month,1,3,2.0,organic,B,0
45,149.85,549,5,4.5,one-year,1,6,6.0,organic,B,0
5,137.59,390,6,4.2,month-to-month,0,2,4.0,ads,B,1
31,30.75,366,3,0.0,one-year,1,2,7.0,referral,A,0
42,146.12,449,4,8.1,one-year,0,5,5.0,ads,A,0
41,25.94,415,2,6.3,two-year,0,3,8.0,ads,A,0
30,123.35,406,3,1.5,one-year,1,1,8.0,ads,B,0
39,100.4,522,2,1.7,month-to-month,1,4,9.0,organic,A,0
25,78.2,337,4,9.1,month-to-month,1,2,8.0,ads,A,1
20,35.85,306,4,6.1,month-to-month,0,3,5.0,organic,A,0
15,74.86,482,4,9.6,month-to-month,1,4,7.0,organic,C,1
40,60.51,505,4,5.2,month-to-month,1,4,10.0,referral,A,0
30,139.27,435,4,9.7,month-to-month,0,1,2.0,organic,A,1
29,82.95,277,2,0.0,one-year,1,4,10.0,partner,C,0
13,67.57,714,6,5.7,month-to-month,0,1,2.0,ads,A,1
32,83.01,480,4,1.2,one-year,1,4,6.0,ads,B,0
20,98.65,475,3,4.2,two-year,0,3,7.0,referral,A,1
62,120.33,271,3,8.4,two-year,0,1,8.0,partner,B,0
49,55.29,365,0,0.0,one-year,1,1,10.0,organic,C,0
12,56.21,488,10,9.1,month-to-month,0,3,3.0,ads,A,1
27,139.53,499,4,0.0,month-to-month,0,3,3.0,ads,C,1
1,76.63,357,9,15.9,month-to-month,0,3,4.0,ads,A,0
52,76.0,668,3,0.7,one-year,0,1,6.0,referral,B,0
25,121.16,485,3,12.3,month-to-month,1,3,8.0,referral,C,0
52,51.13,343,1,1.1,month-to-month,1,5,10.0,organic,A,0
46,43.55,331,1,9.8,month-to-month,1,2,7.0,organic,B,1
70,126.55,316,0,0.0,month-to-month,0,2,9.0,partner,A,0
27,74.34,283,3,0.0,month-to-month,1,3,8.0,organic,C,0
24,96.03,415,1,3.8,month-to-month,0,5,9.0,organic,B,0
40,29.63,459,2,8.4,month-to-month,0,2,4.0,ads,B,1
46,83.62,621,3,5.7,one-year,1,4,6.0,ads,C,0
28,61.67,517,4,14.6,month-to-month,0,3,6.0,ads,B,0
36,83.25,574,1,0.0,month-to-month,1,3,7.0,organic,C,0
28,104.72,355,3,2.8,one-year,0,3,7.0,referral,B,0
48,44.26,467,3,0.0,two-year,1,1,8.0,ads,A,0
17,80.25,421,3,6.9,one-year,0,5,6.0,ads,A,0
14,128.34,270,4,0.0,month-to-month,0,3,10.0,ads,B,0
31,62.63,503,3,0.0,month-to-month,1,3,9.0,ads,C,0
56,38.76,565,2,5.4,one-year,1,1,8.0,organic,A,0
32,82.43,347,5,0.0,month-to-month,0,2,7.0,ads,B,0
61,29.25,575,2,7.4,month-to-month,1,6,6.0,referral,C,0
28,37.34,479,6,0.0,month-to-month,0,2,6.0,ads,B,0
10,45.43,391,4,4.5,two-year,0,2,6.0,organic,A,0
70,138.28,505,1,0.0,one-year,1,3,9.0,ads,B,0
48,106.55,615,1,0.0,month-to-month,0,1,8.0,partner,B,0
51,30.36,665,3,0.3,one-year,1,3,6.0,referral,B,0
40,55.02,444,2,3.5,two-year,1,4,10.0,referral,A,0
48,145.95,564,4,16.0,one-year,1,2,5.0,referral,A,0
68,137.38,628,2,0.0,one-year,1,4,10.0,ads,C,0
42,21.78,428,1,0.7,two-year,0,3,3.0,ads,C,1
12,58.55,487,4,6.5,month-to-month,0,1,7.0,referral,B,1
57,112.34,194,0,0.0,one-year,1,4,7.0,ads,C,0
57,80.95,326,0,3.3,two-year,1,4,6.0,organic,C,0
38,114.72,424,0,0.0,one-year,0,2,7.0,partner,B,0
54,145.74,219,2,4.3,month-to-month,1,4,9.0,organic,B,0
46,46.64,347,0,5.6,month-to-month,0,1,10.0,ads,B,0
36,52.9,586,5,4.5,one-year,1,4,8.0,referral,B,0
1,134.26,419,5,11.1,one-year,0,2,3.0,organic,A,1
23,20.22,592,4,10.0,two-year,0,4,5.0,partner,B,1
43,78.41,501,0,3.2,month-to-month,1,4,10.0,referral,B,0
45,59.5,239,0,4.0,one-year,1,3,10.0,referral,B,0
22,132.15,319,6,5.6,month-to-month,0,6,6.0,ads,A,0
35,73.53,422,4,13.7,month-to-month,0,4,6.0,partner,B,1
72,82.81,480,1,0.0,month-to-month,1,3,9.0,ads,B,0
50,111.16,462,4,0.0,one-year,1,3,8.0,organic,A,0
35,75.59,379,3,9.8,month-to-month,1,3,10.0,organic,A,0
20,59.08,384,3,8.8,two-year,0,1,4.0,ads,C,0
40,66.78,490,4,6.6,one-year,1,3,4.0,referral,C,0
54,132.83,231,2,0.0,two-year,1,5,10.0,organic,A,0
69,66.89,296,1,8.2,two-year,1,4,10.0,ads,A,0
61,135.33,478,0,9.1,month-to-month,1,3,10.0,organic,B,0
5,44.44,349,3,11.4,month-to-month,1,2,6.0,organic,B,1
30,147.81,468,6,8.8,month-to-month,0,1,7.0,ads,B,1
34,135.23,438,4,10.5,month-to-month,0,2,5.0,ads,A,1
41,133.1,170,0,3.3,month-to-month,1,6,8.0,ads,A,0
60,107.27,318,6,4.8,month-to-month,0,3,8.0,ads,B,0
46,93.73,538,2,6.3,month-to-month,1,4,3.0,referral,B,0
30,24.04,331,3,10.7,month-to-month,0,5,8.0,organic,B,0
43,66.63,596,1,0.0,month-to-month,1,4,6.0,organic,A,0
21,24.79,297,6,7.7,month-to-month,0,2,4.0,ads,B,1
4,73.96,647,2,5.8,one-year,1,3,5.0,partner,B,0
51,42.78,376,2,4.0,two-year,1,4,10.0,organic,A,0
4,39.43,518,4,6.4,month-to-month,0,3,6.0,organic,C,1
42,124.86,512,5,1.2,one-year,0,2,6.0,ads,C,0
62,62.36,624,2,1.2,month-to-month,1,3,8.0,referral,B,0
28,74.56,449,6,7.4,one-year,0,1,6.0,ads,A,1
22,143.5,508,4,4.9,month-to-month,1,2,3.0,ads,A,0
42,44.23,362,6,6.4,month-to-month,0,3,5.0,organic,A,0
21,90.44,394,4,10.5,month-to-month,1,2,8.0,ads,A,0
30,146.57,347,2,0.0,two-year,1,5,7.0,organic,C,0
24,149.29,358,1,13.4,month-to-month,0,3,2.0,ads,A,0
63,28.76,54,1,0.0,month-to-month,1,4,10.0,partner,A,0
35,38.71,398,3,1.5,one-year,0,1,8.0,referral,C,0
66,141.21,419,2,1.1,two-year,1,3,9.0,organic,C,0
56,135.6,218,0,4.6,two-year,1,2,8.0,organic,C,0
38,49.86,545,0,0.0,one-year,1,5,8.0,organic,A,0
1,125.77,318,2,19.0,month-to-month,1,1,6.0,organic,A,0
36,103.68,426,3,0.0,month-to-month,0,4,10.0,organic,C,0
21,67.14,521,4,10.0,one-year,0,6,8.0,organic,B,1
40,40.11,368,1,0.7,month-to-month,1,4,8.0,ads,B,0
23,65.49,436,5,5.1,month-to-month,0,1,5.0,organic,A,1
25,96.2,423,2,0.0,month-to-month,1,4,4.0,ads,B,0
72,63.14,451,3,0.9,month-to-month,1,4,10.0,organic,A,0
25,119.76,437,5,7.8,one-year,1,1,5.0,ads,B,1
60,81.08,404,4,6.5,one-year,1,4,7.0,referral,B,0
5,51.19,297,4,0.2,month-to-month,0,3,7.0,ads,B,1
33,136.7,582,9,10.7,month-to-month,0,1,5.0,referral,C,1
47,64.46,436,2,0.0,month-to-month,1,3,8.0,ads,B,0
49,21.0,369,2,7.4,month-to-month,1,3,4.0,referral,A,0
20,123.24,235,4,0.0,two-year,1,5,6.0,ads,C,0
47,36.37,554,0,7.7,one-year,0,4,8.0,organic,A,0
57,141.9,284,4,6.4,one-year,1,4,9.0,partner,B,0
34,26.28,480,3,10.1,month-to-month,0,1,5.0,referral,B,1
11,72.17,393,4,5.9,month-to-month,0,3,7.0,ads,A,1
19,106.42,505,2,1.2,one-year,1,4,4.0,organic,B,1
48,32.39,624,3,0.0,two-year,1,4,9.0,referral,B,0
6,131.56,291,1,4.6,two-year,1,3,3.0,referral,B,1
32,128.92,274,6,3.6,one-year,1,4,1.0,partner,B,1
43,131.34,472,2,4.8,one-year,0,2,6.0,partner,C,0
11,58.1,577,2,10.2,month-to-month,0,2,5.0,ads,B,1
7,30.52,379,5,16.1,one-year,0,4,1.0,ads,C,1
54,125.15,418,4,0.0,two-year,0,1,6.0,organic,C,0
26,134.49,238,2,9.4,month-to-month,0,4,6.0,partner,B,0
1,62.41,553,10,3.2,month-to-month,0,5,3.0,organic,C,1
51,95.09,429,4,7.7,month-to-month,0,2,7.0,referral,C,0
22,119.88,549,3,3.4,one-year,0,4,4.0,organic,C,0
30,118.35,458,3,8.2,month-to-month,0,4,5.0,ads,B,1
45,41.49,398,3,2.1,two-year,0,5,8.0,referral,B,0
20,76.88,552,3,7.0,one-year,1,2,3.0,organic,A,1
25,22.07,443,5,7.1,month-to-month,0,1,3.0,ads,B,1
72,97.97,249,5,2.3,month-to-month,0,2,5.0,organic,C,0
51,40.83,532,4,2.5,month-to-month,1,3,8.0,organic,A,0
40,140.63,601,6,12.1,one-year,0,3,3.0,partner,C,0
46,56.7,326,0,11.6,month-to-month,1,5,5.0,organic,B,0
41,80.97,409,3,9.2,two-year,1,5,9.0,ads,C,0
14,53.21,681,6,12.5,month-to-month,0,1,6.0,ads,A,1
27,86.76,377,1,2.7,month-to-month,1,2,8.0,partner,A,0
51,63.14,284,0,0.0,month-to-month,1,3,8.0,organic,A,0
2,99.95,343,1,7.5,month-to-month,1,5,5.0,partner,C,0
38,135.18,383,0,5.7,month-to-month,1,4,10.0,referral,B,0
51,125.39,568,1,5.2,month-to-month,0,3,10.0,referral,A,0
55,65.15,364,1,4.8,one-year,1,5,6.0,partner,C,0
52,40.63,521,4,3.0,month-to-month,0,1,5.0,ads,B,1
21,95.5,467,4,7.5,month-to-month,1,2,6.0,ads,A,0
38,27.09,428,7,7.0,one-year,1,2,7.0,organic,A,0
58,97.8,422,4,7.0,one-year,1,5,6.0,ads,A,0
12,80.27,127,1,5.9,month-to-month,0,3,7.0,organic,C,0
16,67.5,485,6,14.4,month-to-month,0,3,5.0,ads,B,0
39,41.18,571,1,4.4,month-to-month,1,3,7.0,referral,A,0
36,118.27,343,0,2.3,two-year,0,5,10.0,organic,A,1
25,145.66,574,3,2.8,month-to-month,1,1,3.0,organic,A,1
53,41.42,367,2,8.2,one-year,0,2,6.0,referral,C,0
63,68.63,410,2,2.3,two-year,1,4,9.0,organic,A,0
16,49.48,453,6,14.6,month-to-month,0,2,6.0,ads,B,1
46,149.64,598,5,0.5,month-to-month,1,2,6.0,ads,B,1
21,146.08,171,3,0.1,one-year,1,1,2.0,ads,C,0
70,42.82,510,2,4.4,month-to-month,0,2,8.0,partner,A,0
15,54.27,461,4,5.6,month-to-month,1,2,6.0,ads,A,1
69,36.05,497,0,4.8,one-year,1,6,9.0,ads,A,0
26,101.81,406,5,5.5,one-year,0,4,6.0,organic,A,1
22,73.38,379,2,7.4,month-to-month,0,1,2.0,ads,C,1
26,140.93,690,5,6.4,month-to-month,0,1,10.0,ads,B,0
30,62.78,340,3,7.8,two-year,1,2,2.0,organic,B,0
55,81.69,423,0,3.2,month-to-month,1,4,10.0,partner,C,0
38,119.38,687,2,2.1,month-to-month,0,2,6.0,ads,C,0
55,56.26,545,0,0.2,month-to-month,1,6,7.0,referral,B,0
20,30.25,204,4,3.4,month-to-month,0,2,9.0,ads,A,1
72,86.03,271,0,9.3,month-to-month,1,4,5.0,referral,C,0
48,88.9,550,2,4.7,month-to-month,1,2,8.0,partner,B,0
52,114.87,431,3,9.4,month-to-month,0,4,3.0,referral,B,1
41,94.84,754,2,2.2,month-to-month,0,3,6.0,organic,B,0
12,119.67,446,7,6.0,month-to-month,0,4,3.0,partner,C,1
24,137.62,520,2,2.2,month-to-month,1,3,4.0,ads,B,0
54,115.01,472,1,2.0,two-year,0,5,7.0,ads,A,0
50,125.18,588,0,0.0,month-to-month,1,5,9.0,referral,B,0
10,44.85,702,6,2.1,month-to-month,0,3,2.0,referral,A,1
69,43.32,462,2,0.4,month-to-month,1,3,10.0,organic,C,0
65,70.67,626,0,0.0,month-to-month,1,2,10.0,partner,C,0
23,36.34,520,3,0.0,month-to-month,1,4,7.0,organic,B,0
16,88.72,460,3,0.0,one-year,0,3,6.0,organic,A,0
49,97.75,430,1,4.2,month-to-month,0,4,7.0,ads,A,1
41,58.85,260,3,6.4,two-year,1,2,6.0,partner,C,0
1,149.36,656,2,14.8,month-to-month,1,2,6.0,organic,C,1
16,121.88,438,3,3.3,month-to-month,0,2,5.0,partner,A,1
49,119.18,294,4,0.8,month-to-month,1,4,8.0,referral,A,0
40,103.59,353,3,5.6,month-to-month,0,2,8.0,ads,B,0
42,49.79,280,4,0.0,month-to-month,0,3,9.0,referral,A,0
33,46.11,498,7,10.6,month-to-month,0,1,5.0,organic,C,1
18,41.14,617,2,2.8,month-to-month,1,5,6.0,referral,C,0
43,121.9,339,3,0.0,month-to-month,1,2,5.0,organic,A,0
58,66.47,277,6,10.6,one-year,1,2,9.0,referral,A,0
53,47.72,141,2,7.1,one-year,0,3,8.0,ads,B,0
38,137.45,279,4,0.0,two-year,1,4,6.0,ads,A,0
72,126.71,269,5,4.6,month-to-month,0,3,10.0,ads,A,0
45,23.29,662,5,16.2,month-to-month,1,3,7.0,referral,A,0
55,56.65,225,1,3.1,month-to-month,0,3,5.0,partner,A,0
39,75.02,488,6,6.1,month-to-month,1,3,6.0,referral,C,0
38,47.83,471,2,0.0,two-year,1,3,8.0,referral,A,0
31,80.59,408,4,0.2,month-to-month,1,2,8.0,organic,A,0
41,90.73,368,4,9.7,month-to-month,1,3,9.0,ads,A,0
51,87.62,655,2,2.0,two-year,1,3,7.0,ads,B,0
15,83.84,470,4,7.0,month-to-month,0,3,5.0,referral,A,1
36,130.45,240,0,0.0,month-to-month,1,1,10.0,referral,A,0
39,20.9,378,2,4.0,month-to-month,0,5,6.0,referral,A,0
25,25.11,405,6,9.2,one-year,0,2,8.0,ads,B,0
51,133.49,333,3,2.5,two-year,1,4,10.0,ads,B,0
37,121.42,427,3,3.1,month-to-month,1,2,6.0,organic,C,0
21,115.92,529,1,11.3,one-year,0,2,9.0,referral,B,1
40,55.28,442,2,2.2,two-year,0,2,8.0,ads,A,0
52,32.48,508,1,6.7,month-to-month,0,2,7.0,organic,B,0
41,52.74,494,2,0.0,one-year,1,3,7.0,referral,A,0
6,139.69,522,2,10.5,month-to-month,1,3,6.0,partner,B,0
33,61.28,617,2,0.0,one-year,0,4,5.0,referral,B,0
43,96.24,320,3,1.8,month-to-month,0,4,9.0,organic,B,0
28,90.57,201,0,0.2,one-year,0,4,1.0,organic,A,0
24,25.65,509,3,1.1,month-to-month,0,3,4.0,organic,A,1
30,122.08,687,2,7.1,one-year,1,3,4.0,ads,A,0
46,67.12,437,2,0.3,two-year,1,4,6.0,ads,A,0
36,26.07,281,0,0.0,month-to-month,1,3,7.0,organic,A,0
21,47.44,480,4,1.0,month-to-month,1,1,3.0,partner,A,1
4,76.64,210,9,13.2,month-to-month,0,5,1.0,ads,A,1
57,130.04,438,1,0.7,month-to-month,1,5,8.0,ads,C,0
50,66.19,174,3,0.0,one-year,1,4,10.0,ads,C,0
33,100.54,341,2,10.8,month-to-month,0,3,4.0,ads,C,1
37,87.79,712,2,1.6,two-year,1,5,10.0,referral,A,0
65,66.12,255,8,3.9,one-year,0,4,10.0,partner,A,0
55,34.38,481,1,9.1,month-to-month,1,3,3.0,organic,A,0
3,133.56,503,4,0.0,month-to-month,0,4,5.0,referral,A,1
7,137.52,290,4,6.9,one-year,1,2,2.0,partner,B,1
55,44.3,633,4,4.7,month-to-month,0,5,6.0,referral,B,0
7,29.81,348,6,13.7,month-to-month,1,3,8.0,referral,A,0
25,147.95,425,3,14.2,one-year,0,1,6.0,ads,C,0
54,85.89,412,2,0.0,month-to-month,1,4,9.0,referral,A,0
11,55.66,519,9,9.9,one-year,0,1,4.0,ads,A,1
26,31.91,748,4,10.5,month-to-month,0,1,2.0,partner,B,1
25,101.37,305,3,3.4,month-to-month,1,2,8.0,ads,A,0
6,106.58,468,3,5.9,two-year,0,1,9.0,organic,B,0
57,132.32,578,2,11.6,one-year,0,4,8.0,organic,B,0
47,39.44,286,5,1.3,two-year,1,3,7.0,ads,A,1
72,147.05,376,0,0.0,two-year,1,5,8.0,organic,A,0
1,123.86,536,6,7.2,month-to-month,1,1,7.0,referral,C,1
44,142.26,336,6,2.8,two-year,0,3,9.0,partner,A,0
1,38.86,356,6,9.1,month-to-month,0,5,6.0,ads,C,0
64,128.52,48,7,4.4,month-to-month,1,3,4.0,referral,B,0
51,106.99,316,2,1.4,two-year,1,3,10.0,ads,C,0
36,48.03,195,2,0.0,one-year,1,2,7.0,ads,A,0
30,127.31,417,5,8.9,month-to-month,0,1,5.0,ads,A,0
25,116.87,142,3,3.2,month-to-month,1,5,8.0,partner,A,0
46,101.91,363,6,7.1,one-year,0,3,9.0,ads,A,0
46,148.26,441,2,2.7,two-year,1,1,4.0,ads,B,0
62,99.35,395,3,0.0,one-year,1,3,7.0,partner,B,0
70,98.52,503,2,8.0,two-year,1,3,7.0,referral,C,0
17,100.54,491,3,5.9,one-year,0,1,8.0,ads,B,0
71,90.83,223,2,7.7,month-to-month,0,5,10.0,organic,A,0
53,144.26,417,1,0.0,month-to-month,1,3,10.0,referral,B,0
1,136.79,144,4,4.8,month-to-month,1,2,6.0,partner,B,0
13,113.1,396,3,6.0,month-to-month,0,2,5.0,ads,A,1
58,127.78,310,3,6.7,month-to-month,0,4,5.0,ads,A,0
50,72.16,374,2,0.9,month-to-month,1,4,10.0,ads,A,0
36,146.18,379,3,5.3,month-to-month,0,3,2.0,ads,C,1
29,108.7,481,3,3.2,month-to-month,0,2,8.0,ads,C,1
33,143.49,413,7,9.2,two-year,0,1,6.0,ads,B,0
36,83.9,338,6,3.2,two-year,1,6,5.0,partner,A,0
35,21.25,147,3,11.8,one-year,1,4,9.0,referral,B,0
1,44.75,503,2,11.4,month-to-month,0,1,3.0,ads,A,1
28,111.55,250,1,2.0,month-to-month,0,5,8.0,referral,A,0
39,86.92,210,4,8.5,month-to-month,1,3,5.0,ads,B,1
26,124.25,275,2,2.9,month-to-month,1,2,2.0,ads,A,0
39,60.36,530,2,7.6,month-to-month,1,2,8.0,partner,C,0
41,140.99,399,1,9.0,two-year,1,3,7.0,organic,C,0
41,30.27,496,1,6.3,month-to-month,0,5,3.0,ads,A,1
44,133.04,276,1,4.2,month-to-month,0,4,4.0,ads,B,0
16,101.58,387,2,7.3,month-to-month,1,5,3.0,referral,A,1
45,128.9,665,4,1.2,month-to-month,0,3,8.0,ads,A,0
31,108.55,376,7,2.6,month-to-month,0,2,7.0,ads,B,1
45,131.66,281,3,6.4,month-to-month,1,4,7.0,ads,A,0
19,83.04,347,2,0.0,month-to-month,1,4,9.0,ads,A,0
24,92.13,485,3,6.2,month-to-month,0,5,4.0,partner,A,1
72,21.73,604,2,2.0,one-year,1,6,9.0,referral,B,0
50,120.41,106,1,6.4,one-year,1,3,8.0,partner,B,0
28,34.54,390,4,5.2,month-to-month,0,1,5.0,ads,B,1
64,99.64,339,1,0.0,two-year,1,1,10.0,organic,B,0
19,77.87,375,4,7.6,month-to-month,1,3,8.0,referral,A,0
69,146.09,302,1,3.6,two-year,0,3,6.0,referral,A,0
38,64.17,297,7,5.8,one-year,1,4,3.0,partner,A,0
55,114.0,260,2,0.0,two-year,1,3,8.0,ads,A,0
16,121.81,304,2,7.1,two-year,0,5,7.0,ads,A,0
38,147.55,392,3,0.0,month-to-month,0,1,6.0,ads,C,0
30,41.56,397,4,8.3,month-to-month,0,2,6.0,ads,B,1
43,121.69,484,1,13.3,month-to-month,0,2,1.0,partner,A,1
34,67.34,439,3,3.9,month-to-month,1,4,6.0,ads,B,0
28,71.07,432,1,1.3,month-to-month,0,3,6.0,organic,A,1
34,90.21,524,5,0.0,one-year,1,3,10.0,ads,B,0
27,70.76,267,0,2.1,one-year,1,4,6.0,organic,B,0
5,89.06,336,3,16.2,month-to-month,0,4,4.0,ads,C,0
47,83.51,358,0,3.9,month-to-month,0,3,6.0,ads,B,1
70,33.74,404,2,2.4,month-to-month,1,2,7.0,ads,A,0
27,23.1,529,5,2.1,month-to-month,0,3,6.0,organic,B,0
32,29.48,443,1,2.4,month-to-month,1,4,10.0,referral,A,0
1,109.99,564,5,0.7,month-to-month,0,2,8.0,partner,A,1
50,112.06,620,2,2.8,one-year,1,2,6.0,referral,A,0
55,63.34,361,5,3.9,one-year,0,2,6.0,ads,A,0
39,43.81,194,0,6.3,month-to-month,1,4,7.0,referral,A,0
44,109.55,575,4,0.0,month-to-month,0,5,4.0,organic,B,0
37,41.76,391,1,3.8,month-to-month,1,2,8.0,organic,B,0
60,123.58,386,7,8.0,month-to-month,1,3,10.0,ads,A,0
32,87.91,503,5,5.5,month-to-month,0,4,5.0,ads,B,0
22,24.58,404,6,7.6,one-year,1,3,3.0,ads,A,0
28,65.87,406,4,5.9,month-to-month,0,4,5.0,ads,B,1
17,139.85,419,1,0.0,one-year,1,2,7.0,organic,B,0
18,102.99,297,5,1.3,month-to-month,0,3,5.0,referral,B,1
26,132.32,316,0,3.9,month-to-month,0,1,6.0,referral,B,0
48,117.21,554,2,0.3,two-year,1,2,8.0,referral,C,0
42,110.75,557,6,0.0,one-year,1,3,8.0,organic,B,0
29,27.69,425,6,8.7,month-to-month,0,2,9.0,referral,C,0
36,89.37,390,3,3.9,two-year,0,4,8.0,referral,A,0
13,69.44,504,11,10.5,month-to-month,0,1,2.0,ads,C,1
14,89.91,384,10,13.6,month-to-month,0,1,1.0,ads,B,1
37,64.85,440,2,4.0,two-year,0,4,7.0,ads,B,0
7,146.57,665,1,0.0,one-year,1,2,2.0,organic,C,0
34,141.53,615,3,0.0,month-to-month,0,2,4.0,referral,C,0
59,134.3,259,3,7.4,one-year,0,3,4.0,ads,B,1
48,47.95,442,0,0.0,one-year,1,4,10.0,referral,B,0
23,110.91,270,2,2.0,month-to-month,0,4,6.0,referral,B,1
30,130.69,513,1,4.9,one-year,0,3,9.0,ads,A,0
48,99.46,290,3,0.0,month-to-month,1,3,6.0,referral,B,0
51,122.11,626,3,0.4,one-year,1,2,3.0,ads,A,0
46,89.9,261,4,3.9,month-to-month,1,2,6.0,ads,A,0
33,82.95,282,0,1.4,month-to-month,1,4,10.0,ads,A,0
8,108.29,251,6,0.8,month-to-month,0,3,5.0,partner,C,1
35,57.39,339,2,4.2,two-year,0,4,4.0,ads,C,0
28,136.14,471,4,8.5,month-to-month,0,2,1.0,ads,A,1
20,61.72,556,4,3.8,two-year,0,4,9.0,organic,A,0
29,27.62,308,0,0.5,two-year,0,1,5.0,organic,B,0
47,111.51,520,2,0.0,month-to-month,1,4,10.0,ads,C,0
31,139.07,375,2,12.5,month-to-month,0,3,5.0,ads,A,0
37,68.74,239,2,8.5,month-to-month,1,1,4.0,ads,B,1
59,50.9,545,2,6.4,month-to-month,1,5,10.0,ads,B,0
60,80.49,375,2,0.0,month-to-month,1,5,5.0,ads,B,0
34,131.45,346,4,6.2,two-year,0,4,4.0,referral,C,0
7,99.26,639,3,4.4,one-year,1,1,4.0,ads,B,1
11,90.28,521,0,0.0,month-to-month,0,3,7.0,ads,C,1
23,143.99,740,3,4.0,one-year,1,3,10.0,organic,B,0
29,83.86,388,2,7.2,two-year,1,3,6.0,partner,B,0
35,47.54,458,4,8.8,one-year,0,4,4.0,ads,A,1
46,58.49,278,6,0.0,month-to-month,0,4,4.0,organic,B,0
22,83.09,528,6,8.2,month-to-month,0,3,3.0,organic,C,1
40,73.49,342,1,0.3,month-to-month,1,3,6.0,referral,A,0
40,74.98,265,2,7.1,month-to-month,0,5,8.0,referral,B,0
48,67.72,323,1,0.0,two-year,0,3,10.0,partner,B,0
39,143.45,427,3,6.0,month-to-month,1,1,6.0,partner,B,0
34,20.3,750,2,1.9,month-to-month,1,3,6.0,referral,B,0
3,98.33,439,5,10.9,month-to-month,0,2,3.0,organic,B,1
50,118.63,389,3,5.2,month-to-month,0,2,6.0,organic,A,0
56,92.36,515,1,0.9,one-year,0,4,9.0,organic,C,0
1,132.3,445,2,9.0,month-to-month,0,1,6.0,organic,B,1
46,144.75,212,4,4.3,month-to-month,0,4,5.0,organic,C,0
18,40.17,456,2,8.7,month-to-month,1,1,8.0,ads,A,0
22,66.55,587,4,2.8,month-to-month,1,2,9.0,organic,A,0
43,69.83,390,2,1.9,month-to-month,0,4,6.0,ads,C,0
58,138.05,454,1,0.0,one-year,1,3,8.0,organic,B,0
41,113.59,442,3,0.0,two-year,1,2,6.0,ads,C,0
38,129.15,557,3,0.0,one-year,1,5,7.0,ads,A,0
31,136.42,357,1,0.0,month-to-month,1,5,6.0,ads,C,0
42,21.63,386,4,3.1,one-year,0,2,8.0,partner,B,0
21,60.67,449,1,9.3,month-to-month,0,2,2.0,ads,A,1
72,43.89,349,2,0.0,one-year,0,4,7.0,organic,B,0
48,148.52,315,2,0.0,two-year,0,4,8.0,ads,A,0
27,66.46,503,1,6.6,two-year,1,2,9.0,ads,A,0
19,93.73,550,9,7.5,one-year,0,1,9.0,ads,A,0
31,32.18,339,7,4.5,month-to-month,0,3,4.0,organic,A,1
53,92.1,362,2,5.5,one-year,0,4,5.0,referral,C,0
39,119.6,420,6,4.4,month-to-month,0,2,1.0,organic,B,1
10,107.19,493,8,13.2,one-year,0,1,2.0,partner,C,1
15,93.0,375,0,7.1,month-to-month,0,3,2.0,organic,A,1
26,47.35,359,3,1.8,one-year,0,3,6.0,ads,B,0
32,108.46,482,2,4.6,month-to-month,0,3,5.0,partner,B,1
58,29.28,284,1,7.3,month-to-month,0,5,6.0,referral,C,0
34,36.33,383,4,8.4,month-to-month,0,1,5.0,partner,A,1
7,58.26,0,4,0.0,month-to-month,0,2,7.0,organic,B,1
21,52.14,429,6,1.9,one-year,1,2,6.0,referral,A,0
53,55.38,428,0,0.0,two-year,1,4,8.0,referral,C,0
36,69.44,446,4,0.0,month-to-month,1,3,5.0,organic,C,1
42,28.61,141,2,0.0,month-to-month,0,3,9.0,referral,B,0
56,76.69,323,1,3.6,one-year,1,2,10.0,referral,B,0
34,103.36,506,2,4.2,month-to-month,0,1,10.0,organic,B,0
38,100.29,720,4,3.4,one-year,0,1,6.0,ads,A,0
31,28.36,494,4,5.4,month-to-month,1,3,8.0,ads,A,0
23,66.64,675,1,6.0,month-to-month,1,3,9.0,organic,B,1
14,80.2,603,3,5.7,month-to-month,0,4,6.0,ads,C,1
19,34.97,457,5,5.8,one-year,1,3,5.0,ads,C,1
33,101.46,548,1,4.0,two-year,0,5,6.0,ads,C,0
46,115.66,656,5,0.0,month-to-month,0,3,7.0,referral,B,0
40,21.01,431,0,2.4,one-year,1,3,6.0,partner,B,0
40,128.2,276,1,4.2,one-year,0,2,7.0,referral,A,0
30,99.01,478,1,8.2,month-to-month,0,2,3.0,ads,C,1
40,20.69,391,2,1.3,month-to-month,0,4,8.0,referral,A,0
30,106.03,359,4,2.9,month-to-month,0,1,4.0,ads,B,1
51,126.11,428,2,8.1,month-to-month,0,4,6.0,partner,B,0
43,133.97,327,4,0.4,month-to-month,1,4,8.0,referral,A,0
28,84.68,359,2,2.0,month-to-month,1,3,7.0,ads,A,0
29,66.29,347,4,2.6,two-year,1,3,7.0,organic,A,0
63,64.63,361,0,0.9,two-year,0,3,7.0,organic,B,0
9,29.4,358,4,5.4,one-year,1,3,6.0,organic,B,0
58,53.24,600,3,3.0,one-year,1,4,5.0,ads,A,0
25,46.46,263,2,3.6,one-year,0,5,4.0,organic,A,0
51,102.16,561,3,0.0,two-year,1,4,10.0,organic,C,0
54,41.96,703,6,5.7,two-year,1,4,8.0,referral,C,0
57,110.92,292,0,2.9,month-to-month,1,2,9.0,ads,B,0
21,104.84,412,2,1.0,one-year,0,6,7.0,referral,A,0
7,82.01,405,2,5.2,one-year,0,3,2.0,referral,B,1
42,22.08,201,3,2.1,one-year,1,2,6.0,partner,B,0
71,68.77,483,4,0.0,one-year,0,5,8.0,organic,B,0
59,35.36,461,3,2.1,month-to-month,1,1,8.0,ads,C,0
34,124.46,564,2,5.6,month-to-month,1,2,6.0,ads,A,0
4,131.04,473,3,6.0,one-year,1,3,4.0,referral,A,0
33,25.63,445,1,5.6,month-to-month,0,3,4.0,referral,B,0
42,82.13,331,2,17.4,month-to-month,0,4,7.0,referral,C,1
16,116.89,181,0,9.0,two-year,0,1,2.0,organic,B,0
19,60.26,499,5,0.0,one-year,0,2,5.0,ads,B,1
55,90.11,622,4,1.5,month-to-month,1,4,9.0,organic,B,0
26,127.49,234,4,7.6,month-to-month,1,4,9.0,referral,B,0
64,74.04,513,5,3.0,month-to-month,1,3,8.0,partner,C,0
72,38.45,411,0,0.0,two-year,1,4,10.0,referral,B,0
30,139.9,294,5,0.8,two-year,0,3,5.0,ads,C,0
24,71.08,617,8,6.9,month-to-month,0,3,3.0,partner,C,1
47,65.94,459,1,0.0,one-year,1,1,8.0,organic,C,0
36,99.4,453,2,3.0,one-year,0,3,5.0,partner,B,1
58,127.73,223,4,3.2,one-year,0,1,7.0,ads,A,0
35,145.85,635,5,13.5,month-to-month,0,2,4.0,organic,B,1
44,102.71,329,2,6.0,month-to-month,0,3,6.0,ads,A,0
56,64.8,463,4,0.1,two-year,1,4,7.0,organic,C,0
31,76.99,549,2,5.6,month-to-month,0,1,8.0,ads,B,1
40,108.9,467,4,8.1,month-to-month,1,2,8.0,organic,B,0
47,145.79,531,7,5.5,one-year,1,2,5.0,organic,C,0
47,147.9,555,4,4.5,one-year,1,3,7.0,ads,C,0
35,107.05,725,4,12.1,one-year,0,3,8.0,ads,B,0
53,67.07,252,0,0.0,one-year,1,2,10.0,referral,C,0
43,76.64,421,2,5.1,one-year,1,4,5.0,ads,B,0
23,141.91,620,3,3.5,two-year,0,3,4.0,organic,B,0
23,114.81,415,1,0.0,month-to-month,1,5,4.0,ads,A,0
10,64.02,131,1,0.0,month-to-month,0,2,9.0,partner,B,0
13,87.0,607,2,2.6,month-to-month,1,4,8.0,ads,B,1
17,83.14,440,4,10.7,month-to-month,0,2,5.0,ads,C,1
25,129.69,289,4,4.3,month-to-month,0,2,5.0,ads,A,1
72,21.93,451,0,0.0,month-to-month,1,6,9.0,organic,B,0
45,115.59,490,1,7.1,month-to-month,1,3,8.0,referral,B,0
51,43.29,315,1,0.0,two-year,1,4,6.0,ads,C,0
45,60.78,405,3,1.3,month-to-month,1,3,7.0,organic,B,0
46,106.6,505,4,7.5,one-year,0,2,2.0,organic,C,1
27,125.44,298,3,3.9,one-year,1,4,9.0,ads,C,0
44,115.25,518,6,2.4,two-year,0,4,5.0,organic,B,0
19,56.41,641,6,10.0,one-year,1,1,1.0,ads,A,1
61,87.53,180,2,0.0,month-to-month,0,3,8.0,ads,C,0
72,60.94,446,1,0.0,two-year,1,1,8.0,ads,A,0
56,80.15,482,1,2.4,month-to-month,1,3,7.0,partner,A,0
71,99.8,440,1,0.0,one-year,1,6,9.0,referral,B,0
41,27.61,526,4,4.6,month-to-month,1,5,8.0,ads,A,0
45,144.51,463,1,4.0,one-year,1,4,8.0,organic,B,0
45,91.26,546,2,10.7,month-to-month,0,4,9.0,organic,C,0
53,77.47,528,1,1.1,two-year,1,5,8.0,referral,B,0
33,82.05,288,2,10.1,one-year,0,4,10.0,referral,B,0
54,128.5,225,0,0.0,month-to-month,0,2,7.0,referral,C,0
49,35.36,260,4,5.9,month-to-month,1,3,10.0,organic,A,0
25,137.69,636,3,2.5,month-to-month,0,1,8.0,organic,B,1
47,50.16,334,3,4.7,one-year,1,2,6.0,partner,B,0
36,109.81,438,1,4.3,month-to-month,0,3,8.0,referral,C,0
29,92.34,545,4,12.5,one-year,1,3,4.0,ads,B,0
49,119.22,408,4,0.0,month-to-month,0,1,6.0,ads,B,1
4,39.83,524,3,17.7,month-to-month,0,1,2.0,partner,A,1
54,126.19,506,2,0.0,one-year,1,2,7.0,partner,A,0
57,104.56,339,2,3.5,two-year,0,3,10.0,referral,B,0
15,121.22,269,3,7.9,one-year,0,2,4.0,ads,C,0
33,83.49,536,5,10.6,month-to-month,0,3,4.0,organic,C,0
21,127.62,481,1,0.0,month-to-month,0,4,6.0,ads,A,1
60,121.21,348,2,0.0,one-year,1,3,7.0,organic,A,0
58,41.93,557,1,7.6,two-year,1,4,8.0,referral,B,0
22,145.68,400,1,7.1,month-to-month,0,4,5.0,ads,B,0
59,146.33,458,4,0.0,month-to-month,0,3,6.0,ads,B,1
60,147.79,460,1,0.0,month-to-month,1,2,10.0,ads,A,0
38,32.82,365,3,3.2,month-to-month,1,1,8.0,ads,A,0
46,117.24,305,5,8.4,month-to-month,1,3,6.0,ads,C,0
52,103.2,605,2,2.2,month-to-month,0,5,8.0,partner,B,0
25,146.77,627,1,2.3,one-year,0,1,5.0,referral,C,0
49,99.18,316,2,0.4,two-year,1,4,6.0,organic,A,0
27,108.97,399,2,14.5,month-to-month,0,3,2.0,partner,A,1
7,27.0,510,5,13.4,month-to-month,0,3,4.0,partner,C,1
36,62.53,476,7,8.5,two-year,0,3,4.0,partner,C,1
72,102.07,626,0,0.0,month-to-month,1,4,6.0,referral,A,0
54,58.98,491,0,0.0,one-year,1,4,9.0,organic,A,0
57,75.81,455,2,0.0,one-year,1,3,6.0,referral,A,0
21,131.03,188,3,8.1,month-to-month,1,1,9.0,ads,B,0
1,146.03,184,5,7.8,month-to-month,0,4,3.0,partner,B,1
20,147.48,340,4,5.9,one-year,0,1,5.0,ads,A,1
28,85.58,366,6,5.3,month-to-month,0,1,5.0,partner,A,1
34,80.07,439,4,4.6,month-to-month,1,4,4.0,partner,C,1
37,76.28,539,3,5.5,one-year,1,3,10.0,organic,A,0
44,20.28,408,3,4.8,two-year,0,4,8.0,partner,A,0
55,100.47,353,1,0.0,one-year,0,4,10.0,ads,A,0
25,27.88,499,7,10.8,month-to-month,1,2,4.0,ads,A,1
25,139.17,379,3,0.0,one-year,0,3,4.0,organic,B,1
42,63.01,474,5,4.9,month-to-month,0,3,9.0,organic,B,0
26,86.73,288,2,0.0,one-year,1,5,9.0,referral,A,0
50,137.57,469,3,0.0,month-to-month,1,5,7.0,partner,A,0
5,111.95,352,7,2.4,month-to-month,1,3,10.0,ads,B,1
30,36.6,531,1,7.9,month-to-month,0,1,7.0,organic,B,0
25,110.01,391,3,4.5,one-year,1,4,5.0,ads,C,0
21,97.43,397,1,8.7,month-to-month,0,4,3.0,partner,C,1
21,122.34,325,1,10.2,month-to-month,1,2,5.0,ads,A,0
44,30.63,566,4,1.0,two-year,1,2,10.0,ads,C,0
20,144.7,458,1,10.2,one-year,0,3,6.0,organic,C,0
70,28.11,632,2,0.0,two-year,0,3,10.0,partner,A,0
55,80.83,450,4,0.0,month-to-month,0,3,8.0,partner,A,0
28,109.79,233,8,11.9,one-year,0,2,8.0,referral,B,1
29,113.91,533,3,0.0,month-to-month,1,3,7.0,ads,B,0
28,54.37,565,7,2.7,month-to-month,1,1,7.0,organic,C,0
23,103.36,379,6,9.2,one-year,0,4,7.0,organic,B,0
4,26.75,274,3,0.0,month-to-month,0,3,4.0,organic,C,1
30,64.85,663,1,1.3,month-to-month,0,2,7.0,ads,B,0
59,141.39,447,2,0.8,month-to-month,1,4,8.0,ads,A,0
48,79.57,557,1,5.9,month-to-month,0,4,10.0,referral,C,0
72,131.25,341,2,1.4,one-year,1,3,6.0,referral,A,0
25,38.97,459,1,0.3,month-to-month,1,3,2.0,partner,C,1
51,79.23,405,1,0.0,two-year,0,2,8.0,organic,A,0
19,99.39,398,2,2.4,month-to-month,0,1,7.0,ads,B,0
19,60.43,457,4,0.0,one-year,1,1,5.0,organic,B,0
5,147.31,84,4,6.7,month-to-month,0,1,2.0,ads,B,1
35,86.19,531,4,11.3,two-year,0,5,6.0,ads,B,0
30,56.07,533,6,7.3,month-to-month,0,3,3.0,referral,C,1
35,106.2,347,4,4.1,one-year,1,1,8.0,partner,A,1
58,129.99,481,1,0.0,month-to-month,0,3,6.0,organic,C,0
50,62.19,609,4,0.0,month-to-month,1,3,5.0,ads,A,0
49,78.74,360,7,7.5,month-to-month,0,2,7.0,ads,B,0
40,143.12,440,3,9.2,month-to-month,1,3,6.0,organic,A,0
26,37.81,346,6,10.0,month-to-month,0,3,3.0,ads,C,1
52,44.86,221,4,10.0,one-year,1,2,7.0,referral,C,0
38,149.82,379,4,5.0,month-to-month,0,2,7.0,organic,A,0
44,77.0,350,0,0.0,two-year,1,3,6.0,ads,A,0
44,92.68,482,7,0.5,month-to-month,1,4,6.0,organic,C,0
53,86.88,579,2,3.6,one-year,0,3,6.0,referral,A,0
3,102.02,460,7,7.8,month-to-month,1,2,2.0,partner,C,0
46,78.15,381,3,2.8,two-year,0,3,9.0,organic,C,0
68,65.77,341,2,3.2,month-to-month,1,3,8.0,organic,B,0
1,68.65,565,7,8.6,month-to-month,0,4,3.0,ads,B,1
9,100.75,558,1,8.2,month-to-month,1,2,4.0,partner,B,0
39,76.3,377,4,0.0,one-year,1,5,8.0,ads,B,0
49,74.77,456,2,9.3,month-to-month,0,2,9.0,organic,A,0
7,62.11,468,2,11.7,one-year,0,4,9.0,partner,B,0
30,127.23,329,7,6.1,month-to-month,1,3,6.0,ads,A,0
46,41.18,407,10,2.8,month-to-month,0,3,3.0,partner,A,1
38,98.66,314,1,4.6,month-to-month,0,2,6.0,organic,B,0
64,146.36,622,1,0.0,month-to-month,1,4,10.0,organic,A,0
18,45.22,290,7,8.0,two-year,1,3,4.0,partner,A,0
36,74.24,341,2,0.0,month-to-month,1,4,5.0,ads,B,0
39,113.32,501,6,2.0,month-to-month,0,1,4.0,ads,B,0
31,76.0,422,3,8.0,two-year,0,1,4.0,partner,A,0
28,21.32,403,2,7.1,two-year,0,2,6.0,organic,A,0
35,112.04,580,3,2.7,one-year,1,3,8.0,ads,B,0
70,113.25,467,2,0.2,month-to-month,1,2,8.0,organic,B,0
6,118.07,395,3,4.1,month-to-month,0,1,6.0,organic,C,1
44,86.26,365,3,3.4,month-to-month,1,1,5.0,referral,A,0
39,59.43,319,1,0.0,month-to-month,1,2,9.0,referral,C,0
36,121.45,329,1,2.3,two-year,0,6,6.0,organic,C,0
28,54.72,367,6,16.0,month-to-month,1,3,3.0,organic,B,1
10,46.23,364,3,3.1,two-year,0,3,6.0,referral,A,1
5,54.75,323,2,7.8,two-year,0,3,2.0,referral,B,1
59,53.05,525,2,0.0,one-year,1,2,10.0,referral,C,0
44,65.32,529,0,5.0,one-year,1,5,9.0,referral,B,0
58,149.2,302,0,8.3,one-year,0,4,6.0,ads,A,0
28,34.06,558,3,0.8,month-to-month,1,4,8.0,organic,A,0
45,77.04,341,4,6.3,one-year,1,4,2.0,ads,B,0
25,138.84,218,1,0.0,month-to-month,1,4,10.0,referral,B,0
48,20.88,283,1,0.0,two-year,1,4,10.0,organic,C,0
23,138.98,544,3,14.0,two-year,1,3,7.0,referral,B,1
61,33.18,575,5,2.9,month-to-month,0,1,7.0,referral,C,0
1,77.8,355,6,16.4,month-to-month,1,4,2.0,organic,C,1
33,48.56,503,3,12.5,one-year,1,1,4.0,partner,C,0
20,106.17,390,3,3.3,month-to-month,0,5,5.0,referral,B,1
71,147.94,701,1,0.7,month-to-month,1,5,8.0,referral,A,0
48,121.03,156,5,0.0,two-year,0,4,9.0,ads,C,0
32,117.89,483,2,7.8,month-to-month,0,1,5.0,organic,B,0
34,80.86,471,5,10.0,month-to-month,0,2,4.0,ads,B,1
32,94.85,669,1,5.1,month-to-month,0,5,8.0,ads,A,0
36,89.46,518,1,3.0,one-year,0,3,3.0,ads,B,0
34,67.81,185,8,6.1,month-to-month,0,2,9.0,ads,A,1
52,145.91,375,1,4.0,two-year,1,3,10.0,organic,A,0
52,134.84,484,0,0.0,one-year,1,5,10.0,referral,C,0
34,135.88,328,3,8.3,two-year,1,1,8.0,ads,B,0
46,53.87,399,4,4.6,month-to-month,1,4,8.0,organic,C,0
37,117.39,373,3,4.2,month-to-month,0,2,7.0,ads,C,0
36,92.56,354,6,0.0,month-to-month,0,4,9.0,organic,C,1
5,94.44,391,2,5.6,month-to-month,0,5,4.0,partner,B,1
60,41.61,411,2,3.4,two-year,0,2,8.0,ads,C,0
31,79.13,526,3,0.0,month-to-month,1,2,10.0,organic,C,0
53,84.07,336,3,5.4,two-year,0,3,2.0,partner,A,0
44,109.32,400,2,6.3,one-year,1,5,8.0,organic,B,0
22,98.22,516,2,11.5,one-year,1,4,8.0,referral,C,0
34,51.93,493,3,5.6,one-year,1,3,1.0,ads,B,1
47,28.41,204,1,1.7,one-year,1,4,8.0,organic,A,0
48,129.66,310,6,7.8,month-to-month,1,4,4.0,partner,C,0
20,100.21,339,2,7.1,one-year,0,2,6.0,referral,B,1
33,92.7,342,3,4.3,month-to-month,1,4,5.0,partner,B,0
15,43.97,393,2,0.0,month-to-month,0,4,5.0,ads,B,1
26,143.94,287,1,5.0,one-year,1,1,8.0,ads,C,0
1,110.77,92,5,14.0,month-to-month,0,2,3.0,ads,A,1
36,106.14,299,0,2.6,one-year,0,3,8.0,organic,B,0
26,68.36,536,3,8.1,month-to-month,1,2,7.0,ads,C,0
29,85.08,422,2,5.1,month-to-month,0,3,5.0,ads,C,1
52,118.95,360,3,6.3,month-to-month,1,3,7.0,ads,B,0
34,66.86,437,3,2.7,one-year,1,4,7.0,referral,C,0
71,143.13,429,1,0.0,one-year,0,3,9.0,referral,A,0
39,69.7,758,1,9.9,month-to-month,0,3,8.0,organic,A,1
51,66.73,518,4,1.6,month-to-month,1,4,7.0,referral,B,0
28,80.57,392,6,2.0,month-to-month,0,5,7.0,ads,B,0
9,95.42,538,0,0.0,one-year,1,6,8.0,referral,A,0
47,73.45,530,2,3.0,month-to-month,0,3,8.0,referral,A,1
30,41.19,384,1,2.9,month-to-month,0,2,3.0,partner,C,1
16,74.42,537,6,4.2,two-year,1,2,10.0,referral,A,0
14,101.2,579,4,3.4,month-to-month,0,1,2.0,partner,A,1
69,28.91,386,2,4.6,month-to-month,1,4,10.0,organic,A,0
24,137.03,265,0,1.1,one-year,1,6,8.0,referral,A,0
54,88.63,520,0,0.0,month-to-month,1,2,8.0,referral,B,0
36,91.64,395,6,0.0,month-to-month,1,2,6.0,ads,B,0
23,106.27,450,6,12.7,month-to-month,0,1,10.0,ads,A,1
33,62.8,512,6,1.0,month-to-month,1,3,6.0,organic,A,0
65,60.24,611,8,4.1,one-year,1,3,7.0,referral,A,0
19,51.87,367,5,9.8,month-to-month,0,1,4.0,organic,A,1
55,130.71,373,2,0.0,two-year,0,3,8.0,referral,C,0
30,98.8,468,3,9.6,month-to-month,0,2,5.0,ads,B,1
53,24.44,249,4,5.2,two-year,0,4,5.0,referral,C,0
53,62.66,366,1,2.7,two-year,0,4,10.0,referral,B,0
39,32.08,518,2,4.6,month-to-month,1,2,6.0,ads,C,0
5,38.21,429,4,2.2,one-year,1,2,9.0,organic,A,0
13,99.87,557,4,5.3,one-year,0,4,7.0,ads,B,0
2,28.56,353,3,16.3,month-to-month,0,1,4.0,ads,B,1
56,141.45,597,3,6.1,one-year,1,2,9.0,referral,B,0
50,113.75,427,3,0.0,two-year,1,4,10.0,ads,A,0
26,133.77,401,4,6.6,month-to-month,1,3,3.0,ads,A,0
22,149.3,537,4,9.0,one-year,0,3,8.0,ads,B,0
1,57.04,249,5,11.3,month-to-month,0,3,2.0,organic,A,1
48,117.73,358,2,14.0,one-year,0,3,6.0,ads,A,1
54,98.51,459,3,3.9,two-year,0,1,8.0,referral,A,0
72,142.94,483,1,0.0,two-year,1,5,4.0,ads,B,0
54,113.77,123,0,5.3,two-year,1,4,6.0,referral,A,0
39,90.49,316,3,0.0,month-to-month,0,3,8.0,referral,A,0
55,25.39,410,3,3.1,month-to-month,0,4,6.0,ads,A,0
19,65.23,407,2,11.6,month-to-month,0,4,7.0,ads,B,1
40,50.65,500,3,0.0,one-year,0,3,9.0,organic,B,0
29,43.51,375,3,0.2,month-to-month,1,1,9.0,ads,A,1
19,73.4,287,3,11.0,month-to-month,0,1,4.0,ads,C,0
16,86.23,491,4,6.6,month-to-month,1,1,8.0,organic,A,0
23,74.89,277,5,11.9,month-to-month,0,2,3.0,partner,B,1
5,55.78,352,3,10.0,month-to-month,1,3,6.0,referral,C,1
50,110.62,316,5,3.1,one-year,0,3,6.0,referral,B,0
12,59.15,357,5,11.0,one-year,0,2,7.0,ads,C,0
21,86.76,192,4,9.3,month-to-month,0,1,6.0,referral,A,1
70,127.47,363,1,1.5,month-to-month,1,4,8.0,referral,B,0
45,72.33,536,5,2.7,one-year,1,4,4.0,partner,A,0
64,148.38,392,1,5.6,two-year,1,3,8.0,ads,A,0
32,70.32,122,3,11.1,one-year,1,1,6.0,referral,B,0
29,65.8,226,2,0.0,two-year,0,3,3.0,organic,A,0
21,77.16,277,4,2.5,one-year,0,1,2.0,ads,C,1
32,65.14,388,3,0.0,one-year,0,4,7.0,partner,A,0
19,106.4,197,6,0.0,month-to-month,1,2,2.0,partner,B,0
45,119.76,480,1,7.8,month-to-month,0,4,7.0,ads,B,0
28,56.07,626,4,6.6,month-to-month,1,2,5.0,ads,B,0
9,37.22,562,3,4.7,one-year,0,1,6.0,partner,C,1
72,105.16,496,0,0.0,one-year,1,3,9.0,organic,A,0
39,47.29,537,2,8.8,one-year,0,1,9.0,referral,B,0
55,95.41,594,5,7.2,month-to-month,1,4,9.0,referral,B,0
9,95.01,495,5,11.3,month-to-month,0,1,1.0,partner,A,1
33,60.83,258,3,7.4,month-to-month,0,2,6.0,organic,B,0
44,107.14,587,2,1.1,month-to-month,1,5,9.0,ads,C,0
44,85.41,460,4,3.0,one-year,0,4,6.0,referral,C,0
27,20.29,359,10,12.0,month-to-month,0,1,2.0,ads,A,1
35,100.88,480,5,0.0,one-year,1,3,9.0,partner,B,0
15,61.4,373,2,8.9,month-to-month,0,1,4.0,ads,A,1
49,95.87,358,2,0.0,two-year,1,4,9.0,ads,B,0
5,81.66,657,1,10.0,month-to-month,0,5,3.0,ads,C,1
40,112.79,173,6,5.0,month-to-month,0,1,1.0,organic,C,1
13,39.57,397,3,3.3,one-year,0,3,8.0,ads,B,0
33,72.1,303,6,5.2,one-year,0,1,6.0,partner,C,0
21,66.89,305,2,3.0,one-year,0,4,7.0,referral,A,0
29,103.98,243,3,6.7,month-to-month,0,3,3.0,partner,C,0
28,66.27,397,4,13.2,month-to-month,0,3,2.0,ads,B,1
51,31.45,525,0,0.0,two-year,1,2,10.0,referral,C,0
2,59.24,487,3,7.9,one-year,0,1,5.0,organic,A,0
20,139.28,442,5,13.0,month-to-month,1,3,6.0,ads,A,0
34,133.06,382,2,0.0,month-to-month,0,2,8.0,organic,B,0
1,27.27,310,2,5.8,one-year,0,2,8.0,organic,B,0
43,116.01,422,5,9.8,two-year,1,2,7.0,partner,B,0
40,75.41,508,4,12.1,one-year,0,4,6.0,referral,A,0
32,96.01,375,0,6.9,one-year,1,5,6.0,referral,C,0
44,81.16,326,8,6.9,month-to-month,1,2,6.0,partner,A,0
24,116.31,622,0,6.0,month-to-month,1,3,5.0,referral,A,0
19,62.58,290,4,8.4,month-to-month,0,2,2.0,partner,A,1
19,111.82,535,2,9.5,month-to-month,0,4,8.0,organic,A,0
6,96.93,279,5,3.4,month-to-month,0,1,8.0,organic,A,0
5,134.38,336,1,13.4,month-to-month,0,1,6.0,partner,A,1
24,81.01,542,3,0.0,one-year,0,4,4.0,partner,A,0
33,81.48,453,10,10.7,month-to-month,0,1,8.0,organic,B,0
42,34.27,374,3,6.8,month-to-month,1,2,8.0,partner,A,0
51,26.93,622,4,0.0,one-year,1,3,8.0,organic,A,0
1,78.18,266,5,0.8,two-year,0,2,4.0,ads,A,0
48,89.62,490,7,11.1,one-year,1,3,6.0,ads,B,0
45,38.28,582,3,4.6,month-to-month,0,5,6.0,ads,B,0
49,134.69,425,5,3.5,one-year,0,1,10.0,organic,A,0
35,38.93,436,4,15.2,month-to-month,0,2,4.0,ads,A,1
53,100.76,450,2,3.1,one-year,1,3,4.0,ads,A,0
57,106.51,228,2,9.8,two-year,0,2,10.0,referral,A,0
31,68.9,330,4,16.0,one-year,0,1,5.0,referral,A,0
1,31.22,567,6,16.5,month-to-month,1,1,4.0,partner,B,1
57,73.86,315,0,4.2,one-year,1,1,8.0,ads,A,0
34,28.84,367,1,0.0,month-to-month,1,4,9.0,organic,A,0
67,22.46,255,4,4.5,month-to-month,1,2,5.0,ads,A,0
24,104.83,325,4,7.8,month-to-month,0,1,5.0,ads,B,0
14,84.15,498,4,5.6,month-to-month,0,4,4.0,partner,A,0
39,28.34,241,2,0.0,one-year,1,6,9.0,referral,A,0
28,98.12,189,5,3.0,two-year,1,3,9.0,referral,C,0
46,44.81,548,3,3.0,month-to-month,1,4,10.0,organic,C,0
40,98.07,420,4,8.4,month-to-month,0,4,5.0,partner,A,0
10,123.59,269,3,8.3,month-to-month,0,1,5.0,partner,B,1
28,111.28,488,5,1.7,two-year,1,1,5.0,ads,C,0
15,82.05,275,2,0.0,month-to-month,1,3,7.0,organic,B,1
51,23.19,391,2,2.3,two-year,0,4,5.0,organic,C,0
53,105.0,309,0,0.0,two-year,0,3,7.0,ads,B,0
44,145.48,180,2,1.2,month-to-month,1,2,5.0,partner,B,0
1,35.08,558,4,5.6,month-to-month,1,4,2.0,organic,A,0
34,33.88,325,3,8.4,one-year,0,4,6.0,ads,A,1
39,114.34,603,2,4.1,month-to-month,1,3,10.0,ads,A,0
48,115.7,434,4,6.1,one-year,1,2,8.0,organic,C,0
31,120.67,352,2,5.2,month-to-month,0,1,6.0,ads,B,0
72,145.96,278,0,0.0,one-year,1,4,10.0,organic,A,0
13,32.32,425,4,11.5,month-to-month,0,4,5.0,organic,A,1
1,64.68,485,2,8.7,one-year,0,2,6.0,referral,B,0
54,60.53,546,4,6.1,month-to-month,1,3,6.0,organic,B,0
47,50.05,497,1,0.0,two-year,1,6,8.0,referral,C,0
9,107.6,387,3,9.9,month-to-month,1,5,3.0,ads,B,1
32,63.93,489,1,2.5,two-year,0,3,5.0,ads,A,0
53,37.99,368,2,9.1,one-year,0,6,8.0,ads,A,0
28,106.16,615,3,4.8,one-year,0,4,7.0,partner,C,0
24,42.36,376,6,9.4,two-year,0,5,6.0,referral,C,0
37,133.55,490,1,0.5,two-year,1,3,7.0,referral,A,0
61,122.51,132,4,2.3,month-to-month,0,4,5.0,referral,B,0
48,114.15,484,2,0.0,one-year,0,4,9.0,ads,B,0
37,64.29,470,1,0.0,one-year,1,3,8.0,partner,B,0
25,109.82,671,2,0.0,month-to-month,1,4,8.0,organic,C,0
36,102.74,363,1,2.0,month-to-month,1,2,4.0,partner,C,0
42,58.34,633,2,0.0,one-year,1,2,7.0,partner,A,0
49,30.41,426,2,3.7,month-to-month,0,4,9.0,ads,B,0
39,122.27,618,7,3.2,month-to-month,1,4,8.0,organic,A,0
23,23.08,464,4,0.0,month-to-month,0,3,6.0,ads,C,1
44,47.7,347,3,0.0,one-year,1,4,10.0,referral,A,0
65,59.15,605,1,0.0,two-year,1,4,6.0,ads,C,0
1,36.24,374,6,14.2,one-year,0,3,4.0,organic,B,1
29,41.17,373,2,2.1,month-to-month,0,6,6.0,organic,A,0
37,26.13,455,1,0.0,one-year,0,4,7.0,referral,B,0
45,145.49,424,2,0.0,one-year,0,2,2.0,ads,A,1
38,102.63,492,3,0.7,one-year,1,4,5.0,partner,B,0
38,118.53,453,4,0.0,one-year,1,2,10.0,referral,A,0
15,66.97,494,6,3.5,month-to-month,0,4,2.0,ads,B,1
21,115.85,492,4,10.4,month-to-month,0,2,5.0,ads,C,1
44,95.73,260,0,9.0,month-to-month,0,3,4.0,organic,A,0
72,120.2,163,0,3.6,one-year,0,4,8.0,ads,A,0
9,118.69,456,7,9.8,month-to-month,0,1,5.0,organic,A,1
49,105.39,330,1,3.0,month-to-month,1,4,9.0,organic,C,0
28,111.13,315,7,0.0,month-to-month,1,4,10.0,organic,A,0
24,76.29,385,3,0.6,month-to-month,1,4,8.0,ads,A,0
36,91.46,455,2,5.4,one-year,0,2,6.0,ads,C,0
47,45.34,404,2,10.7,one-year,0,1,5.0,ads,A,0
60,63.88,514,0,0.0,one-year,0,4,6.0,organic,C,0
68,95.86,302,3,0.0,one-year,1,4,10.0,organic,B,0
51,58.79,660,1,3.8,month-to-month,0,3,10.0,ads,A,0
33,80.81,542,2,4.3,month-to-month,1,2,7.0,organic,B,0
1,108.01,379,6,6.1,month-to-month,1,5,4.0,organic,B,1
41,147.12,685,1,3.2,one-year,1,2,5.0,referral,B,0
17,92.89,116,5,17.9,two-year,1,2,6.0,partner,A,1
37,100.86,556,1,0.0,two-year,1,1,8.0,referral,B,0
17,29.58,426,6,12.4,month-to-month,1,3,5.0,partner,B,1
20,77.16,578,3,16.2,month-to-month,0,3,6.0,referral,A,0
12,108.76,357,3,11.8,two-year,0,4,4.0,organic,C,1
18,46.93,272,3,7.1,month-to-month,0,1,4.0,organic,A,1
29,43.65,451,1,3.2,month-to-month,0,1,5.0,referral,A,1
51,145.7,355,0,0.0,month-to-month,1,3,7.0,referral,A,0
11,24.48,455,2,0.0,one-year,0,4,4.0,referral,C,0
15,139.71,466,2,8.4,one-year,0,3,4.0,ads,C,0
30,140.96,213,0,0.0,month-to-month,1,4,7.0,organic,C,0
47,112.42,537,1,0.0,one-year,1,4,7.0,referral,B,0
30,29.12,51,1,6.1,month-to-month,0,5,9.0,referral,A,0
6,85.58,809,4,3.1,month-to-month,1,3,5.0,ads,B,0
30,36.21,454,3,0.0,month-to-month,1,3,8.0,organic,C,0
64,24.48,328,2,3.2,month-to-month,1,3,8.0,ads,A,0
9,117.26,207,4,0.4,month-to-month,0,3,5.0,referral,A,1
47,120.71,497,3,10.8,month-to-month,1,1,5.0,ads,B,0
62,36.57,471,3,3.1,two-year,1,2,7.0,referral,B,0
38,97.95,409,4,7.1,month-to-month,1,3,8.0,referral,A,0
24,142.64,372,1,2.1,month-to-month,1,5,8.0,organic,A,0
32,44.12,507,6,0.3,one-year,1,1,5.0,referral,B,1
26,107.28,126,1,0.0,month-to-month,1,5,6.0,referral,C,0
12,148.52,247,0,2.3,month-to-month,1,4,4.0,partner,A,0
20,72.32,496,4,10.3,month-to-month,0,1,8.0,partner,C,1
35,27.24,357,3,7.1,two-year,0,3,8.0,partner,A,0
21,64.78,515,3,7.2,month-to-month,1,1,6.0,ads,A,1
35,141.96,288,3,1.6,one-year,0,3,7.0,referral,C,0
52,72.69,407,2,7.6,two-year,0,4,4.0,organic,C,0
8,95.26,354,1,9.5,one-year,0,3,5.0,partner,A,1
19,28.02,631,1,5.4,month-to-month,0,3,6.0,ads,C,0
44,118.85,368,4,5.0,month-to-month,1,3,4.0,referral,B,1
29,118.86,558,5,2.3,month-to-month,1,5,5.0,organic,A,1
25,96.11,457,1,3.3,month-to-month,1,3,4.0,ads,A,0
36,33.51,300,1,5.6,month-to-month,1,4,7.0,ads,B,0
29,95.88,472,0,0.0,month-to-month,1,4,6.0,referral,A,1
39,20.38,459,4,0.0,month-to-month,1,1,8.0,partner,B,0
20,146.56,240,6,1.8,one-year,0,4,5.0,ads,C,0
22,102.02,371,6,2.5,month-to-month,0,4,7.0,organic,B,0
3,35.21,424,4,7.1,two-year,0,4,7.0,referral,C,0
44,22.01,612,1,1.4,month-to-month,1,3,7.0,referral,A,0
13,50.73,526,5,5.9,one-year,0,2,6.0,referral,B,1
29,123.24,364,3,5.5,one-year,1,3,6.0,referral,A,0
52,64.14,219,0,0.1,two-year,0,2,8.0,ads,B,0
44,128.3,582,2,0.0,one-year,1,4,10.0,referral,A,0
25,44.06,494,4,3.4,month-to-month,0,1,5.0,partner,A,1
46,133.51,215,0,0.0,month-to-month,0,4,7.0,partner,A,0
27,88.68,232,3,5.0,two-year,1,3,4.0,referral,B,0
59,125.22,328,6,0.0,one-year,1,4,8.0,ads,B,0
10,48.85,611,3,4.2,month-to-month,0,3,6.0,ads,B,1
47,117.39,306,1,4.0,month-to-month,1,4,7.0,referral,A,0
53,143.15,317,4,2.4,one-year,0,2,6.0,ads,A,0
42,69.31,89,7,5.6,two-year,0,3,6.0,ads,B,0
34,139.07,395,1,0.0,month-to-month,1,5,4.0,referral,A,0
27,33.17,691,5,3.3,two-year,0,5,8.0,referral,A,0
22,77.06,529,1,3.0,month-to-month,0,3,7.0,organic,C,0
49,52.76,473,5,5.8,one-year,0,1,6.0,referral,B,1
24,53.27,342,3,3.1,month-to-month,1,2,4.0,referral,A,0
40,68.93,215,3,0.0,one-year,0,4,7.0,referral,B,1
33,88.79,519,2,7.1,month-to-month,0,4,4.0,referral,B,0
63,61.06,392,3,5.7,month-to-month,1,5,8.0,referral,B,0
29,66.99,482,5,4.2,two-year,1,2,6.0,ads,A,1
7,78.32,171,6,10.8,month-to-month,0,4,7.0,ads,B,1
4,51.0,496,4,14.6,month-to-month,0,2,5.0,partner,A,1
30,124.52,679,1,6.4,month-to-month,0,3,8.0,ads,A,0
35,121.68,320,2,6.9,month-to-month,0,4,8.0,ads,A,0
1,66.31,73,0,5.4,month-to-month,1,4,5.0,partner,C,1
1,95.26,578,4,16.8,month-to-month,0,1,3.0,ads,A,1
59,37.69,11,1,1.9,one-year,0,2,7.0,ads,C,0
41,127.43,583,0,0.0,month-to-month,1,4,10.0,organic,A,0
56,118.48,411,4,5.0,month-to-month,1,2,7.0,partner,B,0
36,141.77,748,0,0.0,one-year,0,4,9.0,organic,B,0
34,122.11,242,1,5.4,one-year,1,3,6.0,ads,C,0
72,92.05,470,1,3.3,one-year,1,6,7.0,partner,B,0
39,68.56,174,1,1.8,one-year,0,1,7.0,referral,B,0
15,64.78,611,3,4.8,one-year,0,2,5.0,referral,C,0
25,26.81,505,2,6.1,month-to-month,0,3,2.0,organic,A,1
26,104.16,474,6,0.0,one-year,0,4,6.0,ads,B,0
20,133.74,550,2,3.3,one-year,1,2,5.0,organic,A,1
28,106.4,222,0,2.8,month-to-month,0,2,9.0,organic,C,0
31,67.22,493,6,0.0,month-to-month,0,4,7.0,referral,A,0
51,144.35,669,2,0.0,month-to-month,1,4,1.0,ads,B,0
37,90.65,260,5,13.6,month-to-month,1,3,6.0,referral,B,0
12,83.02,556,3,0.0,one-year,0,3,7.0,ads,A,1
35,38.09,514,5,0.0,month-to-month,1,3,7.0,referral,A,0
22,38.49,332,3,8.1,month-to-month,1,2,3.0,partner,A,1
46,69.27,417,1,3.1,month-to-month,0,3,8.0,referral,B,0
66,98.95,763,2,0.0,month-to-month,1,3,8.0,organic,B,0
26,44.21,484,4,6.6,one-year,0,1,2.0,ads,C,1
50,141.75,688,4,3.1,two-year,0,3,6.0,partner,A,0
57,50.32,395,0,0.0,month-to-month,0,5,10.0,referral,B,0
12,144.55,495,3,6.4,one-year,1,3,8.0,partner,B,0
63,71.79,381,2,2.0,month-to-month,0,4,8.0,referral,B,0
42,51.63,478,0,0.0,one-year,0,3,5.0,ads,C,0
56,44.76,314,2,0.0,month-to-month,0,2,7.0,ads,B,1
41,141.87,221,2,3.2,one-year,1,3,8.0,referral,A,0
51,93.74,352,5,5.4,month-to-month,0,3,7.0,referral,A,1
47,23.66,665,3,7.6,month-to-month,0,2,5.0,referral,C,0
20,92.52,150,3,6.3,month-to-month,0,1,7.0,referral,A,0
33,134.0,444,0,1.5,month-to-month,0,4,8.0,referral,A,0
46,38.72,405,1,0.7,two-year,1,5,7.0,ads,C,0
14,67.19,439,2,4.8,month-to-month,1,1,6.0,ads,B,0
24,115.42,297,1,3.5,one-year,1,4,6.0,partner,B,0
38,48.26,566,0,0.0,one-year,1,3,8.0,organic,C,0
34,144.47,412,4,4.7,one-year,1,3,5.0,ads,A,1
42,112.35,707,3,2.2,month-to-month,1,3,9.0,ads,B,0
20,55.57,273,2,10.2,month-to-month,1,3,5.0,organic,A,0
55,45.45,525,6,5.1,one-year,0,2,3.0,organic,B,0
56,145.85,425,3,8.8,month-to-month,1,4,10.0,organic,A,0
17,94.78,367,3,12.8,one-year,0,2,6.0,organic,A,1
1,104.98,233,7,4.5,month-to-month,0,4,2.0,ads,A,1
31,126.61,701,4,5.1,one-year,0,3,5.0,partner,A,0
8,58.62,322,2,3.8,month-to-month,0,2,2.0,organic,A,1
40,68.26,494,4,4.3,one-year,0,5,4.0,referral,C,0
22,66.93,341,6,8.4,one-year,0,3,10.0,ads,B,0
26,69.95,571,2,3.0,month-to-month,0,6,7.0,ads,C,0
53,135.59,294,4,2.8,one-year,0,2,4.0,organic,C,0
53,145.11,636,3,1.0,one-year,0,5,10.0,organic,A,0
49,49.97,292,1,1.8,month-to-month,0,4,10.0,ads,A,0
48,110.35,447,5,1.1,two-year,1,4,9.0,referral,A,0
41,130.54,434,4,10.0,month-to-month,1,3,5.0,organic,A,0
16,23.12,376,1,3.2,two-year,0,3,9.0,ads,A,0
20,73.1,300,5,2.2,month-to-month,0,3,6.0,ads,B,1
28,116.31,380,4,0.0,one-year,0,2,7.0,ads,B,0
33,29.4,451,4,5.1,one-year,0,1,2.0,ads,B,0
33,102.5,283,2,0.0,one-year,0,4,8.0,organic,C,0
58,49.86,316,0,0.0,two-year,1,6,10.0,referral,C,0
67,31.49,265,0,0.8,month-to-month,1,4,8.0,referral,B,0
31,27.67,423,3,13.2,one-year,0,1,3.0,ads,A,1
1,92.79,696,4,3.2,month-to-month,0,4,6.0,partner,A,0
55,80.06,438,1,5.0,month-to-month,0,3,6.0,organic,A,0
36,61.58,286,1,9.5,month-to-month,0,5,5.0,partner,C,0
17,119.55,416,3,7.7,one-year,1,1,5.0,ads,B,0
24,69.97,512,4,0.0,month-to-month,0,5,10.0,ads,A,0
7,112.0,471,4,7.6,month-to-month,0,2,7.0,ads,C,1
14,95.96,512,5,5.1,month-to-month,0,5,4.0,organic,A,1
27,125.17,213,1,4.1,month-to-month,1,4,10.0,ads,C,0
3,67.25,502,3,7.8,one-year,1,3,6.0,partner,A,0
27,104.69,491,4,1.3,one-year,1,3,8.0,organic,A,0
24,67.31,301,1,8.4,month-to-month,1,2,5.0,ads,C,0
58,94.94,713,3,0.0,one-year,0,4,8.0,referral,B,0
35,63.24,188,2,0.0,month-to-month,0,3,5.0,partner,A,1
32,84.05,613,5,0.0,two-year,1,3,8.0,organic,C,0
20,82.92,366,2,6.5,month-to-month,1,4,5.0,referral,C,0
37,23.3,388,3,9.8,month-to-month,1,4,4.0,referral,C,0
23,66.85,472,2,4.3,month-to-month,1,4,7.0,referral,A,0
53,122.96,194,2,6.0,month-to-month,1,4,6.0,referral,B,0
30,102.23,780,0,8.0,month-to-month,1,3,9.0,referral,C,0
35,100.75,450,0,0.0,one-year,1,1,6.0,ads,A,0
29,22.03,240,0,1.6,month-to-month,1,4,7.0,organic,B,0
44,62.48,381,1,7.4,month-to-month,0,2,7.0,referral,A,0
67,110.84,412,0,2.5,one-year,1,4,9.0,referral,A,0
48,71.0,440,2,0.0,two-year,1,3,8.0,partner,B,0
53,69.62,312,4,12.7,one-year,0,3,4.0,organic,C,1
10,76.59,571,4,2.2,one-year,0,4,7.0,ads,A,1
16,27.53,581,4,5.9,two-year,0,2,4.0,ads,B,0
18,56.97,679,4,3.0,one-year,0,1,6.0,partner,A,1
1,45.16,466,2,8.7,one-year,0,3,6.0,partner,B,1
20,54.29,575,3,1.0,one-year,0,1,4.0,ads,C,0
68,54.87,647,0,2.7,two-year,1,4,8.0,referral,C,0
34,93.5,184,2,0.0,month-to-month,0,2,8.0,referral,B,0
1,61.51,715,5,7.7,month-to-month,0,2,1.0,partner,A,1
25,141.32,520,3,5.5,one-year,1,4,10.0,organic,B,0
37,65.23,332,1,9.8,month-to-month,1,4,10.0,organic,C,0
25,51.29,396,3,3.0,month-to-month,1,3,3.0,ads,B,0
54,131.29,360,0,8.0,one-year,0,5,4.0,organic,A,0
1,131.85,260,3,11.8,month-to-month,1,2,5.0,ads,B,0
24,105.29,597,3,7.0,month-to-month,1,1,4.0,ads,A,1
70,52.45,685,3,0.0,one-year,1,3,10.0,organic,B,0
26,47.79,154,2,10.4,month-to-month,1,6,7.0,organic,A,1
1,73.68,654,3,8.9,month-to-month,0,1,4.0,partner,A,1
54,120.04,415,2,6.1,one-year,0,4,5.0,organic,C,0
46,128.49,495,3,0.0,one-year,0,3,9.0,referral,A,0
63,124.17,283,1,0.0,two-year,1,5,10.0,referral,B,0
10,49.7,410,3,1.5,one-year,1,1,8.0,organic,C,0
54,50.55,604,0,5.8,month-to-month,0,2,8.0,referral,B,0
37,29.65,252,3,0.0,one-year,0,4,6.0,referral,B,1
30,24.47,505,1,1.6,one-year,0,4,9.0,partner,C,0
16,38.63,556,4,6.2,month-to-month,1,4,5.0,partner,A,1
64,137.86,357,2,0.0,two-year,1,2,9.0,ads,B,0
36,71.46,276,7,0.0,month-to-month,1,4,6.0,referral,A,0
43,100.81,396,3,2.2,one-year,0,3,3.0,organic,A,1
39,55.05,650,2,2.6,one-year,1,3,8.0,ads,A,0
22,110.38,515,6,10.2,one-year,0,2,2.0,referral,B,1
15,93.47,574,3,4.8,two-year,0,2,4.0,ads,B,0
63,21.98,154,3,5.5,two-year,1,2,6.0,referral,B,0
12,61.83,366,5,1.7,two-year,1,4,3.0,ads,A,1
57,48.29,393,2,0.1,month-to-month,1,5,6.0,partner,A,0
44,141.26,264,2,0.0,month-to-month,1,3,7.0,organic,A,0
64,24.05,352,0,0.0,month-to-month,1,4,7.0,organic,B,0
57,110.99,448,7,0.0,one-year,1,3,6.0,ads,B,0
47,39.87,316,1,0.0,one-year,0,6,6.0,organic,B,0
49,39.52,368,1,0.0,one-year,1,2,7.0,organic,B,0
63,31.85,538,4,6.4,month-to-month,0,3,6.0,referral,C,0
35,135.37,340,2,5.4,month-to-month,1,3,4.0,ads,A,0
9,146.06,547,4,11.1,month-to-month,0,2,5.0,ads,C,1
36,100.18,384,2,0.0,one-year,0,5,5.0,referral,B,0
16,147.13,317,4,7.4,month-to-month,1,4,8.0,partner,B,0
36,143.15,598,2,3.2,one-year,1,3,5.0,ads,C,1
65,144.23,437,4,7.9,one-year,0,5,10.0,referral,B,0
19,82.79,63,3,7.0,month-to-month,1,1,6.0,partner,B,1
7,27.25,149,1,11.7,month-to-month,1,5,6.0,organic,B,0
64,120.46,314,4,12.4,two-year,0,4,9.0,organic,A,0
13,125.53,359,2,4.7,one-year,1,4,3.0,referral,A,1
12,46.4,454,3,11.3,one-year,0,2,8.0,organic,A,1
36,117.52,435,3,1.9,one-year,1,2,5.0,ads,A,0
42,112.61,295,3,8.7,month-to-month,1,3,7.0,ads,A,0
24,134.25,409,5,8.3,month-to-month,0,1,3.0,organic,A,0
31,122.38,369,3,7.3,one-year,1,5,5.0,ads,B,1
72,41.55,345,1,1.2,two-year,1,4,9.0,ads,C,0
29,38.58,340,1,5.3,month-to-month,1,4,6.0,partner,C,0
48,65.08,801,4,0.0,month-to-month,1,4,6.0,referral,A,0
41,113.52,258,5,0.2,month-to-month,1,5,6.0,ads,B,0
16,104.29,285,3,8.9,month-to-month,1,2,3.0,organic,C,0
26,40.02,388,4,6.5,one-year,1,3,10.0,organic,A,1
72,90.47,604,3,6.4,one-year,0,4,8.0,organic,B,0
31,51.11,402,3,1.4,two-year,1,2,8.0,partner,C,0
35,145.94,447,6,0.3,month-to-month,1,3,7.0,referral,B,0
26,56.87,682,3,5.7,month-to-month,0,3,3.0,referral,A,1
25,146.49,460,4,0.0,two-year,1,2,6.0,referral,B,0
21,40.7,286,2,3.3,one-year,1,1,7.0,referral,A,0
34,36.38,590,3,1.4,month-to-month,1,1,10.0,referral,B,0
48,58.28,423,2,6.3,month-to-month,0,5,9.0,ads,C,0
45,86.78,375,3,0.2,month-to-month,1,5,10.0,organic,B,0
30,125.92,281,0,5.9,two-year,1,4,5.0,referral,B,0
1,149.98,427,2,4.6,month-to-month,0,2,4.0,ads,A,1
63,80.14,297,4,8.8,two-year,0,2,6.0,organic,A,0
26,138.5,409,5,6.8,month-to-month,0,3,5.0,ads,A,1
72,138.37,380,0,0.0,two-year,1,3,10.0,referral,B,0
19,28.51,563,0,8.3,one-year,1,4,2.0,organic,A,1
61,125.26,233,0,0.0,one-year,0,5,10.0,organic,B,0
43,75.9,304,5,5.7,month-to-month,0,2,1.0,partner,B,1
14,71.6,497,3,5.5,two-year,0,2,2.0,partner,A,0
35,70.61,344,3,6.9,one-year,0,2,4.0,ads,C,1
5,132.52,309,5,0.0,one-year,0,3,5.0,ads,C,1
63,74.77,428,5,4.1,one-year,1,1,3.0,organic,B,0
32,103.45,368,6,8.9,month-to-month,0,5,4.0,ads,A,0
20,111.23,229,4,6.4,one-year,1,2,7.0,ads,B,0
45,112.5,124,3,1.0,two-year,0,2,8.0,organic,B,0
43,73.76,604,2,2.2,one-year,1,5,9.0,referral,C,0
41,54.69,500,2,1.5,one-year,1,3,6.0,referral,A,0
6,104.47,620,0,0.0,month-to-month,1,3,7.0,partner,B,0
36,104.64,209,4,9.6,two-year,1,3,6.0,referral,A,0
28,65.39,693,2,15.9,month-to-month,0,2,4.0,organic,B,1
32,23.25,402,4,13.0,month-to-month,0,2,5.0,organic,B,1
33,108.21,179,3,2.1,month-to-month,1,3,4.0,ads,C,1
10,64.78,514,4,4.0,month-to-month,0,4,6.0,ads,C,1
24,52.61,326,6,13.0,month-to-month,0,2,4.0,ads,A,1
26,98.84,611,1,1.1,month-to-month,1,3,8.0,organic,B,0
61,134.66,267,0,2.0,one-year,1,5,10.0,ads,C,0
13,82.49,548,1,0.0,month-to-month,0,1,8.0,partner,A,1
66,132.34,211,1,2.7,month-to-month,0,4,8.0,ads,A,0
43,139.45,382,3,6.3,month-to-month,0,4,4.0,organic,A,1
6,142.34,521,4,13.6,month-to-month,1,2,7.0,ads,C,1
53,70.78,589,2,5.4,month-to-month,1,3,5.0,referral,A,0
45,92.31,119,2,3.0,month-to-month,1,3,8.0,ads,B,0
22,22.8,467,1,11.4,one-year,1,3,4.0,organic,B,1
3,118.27,542,2,3.7,month-to-month,0,3,8.0,organic,B,0
52,135.81,344,3,7.2,month-to-month,0,3,10.0,organic,A,0
12,51.74,352,7,9.2,month-to-month,0,4,2.0,referral,B,1
43,148.54,107,2,9.3,month-to-month,1,2,6.0,ads,A,0
24,30.81,448,4,18.9,one-year,0,2,6.0,partner,B,0
27,57.49,395,6,0.0,month-to-month,1,4,8.0,partner,B,0
50,111.95,332,0,1.7,month-to-month,0,3,6.0,partner,A,0
36,97.26,352,5,10.8,month-to-month,1,3,4.0,ads,B,1
1,146.98,295,2,9.8,month-to-month,0,2,5.0,partner,A,1
26,121.33,463,2,5.3,one-year,0,3,9.0,organic,A,0
1,56.18,426,6,12.9,month-to-month,1,5,2.0,partner,A,1
25,94.3,470,5,0.0,one-year,1,4,7.0,ads,C,0
49,148.02,431,2,8.1,month-to-month,1,4,10.0,organic,C,0
43,109.43,516,3,9.1,two-year,1,3,5.0,referral,B,0
58,60.02,597,1,6.1,month-to-month,0,6,6.0,referral,B,1
68,48.59,288,1,0.0,one-year,1,1,6.0,referral,A,0
55,90.09,291,2,5.9,one-year,1,4,8.0,ads,C,0
46,75.44,374,1,3.8,month-to-month,0,3,4.0,ads,C,0
39,96.5,324,1,13.5,month-to-month,0,3,6.0,ads,B,0
64,40.76,593,4,2.8,month-to-month,1,5,10.0,referral,A,0
27,79.43,439,7,1.6,two-year,1,5,6.0,ads,B,0
9,21.28,321,4,12.0,one-year,1,2,2.0,ads,B,1
13,45.48,432,3,0.0,month-to-month,0,3,8.0,organic,A,0
38,72.83,404,4,11.6,month-to-month,1,1,5.0,ads,A,1
23,149.39,454,5,5.2,month-to-month,0,2,6.0,ads,A,1
72,32.49,411,3,3.3,two-year,1,5,9.0,organic,B,0
29,20.1,425,3,5.3,month-to-month,0,3,7.0,ads,B,1
20,59.41,542,6,7.0,month-to-month,1,1,8.0,ads,A,0
46,73.37,311,2,10.0,one-year,1,2,8.0,ads,C,0
31,102.35,380,5,0.0,two-year,0,3,7.0,organic,C,0
28,116.6,517,3,9.5,month-to-month,0,1,9.0,ads,A,1
52,68.7,490,0,2.4,month-to-month,0,5,8.0,ads,A,0
13,135.96,267,6,8.8,one-year,1,3,2.0,organic,B,1
72,46.61,299,3,0.0,one-year,1,6,10.0,referral,B,0
18,118.34,245,0,0.0,one-year,0,2,5.0,partner,A,0
42,99.06,379,3,8.0,month-to-month,1,3,5.0,organic,C,1
35,109.8,532,8,5.5,month-to-month,0,1,3.0,organic,A,1
25,21.85,491,2,12.2,month-to-month,0,3,7.0,referral,B,1
34,140.64,401,1,0.8,month-to-month,0,3,8.0,referral,B,1
70,37.03,204,1,9.3,one-year,1,3,2.0,ads,B,0
36,34.19,563,5,6.2,one-year,1,4,7.0,partner,C,0
17,96.05,361,1,13.2,one-year,0,3,4.0,organic,C,0
62,92.49,377,2,2.1,one-year,1,4,8.0,partner,B,0
28,53.35,371,2,5.8,two-year,1,6,10.0,partner,C,0
31,55.71,226,1,0.0,one-year,1,3,9.0,ads,C,0
50,102.4,615,1,8.6,month-to-month,1,4,6.0,organic,C,0
14,39.02,641,2,9.0,one-year,1,3,6.0,organic,A,0
72,45.39,395,4,2.3,month-to-month,1,4,9.0,ads,A,0
9,54.88,216,2,13.3,month-to-month,0,1,7.0,ads,B,1
53,149.83,557,6,9.3,one-year,0,1,1.0,ads,B,0
29,120.04,500,3,5.6,one-year,1,3,10.0,referral,C,0
37,20.3,397,4,8.0,month-to-month,0,2,8.0,ads,B,0
22,30.39,759,3,13.9,one-year,0,1,5.0,organic,C,0
71,38.62,542,1,0.0,month-to-month,1,3,8.0,referral,A,0
34,93.15,298,4,16.4,month-to-month,1,3,2.0,ads,B,0
31,80.59,199,4,2.1,one-year,1,2,10.0,referral,B,0
17,86.76,365,3,3.4,two-year,1,5,5.0,referral,A,0
2,61.28,690,7,9.8,month-to-month,0,1,5.0,ads,C,1
36,39.92,372,1,3.3,one-year,0,3,7.0,ads,B,0
34,61.59,409,3,0.6,two-year,1,3,10.0,referral,A,0
44,132.9,269,3,11.2,one-year,0,2,6.0,organic,A,0
52,85.5,356,1,9.7,two-year,0,3,5.0,organic,B,0
18,87.66,407,5,4.7,month-to-month,0,2,6.0,ads,A,0
50,106.68,443,2,7.6,month-to-month,0,5,5.0,ads,A,0
24,27.02,398,4,5.4,month-to-month,1,3,10.0,ads,A,0
9,50.82,395,4,10.0,month-to-month,0,2,6.0,partner,A,1
32,34.33,323,2,14.0,one-year,0,2,6.0,ads,B,0
7,57.19,514,4,7.5,month-to-month,1,3,6.0,organic,A,0
41,22.51,565,2,0.0,one-year,0,4,7.0,partner,A,0
19,142.15,598,10,10.4,month-to-month,0,1,4.0,organic,A,1
60,146.21,277,3,0.0,month-to-month,1,4,7.0,partner,C,0
36,121.08,230,3,4.9,month-to-month,0,4,10.0,ads,A,0
43,105.92,414,2,5.6,two-year,1,2,4.0,ads,B,0
48,69.12,541,1,2.6,month-to-month,0,3,7.0,ads,A,0
30,64.49,419,6,8.1,month-to-month,1,5,5.0,ads,B,0
43,131.4,348,5,3.4,one-year,1,4,6.0,ads,B,0
41,37.2,494,3,7.3,month-to-month,0,6,4.0,partner,B,0
30,118.51,750,3,10.7,month-to-month,1,5,1.0,organic,B,1
72,138.56,252,0,0.5,one-year,1,6,7.0,organic,B,0
13,35.78,594,4,12.6,month-to-month,0,1,6.0,ads,C,1
26,32.25,367,2,0.0,month-to-month,0,6,8.0,ads,A,0
72,138.51,331,1,2.9,one-year,1,2,9.0,referral,C,0
25,98.26,526,7,7.1,month-to-month,1,2,5.0,ads,C,1
72,118.34,387,0,8.4,month-to-month,1,3,9.0,referral,C,0
35,100.7,253,10,0.8,month-to-month,1,2,7.0,ads,C,0
44,130.51,417,3,9.1,month-to-month,0,3,8.0,partner,C,0
19,147.69,438,5,9.8,month-to-month,0,2,6.0,ads,C,1
45,89.99,415,2,5.7,one-year,0,4,8.0,organic,A,0
4,132.43,431,2,1.9,month-to-month,0,2,6.0,organic,B,0
71,118.67,368,1,3.5,month-to-month,1,4,8.0,ads,C,0
21,136.05,540,2,12.1,month-to-month,0,3,6.0,organic,A,0
26,123.46,455,3,0.8,one-year,1,2,5.0,referral,C,0
42,21.74,205,3,5.7,month-to-month,0,3,9.0,organic,A,0
31,141.95,190,4,2.5,month-to-month,0,1,4.0,partner,A,0
13,110.3,623,5,14.0,two-year,0,3,8.0,ads,A,0
72,25.38,528,0,0.0,one-year,1,5,10.0,referral,A,0
44,31.37,454,2,7.4,one-year,1,4,3.0,referral,A,0
14,58.52,355,3,7.7,one-year,0,1,2.0,partner,B,1
20,143.81,471,2,5.9,month-to-month,0,2,4.0,ads,B,1
37,50.26,549,6,6.4,one-year,0,3,4.0,ads,B,1
39,110.81,445,1,0.0,one-year,0,4,7.0,ads,A,0
63,38.05,505,1,2.4,month-to-month,0,4,6.0,partner,A,0
42,31.21,668,2,0.0,month-to-month,1,6,6.0,referral,C,0
50,94.14,260,3,8.0,month-to-month,1,1,6.0,organic,C,0
31,80.4,390,2,3.2,month-to-month,1,2,8.0,referral,B,0
33,129.67,558,0,2.3,month-to-month,0,3,6.0,partner,A,1
53,127.4,302,3,0.0,two-year,0,3,7.0,partner,B,1
72,148.3,397,3,3.2,month-to-month,1,4,8.0,organic,A,0
63,124.71,191,1,10.7,month-to-month,0,5,8.0,referral,C,0
55,137.44,680,4,1.3,one-year,1,6,7.0,referral,B,0
51,94.99,365,2,8.0,one-year,1,2,6.0,organic,B,1
39,119.18,405,1,3.7,two-year,1,4,6.0,ads,A,0
44,83.71,344,1,2.5,one-year,1,5,7.0,referral,C,0
27,64.44,438,4,10.7,one-year,1,2,9.0,ads,C,0
56,74.0,439,3,0.0,one-year,1,4,8.0,referral,A,0
35,50.23,183,2,6.6,two-year,0,2,4.0,partner,C,0
1,131.99,197,3,5.2,month-to-month,0,1,5.0,organic,A,1
22,74.46,557,3,8.8,one-year,0,1,4.0,ads,B,0
44,65.48,551,5,0.0,month-to-month,1,3,6.0,partner,B,0
12,143.57,511,7,12.8,month-to-month,0,4,1.0,partner,A,1
47,37.16,205,3,0.0,one-year,0,4,7.0,ads,B,0
15,75.41,560,5,6.9,one-year,0,3,7.0,partner,A,0
38,145.34,237,0,0.0,one-year,1,4,6.0,organic,C,0
43,70.37,367,1,7.9,one-year,1,3,4.0,referral,C,0
34,121.53,311,2,1.8,one-year,0,3,4.0,partner,C,0
55,108.0,804,0,0.0,two-year,1,2,6.0,organic,B,0
44,74.01,430,3,6.2,two-year,1,5,7.0,referral,C,0
28,139.18,413,6,12.8,month-to-month,0,3,5.0,ads,B,1
4,124.98,462,2,0.0,one-year,0,5,4.0,ads,A,1
52,21.99,504,5,3.8,one-year,0,2,7.0,ads,A,1
68,64.85,303,0,6.0,month-to-month,0,5,6.0,partner,C,0
17,50.3,590,4,4.5,month-to-month,0,2,4.0,organic,A,0
37,41.61,386,2,0.0,month-to-month,1,5,9.0,referral,C,0
20,52.04,105,7,12.6,month-to-month,0,1,2.0,partner,B,1
53,76.09,300,5,7.4,month-to-month,1,4,5.0,organic,A,0
41,61.34,675,1,0.9,month-to-month,1,5,10.0,organic,A,0
23,140.29,503,3,4.7,month-to-month,0,4,6.0,organic,A,1
49,26.94,368,1,0.0,two-year,1,4,10.0,referral,B,0
35,62.44,525,2,0.0,month-to-month,1,3,8.0,referral,A,0
23,80.18,233,3,1.9,month-to-month,0,2,4.0,referral,B,0
47,41.62,531,3,0.0,two-year,1,2,8.0,organic,C,0
13,43.94,610,3,7.2,month-to-month,0,3,6.0,ads,A,1
36,33.67,321,3,0.0,month-to-month,0,5,10.0,referral,A,0
59,123.9,503,3,0.0,two-year,1,5,10.0,organic,B,0
54,21.89,567,3,0.0,one-year,1,5,8.0,organic,B,0
16,122.49,149,5,3.7,month-to-month,1,4,9.0,organic,B,1
38,107.04,292,6,0.8,one-year,0,1,3.0,partner,A,1
12,111.16,388,3,15.6,month-to-month,1,2,5.0,organic,B,0
51,119.73,506,0,0.1,two-year,1,4,8.0,organic,A,0
34,31.19,458,3,4.7,month-to-month,0,2,5.0,ads,A,0
18,39.27,429,4,3.4,month-to-month,0,2,2.0,partner,C,1
31,91.86,418,2,11.4,month-to-month,1,3,3.0,partner,A,0
18,38.99,324,4,12.2,two-year,0,3,6.0,partner,A,1
56,65.73,211,0,0.2,month-to-month,0,4,8.0,ads,A,0
27,102.71,434,2,6.5,month-to-month,1,2,10.0,ads,B,0
34,23.97,391,5,6.9,month-to-month,0,1,4.0,partner,C,1
46,89.78,415,1,0.0,month-to-month,1,2,6.0,referral,A,0
18,64.47,387,3,5.7,one-year,0,4,8.0,ads,A,0
40,102.08,499,3,1.1,month-to-month,1,3,10.0,organic,C,0
30,95.07,254,2,2.3,one-year,0,3,9.0,ads,A,0
34,73.62,459,1,0.0,two-year,0,6,8.0,organic,A,0
1,76.12,233,2,1.7,one-year,1,1,10.0,referral,B,0
19,76.45,452,5,5.4,one-year,1,4,7.0,ads,B,0
38,117.35,463,6,14.6,month-to-month,0,3,3.0,organic,B,1
52,34.06,268,4,4.9,one-year,1,4,10.0,organic,B,0
28,70.12,558,5,0.0,one-year,1,4,5.0,referral,A,0
26,83.9,509,5,5.2,month-to-month,1,4,5.0,ads,A,1
9,33.17,357,5,0.7,month-to-month,1,3,5.0,ads,A,1
6,39.78,357,8,10.0,month-to-month,0,3,5.0,ads,B,1
39,132.96,406,1,0.0,two-year,1,4,9.0,referral,B,0
68,83.99,278,0,7.3,one-year,0,3,9.0,organic,C,0
33,104.45,359,1,10.3,month-to-month,1,2,7.0,partner,A,0
48,42.5,559,1,2.4,month-to-month,1,6,3.0,partner,A,0
2,104.48,579,2,6.3,one-year,1,1,5.0,ads,A,0
54,21.97,622,3,0.0,month-to-month,1,3,8.0,ads,C,0
4,66.98,513,4,1.8,one-year,1,3,6.0,referral,B,0
60,130.73,429,1,1.1,one-year,0,3,7.0,referral,B,0
19,40.02,354,6,7.5,one-year,0,1,1.0,partner,B,1
24,21.36,320,3,4.2,month-to-month,0,4,6.0,referral,A,0
60,57.18,398,6,9.9,month-to-month,0,3,9.0,referral,C,0
19,25.15,500,2,1.9,one-year,1,2,9.0,organic,A,1
55,73.08,418,0,5.7,one-year,0,3,8.0,referral,A,0
45,78.18,374,4,0.0,one-year,1,2,4.0,ads,A,0
10,121.32,689,2,7.2,month-to-month,0,2,7.0,ads,A,0
45,135.51,231,1,2.0,month-to-month,1,4,10.0,ads,A,0
11,46.54,487,3,0.0,one-year,0,3,8.0,organic,B,0
1,130.28,158,1,5.6,month-to-month,1,3,3.0,ads,B,1
9,62.73,369,2,10.2,month-to-month,0,3,4.0,ads,A,0
9,77.21,299,2,0.0,month-to-month,0,2,7.0,ads,B,0
40,59.41,403,2,4.7,one-year,1,3,4.0,partner,A,0
50,98.03,404,2,0.0,month-to-month,1,4,9.0,referral,C,0
40,129.75,281,1,4.5,one-year,0,2,4.0,organic,B,0
14,59.15,315,3,9.2,month-to-month,0,4,5.0,ads,A,0
38,49.99,301,3,4.4,one-year,1,5,9.0,referral,B,0
12,58.94,723,5,10.4,month-to-month,0,2,5.0,organic,B,1
19,87.98,250,1,8.4,month-to-month,1,4,8.0,organic,C,0
25,138.55,475,3,3.1,month-to-month,0,3,4.0,partner,A,1
46,107.78,145,4,0.0,two-year,1,3,6.0,ads,A,0
8,29.28,391,6,11.4,month-to-month,0,4,5.0,ads,A,1
21,30.48,583,3,2.5,one-year,1,2,6.0,partner,B,0
27,134.58,569,3,10.0,month-to-month,0,1,4.0,ads,C,0
25,128.02,414,1,0.0,one-year,0,3,8.0,ads,C,0
31,142.67,508,1,0.0,one-year,1,3,5.0,ads,B,0
38,63.23,412,1,7.8,month-to-month,0,1,5.0,ads,A,0
34,83.92,417,2,3.8,month-to-month,0,2,9.0,referral,C,0
51,111.07,245,3,0.0,one-year,1,5,10.0,ads,A,0
58,61.09,263,2,0.0,one-year,0,4,9.0,ads,A,0
42,53.88,394,5,8.8,month-to-month,0,3,6.0,referral,A,0
45,45.15,573,1,0.5,one-year,1,5,9.0,referral,C,0
59,131.65,556,8,5.9,one-year,0,3,6.0,ads,A,0
33,121.04,267,1,0.0,two-year,1,3,6.0,referral,A,0
53,80.74,425,1,0.0,one-year,1,5,10.0,ads,A,0
57,135.15,629,3,1.4,month-to-month,1,3,6.0,ads,A,0
13,148.21,523,2,15.2,month-to-month,0,2,5.0,ads,B,1
41,35.35,435,3,2.6,one-year,0,3,3.0,ads,A,0
46,61.71,317,2,0.0,month-to-month,0,2,10.0,ads,A,0
52,132.08,459,3,8.4,one-year,1,2,5.0,organic,B,0
36,105.76,532,4,0.5,two-year,0,3,6.0,organic,A,0
63,97.97,398,8,3.0,month-to-month,1,5,6.0,ads,A,0
45,92.1,461,2,7.6,one-year,1,2,5.0,ads,B,1
18,80.19,308,3,0.0,one-year,1,4,6.0,organic,B,0
35,114.89,492,9,6.2,month-to-month,1,2,8.0,partner,A,1
33,25.8,404,2,5.5,month-to-month,0,3,6.0,ads,A,0
20,95.18,329,6,5.5,one-year,0,3,2.0,partner,A,1
22,103.4,554,3,0.3,two-year,0,3,6.0,ads,B,0
46,67.58,581,1,2.3,one-year,1,3,10.0,referral,A,0
29,84.71,175,2,10.1,month-to-month,0,1,5.0,partner,B,0
25,41.54,364,2,12.3,month-to-month,1,2,5.0,organic,C,1
30,124.5,340,3,4.1,month-to-month,1,3,6.0,ads,A,0
30,92.71,394,3,0.0,month-to-month,0,4,2.0,ads,C,0
51,92.06,488,3,2.6,two-year,0,5,6.0,ads,B,0
47,137.2,215,3,1.7,one-year,0,4,8.0,organic,B,0
43,76.51,550,1,0.0,one-year,1,4,8.0,referral,A,0
45,83.02,323,2,3.1,one-year,0,4,10.0,ads,A,0
41,80.75,313,2,5.4,month-to-month,0,2,5.0,ads,B,1
22,52.25,476,8,13.7,one-year,0,2,2.0,referral,A,1
49,51.78,595,2,0.5,one-year,1,1,8.0,organic,A,0
16,118.08,473,1,3.0,month-to-month,0,3,8.0,referral,B,0
36,31.32,425,1,8.2,month-to-month,0,4,8.0,partner,C,0
1,119.44,323,1,0.0,month-to-month,0,3,4.0,partner,A,1
42,79.84,417,3,4.2,month-to-month,0,5,2.0,referral,C,0
15,22.86,352,5,0.0,one-year,0,1,6.0,ads,C,0
15,47.98,234,6,9.8,month-to-month,1,4,5.0,referral,A,0
1,131.01,438,2,7.7,month-to-month,0,6,4.0,partner,A,1
38,126.17,550,4,1.4,two-year,0,3,4.0,ads,C,0
22,22.87,383,1,3.8,month-to-month,1,5,7.0,organic,B,0
41,143.82,644,2,2.8,month-to-month,1,3,9.0,organic,B,0
31,40.57,364,3,9.9,month-to-month,0,1,4.0,partner,A,0
21,128.04,303,5,8.9,month-to-month,0,1,4.0,partner,B,1
1,132.06,723,6,11.5,month-to-month,0,1,1.0,ads,B,1
45,106.29,431,1,0.0,month-to-month,1,5,9.0,referral,B,0
43,66.46,384,2,13.2,month-to-month,0,3,5.0,ads,B,0
31,73.38,432,3,4.8,month-to-month,0,4,6.0,ads,C,0
1,94.74,434,3,3.0,one-year,0,3,3.0,ads,B,1
42,130.51,349,2,0.0,month-to-month,1,4,10.0,ads,C,0
40,141.3,427,2,2.8,month-to-month,0,1,6.0,ads,B,1
40,146.53,349,3,11.0,one-year,0,1,7.0,ads,B,0
22,44.08,253,3,3.2,one-year,0,2,10.0,partner,C,0
48,96.89,337,0,0.0,two-year,1,2,7.0,organic,C,0
35,20.06,295,3,4.3,month-to-month,1,1,7.0,referral,A,1
47,144.55,402,3,5.9,month-to-month,0,3,6.0,ads,C,0
4,128.37,334,2,8.9,month-to-month,1,3,9.0,partner,C,0
21,23.98,650,7,2.9,month-to-month,1,2,3.0,organic,B,1
27,77.43,449,2,5.7,one-year,1,3,7.0,referral,A,0
35,23.25,146,1,4.1,month-to-month,1,1,7.0,partner,B,0
72,144.13,241,1,0.0,two-year,1,5,8.0,referral,B,0
6,25.9,424,3,15.3,month-to-month,0,3,4.0,organic,B,0
34,146.99,495,5,9.2,month-to-month,0,2,5.0,organic,A,0
40,108.81,464,3,2.3,month-to-month,1,1,6.0,ads,C,0
18,89.07,483,1,5.9,month-to-month,1,2,7.0,ads,B,0
7,43.5,321,4,0.0,month-to-month,0,3,5.0,ads,B,1
47,97.98,682,7,2.5,one-year,0,2,6.0,partner,A,0
25,143.54,332,2,1.1,month-to-month,0,6,8.0,referral,A,0
1,114.75,532,4,9.4,two-year,0,3,6.0,ads,C,0
63,95.64,226,2,13.4,one-year,1,4,10.0,ads,A,0
26,68.27,226,1,1.5,two-year,0,4,10.0,organic,C,0
21,109.43,473,5,10.8,month-to-month,0,2,5.0,partner,A,0
72,142.65,512,0,4.6,month-to-month,0,4,9.0,referral,A,0
30,123.54,305,0,0.0,month-to-month,0,2,8.0,referral,B,0
28,130.41,562,2,6.6,month-to-month,0,1,6.0,referral,A,0
1,142.5,471,6,10.2,month-to-month,0,1,3.0,ads,C,1
51,67.37,448,2,0.0,one-year,1,4,10.0,ads,C,0
32,55.85,467,3,10.8,month-to-month,0,5,6.0,referral,A,0
43,149.81,442,2,0.0,one-year,1,3,9.0,organic,B,0
72,22.64,287,1,0.0,month-to-month,1,4,8.0,organic,C,0
59,28.37,632,1,1.0,one-year,1,3,6.0,ads,A,0
55,87.16,525,3,0.0,one-year,0,2,8.0,referral,C,0
50,20.67,404,3,4.2,one-year,1,3,6.0,referral,A,0
64,49.06,559,1,0.0,one-year,1,3,10.0,ads,C,0
53,73.82,623,6,0.0,month-to-month,0,2,7.0,partner,B,0
2,114.86,545,7,7.3,month-to-month,0,2,5.0,partner,A,1
36,126.98,480,2,2.9,two-year,1,5,7.0,organic,B,0
51,62.92,330,1,4.8,two-year,1,4,10.0,referral,C,0
60,27.43,334,5,0.0,month-to-month,0,4,5.0,ads,C,1
50,83.57,173,3,9.1,month-to-month,0,3,3.0,partner,A,0
17,45.01,451,6,6.2,month-to-month,0,2,5.0,partner,A,1
44,23.86,412,2,5.9,month-to-month,1,4,5.0,organic,A,1
6,56.07,119,2,5.8,one-year,1,3,10.0,referral,B,0
72,74.64,107,0,3.7,one-year,1,2,10.0,referral,A,0
36,49.9,637,1,6.4,one-year,0,3,10.0,organic,C,0
45,73.29,195,3,0.0,month-to-month,0,4,8.0,ads,A,0
42,32.77,484,3,5.4,month-to-month,0,6,4.0,partner,B,1
13,131.93,223,6,10.6,one-year,1,3,4.0,ads,B,1
33,101.18,598,3,10.4,month-to-month,0,2,6.0,organic,B,0
57,48.95,500,4,3.5,month-to-month,0,3,7.0,organic,B,0
24,95.85,487,4,0.0,one-year,0,2,7.0,referral,B,0
20,88.15,292,1,7.2,two-year,1,2,6.0,referral,C,0
68,103.55,472,1,8.0,month-to-month,0,4,5.0,organic,A,0
54,109.38,362,3,2.7,month-to-month,0,1,8.0,organic,B,0
61,103.66,220,7,0.5,month-to-month,0,3,2.0,ads,C,1
26,26.76,374,7,18.4,month-to-month,0,1,4.0,ads,A,1
10,81.21,310,2,5.9,one-year,1,1,5.0,referral,A,0
46,123.11,294,3,1.2,month-to-month,1,1,8.0,ads,C,0
36,111.02,450,2,4.7,one-year,1,4,5.0,organic,A,1
29,123.63,225,6,12.4,one-year,1,5,6.0,organic,A,1
41,104.05,609,1,0.0,two-year,0,2,10.0,organic,B,0
15,110.95,527,5,5.3,one-year,0,4,8.0,referral,A,0
24,112.61,385,4,9.1,two-year,1,3,8.0,organic,C,1
72,56.38,621,2,0.8,one-year,1,3,8.0,referral,B,0
32,98.68,314,4,6.6,month-to-month,0,3,2.0,ads,A,1
26,24.73,446,2,5.2,two-year,0,2,6.0,ads,B,0
63,116.49,465,2,10.2,month-to-month,0,3,7.0,referral,A,0
22,74.53,257,4,1.5,month-to-month,1,4,4.0,referral,A,0
41,143.53,534,5,1.4,one-year,1,3,7.0,referral,A,0
42,85.95,307,7,14.7,month-to-month,0,3,1.0,partner,A,1
33,68.49,508,4,0.8,month-to-month,0,4,6.0,organic,B,0
24,30.92,432,2,0.0,month-to-month,0,3,6.0,ads,B,1
5,82.37,319,2,3.3,month-to-month,1,4,9.0,ads,A,0
16,47.38,391,5,9.7,two-year,1,5,5.0,referral,A,1
18,60.61,478,1,4.9,month-to-month,0,4,6.0,ads,C,1
40,143.29,502,1,1.8,one-year,0,4,6.0,organic,B,0
29,55.55,186,1,5.4,month-to-month,1,4,6.0,referral,A,0
68,58.99,480,2,14.0,month-to-month,0,2,8.0,partner,A,0
41,82.73,304,1,0.0,one-year,0,5,6.0,referral,B,0
45,115.39,252,3,15.3,month-to-month,0,2,7.0,organic,B,1
39,62.6,408,3,5.8,month-to-month,0,3,6.0,referral,C,0
29,45.07,291,6,5.3,month-to-month,1,2,6.0,partner,B,0
52,105.25,410,4,9.5,one-year,0,5,2.0,ads,A,0
1,26.53,314,7,6.0,month-to-month,0,4,1.0,partner,C,1
32,102.46,453,5,0.0,month-to-month,1,4,6.0,referral,C,0
28,122.32,523,2,6.3,two-year,0,3,7.0,organic,B,0
22,103.49,564,6,1.3,one-year,0,1,6.0,organic,B,0
36,77.98,318,1,12.9,month-to-month,0,1,7.0,ads,A,0
55,113.29,370,4,7.4,month-to-month,1,3,7.0,ads,C,0
13,22.42,281,0,0.0,two-year,0,4,10.0,ads,A,0
31,93.83,339,3,6.6,month-to-month,0,1,7.0,partner,A,0
11,89.05,317,2,5.7,month-to-month,0,3,6.0,ads,A,1
34,148.06,469,3,6.1,month-to-month,0,2,5.0,partner,A,0
51,115.55,398,2,0.0,one-year,1,6,9.0,referral,A,0
24,68.32,414,2,0.1,one-year,1,3,4.0,ads,B,0
38,80.75,533,4,7.0,month-to-month,1,2,4.0,referral,A,0
52,32.2,532,2,0.9,month-to-month,0,1,6.0,organic,C,0
69,41.03,349,1,3.3,month-to-month,1,3,5.0,organic,C,1
18,114.76,0,3,9.5,month-to-month,0,4,4.0,organic,C,1
1,116.82,543,1,9.9,one-year,0,2,5.0,ads,A,0
31,60.32,532,5,12.0,two-year,1,3,6.0,organic,A,0
50,103.47,325,7,6.5,month-to-month,0,2,5.0,partner,C,1
55,94.13,456,3,0.0,month-to-month,0,4,7.0,organic,B,0
56,50.17,635,2,10.8,month-to-month,1,3,7.0,organic,A,0
30,112.71,639,2,4.8,month-to-month,0,1,8.0,partner,C,1
42,69.9,272,5,0.0,one-year,0,5,9.0,organic,C,0
53,71.04,372,0,6.7,month-to-month,1,5,6.0,referral,B,0
28,102.23,193,4,5.1,month-to-month,0,4,6.0,organic,C,0
38,52.27,358,2,9.8,one-year,1,6,5.0,partner,B,0
40,118.53,338,7,7.8,month-to-month,0,2,3.0,ads,A,1
60,22.5,86,4,5.8,month-to-month,1,3,8.0,referral,A,0
41,46.09,556,3,7.2,month-to-month,0,3,7.0,referral,B,1
35,121.4,605,4,3.9,one-year,0,2,7.0,ads,A,0
38,134.37,581,3,5.0,month-to-month,1,3,4.0,organic,B,0
1,100.91,545,4,9.2,month-to-month,1,2,6.0,organic,A,0
43,134.11,197,3,3.5,one-year,0,5,7.0,partner,B,0
21,37.58,665,4,7.9,one-year,0,2,5.0,partner,B,1
51,104.29,426,3,0.0,one-year,0,4,8.0,referral,B,0
28,107.71,478,6,4.5,month-to-month,0,3,6.0,ads,C,1
41,129.73,557,5,0.0,one-year,1,4,6.0,ads,B,0
11,49.98,485,5,10.0,month-to-month,0,1,6.0,referral,A,0
53,31.8,635,6,1.5,month-to-month,1,5,5.0,ads,B,0
39,49.94,324,3,5.4,month-to-month,0,3,6.0,referral,B,0
38,98.6,608,4,3.9,month-to-month,0,4,8.0,ads,A,0
43,144.3,228,2,0.4,month-to-month,1,4,7.0,referral,C,0
50,66.17,474,2,3.6,month-to-month,0,1,5.0,referral,C,1
30,70.58,350,4,8.2,month-to-month,0,3,7.0,ads,A,0
16,93.44,449,3,2.6,month-to-month,1,3,3.0,organic,B,1
42,84.88,584,4,1.9,one-year,1,4,9.0,partner,A,0
61,38.62,556,1,0.2,month-to-month,1,5,8.0,referral,B,0
48,74.44,421,1,0.0,month-to-month,0,4,8.0,partner,C,0
52,140.39,262,3,0.0,month-to-month,1,5,5.0,referral,B,0
45,54.06,261,2,0.0,month-to-month,1,2,10.0,ads,B,0
68,128.43,578,0,0.4,one-year,1,4,6.0,referral,A,0
31,65.43,435,4,5.5,month-to-month,0,1,5.0,ads,B,1
55,123.5,334,4,5.8,one-year,1,4,5.0,referral,A,0
39,108.63,298,5,0.0,month-to-month,1,2,10.0,referral,C,0
4,105.82,495,2,8.0,one-year,0,2,4.0,ads,C,0
17,47.34,652,0,9.3,month-to-month,1,3,9.0,organic,C,0
55,31.0,389,2,0.7,month-to-month,0,5,4.0,referral,A,1
31,116.5,548,2,11.6,month-to-month,0,1,5.0,ads,A,1
62,143.43,275,3,1.9,one-year,1,3,8.0,ads,C,0
37,103.66,520,1,8.6,month-to-month,0,3,4.0,referral,A,0
43,143.81,619,2,3.5,one-year,0,3,6.0,referral,A,1
48,24.03,324,2,0.0,one-year,1,4,9.0,referral,B,0
25,114.34,526,4,5.9,month-to-month,0,3,3.0,partner,A,0
14,89.7,448,3,3.4,one-year,1,3,6.0,organic,A,0
35,95.39,414,3,6.6,one-year,1,2,9.0,referral,B,0
51,50.63,230,7,2.9,one-year,1,3,5.0,ads,A,1
53,112.72,264,2,0.0,month-to-month,0,4,8.0,ads,B,0
72,79.61,471,2,7.6,month-to-month,0,1,5.0,partner,B,0
29,131.25,401,5,6.3,two-year,0,2,8.0,partner,B,1
37,81.81,462,2,4.1,month-to-month,1,2,8.0,referral,B,0
20,105.65,601,2,5.1,month-to-month,0,3,5.0,referral,B,0
56,44.69,233,0,0.0,one-year,1,4,5.0,organic,B,0
30,133.89,600,3,14.9,month-to-month,0,2,5.0,ads,C,1
15,68.89,276,6,5.1,month-to-month,0,4,4.0,organic,C,1
14,147.89,394,5,11.8,month-to-month,0,3,8.0,ads,A,0
46,76.07,349,7,5.2,two-year,0,3,8.0,ads,B,0
31,60.17,297,4,6.0,one-year,0,2,8.0,referral,C,1
41,111.6,680,2,0.0,month-to-month,1,1,6.0,organic,A,0
5,37.01,445,3,5.7,month-to-month,0,2,4.0,ads,B,1
14,44.22,613,2,7.6,month-to-month,1,4,7.0,organic,B,0
22,24.13,281,4,7.1,month-to-month,0,5,6.0,ads,C,0
26,38.65,408,4,11.2,month-to-month,0,1,4.0,organic,A,1
58,106.41,258,5,8.9,month-to-month,0,4,6.0,organic,B,1
34,92.75,217,1,3.0,two-year,1,4,9.0,referral,A,0
64,140.18,472,7,3.8,month-to-month,0,2,6.0,organic,A,0
40,121.2,432,2,2.9,month-to-month,0,2,3.0,partner,B,0
14,129.95,526,3,2.4,month-to-month,0,5,6.0,organic,B,0
43,83.64,742,3,3.5,one-year,1,4,10.0,referral,A,0
32,39.77,259,5,5.2,month-to-month,1,3,2.0,ads,A,1
6,102.98,361,3,2.4,month-to-month,0,3,9.0,ads,B,0
36,137.75,494,6,6.7,month-to-month,0,1,5.0,organic,B,1
53,108.09,315,2,3.3,month-to-month,0,1,5.0,referral,A,1
42,144.34,458,5,0.0,one-year,0,2,7.0,partner,B,0
29,117.05,356,1,1.4,one-year,1,2,8.0,partner,B,0
21,44.21,367,6,6.4,month-to-month,0,3,6.0,ads,A,0
29,138.67,274,6,0.0,month-to-month,1,2,6.0,referral,A,0
38,124.66,468,1,3.2,month-to-month,1,2,7.0,organic,A,0
9,68.84,458,5,13.3,month-to-month,0,1,4.0,ads,A,0
50,41.64,388,0,2.3,two-year,1,3,7.0,organic,B,0
35,97.14,503,5,5.9,month-to-month,0,3,6.0,referral,A,0
28,47.01,358,2,0.0,month-to-month,0,6,6.0,ads,A,0
10,138.55,742,3,8.5,two-year,0,3,1.0,organic,A,0
38,97.48,551,3,11.9,month-to-month,0,3,8.0,ads,C,0
36,23.13,535,4,1.0,one-year,0,3,4.0,referral,A,0
15,79.95,219,4,17.4,two-year,0,5,5.0,ads,B,0
41,122.42,410,3,7.9,two-year,1,1,7.0,ads,B,0
24,90.15,329,3,1.0,two-year,1,4,8.0,organic,C,0
59,90.26,364,5,0.0,two-year,1,5,8.0,referral,A,0
37,114.06,455,4,5.5,month-to-month,0,1,1.0,ads,B,1
28,92.32,387,2,3.5,month-to-month,0,2,9.0,partner,B,0
21,103.3,392,0,1.8,month-to-month,1,2,5.0,ads,A,0
21,27.66,576,1,0.0,month-to-month,0,1,6.0,organic,A,0
24,102.38,322,3,0.0,two-year,0,3,8.0,referral,C,0
27,49.45,419,7,5.2,month-to-month,0,1,1.0,ads,A,1
2,122.4,318,6,12.2,month-to-month,0,2,1.0,ads,A,1
7,76.93,319,1,5.6,one-year,0,5,7.0,organic,B,0
31,48.01,391,1,4.7,month-to-month,0,1,1.0,ads,B,0
21,28.14,575,2,7.7,month-to-month,0,1,2.0,ads,B,1
62,54.43,257,3,2.0,one-year,0,5,8.0,organic,B,0
35,132.46,396,2,1.7,month-to-month,0,1,6.0,ads,A,1
58,106.09,414,4,3.7,one-year,0,2,8.0,ads,B,0
68,78.86,212,1,2.3,one-year,1,3,9.0,organic,A,0
26,63.14,322,2,15.2,month-to-month,0,4,2.0,organic,B,1
46,62.24,518,1,5.9,month-to-month,1,4,5.0,ads,A,0
3,73.09,473,3,0.1,month-to-month,0,4,7.0,ads,B,1
72,23.01,470,2,1.0,two-year,1,3,10.0,referral,A,0
25,103.87,455,6,0.4,one-year,1,4,4.0,ads,B,1
33,64.91,688,4,6.8,one-year,1,3,8.0,referral,C,0
57,91.71,441,2,0.3,month-to-month,1,1,9.0,organic,B,0
7,85.76,277,4,4.3,month-to-month,1,5,7.0,ads,B,1
22,70.32,272,6,11.3,two-year,0,3,5.0,partner,B,1
48,103.94,392,4,6.3,month-to-month,1,5,5.0,partner,A,0
4,137.68,377,3,13.7,month-to-month,0,3,7.0,ads,B,0
28,143.98,350,3,0.7,month-to-month,1,4,7.0,organic,A,0
34,52.59,518,1,0.0,one-year,0,6,8.0,organic,B,1
7,128.89,607,4,3.7,one-year,1,2,7.0,organic,B,0
11,24.35,397,4,15.6,one-year,0,4,1.0,ads,A,1
19,56.78,267,2,7.4,one-year,0,2,5.0,ads,B,0
23,53.52,484,8,12.8,month-to-month,0,4,5.0,referral,B,1
35,45.12,384,2,5.4,one-year,1,3,6.0,referral,A,0
40,44.57,396,4,1.9,two-year,1,4,8.0,referral,B,0
44,54.35,368,3,3.9,month-to-month,1,3,5.0,referral,A,0
43,112.07,351,2,0.0,month-to-month,0,5,5.0,organic,A,0
3,72.81,235,5,9.0,month-to-month,0,3,6.0,partner,A,1
52,136.84,396,2,0.6,two-year,0,2,6.0,ads,A,0
49,126.39,383,2,3.4,two-year,1,4,7.0,ads,A,0
44,51.78,320,6,9.0,two-year,0,4,4.0,referral,A,0
50,131.24,216,3,6.4,month-to-month,1,4,8.0,referral,B,0
58,132.31,516,1,0.0,one-year,1,3,10.0,ads,A,0
59,88.19,247,1,1.6,one-year,1,3,8.0,referral,C,0
45,44.56,424,4,12.2,month-to-month,1,3,6.0,organic,A,0
48,87.17,480,4,4.8,two-year,0,3,4.0,organic,A,0
34,23.35,214,2,4.8,two-year,1,6,8.0,organic,A,0
27,21.58,348,2,3.4,month-to-month,1,2,4.0,referral,C,0
68,85.65,531,0,0.0,month-to-month,1,3,6.0,organic,C,0
18,138.95,360,4,8.0,one-year,1,3,8.0,organic,B,0
2,37.47,134,3,15.3,month-to-month,0,1,6.0,ads,A,1
34,67.75,494,7,0.0,month-to-month,0,3,10.0,referral,A,1
18,83.65,361,4,8.6,month-to-month,1,2,7.0,ads,C,0
56,89.07,396,2,7.9,two-year,0,2,7.0,organic,B,0
53,126.48,381,0,0.0,one-year,1,4,8.0,partner,B,0
28,40.91,520,2,3.2,one-year,0,1,5.0,ads,C,0
65,23.08,602,0,6.7,two-year,1,4,8.0,referral,A,0
31,114.78,654,6,9.6,month-to-month,0,4,8.0,ads,C,1
30,130.54,600,2,0.0,month-to-month,1,2,10.0,ads,C,0
35,72.35,394,1,0.0,two-year,0,3,6.0,organic,A,0
41,144.34,445,1,3.4,month-to-month,0,5,3.0,ads,A,0
59,88.61,165,3,2.7,two-year,0,5,7.0,organic,A,0
22,109.33,511,4,7.9,one-year,0,2,7.0,partner,A,1
39,84.81,357,1,0.3,month-to-month,1,2,10.0,referral,B,0
44,47.56,224,6,5.5,month-to-month,0,3,7.0,ads,A,1
20,62.29,595,2,0.0,month-to-month,1,3,9.0,organic,B,0
45,144.31,514,1,6.1,one-year,1,5,6.0,referral,C,0
63,88.4,620,0,0.7,two-year,0,4,7.0,organic,A,0
44,143.62,336,0,0.7,one-year,1,1,5.0,partner,B,0
51,64.8,200,3,3.1,one-year,0,1,5.0,partner,B,0
