customer_id,tenure_months,monthly_charges,usage_minutes,support_calls,payment_delay_days,contract_type,autopay,num_services,satisfaction_score,signup_channel,marketing_segment,favorite_color,lucky_number,churn
CUST100000,60,78.04,512,8,4.4,two-year,1,3,6.0,referral,B,yellow,7,0
CUST100001,6,140.22,170,3,5.4,month-to-month,0,2,5.0,referral,B,red,18,0
CUST100002,39,89.22,377,1,0.0,month-to-month,0,2,10.0,ads,C,green,72,1
CUST100003,54,40.36,401,0,0.9,two-year,0,5,10.0,organic,B,black,58,0
CUST100004,33,112.11,377,4,0.6,month-to-month,1,4,4.5,organic,A,white,68,0
CUST100005,36,134.28,453,1,2.8,month-to-month,0,4,4.9,referral,A,blue,47,0
CUST100006,64,140.26,223,3,5.6,one-year,1,5,10.0,referral,C,red,8,0
CUST100007,45,72.29,537,3,4.3,two-year,1,3,8.6,referral,C,black,87,0
CUST100008,25,125.72,280,1,5.4,month-to-month,1,5,7.0,referral,B,white,5,0
CUST100009,36,114.88,669,6,4.2,month-to-month,1,5,8.9,partner,B,green,55,0
CUST100010,21,136.76,469,3,2.2,month-to-month,1,3,5.4,ads,C,green,10,0
CUST100011,42,116.51,500,5,6.5,one-year,0,3,6.4,referral,A,blue,13,1
CUST100012,29,130.14,332,2,1.5,two-year,0,1,7.3,organic,B,yellow,34,0
CUST100013,26,74.15,357,1,7.4,one-year,0,2,2.1,organic,A,red,38,0
CUST100014,16,83.03,592,4,8.7,month-to-month,1,2,4.5,partner,A,yellow,82,0
CUST100015,21,46.9,235,3,3.3,month-to-month,0,3,7.9,referral,A,white,13,1
CUST100016,33,104.16,419,1,7.6,one-year,0,3,4.4,ads,B,white,78,0
CUST100017,29,35.05,422,0,4.7,two-year,0,2,7.2,organic,A,green,36,0
CUST100018,35,56.08,479,3,5.6,one-year,0,5,5.5,ads,A,green,3,0
CUST100019,22,113.21,451,4,0.0,one-year,0,3,3.9,organic,B,black,17,0
CUST100020,45,137.62,480,2,0.0,two-year,1,5,9.9,ads,A,green,4,0
CUST100021,41,124.08,347,3,0.4,month-to-month,1,4,4.9,referral,B,black,78,0
CUST100022,45,94.49,751,3,5.3,two-year,0,4,9.0,ads,A,green,67,0
CUST100023,36,141.16,421,6,5.4,month-to-month,0,2,5.5,ads,C,white,48,1
CUST100024,44,102.74,555,3,3.6,one-year,0,2,4.0,ads,B,black,3,0
CUST100025,45,47.92,556,2,7.0,month-to-month,0,1,9.7,partner,B,white,97,0
CUST100026,5,76.19,77,4,4.3,month-to-month,1,4,5.1,ads,B,blue,10,1
CUST100027,72,132.76,217,4,3.7,one-year,0,4,5.8,ads,A,green,60,0
CUST100028,8,140.23,313,2,3.3,two-year,0,1,7.6,partner,C,green,63,0
CUST100029,47,138.53,354,5,3.0,month-to-month,1,1,7.0,organic,A,red,49,0
CUST100030,35,25.45,456,4,1.2,month-to-month,0,1,2.4,ads,B,red,55,1
CUST100031,41,103.77,458,0,0.0,month-to-month,1,4,8.3,ads,A,green,55,0
CUST100032,34,84.78,317,3,6.1,month-to-month,1,4,7.0,partner,A,yellow,73,0
CUST100033,22,77.77,156,3,3.3,month-to-month,0,1,1.0,partner,A,red,51,1
CUST100034,65,29.83,631,3,0.0,one-year,1,4,7.9,referral,B,yellow,69,0
CUST100035,11,69.68,535,2,16.4,month-to-month,0,1,5.0,ads,C,black,45,1
CUST100036,35,80.5,506,3,4.4,two-year,1,1,4.7,organic,B,yellow,44,0
CUST100037,1,59.31,483,8,11.2,month-to-month,1,1,4.0,ads,B,white,1,1
CUST100038,46,121.24,502,4,5.5,month-to-month,0,4,4.5,ads,C,yellow,71,1
CUST100039,22,46.71,224,3,7.6,one-year,1,2,4.7,ads,A,blue,5,0
CUST100040,50,68.64,217,2,6.6,one-year,1,2,9.3,referral,B,yellow,94,0
CUST100041,37,86.92,502,1,1.1,month-to-month,1,2,8.3,ads,B,black,1,0
CUST100042,33,89.66,138,8,8.6,month-to-month,1,2,5.8,organic,B,red,97,0
CUST100043,45,39.8,475,3,10.3,month-to-month,0,3,5.7,partner,B,blue,23,0
CUST100044,43,28.92,521,5,0.2,month-to-month,0,1,5.6,partner,A,red,52,0
CUST100045,31,134.12,648,2,9.6,month-to-month,0,2,5.1,ads,C,blue,44,0
CUST100046,40,36.11,379,2,2.3,month-to-month,0,3,2.3,partner,A,white,90,0
CUST100047,54,103.92,278,1,6.1,two-year,1,4,9.0,referral,C,green,87,0
CUST100048,55,113.25,557,2,0.0,month-to-month,0,2,5.6,organic,C,black,15,0
CUST100049,8,122.65,389,1,11.7,month-to-month,0,3,3.2,organic,B,black,59,1
CUST100050,56,32.13,199,5,0.0,month-to-month,1,6,9.6,ads,A,green,6,0
CUST100051,48,58.82,16,1,9.6,one-year,0,3,5.7,ads,A,blue,50,0
CUST100052,44,45.6,496,2,6.3,one-year,0,4,5.5,ads,B,yellow,59,0
CUST100053,33,26.21,523,0,7.3,month-to-month,1,3,8.3,referral,C,blue,9,0
CUST100054,46,101.16,419,2,0.0,month-to-month,1,4,9.0,organic,C,black,88,0
CUST100055,51,39.57,414,7,2.1,one-year,0,2,6.2,organic,A,white,13,0
CUST100056,5,44.51,422,3,12.6,month-to-month,1,1,5.1,ads,B,yellow,72,1
CUST100057,56,76.1,396,0,4.8,one-year,1,2,6.1,partner,B,black,45,0
CUST100058,40,35.32,212,1,4.7,month-to-month,1,3,7.5,partner,A,red,20,0
CUST100059,52,101.88,373,2,3.9,two-year,1,2,8.5,ads,A,red,63,0
CUST100060,22,121.4,404,2,0.0,month-to-month,1,2,10.0,organic,B,green,97,0
CUST100061,14,98.86,550,3,2.5,month-to-month,1,1,4.1,referral,A,blue,96,0
CUST100062,14,74.95,320,8,11.9,one-year,0,5,6.6,organic,B,blue,26,1
CUST100063,25,127.99,364,4,0.0,month-to-month,0,1,6.8,ads,C,blue,66,1
CUST100064,56,125.6,481,1,6.0,one-year,0,2,8.6,organic,C,yellow,50,0
CUST100065,55,138.25,333,0,0.0,month-to-month,0,3,7.4,ads,B,yellow,43,0
CUST100066,40,137.69,330,1,12.4,month-to-month,1,4,9.4,referral,B,blue,6,0
CUST100067,43,125.21,225,2,2.7,month-to-month,1,4,4.1,referral,C,green,17,0
CUST100068,48,93.47,593,3,0.0,month-to-month,0,3,5.8,referral,A,red,22,0
CUST100069,51,22.05,483,4,9.9,month-to-month,1,2,7.6,referral,A,black,92,0
CUST100070,51,114.36,528,0,8.6,month-to-month,1,1,6.4,organic,B,yellow,2,0
CUST100071,67,82.76,351,2,1.8,two-year,1,3,10.0,ads,C,green,80,0
CUST100072,40,31.13,658,3,2.3,month-to-month,0,3,3.7,ads,A,red,24,0
CUST100073,32,114.84,461,3,5.1,two-year,1,3,6.8,referral,B,green,89,0
CUST100074,1,73.3,504,7,8.1,month-to-month,1,3,1.6,ads,B,yellow,36,1
CUST100075,53,66.83,461,2,5.8,month-to-month,0,4,8.5,ads,A,yellow,26,0
CUST100076,37,125.03,443,1,0.0,month-to-month,0,2,6.2,organic,A,black,4,1
CUST100077,39,58.0,439,1,5.4,one-year,0,4,5.2,ads,A,yellow,77,0
CUST100078,62,55.02,319,3,1.5,two-year,1,1,9.2,organic,C,blue,70,0
CUST100079,23,50.8,466,5,4.5,month-to-month,1,2,6.2,ads,A,red,35,1
CUST100080,52,52.86,463,4,9.9,one-year,0,4,5.4,organic,A,white,40,0
CUST100081,42,93.21,374,3,0.0,month-to-month,0,4,4.0,referral,A,green,43,0
CUST100082,42,125.54,378,3,5.1,one-year,0,3,4.8,referral,A,yellow,30,0
CUST100083,29,144.82,431,3,0.0,month-to-month,0,4,6.2,ads,B,white,51,1
CUST100084,14,21.09,293,2,10.6,month-to-month,1,1,6.5,ads,C,red,64,1
CUST100085,53,49.13,441,4,2.4,month-to-month,1,1,5.9,partner,A,green,79,0
CUST100086,59,80.56,550,2,0.0,two-year,1,2,7.7,organic,A,black,42,0
CUST100087,48,148.54,254,5,1.2,two-year,1,1,5.5,referral,B,yellow,43,1
CUST100088,48,132.33,569,4,7.8,month-to-month,0,4,6.9,organic,A,red,19,0
CUST100089,12,61.21,323,1,0.0,one-year,1,5,10.0,referral,A,white,85,0
CUST100090,46,64.33,413,3,4.7,two-year,1,3,2.7,ads,C,blue,34,0
CUST100091,28,23.53,536,1,3.9,month-to-month,1,5,7.8,referral,B,red,12,0
CUST100092,27,114.6,384,5,12.1,one-year,0,1,3.7,ads,A,yellow,93,1
CUST100093,27,119.96,491,6,5.2,month-to-month,1,2,3.3,ads,C,yellow,67,0
CUST100094,41,50.47,301,6,9.8,month-to-month,0,2,3.9,organic,A,red,83,0
CUST100095,22,127.25,483,4,11.8,month-to-month,0,1,5.0,ads,A,white,94,1
CUST100096,60,86.71,516,0,2.7,one-year,1,4,7.7,referral,B,black,13,0
CUST100097,30,80.59,346,6,7.8,month-to-month,1,3,9.5,referral,A,red,87,0
CUST100098,47,74.33,437,6,7.6,month-to-month,0,2,6.5,partner,B,white,43,0
CUST100099,36,97.26,454,2,4.0,month-to-month,0,3,3.0,ads,A,green,59,0
CUST100100,1,92.59,388,3,11.1,month-to-month,0,3,3.9,organic,A,red,80,1
CUST100101,17,114.1,343,4,6.3,one-year,0,2,3.4,partner,A,blue,23,1
CUST100102,30,81.94,380,1,7.2,month-to-month,0,5,3.8,partner,B,blue,9,1
CUST100103,43,50.67,405,2,13.9,one-year,1,3,6.3,organic,B,yellow,51,0
CUST100104,41,38.53,424,5,1.3,month-to-month,0,3,6.6,ads,A,green,24,0
CUST100105,23,45.6,458,6,3.8,two-year,0,3,8.2,partner,B,black,46,0
CUST100106,57,64.79,438,1,0.0,one-year,1,6,8.7,ads,B,black,26,0
CUST100107,68,142.08,374,1,6.6,month-to-month,0,3,8.2,partner,B,white,92,1
CUST100108,41,110.6,369,3,1.4,month-to-month,1,3,6.1,referral,A,green,67,1
CUST100109,30,74.83,498,5,2.0,month-to-month,1,2,8.4,organic,B,green,93,0
CUST100110,20,40.42,451,3,9.5,one-year,1,2,4.2,ads,A,green,68,0
CUST100111,47,115.35,444,3,6.0,one-year,0,4,6.1,organic,B,red,41,0
CUST100112,30,75.26,387,2,2.0,month-to-month,1,5,7.0,organic,B,red,33,0
CUST100113,72,120.05,283,0,0.0,two-year,1,4,10.0,referral,B,green,36,0
CUST100114,29,126.64,397,4,0.8,month-to-month,1,3,9.1,partner,C,blue,74,0
CUST100115,50,96.23,434,4,8.8,month-to-month,0,3,7.4,organic,A,blue,6,0
CUST100116,38,125.8,326,6,10.3,two-year,1,4,6.4,referral,A,green,94,0
CUST100117,29,95.32,801,6,5.5,month-to-month,1,3,4.3,partner,B,white,3,1
CUST100118,38,85.78,547,0,7.8,month-to-month,1,3,9.7,ads,B,black,18,0
CUST100119,33,119.71,415,1,0.4,two-year,1,4,8.9,organic,A,white,87,0
CUST100120,60,74.15,489,3,0.0,one-year,1,4,7.2,referral,B,red,13,0
CUST100121,24,100.7,433,4,5.5,month-to-month,0,3,3.1,partner,B,red,96,1
CUST100122,57,69.98,400,1,2.7,one-year,1,5,7.0,ads,B,red,71,0
CUST100123,15,141.82,643,4,5.9,two-year,0,4,4.1,partner,C,red,71,0
CUST100124,57,111.84,451,0,4.7,month-to-month,1,2,9.8,organic,B,white,6,0
CUST100125,53,133.27,290,2,0.0,one-year,1,5,9.3,referral,A,blue,66,0
CUST100126,22,88.48,452,3,5.8,month-to-month,0,1,3.9,organic,B,red,46,1
CUST100127,41,135.27,434,2,8.8,one-year,0,3,2.5,ads,B,blue,41,1
CUST100128,55,91.81,411,2,8.6,month-to-month,1,3,9.4,referral,B,white,61,0
CUST100129,22,118.13,469,4,6.2,month-to-month,0,2,6.8,ads,A,green,91,1
CUST100130,47,116.92,388,3,11.0,month-to-month,0,4,5.6,ads,A,white,35,0
CUST100131,42,31.42,176,4,0.0,one-year,1,2,8.3,ads,B,red,65,0
CUST100132,8,67.83,491,4,12.8,month-to-month,0,4,4.6,ads,C,black,29,1
CUST100133,47,148.67,356,2,0.4,month-to-month,1,3,7.4,partner,B,white,17,0
CUST100134,19,47.83,398,3,3.3,one-year,0,1,7.8,partner,B,yellow,37,0
CUST100135,61,66.55,397,2,2.9,one-year,1,4,9.1,ads,B,green,62,0
CUST100136,26,147.11,496,4,4.8,one-year,0,3,6.4,ads,A,black,25,1
CUST100137,33,63.05,503,5,2.2,month-to-month,1,2,7.6,partner,B,yellow,83,0
CUST100138,32,127.18,339,3,0.4,one-year,1,2,8.9,ads,A,yellow,38,0
CUST100139,36,76.46,500,6,2.8,month-to-month,0,3,4.4,ads,B,yellow,45,0
CUST100140,21,141.47,324,6,0.5,one-year,0,3,6.8,organic,B,blue,39,0
CUST100141,35,97.89,622,1,4.2,month-to-month,0,4,9.9,referral,C,green,8,0
CUST100142,22,146.34,274,5,13.5,month-to-month,0,1,5.5,ads,C,green,31,0
CUST100143,62,34.39,496,2,3.7,one-year,0,5,8.9,partner,B,yellow,86,0
CUST100144,34,55.2,442,3,0.5,one-year,1,5,7.9,referral,B,red,4,0
CUST100145,56,97.77,520,3,3.3,two-year,1,3,8.7,referral,A,yellow,57,0
CUST100146,37,34.72,371,3,0.1,month-to-month,0,1,3.8,partner,A,yellow,13,0
CUST100147,32,116.4,621,3,12.6,one-year,1,5,3.5,organic,C,black,86,0
CUST100148,38,141.19,376,1,2.2,two-year,1,4,8.7,referral,A,blue,27,0
CUST100149,23,102.9,556,3,0.0,month-to-month,1,2,5.9,referral,A,blue,62,0
CUST100150,6,111.11,135,3,9.2,two-year,1,3,6.8,referral,A,green,33,1
CUST100151,36,40.39,399,3,3.1,two-year,0,3,9.5,partner,A,white,55,0
CUST100152,46,103.05,585,6,4.3,month-to-month,0,4,7.7,partner,B,green,47,0
CUST100153,22,76.52,451,0,11.5,month-to-month,1,6,7.4,referral,C,white,43,0
CUST100154,50,118.04,774,1,1.0,month-to-month,0,3,6.4,ads,A,white,46,0
CUST100155,13,59.8,686,0,9.1,two-year,0,3,5.2,organic,A,green,20,0
CUST100156,60,106.4,241,3,1.2,month-to-month,1,4,10.0,organic,A,blue,70,0
CUST100157,52,30.04,826,4,0.0,one-year,1,2,7.1,ads,A,white,8,0
CUST100158,12,60.37,532,2,7.0,month-to-month,0,2,3.7,ads,B,yellow,72,0
CUST100159,46,97.91,487,3,1.0,one-year,0,1,9.7,ads,A,blue,63,0
CUST100160,18,94.26,223,3,0.0,month-to-month,0,5,5.4,ads,A,green,21,1
CUST100161,56,95.74,554,2,0.0,one-year,0,5,6.6,organic,A,yellow,80,0
CUST100162,53,80.53,568,1,0.0,one-year,0,4,9.1,referral,A,black,76,0
CUST100163,27,98.63,366,0,4.7,month-to-month,0,1,7.0,ads,A,blue,41,0
CUST100164,71,56.47,618,1,0.0,month-to-month,0,4,6.1,referral,A,black,20,0
CUST100165,51,78.07,249,2,0.0,two-year,1,2,6.8,referral,B,green,36,0
CUST100166,36,40.55,426,4,0.0,one-year,0,4,7.3,referral,B,blue,94,0
CUST100167,57,66.09,610,1,0.0,two-year,0,6,10.0,organic,C,black,81,0
CUST100168,32,105.71,334,5,3.5,month-to-month,0,3,7.3,referral,A,red,67,0
CUST100169,28,93.52,374,3,3.4,month-to-month,0,1,4.4,ads,C,yellow,95,0
CUST100170,63,24.67,346,4,14.4,two-year,0,1,2.5,ads,A,yellow,95,1
CUST100171,32,111.86,374,4,5.6,one-year,0,1,7.1,organic,B,green,43,1
CUST100172,5,97.57,408,4,8.2,month-to-month,0,2,4.4,referral,B,red,39,1
CUST100173,32,70.73,374,5,0.0,month-to-month,1,2,7.5,ads,B,black,15,0
CUST100174,10,97.83,752,2,8.5,month-to-month,1,2,6.7,organic,B,yellow,50,0
CUST100175,41,27.75,344,1,0.0,month-to-month,0,5,8.0,referral,A,red,10,0
CUST100176,6,117.88,391,3,15.2,one-year,1,2,9.5,referral,A,blue,50,0
CUST100177,40,98.98,304,1,0.0,two-year,1,3,10.0,referral,C,green,76,0
CUST100178,10,51.42,249,1,0.5,month-to-month,1,3,3.2,ads,B,blue,88,0
CUST100179,72,22.99,482,0,0.0,two-year,1,5,10.0,ads,B,black,69,1
CUST100180,44,102.87,622,4,0.7,month-to-month,1,5,7.2,referral,A,yellow,40,0
CUST100181,30,133.03,678,6,1.9,one-year,1,5,7.1,partner,B,white,35,0
CUST100182,22,34.88,516,4,13.1,month-to-month,0,2,6.6,partner,C,white,47,0
CUST100183,21,136.55,422,0,8.0,one-year,1,3,9.8,partner,A,white,6,0
CUST100184,41,128.81,603,4,3.3,month-to-month,0,1,6.7,partner,A,green,59,0
CUST100185,72,81.77,409,2,5.9,one-year,1,2,6.0,referral,A,red,63,0
CUST100186,48,70.27,591,0,8.3,one-year,0,3,8.9,ads,B,white,5,0
CUST100187,29,50.57,338,7,4.2,one-year,0,2,6.6,referral,B,yellow,5,0
CUST100188,4,27.91,637,2,3.9,one-year,0,1,4.8,partner,C,black,18,0
CUST100189,4,55.67,403,2,13.7,month-to-month,0,1,3.4,partner,A,green,66,1
CUST100190,37,126.53,596,5,9.8,one-year,0,4,7.6,referral,C,red,50,0
CUST100191,62,82.63,652,0,0.0,month-to-month,0,2,10.0,ads,C,yellow,24,0
CUST100192,42,25.72,449,2,9.0,one-year,1,5,4.7,organic,B,blue,63,0
CUST100193,33,87.6,426,2,3.7,one-year,0,1,5.8,ads,B,red,67,1
CUST100194,49,115.21,599,2,5.0,month-to-month,0,5,6.1,referral,B,blue,72,0
CUST100195,48,118.0,519,2,0.0,month-to-month,0,2,4.4,ads,A,green,75,0
CUST100196,16,130.68,593,4,7.3,month-to-month,1,1,5.4,ads,B,red,22,1
CUST100197,40,113.61,528,5,4.0,month-to-month,1,3,5.2,ads,A,blue,2,0
CUST100198,24,21.03,469,6,12.8,month-to-month,1,3,3.7,partner,A,red,17,0
CUST100199,23,74.25,529,3,0.9,month-to-month,0,3,3.4,partner,A,red,62,1
CUST100200,45,63.6,446,4,0.0,month-to-month,0,2,5.2,referral,B,black,99,0
CUST100201,68,79.19,282,4,0.5,one-year,1,3,6.2,organic,A,blue,37,0
CUST100202,29,123.06,478,4,2.1,one-year,1,4,5.7,ads,A,blue,4,0
CUST100203,56,24.97,360,2,0.0,month-to-month,1,4,7.4,organic,A,green,66,0
CUST100204,42,107.32,317,3,0.0,month-to-month,1,3,3.1,ads,A,black,3,0
CUST100205,36,72.82,385,1,9.8,two-year,1,3,5.8,ads,A,white,77,0
CUST100206,55,149.8,269,5,7.8,one-year,1,5,8.3,referral,C,white,36,0
CUST100207,51,57.91,17,2,4.2,two-year,0,3,7.7,ads,B,yellow,81,0
CUST100208,62,83.67,512,1,0.6,month-to-month,1,5,6.8,organic,A,red,37,0
CUST100209,66,143.14,346,0,0.0,month-to-month,1,5,10.0,organic,B,green,66,0
CUST100210,22,41.52,457,4,0.0,one-year,0,3,5.8,referral,A,yellow,99,0
CUST100211,50,94.83,400,2,4.8,month-to-month,0,4,6.7,referral,B,blue,42,0
CUST100212,15,101.15,552,1,3.1,two-year,1,4,9.2,organic,B,green,88,0
CUST100213,62,100.48,359,0,0.0,month-to-month,0,4,4.3,referral,B,red,42,0
CUST100214,51,119.15,256,2,5.3,one-year,1,3,5.9,partner,B,red,79,0
CUST100215,39,37.62,531,3,5.8,two-year,0,2,7.1,partner,B,blue,18,0
CUST100216,21,112.74,111,3,11.0,month-to-month,0,1,6.4,ads,A,blue,83,0
CUST100217,32,41.06,449,5,4.4,month-to-month,1,3,3.6,ads,A,black,33,1
CUST100218,31,76.3,447,5,14.0,month-to-month,0,2,5.8,organic,B,red,53,1
CUST100219,39,138.6,504,0,9.2,one-year,0,4,7.2,ads,C,white,39,0
CUST100220,72,40.75,733,2,0.0,one-year,1,2,6.5,referral,A,white,43,0
CUST100221,11,111.44,371,1,8.0,month-to-month,0,2,1.8,ads,C,green,37,0
CUST100222,58,103.53,481,1,0.5,month-to-month,0,3,7.4,ads,A,black,18,0
CUST100223,23,114.59,504,4,9.6,month-to-month,0,3,5.0,ads,C,black,3,0
CUST100224,21,137.92,432,3,5.0,one-year,1,1,6.1,referral,B,yellow,1,0
CUST100225,69,124.93,313,1,7.5,month-to-month,1,4,9.1,referral,C,red,55,0
CUST100226,16,90.76,219,4,0.1,month-to-month,1,4,4.7,organic,C,green,75,0
CUST100227,22,46.85,330,8,9.3,month-to-month,1,3,2.0,ads,B,yellow,62,1
CUST100228,42,39.45,240,1,0.0,month-to-month,1,3,5.6,ads,A,yellow,91,0
CUST100229,33,28.27,256,1,3.5,month-to-month,1,5,5.3,ads,C,white,23,0
CUST100230,32,83.26,427,3,9.7,month-to-month,0,4,3.8,referral,B,white,65,1
CUST100231,47,132.95,250,0,9.1,one-year,1,1,8.5,ads,A,white,78,0
CUST100232,24,48.23,499,5,1.5,month-to-month,1,4,6.9,ads,A,blue,96,0
CUST100233,27,137.41,274,3,3.1,month-to-month,0,4,4.5,organic,B,red,55,0
CUST100234,59,40.07,527,1,1.7,month-to-month,1,5,8.5,organic,A,green,38,0
CUST100235,35,135.64,295,5,6.9,month-to-month,1,2,8.6,organic,A,red,65,0
CUST100236,46,110.62,510,6,9.2,month-to-month,0,1,3.8,ads,A,white,15,1
CUST100237,27,54.53,446,2,0.0,month-to-month,1,1,4.6,ads,C,blue,18,0
CUST100238,43,147.33,494,1,1.8,one-year,1,4,2.0,organic,A,red,83,0
CUST100239,40,77.67,366,1,1.1,one-year,1,5,10.0,partner,A,blue,91,0
CUST100240,10,43.59,357,4,0.7,one-year,0,3,3.1,referral,A,white,30,0
CUST100241,36,109.07,647,2,7.3,two-year,0,4,7.3,ads,B,red,30,0
CUST100242,52,41.37,289,3,0.0,month-to-month,1,3,10.0,referral,C,green,37,0
CUST100243,60,135.78,316,5,1.1,month-to-month,0,4,8.1,organic,B,red,80,0
CUST100244,45,140.03,165,3,12.0,month-to-month,0,2,3.6,partner,A,red,97,0
CUST100245,72,29.23,325,1,6.5,month-to-month,1,3,3.4,referral,A,blue,76,0
CUST100246,34,82.48,228,3,13.2,month-to-month,0,3,3.2,partner,B,white,50,1
CUST100247,18,28.32,636,4,11.6,month-to-month,0,3,6.2,ads,C,black,62,0
CUST100248,64,68.19,510,1,0.0,month-to-month,1,3,10.0,referral,A,green,59,0
CUST100249,37,112.03,339,1,5.2,month-to-month,0,2,6.4,referral,A,green,32,0
CUST100250,35,67.73,525,7,8.4,month-to-month,1,4,3.6,ads,B,red,7,0
CUST100251,28,141.14,56,3,6.0,two-year,1,5,9.1,referral,C,black,35,0
CUST100252,72,50.44,277,0,0.0,two-year,1,5,8.4,referral,A,red,96,0
CUST100253,61,43.45,515,1,0.0,month-to-month,0,4,8.5,partner,A,white,42,0
CUST100254,1,104.92,269,4,10.5,month-to-month,1,1,4.3,partner,C,red,12,1
CUST100255,20,138.96,336,5,4.0,month-to-month,0,3,5.0,partner,B,black,92,0
CUST100256,63,21.28,542,2,0.0,month-to-month,1,3,8.4,referral,A,green,30,0
CUST100257,45,125.24,470,4,5.7,month-to-month,1,4,8.6,ads,C,green,12,0
CUST100258,22,88.87,259,0,3.7,month-to-month,1,2,8.3,referral,C,green,43,0
CUST100259,56,28.99,372,2,6.9,one-year,1,3,9.6,ads,B,yellow,21,0
CUST100260,1,105.99,339,7,4.8,month-to-month,1,3,3.5,ads,B,red,21,1
CUST100261,34,74.61,330,5,0.0,month-to-month,1,3,8.4,ads,C,green,88,0
CUST100262,14,74.71,342,6,12.9,month-to-month,0,2,2.8,ads,A,green,74,1
CUST100263,15,31.46,579,4,8.1,month-to-month,1,1,2.3,ads,C,green,76,0
CUST100264,10,108.78,316,2,5.5,two-year,0,4,7.1,partner,A,blue,62,0
CUST100265,23,34.15,573,8,6.7,month-to-month,1,2,3.7,organic,A,green,53,1
CUST100266,47,83.05,532,1,2.9,one-year,0,4,6.2,organic,B,yellow,28,0
CUST100267,28,128.0,545,5,9.5,one-year,0,1,4.6,ads,C,yellow,82,0
CUST100268,17,116.81,488,6,7.7,month-to-month,0,4,6.8,ads,C,blue,83,0
CUST100269,26,47.27,489,1,0.0,month-to-month,1,2,7.0,referral,A,green,47,0
CUST100270,23,126.68,447,2,0.0,one-year,1,4,8.5,ads,A,white,17,0
CUST100271,21,134.55,352,5,7.8,month-to-month,0,4,3.8,partner,A,green,99,1
CUST100272,48,116.18,625,2,7.2,one-year,1,6,10.0,partner,B,yellow,98,0
CUST100273,18,149.36,366,4,3.5,month-to-month,1,4,4.4,partner,B,black,23,0
CUST100274,27,30.02,406,2,4.3,month-to-month,0,3,6.6,ads,C,red,93,0
CUST100275,57,29.6,507,2,0.0,two-year,0,4,7.2,organic,C,green,75,0
CUST100276,35,101.51,481,5,7.3,month-to-month,0,3,5.3,partner,C,white,44,0
CUST100277,33,62.82,254,4,3.5,month-to-month,1,3,5.5,organic,B,yellow,6,0
CUST100278,41,77.1,397,4,0.4,month-to-month,1,4,4.1,ads,C,blue,2,0
CUST100279,13,115.63,394,4,8.8,month-to-month,0,3,4.9,ads,B,black,34,0
CUST100280,68,137.57,590,4,5.2,month-to-month,0,1,6.6,ads,A,green,26,0
CUST100281,37,50.94,482,4,1.1,two-year,0,5,4.7,ads,A,red,54,0
CUST100282,65,42.9,649,3,0.0,two-year,1,5,9.8,referral,A,red,83,0
CUST100283,33,117.64,409,4,9.9,month-to-month,0,1,2.9,ads,B,green,37,1
CUST100284,60,130.41,413,2,0.9,one-year,1,3,7.1,ads,B,red,85,0
CUST100285,22,120.61,409,4,6.0,month-to-month,0,2,1.6,ads,A,green,25,1
CUST100286,38,36.62,479,3,5.9,one-year,1,6,10.0,organic,A,red,59,0
CUST100287,22,118.68,777,3,1.8,month-to-month,1,3,3.8,ads,B,red,54,1
CUST100288,34,77.04,434,1,0.0,one-year,1,2,7.7,referral,A,white,75,0
CUST100289,19,99.19,304,3,4.1,two-year,0,1,4.2,ads,A,yellow,5,0
CUST100290,27,72.29,463,4,4.4,month-to-month,1,3,5.6,organic,A,black,49,1
CUST100291,11,21.75,333,5,0.2,month-to-month,1,4,6.8,referral,A,blue,29,0
CUST100292,46,149.51,349,5,8.1,one-year,0,2,6.6,organic,A,yellow,45,0
CUST100293,70,42.86,445,1,0.0,one-year,1,3,6.5,referral,A,white,6,0
CUST100294,55,107.53,657,3,0.2,month-to-month,0,3,4.6,ads,C,green,69,0
CUST100295,47,48.81,383,5,8.1,one-year,0,1,6.6,ads,A,red,27,0
CUST100296,42,24.82,459,1,0.0,month-to-month,1,2,8.8,organic,B,green,81,0
CUST100297,30,148.55,417,2,2.2,two-year,1,1,6.4,referral,C,black,85,0
CUST100298,34,20.84,507,3,1.1,one-year,1,2,8.5,referral,B,red,46,1
CUST100299,53,100.3,123,5,0.0,month-to-month,1,4,6.6,organic,C,yellow,53,0
CUST100300,29,116.19,383,3,4.4,month-to-month,0,1,3.8,ads,A,red,47,1
CUST100301,28,93.54,403,4,5.6,month-to-month,0,3,5.7,ads,C,green,26,1
CUST100302,64,119.91,453,2,1.7,one-year,0,1,8.6,referral,A,blue,21,0
CUST100303,49,42.18,520,0,4.3,one-year,1,4,8.0,organic,C,yellow,4,0
CUST100304,23,23.1,598,3,6.3,month-to-month,0,2,7.4,ads,A,black,40,1
CUST100305,27,89.54,433,3,8.5,one-year,0,2,5.3,organic,B,red,42,0
CUST100306,62,76.41,620,0,0.0,month-to-month,0,5,10.0,referral,A,black,36,0
CUST100307,45,119.69,525,1,9.4,one-year,0,1,5.0,ads,B,red,88,0
CUST100308,51,27.91,568,3,1.0,month-to-month,1,4,7.1,referral,B,red,87,0
CUST100309,62,26.97,475,3,7.2,one-year,0,4,3.8,ads,B,green,90,0
CUST100310,58,63.67,464,2,6.0,month-to-month,0,2,5.8,organic,B,yellow,31,0
CUST100311,56,122.8,600,1,0.0,month-to-month,1,2,9.1,ads,B,green,21,0
CUST100312,33,80.93,478,2,7.6,two-year,0,4,9.1,organic,B,red,36,0
CUST100313,26,122.31,489,0,4.6,month-to-month,1,3,10.0,ads,B,green,67,0
CUST100314,46,103.1,301,5,1.8,one-year,1,5,9.4,organic,B,red,43,0
CUST100315,48,75.76,421,5,12.7,month-to-month,1,4,7.0,partner,C,blue,72,0
CUST100316,72,128.52,378,2,0.0,month-to-month,1,3,6.7,organic,A,red,27,0
CUST100317,39,106.59,544,4,5.0,month-to-month,1,2,4.8,ads,A,blue,30,1
CUST100318,57,74.62,491,3,5.3,two-year,0,3,8.7,ads,C,white,13,0
CUST100319,31,34.51,503,3,0.1,two-year,1,3,8.0,organic,C,black,87,0
CUST100320,47,67.62,391,1,1.1,one-year,1,3,4.7,referral,C,black,23,0
CUST100321,55,27.64,367,2,6.2,month-to-month,0,3,8.7,referral,C,red,16,0
CUST100322,1,82.83,460,8,4.5,month-to-month,0,2,6.4,ads,C,red,45,1
CUST100323,55,27.13,578,1,1.2,two-year,0,3,7.6,referral,B,green,76,0
CUST100324,38,120.15,302,1,4.5,one-year,0,2,6.0,referral,A,white,42,0
CUST100325,26,66.29,359,5,15.7,month-to-month,1,2,2.8,organic,A,white,91,0
CUST100326,32,99.27,677,0,0.0,two-year,0,4,3.9,ads,C,red,75,0
CUST100327,9,59.64,286,1,5.7,two-year,1,3,7.4,organic,C,blue,26,0
CUST100328,38,134.7,569,3,3.1,two-year,0,1,7.9,ads,C,white,4,0
CUST100329,42,83.9,203,1,0.0,month-to-month,1,2,7.2,organic,A,yellow,53,0
CUST100330,23,117.21,342,2,3.1,one-year,1,4,10.0,ads,A,black,92,0
CUST100331,27,105.84,526,1,0.0,month-to-month,1,3,5.8,organic,A,red,79,0
CUST100332,45,111.15,354,2,5.2,month-to-month,1,3,6.9,ads,B,green,6,0
CUST100333,38,87.16,373,1,3.6,month-to-month,0,3,6.3,partner,B,yellow,96,1
CUST100334,12,149.82,200,4,0.0,two-year,1,2,7.2,organic,B,yellow,85,0
CUST100335,15,33.15,301,2,5.1,month-to-month,1,2,8.0,referral,C,white,63,0
CUST100336,22,86.05,219,4,7.1,month-to-month,1,2,5.9,ads,B,yellow,69,0
CUST100337,41,67.58,253,3,13.4,two-year,1,2,6.6,organic,A,blue,28,0
CUST100338,48,66.73,514,4,6.1,month-to-month,0,3,6.0,organic,B,red,99,0
CUST100339,36,118.06,251,4,0.0,one-year,1,3,2.8,organic,C,green,1,0
CUST100340,20,20.96,457,3,4.4,month-to-month,0,3,4.4,partner,C,yellow,52,1
CUST100341,34,70.05,405,2,7.7,one-year,0,3,7.4,ads,B,red,38,0
CUST100342,28,73.36,278,3,0.0,one-year,1,1,6.1,referral,A,blue,65,0
CUST100343,41,85.82,266,5,2.4,month-to-month,0,6,6.3,referral,A,red,8,1
CUST100344,17,71.32,496,2,5.4,month-to-month,1,3,5.4,ads,A,black,33,0
CUST100345,52,58.18,506,3,1.2,month-to-month,0,3,7.6,referral,B,yellow,18,0
CUST100346,22,91.54,575,6,14.7,month-to-month,0,2,2.6,ads,A,black,84,1
CUST100347,18,138.0,398,2,9.0,one-year,0,2,4.7,ads,C,green,61,0
CUST100348,18,62.54,359,4,6.3,month-to-month,1,2,4.3,ads,C,black,86,1
CUST100349,13,33.73,182,6,1.0,month-to-month,0,2,3.4,referral,B,blue,87,1
CUST100350,30,85.0,418,3,0.0,one-year,1,3,6.7,referral,A,black,71,0
CUST100351,49,129.6,239,1,0.0,month-to-month,0,5,10.0,referral,B,red,20,0
CUST100352,11,37.88,345,3,1.1,month-to-month,1,3,5.2,ads,A,white,5,1
CUST100353,31,130.35,376,2,0.0,one-year,0,3,6.5,ads,C,yellow,96,0
CUST100354,50,112.66,286,2,5.0,one-year,0,4,7.9,partner,A,black,64,0
CUST100355,32,92.67,599,1,7.2,one-year,0,3,9.1,ads,B,green,59,1
CUST100356,28,78.17,743,2,2.8,one-year,0,5,5.6,referral,C,blue,31,0
CUST100357,33,74.53,610,5,9.6,month-to-month,0,1,4.9,organic,A,blue,82,1
CUST100358,32,114.36,605,2,3.0,month-to-month,1,2,4.9,ads,A,red,20,0
CUST100359,28,81.68,482,4,5.5,month-to-month,0,1,7.3,referral,A,yellow,1,0
CUST100360,65,105.03,544,4,7.0,one-year,0,1,5.7,organic,A,blue,94,0
CUST100361,69,24.81,524,0,0.0,one-year,0,3,8.1,ads,A,green,11,0
CUST100362,43,142.25,366,1,2.7,month-to-month,1,4,3.0,ads,B,blue,48,0
CUST100363,33,78.71,579,3,0.0,two-year,0,5,8.7,ads,C,red,6,0
CUST100364,56,138.82,346,3,2.2,month-to-month,1,4,9.6,ads,C,black,47,0
CUST100365,6,101.94,573,2,8.9,month-to-month,1,5,7.4,organic,C,blue,83,0
CUST100366,35,105.94,533,1,1.7,month-to-month,1,2,3.9,ads,B,black,59,0
CUST100367,45,45.5,397,3,0.0,month-to-month,1,4,7.6,ads,C,yellow,74,0
CUST100368,48,29.23,271,7,7.8,month-to-month,1,4,3.6,ads,A,blue,71,0
CUST100369,37,48.23,525,5,10.5,two-year,1,3,5.4,ads,C,blue,22,0
CUST100370,41,89.56,300,2,6.3,one-year,1,3,6.9,ads,C,green,34,0
CUST100371,39,24.64,478,3,2.9,one-year,1,3,7.8,referral,B,blue,64,0
CUST100372,61,134.14,465,0,1.3,two-year,1,5,9.6,referral,A,yellow,80,0
CUST100373,33,75.1,438,2,0.0,month-to-month,1,4,7.9,ads,B,green,81,0
CUST100374,49,83.0,454,2,0.0,month-to-month,1,5,6.2,referral,A,black,32,0
CUST100375,28,38.69,387,8,9.0,one-year,0,3,6.3,partner,C,black,1,1
CUST100376,49,131.65,307,1,2.7,month-to-month,0,3,8.0,partner,B,black,59,0
CUST100377,11,105.76,491,3,7.1,one-year,1,4,5.2,ads,C,white,42,0
CUST100378,69,31.53,680,0,3.6,month-to-month,1,3,7.0,referral,B,red,65,0
CUST100379,38,44.1,552,5,1.5,month-to-month,1,3,8.1,partner,A,green,93,0
CUST100380,25,26.46,510,9,8.5,month-to-month,0,2,7.5,organic,A,yellow,42,1
CUST100381,64,99.96,361,4,4.8,month-to-month,1,2,6.9,partner,C,black,31,0
CUST100382,1,36.1,783,3,8.6,month-to-month,0,2,2.1,partner,A,red,92,1
CUST100383,24,83.0,492,4,15.5,one-year,0,2,1.2,ads,A,blue,84,1
CUST100384,21,111.99,461,9,0.0,month-to-month,0,6,6.7,partner,B,white,23,1
CUST100385,37,88.48,524,5,2.8,month-to-month,1,5,7.4,organic,A,blue,35,0
CUST100386,35,81.1,291,3,2.0,month-to-month,0,5,6.3,referral,B,yellow,65,1
CUST100387,37,32.66,451,0,0.0,month-to-month,0,5,10.0,referral,B,black,38,0
CUST100388,39,87.04,531,2,0.0,month-to-month,1,5,9.5,referral,B,yellow,89,0
CUST100389,28,29.35,431,2,1.8,one-year,1,4,6.0,partner,B,green,21,0
CUST100390,44,21.8,220,4,6.9,one-year,0,2,5.2,partner,A,blue,77,0
CUST100391,72,130.49,519,2,0.0,two-year,0,3,7.3,ads,A,red,62,0
CUST100392,40,140.88,388,7,11.8,month-to-month,0,1,5.7,ads,B,blue,36,0
CUST100393,46,20.29,581,2,0.8,month-to-month,1,5,7.7,referral,C,green,40,0
CUST100394,40,103.65,416,0,0.0,month-to-month,1,2,9.0,organic,A,blue,73,0
CUST100395,28,50.13,312,3,4.5,one-year,0,3,4.1,ads,A,yellow,53,1
CUST100396,42,80.37,445,3,10.6,month-to-month,1,2,6.3,partner,B,blue,76,0
CUST100397,50,86.3,436,1,0.0,month-to-month,1,2,9.5,referral,C,black,77,0
CUST100398,15,85.47,545,2,0.0,month-to-month,0,3,5.1,referral,C,green,61,0
CUST100399,43,103.29,480,3,0.0,month-to-month,0,3,8.5,organic,B,blue,56,0
CUST100400,28,46.47,326,5,19.5,month-to-month,1,3,2.6,organic,B,blue,99,1
CUST100401,39,117.66,494,5,10.2,month-to-month,0,2,8.3,ads,A,white,47,0
CUST100402,33,48.82,539,3,1.5,month-to-month,1,1,9.4,organic,A,blue,43,0
CUST100403,47,136.31,318,5,0.0,month-to-month,1,3,7.8,referral,A,green,61,1
CUST100404,1,29.85,446,2,2.0,one-year,1,2,8.6,ads,B,blue,9,0
CUST100405,45,29.67,281,3,8.2,month-to-month,0,1,7.7,referral,C,yellow,48,0
CUST100406,36,31.44,609,3,15.3,month-to-month,1,3,6.3,referral,B,black,98,0
CUST100407,22,106.51,552,5,1.2,two-year,1,2,8.5,ads,C,white,3,0
CUST100408,25,33.63,364,4,4.9,month-to-month,0,3,6.7,organic,B,green,63,0
CUST100409,14,44.81,355,2,1.4,month-to-month,1,1,7.4,partner,B,blue,89,0
CUST100410,68,62.46,414,3,6.9,one-year,0,3,9.2,ads,B,black,49,0
CUST100411,12,105.9,414,4,3.0,month-to-month,0,3,6.0,ads,A,red,25,1
CUST100412,21,100.75,393,6,12.5,month-to-month,0,1,2.8,partner,A,blue,41,1
CUST100413,60,134.28,415,3,0.0,one-year,1,4,4.5,organic,C,red,60,0
CUST100414,63,38.43,282,2,6.8,one-year,1,2,6.7,ads,C,black,47,0
CUST100415,25,41.59,278,1,2.8,month-to-month,1,3,1.6,referral,B,white,59,0
CUST100416,47,50.62,284,2,0.0,month-to-month,1,3,7.0,referral,B,blue,81,0
CUST100417,40,59.5,447,3,1.1,two-year,1,4,5.1,partner,C,blue,1,0
CUST100418,69,112.34,560,2,8.3,month-to-month,0,4,7.2,organic,C,white,67,0
CUST100419,34,87.25,704,3,7.8,one-year,0,3,8.1,organic,C,black,67,0
CUST100420,46,89.55,628,0,0.0,one-year,0,5,10.0,referral,C,yellow,57,0
CUST100421,34,57.54,316,2,0.0,one-year,1,4,10.0,partner,C,blue,16,0
CUST100422,15,116.39,576,2,10.0,month-to-month,0,3,7.3,organic,C,white,45,1
CUST100423,61,80.13,440,1,0.0,one-year,1,2,9.1,organic,C,red,90,0
CUST100424,39,80.98,494,1,4.0,month-to-month,0,2,3.0,ads,B,yellow,61,0
CUST100425,43,51.19,629,1,0.0,two-year,1,2,8.6,referral,B,black,62,0
CUST100426,14,57.57,587,2,15.9,month-to-month,1,3,1.8,organic,B,red,78,1
CUST100427,46,89.27,341,2,12.9,one-year,0,5,8.4,ads,C,black,6,1
CUST100428,45,27.99,381,0,0.9,one-year,0,5,4.3,referral,C,blue,51,0
CUST100429,11,142.2,409,1,7.8,one-year,0,2,3.5,ads,C,green,24,1
CUST100430,42,90.71,443,2,7.8,month-to-month,0,2,5.7,partner,A,yellow,92,0
CUST100431,35,102.75,475,4,7.6,month-to-month,0,3,1.4,partner,C,white,61,0
CUST100432,9,23.6,618,0,1.6,month-to-month,0,4,7.8,partner,A,red,18,1
CUST100433,50,25.47,405,0,2.8,month-to-month,0,1,8.5,referral,C,red,39,0
CUST100434,42,145.08,372,3,2.0,one-year,0,3,9.4,ads,C,red,37,0
CUST100435,33,40.47,443,2,4.3,month-to-month,1,3,7.9,partner,A,yellow,15,0
CUST100436,60,40.98,348,2,0.3,two-year,1,4,8.3,referral,B,black,44,0
CUST100437,16,134.82,620,8,5.6,month-to-month,0,2,4.7,ads,B,green,93,1
CUST100438,19,123.55,275,6,5.4,one-year,0,4,4.0,ads,B,black,60,0
CUST100439,45,105.13,148,6,0.4,month-to-month,1,2,6.4,partner,B,white,70,1
CUST100440,45,111.04,309,1,5.9,month-to-month,0,2,5.9,ads,C,blue,88,0
CUST100441,26,22.86,150,3,4.4,month-to-month,0,2,4.2,ads,B,green,8,1
CUST100442,2,108.83,464,6,11.0,month-to-month,0,1,2.8,referral,A,blue,47,1
CUST100443,13,49.68,255,1,5.6,one-year,0,2,5.7,ads,B,white,78,0
CUST100444,8,49.46,691,5,7.7,month-to-month,1,1,3.2,partner,C,black,86,1
CUST100445,72,76.51,448,4,2.4,month-to-month,0,3,9.0,referral,A,red,2,0
CUST100446,29,74.83,380,3,8.1,two-year,0,4,4.9,organic,B,yellow,79,0
CUST100447,7,88.9,263,5,9.9,one-year,1,2,4.8,ads,C,white,26,0
CUST100448,35,114.7,445,4,4.9,month-to-month,0,4,7.8,ads,C,green,38,0
CUST100449,22,136.89,650,1,5.3,month-to-month,0,3,6.5,organic,B,red,5,1
CUST100450,32,78.72,172,3,8.3,month-to-month,0,3,8.6,referral,A,green,68,0
CUST100451,69,97.37,525,1,2.5,month-to-month,1,4,6.9,referral,C,white,55,0
CUST100452,32,84.27,311,3,5.7,one-year,1,3,6.4,partner,B,red,49,0
CUST100453,34,20.32,569,1,0.0,one-year,1,3,5.3,referral,B,white,47,0
CUST100454,23,127.42,319,6,12.4,month-to-month,1,2,5.2,partner,A,blue,90,1
CUST100455,19,115.65,618,6,1.9,two-year,0,3,5.0,ads,B,black,10,0
CUST100456,48,144.74,497,2,5.5,month-to-month,1,3,5.3,referral,B,white,63,0
CUST100457,19,68.41,288,4,14.4,one-year,0,2,4.3,ads,A,green,83,1
CUST100458,2,126.62,297,2,4.3,one-year,0,4,4.8,ads,A,red,32,0
CUST100459,21,114.6,391,2,7.4,month-to-month,0,2,2.9,partner,A,yellow,56,1
CUST100460,37,35.18,283,3,1.5,month-to-month,1,5,10.0,referral,C,yellow,22,0
CUST100461,69,146.13,211,2,0.0,one-year,1,3,6.2,partner,A,yellow,16,0
CUST100462,13,39.92,580,2,0.0,month-to-month,0,2,5.8,partner,B,yellow,34,1
CUST100463,36,127.96,168,1,1.9,month-to-month,1,5,7.1,ads,C,yellow,8,0
CUST100464,39,81.58,630,6,4.7,month-to-month,0,4,6.4,ads,B,white,65,1
CUST100465,29,98.09,365,1,4.9,one-year,1,2,6.3,partner,A,yellow,48,0
CUST100466,39,87.06,479,2,7.8,one-year,1,4,6.9,ads,C,red,29,0
CUST100467,51,28.72,720,1,0.0,one-year,1,3,10.0,organic,B,white,95,0
CUST100468,53,143.15,509,3,5.0,month-to-month,1,4,7.1,ads,B,yellow,37,0
CUST100469,41,133.53,336,3,11.8,month-to-month,1,4,5.7,ads,A,yellow,99,1
CUST100470,55,96.25,652,4,3.7,month-to-month,0,3,5.3,partner,C,red,87,0
CUST100471,1,83.74,180,4,18.9,one-year,1,3,2.8,ads,B,blue,2,1
CUST100472,23,63.25,449,5,7.6,month-to-month,1,3,5.0,organic,A,green,10,0
CUST100473,55,42.72,587,0,0.0,month-to-month,1,3,10.0,organic,B,white,1,0
CUST100474,61,121.73,359,1,0.0,two-year,1,1,6.5,organic,C,yellow,75,0
CUST100475,54,87.18,284,1,5.8,one-year,0,1,7.3,partner,A,red,98,0
CUST100476,40,108.2,258,2,0.6,two-year,1,3,9.4,organic,B,yellow,26,0
CUST100477,34,58.37,407,3,4.7,month-to-month,1,4,4.3,organic,B,white,31,0
CUST100478,72,135.88,161,0,0.0,two-year,1,3,10.0,referral,C,green,6,0
CUST100479,23,147.16,171,2,5.7,month-to-month,1,2,6.3,ads,A,yellow,36,0
CUST100480,31,105.93,336,4,6.4,one-year,1,2,7.1,referral,C,green,68,0
CUST100481,23,131.06,362,4,6.9,month-to-month,0,2,4.4,organic,A,black,93,0
CUST100482,3,50.45,461,6,7.6,one-year,0,2,3.9,ads,A,yellow,30,1
CUST100483,54,146.39,377,6,6.6,month-to-month,0,5,6.1,referral,B,green,88,0
CUST100484,11,49.54,330,5,6.4,month-to-month,1,2,6.7,partner,A,black,14,1
CUST100485,17,49.71,583,2,6.5,month-to-month,0,2,4.8,ads,C,red,51,1
CUST100486,33,139.66,466,8,3.0,two-year,1,4,5.9,ads,A,green,77,1
CUST100487,43,57.08,662,6,10.0,month-to-month,0,1,5.2,partner,A,green,92,0
CUST100488,56,67.31,418,0,0.0,month-to-month,0,5,10.0,referral,A,green,29,0
CUST100489,61,130.93,206,0,0.2,one-year,1,2,7.4,ads,A,blue,15,0
CUST100490,46,131.48,329,4,6.2,one-year,0,2,9.5,ads,A,blue,6,0
CUST100491,56,30.85,265,2,3.8,one-year,1,3,6.5,referral,A,green,42,0
CUST100492,21,61.58,437,2,6.1,two-year,1,5,3.5,organic,A,blue,70,0
CUST100493,4,51.35,441,6,10.0,one-year,0,3,2.0,organic,B,yellow,66,1
CUST100494,56,136.76,260,3,2.3,one-year,0,4,5.0,organic,B,white,41,0
CUST100495,34,58.51,390,2,2.4,month-to-month,1,2,8.5,referral,B,white,50,1
CUST100496,37,50.88,477,3,8.7,one-year,1,4,5.9,ads,A,blue,23,0
CUST100497,45,58.23,291,5,11.9,month-to-month,0,4,8.4,partner,B,white,28,1
CUST100498,23,133.86,840,7,5.8,one-year,0,2,3.3,ads,C,green,28,1
CUST100499,2,44.77,355,8,3.8,month-to-month,0,2,5.8,ads,B,green,66,1
CUST100500,55,43.99,395,3,0.0,one-year,1,4,8.0,ads,C,white,61,0
CUST100501,44,128.92,331,1,6.0,month-to-month,1,5,9.7,organic,C,blue,37,1
CUST100502,8,42.35,239,4,16.1,two-year,0,2,5.5,ads,C,green,3,0
CUST100503,28,85.36,319,4,0.0,one-year,1,5,6.0,referral,B,red,69,0
CUST100504,26,82.84,348,4,11.1,month-to-month,1,2,10.0,partner,B,yellow,76,0
CUST100505,48,21.43,470,3,9.6,month-to-month,1,2,8.2,ads,B,green,32,0
CUST100506,29,99.08,432,1,8.3,month-to-month,1,4,4.7,organic,B,black,99,0
CUST100507,19,107.33,262,4,8.6,month-to-month,0,3,3.2,ads,B,green,69,1
CUST100508,14,46.28,479,8,0.9,month-to-month,1,4,6.4,ads,A,blue,73,1
CUST100509,34,95.07,430,5,7.0,month-to-month,0,5,5.6,ads,B,blue,44,1
CUST100510,28,38.73,579,4,4.6,month-to-month,1,2,8.8,partner,C,green,39,0
CUST100511,37,116.3,683,0,4.4,month-to-month,0,3,4.3,referral,C,red,29,0
CUST100512,28,89.64,505,7,4.5,one-year,1,2,6.7,organic,A,red,89,0
CUST100513,38,73.42,510,4,11.9,one-year,0,2,2.4,partner,A,red,59,1
CUST100514,27,145.0,320,3,9.8,two-year,0,2,6.4,referral,C,red,79,0
CUST100515,44,143.91,402,2,5.2,one-year,0,3,7.4,ads,A,yellow,19,1
CUST100516,49,24.95,97,1,6.2,month-to-month,1,4,10.0,organic,A,blue,66,0
CUST100517,56,58.81,358,3,7.8,month-to-month,0,2,2.3,partner,B,red,17,1
CUST100518,51,51.23,485,5,8.4,month-to-month,1,3,9.1,ads,A,red,71,0
CUST100519,44,143.91,629,2,0.0,two-year,0,2,4.6,ads,C,green,30,0
CUST100520,16,43.92,387,7,9.3,month-to-month,0,1,1.6,organic,B,white,29,1
CUST100521,35,27.11,383,4,5.2,month-to-month,0,2,4.3,partner,C,white,83,0
CUST100522,14,46.25,365,7,8.2,month-to-month,1,2,6.0,ads,B,red,1,1
CUST100523,35,117.8,302,4,3.8,one-year,1,3,5.2,ads,B,red,98,0
CUST100524,15,86.82,295,3,10.0,month-to-month,1,2,2.9,ads,A,white,46,1
CUST100525,24,145.75,306,4,15.2,month-to-month,0,1,4.2,organic,B,red,26,1
CUST100526,1,125.53,583,4,4.6,one-year,0,2,4.9,ads,B,red,93,1
CUST100527,57,45.63,395,1,5.1,month-to-month,1,3,6.6,ads,C,green,95,0
CUST100528,50,69.1,272,4,0.3,month-to-month,0,2,6.6,referral,A,blue,8,1
CUST100529,25,125.95,286,2,11.0,month-to-month,0,3,8.4,organic,B,white,84,1
CUST100530,44,115.67,168,1,5.0,month-to-month,1,3,7.7,ads,A,red,6,0
CUST100531,8,62.95,373,4,5.1,month-to-month,0,2,5.5,ads,A,blue,65,1
CUST100532,39,96.67,335,1,4.2,two-year,1,4,6.7,ads,C,black,14,0
CUST100533,38,95.99,442,3,1.6,one-year,1,3,2.7,ads,A,yellow,29,0
CUST100534,18,134.22,517,4,9.8,month-to-month,1,6,6.5,ads,A,red,89,1
CUST100535,14,22.74,315,4,1.7,one-year,1,2,5.4,ads,A,red,20,0
CUST100536,36,53.66,390,7,2.1,month-to-month,1,3,5.0,organic,C,white,16,0
CUST100537,36,112.45,556,6,3.8,month-to-month,0,1,6.5,organic,A,green,83,1
CUST100538,31,104.18,329,0,3.3,month-to-month,0,3,4.5,referral,C,black,66,0
CUST100539,18,64.39,258,4,6.9,one-year,1,1,2.7,referral,B,red,91,1
CUST100540,33,131.68,475,0,0.0,month-to-month,1,4,9.4,partner,B,red,80,0
CUST100541,12,115.55,568,2,7.0,month-to-month,1,3,3.6,ads,B,red,15,0
CUST100542,38,97.87,561,3,1.2,two-year,0,3,6.2,referral,B,white,62,0
CUST100543,49,51.91,328,3,0.0,one-year,1,2,9.0,organic,A,white,60,0
CUST100544,1,58.72,279,4,4.0,one-year,0,4,2.1,referral,A,red,66,1
CUST100545,15,103.99,387,4,6.4,one-year,1,2,6.1,organic,A,white,24,1
CUST100546,39,145.45,423,2,4.6,one-year,0,3,7.3,referral,B,white,80,0
CUST100547,36,130.94,417,2,4.5,month-to-month,1,4,6.6,organic,C,white,41,0
CUST100548,36,47.17,345,1,11.1,one-year,1,2,5.8,partner,A,blue,6,0
CUST100549,46,117.22,573,2,3.4,month-to-month,0,2,5.9,ads,C,blue,12,1
CUST100550,45,141.78,593,3,3.6,two-year,0,4,8.6,referral,A,yellow,30,0
CUST100551,10,32.79,243,4,6.4,one-year,0,4,5.2,ads,C,black,45,0
CUST100552,58,108.39,295,3,2.3,month-to-month,1,3,9.9,referral,B,red,76,0
CUST100553,48,31.02,389,1,2.2,two-year,1,1,6.8,ads,A,black,28,0
CUST100554,34,20.61,405,2,2.8,month-to-month,1,4,8.3,ads,B,yellow,64,0
CUST100555,9,146.8,483,4,4.9,two-year,1,1,6.1,referral,B,black,5,0
CUST100556,30,47.22,370,5,8.2,month-to-month,1,3,5.7,organic,B,yellow,27,0
CUST100557,31,123.93,392,2,2.5,one-year,0,1,6.5,referral,A,green,11,1
CUST100558,24,92.56,114,5,0.0,month-to-month,0,3,9.3,organic,C,white,84,0
CUST100559,9,101.88,578,2,3.9,month-to-month,1,3,6.3,organic,A,yellow,51,0
CUST100560,38,39.7,187,5,9.9,month-to-month,0,2,7.8,ads,C,black,97,0
CUST100561,57,118.41,187,1,1.0,month-to-month,1,4,8.9,referral,B,green,47,0
CUST100562,40,63.99,213,2,0.0,month-to-month,1,3,10.0,organic,B,white,2,0
CUST100563,31,98.42,306,3,7.7,month-to-month,1,3,7.2,organic,B,green,75,0
CUST100564,34,71.84,552,2,1.2,one-year,1,4,8.4,referral,B,green,66,0
CUST100565,25,43.31,552,3,3.7,month-to-month,0,3,5.7,ads,B,blue,92,1
CUST100566,20,37.64,349,7,5.8,month-to-month,0,2,5.2,ads,C,green,40,0
CUST100567,19,71.07,223,5,3.8,month-to-month,0,4,3.9,partner,A,white,71,1
CUST100568,1,20.96,464,4,7.4,month-to-month,0,4,1.0,ads,A,yellow,49,0
CUST100569,25,145.31,376,2,12.4,one-year,1,3,6.1,ads,B,green,82,1
CUST100570,20,57.26,529,3,6.5,month-to-month,1,3,8.7,organic,B,green,75,0
CUST100571,60,107.82,257,2,0.0,two-year,1,2,10.0,organic,A,green,38,0
CUST100572,45,94.39,379,1,0.9,month-to-month,1,1,6.8,referral,B,yellow,92,0
CUST100573,8,115.01,512,5,4.5,month-to-month,0,2,6.2,organic,B,green,75,1
CUST100574,57,127.73,542,7,0.0,one-year,1,5,8.7,ads,A,green,33,0
CUST100575,1,133.93,602,2,10.7,one-year,0,1,2.7,ads,A,black,60,1
CUST100576,62,107.16,604,4,2.7,month-to-month,0,4,7.8,ads,A,green,7,0
CUST100577,45,70.45,399,0,2.1,one-year,1,3,7.5,organic,B,yellow,84,0
CUST100578,1,84.21,543,5,0.4,one-year,0,2,6.1,ads,B,black,73,1
CUST100579,33,67.68,550,2,3.8,one-year,1,3,9.5,organic,A,red,92,0
CUST100580,45,143.55,260,2,0.7,month-to-month,0,4,8.5,referral,A,red,95,0
CUST100581,25,61.65,498,3,8.9,month-to-month,1,3,5.5,ads,C,green,40,0
CUST100582,42,54.42,391,0,10.9,one-year,1,2,10.0,referral,B,yellow,65,0
CUST100583,72,91.32,503,0,0.0,two-year,1,2,10.0,organic,A,white,76,0
CUST100584,28,32.39,483,1,3.8,month-to-month,1,4,7.2,partner,C,blue,63,0
CUST100585,40,134.98,557,3,1.6,one-year,1,4,5.5,partner,A,black,78,0
CUST100586,52,148.16,502,1,7.0,month-to-month,0,3,5.6,ads,B,green,13,0
CUST100587,30,65.29,382,2,0.0,month-to-month,0,1,5.4,ads,A,white,40,0
CUST100588,22,35.06,446,3,0.1,month-to-month,1,4,6.3,organic,B,blue,69,0
CUST100589,33,56.07,312,2,3.3,month-to-month,0,2,4.7,referral,B,white,47,0
CUST100590,19,74.45,588,1,10.3,two-year,1,4,6.3,partner,A,blue,60,0
CUST100591,51,129.03,538,3,12.9,one-year,1,2,5.9,partner,C,blue,21,0
CUST100592,29,145.8,255,2,1.4,one-year,1,2,4.0,referral,A,yellow,8,0
CUST100593,72,113.56,464,1,0.0,month-to-month,0,3,6.8,ads,C,green,88,0
CUST100594,70,141.22,616,1,0.0,one-year,1,4,7.4,organic,B,red,99,0
CUST100595,18,43.52,518,1,5.7,one-year,1,4,5.7,referral,C,yellow,72,1
CUST100596,33,140.78,479,2,0.0,month-to-month,1,3,8.0,organic,A,white,67,0
CUST100597,36,95.24,505,1,9.0,month-to-month,0,4,8.7,organic,A,white,73,0
CUST100598,42,78.37,438,4,4.5,one-year,1,3,7.1,ads,B,yellow,62,0
CUST100599,47,79.0,325,0,4.3,month-to-month,1,3,4.8,ads,B,green,57,0
CUST100600,64,143.88,368,4,3.3,one-year,1,1,7.0,referral,B,yellow,70,0
CUST100601,23,67.51,331,3,12.3,one-year,1,1,6.2,ads,C,black,60,0
CUST100602,41,40.21,471,4,3.9,two-year,0,5,8.7,organic,A,red,96,0
CUST100603,47,96.95,586,1,1.1,month-to-month,1,3,10.0,organic,A,white,5,0
CUST100604,54,34.42,565,5,3.8,two-year,1,3,6.9,ads,A,blue,48,0
CUST100605,64,112.61,271,1,0.0,month-to-month,1,4,8.7,referral,B,green,25,0
CUST100606,31,20.1,309,7,7.0,month-to-month,0,1,8.5,ads,B,white,1,0
CUST100607,33,73.1,345,4,10.2,month-to-month,1,2,4.7,ads,A,yellow,39,0
CUST100608,1,123.97,446,6,8.9,month-to-month,0,2,2.0,ads,A,red,83,1
CUST100609,59,73.17,304,1,6.2,month-to-month,0,2,10.0,ads,A,black,17,0
CUST100610,47,119.53,533,2,0.0,month-to-month,1,3,4.8,ads,A,blue,17,0
CUST100611,60,111.48,254,2,1.2,month-to-month,0,2,1.0,partner,C,yellow,51,0
CUST100612,16,107.07,523,0,0.6,month-to-month,1,3,8.3,partner,C,white,53,0
CUST100613,46,73.81,493,5,7.4,month-to-month,1,3,6.5,ads,B,yellow,75,0
CUST100614,66,139.39,254,2,0.0,one-year,1,6,10.0,referral,B,white,29,0
CUST100615,45,66.81,407,1,0.0,one-year,1,3,4.3,organic,B,green,69,0
CUST100616,62,69.6,356,3,2.2,month-to-month,0,2,6.6,organic,A,blue,69,0
CUST100617,53,110.67,280,4,5.9,one-year,1,5,7.1,ads,B,black,74,1
CUST100618,48,117.03,506,0,5.6,month-to-month,0,4,6.3,referral,B,red,88,0
CUST100619,42,60.9,456,3,0.5,month-to-month,0,2,9.4,partner,C,white,96,0
CUST100620,19,123.51,322,2,4.9,month-to-month,1,2,3.4,organic,A,yellow,82,0
CUST100621,41,127.49,644,2,0.0,month-to-month,1,2,7.8,referral,B,yellow,26,0
CUST100622,48,25.91,384,2,0.0,one-year,1,5,10.0,organic,C,yellow,28,0
CUST100623,51,81.05,307,1,1.7,one-year,0,5,9.2,organic,A,yellow,62,0
CUST100624,20,105.75,441,2,0.0,two-year,1,4,10.0,referral,A,yellow,15,0
CUST100625,36,52.57,627,4,8.2,month-to-month,1,4,6.7,ads,B,black,43,0
CUST100626,22,106.08,275,5,14.2,month-to-month,0,2,5.8,partner,B,yellow,97,1
CUST100627,29,43.01,436,3,5.9,month-to-month,1,6,7.0,organic,B,blue,71,0
CUST100628,40,21.35,394,3,6.3,one-year,1,3,7.7,partner,A,yellow,31,0
CUST100629,28,95.51,461,1,3.1,one-year,1,1,7.4,ads,A,red,96,0
CUST100630,45,28.68,301,3,7.1,month-to-month,1,3,1.6,ads,A,yellow,15,1
CUST100631,53,78.74,476,1,0.9,one-year,1,3,10.0,referral,B,white,92,0
CUST100632,32,76.43,464,2,5.7,one-year,1,4,8.4,ads,B,yellow,61,0
CUST100633,16,143.77,527,3,2.8,month-to-month,0,3,6.3,referral,A,yellow,62,0
CUST100634,24,35.69,477,5,0.0,one-year,1,2,4.0,organic,A,blue,23,0
CUST100635,37,85.07,539,2,4.8,month-to-month,0,2,1.2,partner,B,black,52,0
CUST100636,61,122.13,474,3,0.0,one-year,0,2,7.9,organic,C,white,28,0
CUST100637,50,33.74,544,2,5.8,one-year,1,2,4.2,ads,B,white,92,0
CUST100638,29,103.37,518,3,2.0,month-to-month,1,3,1.9,ads,C,red,29,0
CUST100639,15,144.69,482,6,15.4,month-to-month,0,3,4.5,partner,C,blue,72,1
CUST100640,10,21.93,496,3,11.5,two-year,1,4,4.6,referral,A,blue,49,1
CUST100641,53,80.82,465,1,3.2,month-to-month,1,3,9.6,referral,A,blue,48,0
CUST100642,29,131.14,333,4,2.7,one-year,0,4,5.8,partner,B,black,61,1
CUST100643,34,43.77,434,6,0.2,month-to-month,0,2,3.2,ads,B,blue,1,0
CUST100644,38,99.88,349,2,8.1,month-to-month,1,4,3.1,referral,B,white,69,0
CUST100645,57,93.49,488,3,1.8,month-to-month,1,4,4.6,organic,C,white,56,0
CUST100646,22,109.56,121,2,15.2,one-year,0,2,1.0,ads,B,red,2,0
CUST100647,29,114.74,379,4,6.6,two-year,0,2,4.2,referral,A,green,71,1
CUST100648,6,97.67,262,3,2.9,month-to-month,1,4,5.6,referral,A,black,39,0
CUST100649,65,120.06,417,0,0.0,two-year,1,4,5.5,organic,A,blue,86,0
CUST100650,72,49.81,302,0,0.0,month-to-month,1,5,9.0,partner,A,black,75,0
CUST100651,29,133.57,643,0,0.0,one-year,1,2,8.6,organic,B,white,81,0
CUST100652,55,138.57,270,3,5.9,one-year,1,4,4.6,organic,C,green,64,0
CUST100653,28,49.62,366,5,9.2,month-to-month,0,3,5.6,ads,A,black,23,1
CUST100654,69,148.72,619,0,0.0,one-year,1,3,7.9,partner,A,white,59,0
CUST100655,61,122.14,570,3,0.0,month-to-month,1,3,4.6,ads,A,green,93,0
CUST100656,56,33.03,566,2,10.5,month-to-month,1,3,6.3,referral,B,green,98,0
CUST100657,45,70.27,209,6,1.9,one-year,0,3,7.7,ads,B,blue,58,0
CUST100658,45,20.97,393,1,2.6,month-to-month,1,3,8.4,referral,C,green,58,0
CUST100659,44,78.79,291,3,8.8,one-year,0,3,9.2,partner,A,yellow,53,0
CUST100660,23,109.43,476,8,3.4,two-year,1,4,5.0,ads,C,green,63,0
CUST100661,29,67.19,511,3,2.6,month-to-month,1,3,5.5,ads,A,yellow,32,0
CUST100662,22,40.74,582,3,12.1,one-year,0,2,4.6,ads,B,yellow,82,1
CUST100663,24,144.49,427,1,2.7,one-year,0,3,3.4,ads,A,green,89,1
CUST100664,22,39.85,339,2,11.0,month-to-month,0,4,5.8,partner,A,yellow,97,1
CUST100665,28,146.45,331,0,4.3,one-year,0,4,5.3,ads,C,green,71,1
CUST100666,35,107.05,421,4,5.3,two-year,1,1,8.3,referral,B,black,85,0
CUST100667,49,37.86,478,5,0.0,one-year,0,2,6.1,organic,A,blue,3,0
CUST100668,12,129.37,513,11,11.2,month-to-month,0,1,3.4,ads,C,red,90,1
CUST100669,25,134.1,454,2,7.9,two-year,1,4,6.3,organic,B,red,12,0
CUST100670,49,39.4,268,3,3.7,two-year,1,5,6.9,organic,C,blue,36,0
CUST100671,13,95.69,439,4,4.8,month-to-month,0,2,4.4,ads,B,red,8,1
CUST100672,27,135.0,466,3,1.1,month-to-month,0,3,4.8,partner,C,blue,57,0
CUST100673,29,120.43,110,1,6.6,month-to-month,0,2,5.0,organic,A,white,62,1
CUST100674,1,46.86,446,4,10.8,one-year,1,3,2.9,ads,A,green,81,0
CUST100675,32,32.59,419,5,9.4,month-to-month,0,2,8.5,ads,A,black,44,0
CUST100676,32,95.62,517,6,7.0,month-to-month,0,4,3.7,partner,A,green,88,1
CUST100677,64,82.63,320,1,0.0,month-to-month,1,3,9.2,organic,B,green,73,0
CUST100678,63,145.96,409,1,0.0,month-to-month,1,6,7.5,organic,A,white,4,0
CUST100679,54,76.02,380,1,0.0,two-year,1,2,8.8,referral,C,red,80,0
CUST100680,52,38.7,439,1,8.4,two-year,1,2,6.5,referral,B,red,20,0
CUST100681,25,69.33,305,5,0.0,month-to-month,0,4,4.4,ads,A,red,6,1
CUST100682,40,26.29,528,2,4.6,month-to-month,0,4,6.4,partner,B,yellow,90,0
CUST100683,18,81.36,231,4,0.0,two-year,0,3,5.7,ads,B,black,21,0
CUST100684,8,148.58,477,4,5.3,one-year,0,1,6.6,organic,B,white,29,1
CUST100685,68,110.6,757,3,4.2,two-year,1,1,9.7,referral,B,white,63,0
CUST100686,1,69.75,394,5,0.0,month-to-month,0,5,7.2,organic,B,blue,2,0
CUST100687,29,137.72,573,3,6.5,month-to-month,0,3,6.1,partner,A,green,98,1
CUST100688,62,58.75,363,2,5.4,one-year,0,4,2.2,organic,B,yellow,24,1
CUST100689,40,86.16,620,1,1.0,one-year,1,2,7.9,ads,C,white,84,0
CUST100690,26,126.77,396,3,16.0,one-year,0,2,5.3,ads,A,green,81,1
CUST100691,52,110.64,433,2,0.0,month-to-month,0,5,7.8,referral,B,blue,81,0
CUST100692,18,26.62,434,1,0.4,two-year,0,1,1.5,partner,A,white,4,0
CUST100693,44,135.76,260,6,0.9,one-year,0,4,8.3,referral,A,yellow,38,0
CUST100694,33,101.5,492,2,1.1,month-to-month,1,4,4.8,referral,B,black,93,1
CUST100695,49,148.39,413,1,5.4,one-year,0,5,6.2,partner,C,red,27,0
CUST100696,61,137.87,399,2,6.7,month-to-month,1,4,8.6,partner,C,yellow,19,0
CUST100697,19,80.34,160,5,2.7,month-to-month,0,3,3.8,partner,B,black,85,1
CUST100698,26,119.52,636,1,0.0,month-to-month,1,2,10.0,ads,C,yellow,34,0
CUST100699,26,117.95,716,4,1.8,month-to-month,0,3,4.9,ads,B,white,13,1
CUST100700,27,24.94,88,5,9.7,month-to-month,0,3,6.8,partner,C,white,57,0
CUST100701,56,88.33,436,1,4.1,month-to-month,1,4,5.7,organic,C,blue,5,0
CUST100702,12,76.44,440,3,5.8,one-year,1,3,7.3,referral,C,black,50,1
CUST100703,8,51.86,653,2,6.2,month-to-month,0,3,6.0,organic,A,green,70,0
CUST100704,25,27.0,328,7,8.1,month-to-month,0,2,5.0,organic,A,white,32,0
CUST100705,57,100.33,607,0,3.6,two-year,0,2,6.7,referral,C,black,93,0
CUST100706,11,75.0,312,3,8.2,month-to-month,0,1,2.1,organic,C,red,75,1
CUST100707,37,22.89,411,0,0.0,two-year,1,6,8.4,ads,A,blue,55,0
CUST100708,60,147.75,556,5,4.3,month-to-month,0,2,5.4,ads,A,blue,33,1
CUST100709,68,149.39,487,2,0.0,one-year,1,4,9.3,ads,B,green,27,0
CUST100710,35,139.25,426,1,6.3,two-year,0,3,4.0,referral,C,white,7,0
CUST100711,48,60.19,460,6,0.0,one-year,0,3,4.3,referral,B,green,59,0
CUST100712,28,109.14,564,8,7.3,month-to-month,1,2,7.9,organic,C,white,87,0
CUST100713,54,124.18,407,1,0.0,month-to-month,1,4,8.0,organic,C,yellow,60,0
CUST100714,38,40.4,466,3,4.4,month-to-month,1,4,4.2,ads,B,red,89,0
CUST100715,51,82.96,586,4,0.0,month-to-month,1,5,5.0,ads,B,white,7,0
CUST100716,36,115.9,432,7,0.0,two-year,0,3,5.5,ads,A,black,92,0
CUST100717,16,58.76,361,0,1.4,month-to-month,1,2,3.4,ads,C,black,86,1
CUST100718,61,32.73,513,4,0.0,month-to-month,0,1,5.7,partner,C,blue,17,0
CUST100719,21,91.54,578,2,3.1,month-to-month,1,4,10.0,ads,C,red,34,0
CUST100720,19,73.41,577,5,4.7,one-year,1,3,4.1,partner,A,red,86,0
CUST100721,12,78.69,511,5,11.0,one-year,0,2,3.6,ads,B,black,64,1
CUST100722,5,127.6,625,4,0.1,month-to-month,0,1,6.8,ads,A,red,52,1
CUST100723,44,72.77,443,4,4.1,month-to-month,1,4,9.0,ads,B,green,10,0
CUST100724,48,95.88,360,1,5.1,month-to-month,1,4,6.5,organic,C,white,66,0
CUST100725,49,134.22,240,3,2.9,one-year,0,4,6.0,organic,B,green,76,0
CUST100726,48,103.83,292,1,0.0,month-to-month,1,1,4.4,referral,A,red,70,0
CUST100727,36,115.16,481,4,1.3,month-to-month,1,4,6.5,organic,A,black,18,1
CUST100728,30,103.68,481,5,12.1,month-to-month,1,2,6.1,partner,B,red,62,1
CUST100729,33,69.94,609,5,8.7,month-to-month,0,5,7.3,ads,C,red,4,0
CUST100730,12,34.44,506,4,7.3,two-year,1,5,5.7,referral,B,green,42,0
CUST100731,33,70.09,475,4,3.0,month-to-month,1,3,4.7,organic,A,white,87,0
CUST100732,19,98.86,347,4,0.6,one-year,1,3,5.4,partner,A,green,41,1
CUST100733,46,23.74,574,4,3.9,month-to-month,0,2,4.4,ads,C,black,18,0
CUST100734,42,124.99,735,0,0.0,one-year,1,5,9.5,organic,A,blue,34,0
CUST100735,39,135.45,379,6,8.0,two-year,1,3,8.3,referral,A,blue,78,0
CUST100736,28,24.08,324,4,1.4,month-to-month,0,4,4.8,ads,A,green,53,1
CUST100737,38,92.27,332,1,0.0,month-to-month,1,3,8.2,referral,A,black,50,0
CUST100738,72,142.63,634,4,0.0,one-year,1,4,7.8,ads,C,red,19,0
CUST100739,62,81.26,519,1,0.0,two-year,0,4,9.8,referral,A,green,52,0
CUST100740,1,133.68,431,2,9.9,month-to-month,0,2,3.4,ads,A,blue,44,1
CUST100741,43,45.46,494,2,5.6,month-to-month,0,3,1.8,ads,B,white,69,0
CUST100742,46,30.99,211,6,6.6,one-year,0,3,5.2,ads,B,yellow,68,1
CUST100743,32,130.41,643,4,2.4,two-year,0,3,7.4,referral,A,green,15,0
CUST100744,47,81.45,511,2,0.0,one-year,0,4,7.7,organic,C,yellow,88,0
CUST100745,27,63.72,530,3,10.4,month-to-month,1,3,4.5,organic,A,red,78,1
CUST100746,68,91.5,362,4,10.7,one-year,1,2,5.7,ads,A,blue,98,0
CUST100747,15,115.17,263,6,8.3,month-to-month,0,1,3.6,partner,A,green,30,1
CUST100748,31,83.04,446,1,0.0,one-year,0,1,4.9,ads,C,yellow,66,0
CUST100749,13,65.29,488,2,7.3,one-year,0,1,2.8,organic,C,white,75,1
CUST100750,3,137.08,442,1,7.7,one-year,0,4,6.9,organic,C,blue,55,0
CUST100751,53,100.88,539,2,1.3,month-to-month,0,1,2.9,ads,C,red,76,0
CUST100752,7,100.2,307,8,4.8,month-to-month,1,4,5.3,referral,A,yellow,98,1
CUST100753,52,97.23,305,2,0.0,one-year,0,3,8.2,referral,C,yellow,58,0
CUST100754,1,65.91,317,4,2.7,two-year,0,3,6.8,referral,A,black,7,0
CUST100755,62,144.12,277,1,0.0,month-to-month,1,6,10.0,referral,B,red,3,0
CUST100756,48,143.44,366,6,2.3,month-to-month,1,4,8.5,organic,C,green,4,0
CUST100757,26,112.04,376,2,0.0,one-year,0,5,7.4,referral,A,black,84,0
CUST100758,35,71.59,442,5,6.3,month-to-month,0,1,3.3,ads,A,green,81,1
CUST100759,40,56.88,537,2,0.4,one-year,0,5,5.6,ads,C,black,34,0
CUST100760,46,145.58,468,4,9.3,two-year,0,2,4.1,partner,B,black,91,0
CUST100761,58,69.54,234,5,0.0,one-year,1,4,8.0,ads,A,red,1,0
CUST100762,58,64.16,525,0,0.0,one-year,1,4,10.0,ads,A,red,12,0
CUST100763,36,142.93,276,3,10.4,one-year,0,3,7.9,organic,B,red,91,1
CUST100764,53,55.09,147,2,0.0,two-year,1,4,10.0,referral,C,red,45,0
CUST100765,37,57.4,527,1,1.8,one-year,1,2,4.1,organic,A,white,97,1
CUST100766,36,72.38,551,4,2.0,month-to-month,1,3,6.5,ads,A,blue,89,0
CUST100767,60,143.06,597,1,3.8,one-year,0,5,9.1,partner,B,blue,96,0
CUST100768,25,41.03,455,4,7.5,month-to-month,0,1,5.0,referral,C,white,49,1
CUST100769,59,100.15,612,0,0.0,month-to-month,1,4,8.3,organic,C,black,98,0
CUST100770,64,101.99,210,1,1.5,month-to-month,0,4,9.7,referral,B,white,8,0
CUST100771,39,114.82,373,4,4.3,month-to-month,0,3,5.7,ads,A,blue,95,0
CUST100772,54,55.59,538,4,3.9,month-to-month,0,5,7.5,referral,C,black,95,0
CUST100773,59,58.92,419,0,0.9,two-year,1,2,6.5,partner,C,red,28,0
CUST100774,41,51.83,485,3,2.9,month-to-month,1,4,8.6,referral,B,blue,57,0
CUST100775,22,83.24,482,3,7.4,month-to-month,1,3,2.3,ads,C,red,42,1
CUST100776,11,77.0,536,2,11.5,month-to-month,0,2,6.2,referral,B,blue,43,1
CUST100777,52,102.16,671,2,4.6,month-to-month,1,2,7.0,organic,B,blue,89,0
CUST100778,1,112.62,484,1,1.7,month-to-month,0,5,5.6,referral,C,black,90,0
CUST100779,42,125.47,500,3,6.4,month-to-month,0,1,8.0,referral,C,blue,91,0
CUST100780,55,78.71,302,0,5.8,one-year,1,3,7.1,referral,C,yellow,26,0
CUST100781,1,100.77,363,5,4.4,month-to-month,1,2,4.4,ads,A,white,21,1
CUST100782,47,48.88,441,2,0.0,month-to-month,1,4,7.1,organic,B,black,54,0
CUST100783,33,110.25,400,1,4.3,one-year,1,5,7.5,organic,C,white,16,0
CUST100784,37,147.99,270,2,0.6,one-year,1,5,7.6,ads,C,green,84,0
CUST100785,63,128.18,550,2,0.9,one-year,0,3,8.2,referral,B,black,29,0
CUST100786,49,68.44,354,4,6.2,one-year,0,4,5.8,ads,B,green,55,0
CUST100787,11,83.13,417,4,0.0,one-year,0,3,6.9,referral,B,black,26,1
CUST100788,21,36.29,257,3,0.0,one-year,0,4,6.9,ads,B,green,95,0
CUST100789,31,83.88,506,3,3.4,month-to-month,0,2,4.2,partner,C,green,17,0
CUST100790,48,82.36,391,2,11.5,month-to-month,0,3,8.9,organic,C,red,44,0
CUST100791,65,76.28,498,3,8.1,two-year,1,3,7.9,ads,A,green,26,0
CUST100792,64,73.07,64,3,5.9,month-to-month,1,4,5.3,organic,A,black,32,0
CUST100793,16,21.51,321,6,0.1,month-to-month,0,3,4.3,ads,C,green,63,1
CUST100794,61,33.69,533,4,1.5,one-year,0,2,4.3,organic,A,yellow,47,0
CUST100795,49,48.55,412,2,3.7,one-year,0,3,8.1,organic,A,black,43,0
CUST100796,21,70.44,699,0,5.7,one-year,0,4,6.4,organic,B,red,20,0
CUST100797,35,103.47,460,3,0.9,month-to-month,0,2,8.6,ads,B,white,38,0
CUST100798,2,33.8,535,3,0.0,one-year,1,4,6.9,referral,A,green,15,0
CUST100799,60,122.22,510,2,8.1,month-to-month,0,1,8.8,referral,A,green,76,0
CUST100800,71,79.11,331,1,8.4,month-to-month,1,4,8.3,referral,C,yellow,32,0
CUST100801,15,34.29,384,4,7.3,month-to-month,0,2,4.2,organic,C,green,34,1
CUST100802,34,114.72,508,3,0.7,one-year,0,6,5.8,ads,A,green,88,0
CUST100803,32,20.2,477,3,11.5,one-year,0,1,6.9,partner,C,white,16,1
CUST100804,16,130.09,194,4,6.0,month-to-month,1,2,2.9,partner,B,green,25,1
CUST100805,6,135.41,551,2,11.4,month-to-month,0,2,3.6,ads,B,yellow,91,1
CUST100806,36,104.62,440,1,1.9,month-to-month,1,4,6.9,organic,B,white,49,0
CUST100807,25,129.81,171,5,13.7,month-to-month,0,4,7.5,organic,C,white,22,1
CUST100808,45,67.83,339,4,0.0,month-to-month,0,4,10.0,ads,C,red,13,0
CUST100809,29,137.97,508,3,4.0,two-year,1,1,4.8,organic,C,green,86,0
CUST100810,55,37.69,339,5,7.9,one-year,1,5,8.1,organic,B,white,39,0
CUST100811,26,75.57,348,2,5.0,month-to-month,0,4,6.0,ads,C,yellow,32,1
CUST100812,56,69.03,516,4,1.2,two-year,0,6,5.9,ads,C,red,32,0
CUST100813,49,131.32,330,2,0.0,month-to-month,0,3,6.8,ads,B,black,53,1
CUST100814,57,25.78,508,1,0.0,one-year,1,4,6.9,organic,A,red,10,0
CUST100815,9,81.77,262,9,6.9,month-to-month,0,1,5.9,ads,B,white,70,1
CUST100816,41,92.87,524,0,4.6,month-to-month,1,1,6.9,ads,B,red,29,0
CUST100817,55,101.0,568,1,0.0,two-year,1,3,5.5,organic,A,black,40,0
CUST100818,20,59.24,442,5,8.0,two-year,0,2,3.9,referral,A,red,14,0
CUST100819,68,144.09,420,2,0.4,two-year,1,4,8.1,partner,B,blue,20,0
CUST100820,51,139.35,283,3,12.4,one-year,0,1,1.4,partner,B,yellow,55,1
CUST100821,42,80.9,543,2,0.0,two-year,1,5,7.7,ads,B,black,41,0
CUST100822,66,133.25,436,2,0.0,one-year,1,5,10.0,organic,A,black,39,0
CUST100823,41,70.66,568,6,6.9,month-to-month,1,1,4.1,ads,A,blue,49,1
CUST100824,22,32.65,493,4,6.4,month-to-month,1,1,7.6,organic,C,white,14,0
CUST100825,61,42.17,604,1,0.0,month-to-month,0,3,10.0,referral,B,white,88,0
CUST100826,57,120.76,534,1,2.6,month-to-month,1,5,7.0,referral,A,red,42,0
CUST100827,8,54.36,545,1,0.6,one-year,0,5,5.2,organic,A,white,38,0
CUST100828,38,131.76,457,5,6.4,month-to-month,1,2,7.7,organic,C,green,94,0
CUST100829,16,136.98,379,4,0.9,month-to-month,0,2,6.1,organic,B,blue,5,0
CUST100830,34,48.18,415,4,5.7,month-to-month,0,1,2.0,ads,A,red,74,0
CUST100831,15,21.04,368,5,7.8,month-to-month,0,2,4.9,ads,B,yellow,11,1
CUST100832,22,72.58,490,4,10.8,one-year,0,2,3.5,ads,A,blue,85,1
CUST100833,47,21.03,221,6,0.8,one-year,1,4,7.3,organic,A,yellow,74,0
CUST100834,43,52.44,465,6,10.7,month-to-month,0,1,7.5,organic,A,yellow,18,1
CUST100835,23,85.14,446,1,7.3,month-to-month,0,4,6.3,referral,B,green,3,1
CUST100836,39,79.11,440,2,0.0,month-to-month,0,5,9.1,referral,A,green,96,0
CUST100837,15,102.66,317,2,2.7,one-year,0,2,2.6,ads,A,black,7,0
CUST100838,54,23.72,252,1,7.2,two-year,1,3,6.6,ads,A,black,56,0
CUST100839,39,81.51,321,1,6.5,month-to-month,0,3,9.0,ads,C,black,88,0
CUST100840,23,74.18,412,1,6.0,one-year,0,2,6.5,ads,B,red,85,0
CUST100841,27,51.43,408,4,0.0,one-year,1,3,9.2,organic,A,yellow,91,0
CUST100842,27,109.36,396,4,8.1,one-year,1,1,5.2,ads,A,black,80,0
CUST100843,38,62.4,418,7,0.3,one-year,0,3,9.4,referral,A,green,82,0
CUST100844,70,84.43,303,3,8.4,two-year,1,3,3.2,organic,C,yellow,35,0
CUST100845,42,45.11,445,5,7.5,month-to-month,1,3,6.9,referral,A,black,14,0
CUST100846,67,43.3,173,0,2.5,one-year,0,5,9.9,organic,C,black,10,0
CUST100847,48,94.07,572,0,0.0,one-year,1,4,10.0,referral,C,yellow,16,0
CUST100848,5,31.69,377,5,9.1,two-year,1,1,7.9,organic,B,blue,47,0
CUST100849,13,140.38,613,3,8.2,month-to-month,0,1,5.7,ads,A,blue,39,0
CUST100850,46,146.6,399,5,1.2,one-year,0,3,4.6,ads,B,black,59,1
CUST100851,56,37.69,474,1,4.5,two-year,1,3,3.8,organic,B,blue,28,0
CUST100852,17,42.65,642,2,14.7,one-year,0,2,3.6,referral,B,yellow,12,1
CUST100853,43,86.97,461,2,0.4,two-year,1,4,9.7,referral,C,blue,25,0
CUST100854,36,55.44,330,1,0.7,two-year,1,5,9.6,referral,B,black,2,0
CUST100855,2,53.89,545,2,7.9,month-to-month,0,3,5.5,ads,B,yellow,41,1
CUST100856,37,108.46,460,5,4.3,month-to-month,0,3,6.2,ads,B,white,90,1
CUST100857,45,120.68,272,1,5.7,two-year,1,5,7.5,referral,A,red,64,0
CUST100858,30,83.75,239,3,7.2,month-to-month,0,3,7.4,ads,C,green,35,0
CUST100859,23,53.46,322,3,6.6,one-year,1,3,9.2,referral,B,black,96,0
CUST100860,63,137.03,618,0,0.0,month-to-month,1,5,4.9,partner,B,green,66,0
CUST100861,10,111.31,439,2,10.0,month-to-month,0,1,4.7,ads,A,green,47,1
CUST100862,63,106.67,413,3,0.2,two-year,1,2,5.8,partner,B,black,93,0
CUST100863,36,101.92,580,1,0.0,month-to-month,1,5,9.4,organic,B,yellow,22,0
CUST100864,26,135.57,657,4,4.8,one-year,0,3,6.7,ads,A,white,75,0
CUST100865,36,43.37,427,4,6.7,month-to-month,1,2,3.6,ads,A,green,99,0
CUST100866,44,98.34,508,6,3.3,month-to-month,1,4,6.2,ads,C,blue,33,0
CUST100867,42,85.88,511,1,2.9,one-year,1,3,7.0,referral,A,red,31,0
CUST100868,51,84.74,567,3,2.0,month-to-month,0,3,7.9,organic,A,green,10,0
CUST100869,43,36.08,408,1,0.0,one-year,1,4,9.0,organic,A,blue,50,0
CUST100870,37,42.91,580,6,12.6,two-year,0,2,4.1,partner,C,black,67,1
CUST100871,28,90.67,210,3,7.7,one-year,0,3,5.2,referral,C,black,39,0
CUST100872,23,54.24,469,8,9.4,one-year,0,4,1.5,organic,C,green,17,1
CUST100873,28,142.99,302,1,0.9,month-to-month,0,2,5.0,partner,B,black,2,0
CUST100874,17,45.54,350,6,2.8,month-to-month,0,3,5.7,ads,C,black,42,0
CUST100875,38,91.8,615,0,0.0,two-year,1,3,9.0,referral,A,green,35,0
CUST100876,1,74.67,373,4,5.4,one-year,0,2,4.7,ads,C,black,58,1
CUST100877,51,92.96,421,0,2.0,month-to-month,0,2,4.1,organic,A,black,26,0
CUST100878,48,82.59,390,3,1.6,month-to-month,0,2,5.8,ads,A,black,74,0
CUST100879,63,53.22,436,0,0.0,one-year,1,3,10.0,organic,B,white,75,0
CUST100880,71,143.35,556,0,0.0,one-year,1,4,10.0,referral,C,red,49,0
CUST100881,1,36.19,405,4,8.0,month-to-month,0,1,10.0,ads,A,blue,60,1
CUST100882,15,33.48,551,4,8.7,month-to-month,0,6,8.8,partner,C,red,85,0
CUST100883,51,143.48,495,3,2.9,one-year,1,3,5.9,partner,C,white,98,0
CUST100884,46,75.4,261,2,5.4,two-year,1,3,6.8,referral,A,white,28,0
CUST100885,55,77.61,477,1,1.6,one-year,1,4,9.2,organic,C,yellow,10,0
CUST100886,49,50.33,581,3,0.0,one-year,0,4,7.2,referral,C,white,46,0
CUST100887,32,87.82,427,2,11.0,month-to-month,0,4,6.1,ads,B,black,14,0
CUST100888,45,49.59,454,3,5.7,one-year,0,3,10.0,organic,A,blue,47,0
CUST100889,40,143.45,488,4,0.0,one-year,1,3,6.2,organic,B,yellow,94,0
CUST100890,61,32.98,564,2,0.0,two-year,1,5,6.4,partner,B,red,93,0
CUST100891,36,66.4,611,6,0.0,one-year,0,2,10.0,referral,B,white,35,0
CUST100892,29,86.36,544,1,2.5,two-year,1,3,7.0,partner,B,black,12,0
CUST100893,38,132.74,441,2,0.0,month-to-month,1,4,9.0,ads,B,green,87,0
CUST100894,47,24.58,519,1,0.0,one-year,1,5,10.0,referral,B,blue,67,0
CUST100895,59,92.54,542,4,9.0,one-year,1,4,8.3,ads,A,red,72,0
CUST100896,33,36.97,290,0,10.3,month-to-month,0,2,6.6,partner,A,red,47,0
CUST100897,35,32.25,114,4,0.0,two-year,0,3,8.4,ads,A,yellow,85,0
CUST100898,32,142.47,196,3,2.2,month-to-month,1,2,6.7,referral,A,black,57,0
CUST100899,38,23.77,392,2,13.8,month-to-month,0,5,4.4,referral,A,black,26,0
CUST100900,31,54.36,452,1,0.0,two-year,1,2,8.0,referral,C,black,50,0
CUST100901,30,142.06,287,1,9.1,one-year,1,4,2.2,ads,C,green,53,1
CUST100902,59,68.74,468,1,3.2,one-year,0,2,9.1,organic,A,red,72,0
CUST100903,59,67.83,437,2,0.0,one-year,1,5,9.0,organic,C,yellow,94,0
CUST100904,14,60.21,349,1,9.5,month-to-month,1,2,7.1,referral,B,green,35,1
CUST100905,10,52.65,512,3,2.1,month-to-month,0,4,3.6,referral,A,red,22,0
CUST100906,19,44.57,239,3,7.5,month-to-month,0,4,2.1,partner,B,black,37,1
CUST100907,27,51.19,440,5,0.3,one-year,0,4,6.9,referral,B,blue,18,0
CUST100908,53,24.17,622,3,6.3,one-year,1,4,8.9,organic,C,black,9,0
CUST100909,63,66.02,394,0,1.4,month-to-month,1,5,6.0,referral,A,white,40,1
CUST100910,35,26.4,520,7,2.0,one-year,0,2,7.5,ads,B,yellow,73,0
CUST100911,28,100.32,516,4,3.8,one-year,0,4,6.2,referral,A,green,25,0
CUST100912,65,123.47,373,1,4.7,month-to-month,1,3,6.5,partner,A,red,72,0
CUST100913,72,40.27,242,2,3.2,two-year,1,6,9.3,organic,A,black,58,0
CUST100914,31,124.44,341,3,1.9,month-to-month,0,1,6.8,referral,C,blue,58,1
CUST100915,45,26.91,461,2,8.7,two-year,0,3,5.6,organic,B,green,80,0
CUST100916,45,75.37,557,1,5.4,month-to-month,1,2,8.5,ads,A,green,30,0
CUST100917,34,129.73,210,4,0.0,one-year,0,5,2.6,referral,B,green,73,0
CUST100918,18,111.56,317,1,7.3,month-to-month,0,6,5.0,ads,B,green,57,0
CUST100919,22,71.64,423,1,5.4,month-to-month,1,3,7.1,ads,B,green,25,0
CUST100920,32,112.55,311,2,0.0,month-to-month,1,6,7.5,ads,B,black,26,0
CUST100921,30,31.49,607,6,8.8,one-year,0,3,1.7,ads,C,green,71,1
CUST100922,30,44.7,402,4,3.6,two-year,1,5,8.1,ads,A,green,69,0
CUST100923,1,118.68,455,5,0.0,one-year,0,4,3.2,organic,B,green,52,0
CUST100924,57,82.61,311,0,0.0,one-year,0,6,8.2,referral,C,green,83,0
CUST100925,17,62.5,514,4,16.8,month-to-month,1,4,4.5,organic,A,green,99,1
CUST100926,49,31.22,301,4,5.2,month-to-month,0,2,5.7,ads,A,red,6,0
CUST100927,46,70.6,478,2,3.3,month-to-month,1,3,9.2,partner,B,green,49,0
CUST100928,33,60.05,628,3,0.0,one-year,1,4,8.8,organic,A,blue,32,0
CUST100929,2,37.34,527,2,1.8,month-to-month,0,2,7.2,referral,A,white,28,0
CUST100930,19,87.04,445,2,14.3,month-to-month,0,3,5.6,ads,A,green,15,1
CUST100931,49,39.47,318,0,8.0,month-to-month,1,6,10.0,referral,B,red,38,0
CUST100932,33,135.63,327,4,0.9,month-to-month,0,3,6.8,ads,A,blue,12,0
CUST100933,9,149.33,478,6,10.8,month-to-month,0,1,3.4,ads,A,green,36,1
CUST100934,58,40.14,439,3,10.2,month-to-month,0,4,8.6,ads,B,green,22,0
CUST100935,10,37.22,538,5,6.3,month-to-month,1,1,8.4,ads,B,green,30,0
CUST100936,38,82.78,414,7,9.8,month-to-month,1,1,7.4,partner,A,black,45,1
CUST100937,55,147.23,489,4,1.2,one-year,0,3,6.9,organic,A,black,95,0
CUST100938,9,78.04,433,4,5.3,month-to-month,1,4,8.7,referral,B,blue,8,0
CUST100939,49,72.81,504,3,11.5,two-year,0,2,6.1,ads,A,yellow,52,0
CUST100940,22,144.19,380,5,9.9,month-to-month,0,2,6.6,ads,C,black,46,1
CUST100941,52,78.98,230,4,0.0,month-to-month,1,3,8.8,referral,B,white,1,0
CUST100942,31,123.76,549,1,0.0,month-to-month,0,3,8.0,organic,B,red,92,0
CUST100943,54,76.72,402,4,7.4,month-to-month,0,2,7.1,referral,B,red,9,0
CUST100944,40,111.1,596,1,0.0,one-year,1,5,9.7,organic,C,red,88,0
CUST100945,36,139.57,434,2,5.0,one-year,0,2,5.4,partner,C,blue,76,1
CUST100946,30,104.37,424,1,4.2,month-to-month,0,2,3.9,ads,A,black,92,1
CUST100947,13,146.15,593,3,2.1,month-to-month,1,2,5.0,ads,B,yellow,67,1
CUST100948,65,115.36,336,4,1.3,month-to-month,0,4,9.6,referral,B,white,89,0
CUST100949,42,28.21,363,1,5.1,one-year,0,3,7.7,ads,A,yellow,79,0
CUST100950,43,25.12,477,0,2.7,two-year,1,3,5.1,referral,A,yellow,26,0
CUST100951,17,38.71,310,3,3.7,two-year,1,2,6.5,referral,C,yellow,17,0
CUST100952,53,38.64,653,3,8.4,one-year,1,1,6.5,ads,C,green,44,0
CUST100953,35,23.62,379,0,2.7,month-to-month,1,4,7.3,referral,B,red,93,0
CUST100954,50,68.68,395,2,1.0,two-year,1,1,3.7,partner,A,red,97,0
CUST100955,34,149.05,597,4,7.1,one-year,1,5,5.6,referral,B,white,72,0
CUST100956,31,95.89,428,2,0.0,month-to-month,1,3,3.9,organic,B,red,21,0
CUST100957,53,116.13,313,2,1.3,one-year,0,2,4.8,partner,B,red,14,0
CUST100958,58,78.85,547,6,0.6,one-year,1,2,5.2,ads,A,blue,25,0
CUST100959,22,42.92,532,1,0.0,month-to-month,1,4,9.7,ads,A,white,95,0
CUST100960,60,65.66,275,1,0.0,month-to-month,1,1,7.4,partner,B,black,23,0
CUST100961,68,49.01,330,0,4.9,two-year,0,4,7.8,ads,B,black,32,0
CUST100962,24,91.75,291,0,6.7,month-to-month,0,3,4.2,referral,B,white,25,1
CUST100963,68,80.74,0,4,3.9,month-to-month,0,4,7.3,ads,B,red,15,0
CUST100964,13,130.92,695,3,1.4,month-to-month,1,2,3.2,ads,B,white,64,0
CUST100965,44,47.51,237,4,0.0,month-to-month,0,3,8.0,organic,B,red,56,0
CUST100966,35,94.49,312,4,4.7,month-to-month,0,3,9.2,ads,A,yellow,44,1
CUST100967,45,22.71,484,1,0.0,one-year,1,4,10.0,referral,B,blue,70,0
CUST100968,39,123.84,464,0,7.3,one-year,1,4,6.1,partner,A,yellow,41,0
CUST100969,22,92.79,506,4,6.3,one-year,1,2,5.6,ads,A,black,75,0
CUST100970,35,28.32,457,3,0.2,two-year,0,5,5.8,ads,A,blue,70,1
CUST100971,40,126.05,619,5,6.6,month-to-month,1,3,4.0,referral,B,yellow,81,1
CUST100972,43,28.09,345,3,1.6,month-to-month,0,5,10.0,organic,A,white,80,0
CUST100973,32,76.0,648,3,8.0,month-to-month,1,5,3.5,ads,B,black,53,1
CUST100974,48,132.55,367,3,10.9,month-to-month,0,5,5.2,referral,A,yellow,64,0
CUST100975,25,27.6,255,6,8.0,month-to-month,0,1,4.2,ads,B,white,46,1
CUST100976,42,52.98,370,3,9.1,month-to-month,0,4,4.1,partner,A,black,41,1
CUST100977,1,60.06,486,5,11.8,month-to-month,0,2,4.0,ads,A,white,38,1
CUST100978,25,91.73,585,7,12.8,month-to-month,1,2,3.6,ads,B,black,91,1
CUST100979,32,83.79,509,2,6.6,month-to-month,1,4,8.8,partner,C,black,98,0
CUST100980,26,129.83,265,3,0.0,one-year,0,3,8.7,ads,A,green,89,0
CUST100981,40,136.56,307,2,10.6,month-to-month,1,1,6.7,referral,A,green,16,0
CUST100982,11,65.35,346,5,7.6,month-to-month,0,2,8.1,ads,B,black,89,1
CUST100983,47,137.0,454,2,0.0,month-to-month,0,5,5.2,organic,B,green,5,0
CUST100984,48,71.05,553,2,0.0,month-to-month,1,3,8.9,partner,A,green,72,0
CUST100985,1,121.38,440,3,13.4,month-to-month,1,2,6.9,partner,B,black,90,0
CUST100986,42,95.95,208,1,4.7,one-year,1,4,10.0,referral,C,blue,24,0
CUST100987,25,125.79,596,3,5.8,month-to-month,1,3,8.1,ads,C,red,19,0
CUST100988,26,99.1,338,2,2.5,month-to-month,0,3,4.7,ads,B,red,65,0
CUST100989,43,123.57,585,0,2.4,one-year,1,3,10.0,referral,B,black,43,0
CUST100990,35,95.49,377,4,0.0,one-year,1,3,6.2,referral,B,green,66,0
CUST100991,3,35.24,394,5,9.0,one-year,0,3,2.0,ads,B,blue,19,1
CUST100992,53,122.55,465,3,5.4,one-year,1,5,5.8,organic,B,blue,88,0
CUST100993,1,110.09,538,1,12.0,one-year,0,3,3.7,ads,A,white,61,1
CUST100994,43,120.98,703,2,5.9,one-year,1,2,5.9,ads,A,black,70,0
CUST100995,24,32.54,368,4,3.5,month-to-month,0,3,5.0,referral,B,yellow,77,0
CUST100996,56,109.67,398,2,0.0,two-year,1,3,8.7,ads,C,yellow,40,0
CUST100997,36,120.76,304,1,5.5,one-year,0,2,9.2,ads,C,yellow,94,0
CUST100998,52,68.07,312,4,11.9,month-to-month,0,3,6.8,partner,C,yellow,49,1
CUST100999,24,143.82,394,2,0.0,month-to-month,1,5,7.4,organic,A,blue,74,0
CUST101000,53,108.08,550,2,0.0,one-year,1,6,8.9,referral,C,red,79,0
CUST101001,55,27.7,346,1,1.8,one-year,1,4,7.9,ads,C,white,15,0
CUST101002,13,106.84,548,0,2.8,month-to-month,1,4,5.8,ads,A,black,69,0
CUST101003,14,21.87,371,3,3.5,month-to-month,1,3,5.5,ads,C,green,99,0
CUST101004,42,41.55,564,1,0.9,month-to-month,0,3,8.4,referral,B,blue,25,0
CUST101005,27,70.29,99,2,0.0,one-year,0,2,6.9,ads,A,white,37,0
CUST101006,35,62.9,338,2,0.0,month-to-month,1,5,8.6,ads,A,red,14,0
CUST101007,38,113.75,552,2,0.0,one-year,1,3,5.9,ads,B,blue,20,0
CUST101008,58,59.07,480,3,0.9,two-year,1,5,7.0,referral,A,red,12,0
CUST101009,24,121.24,404,9,4.0,month-to-month,0,3,4.4,ads,A,red,13,1
CUST101010,68,55.72,460,2,0.0,one-year,1,3,7.5,partner,B,white,6,0
CUST101011,23,91.68,479,2,3.5,month-to-month,0,2,9.1,referral,C,red,58,0
CUST101012,42,102.39,415,1,0.0,month-to-month,1,4,10.0,ads,B,blue,65,0
CUST101013,57,141.94,381,6,4.8,month-to-month,0,3,3.5,partner,B,yellow,50,1
CUST101014,47,23.71,540,2,0.0,two-year,1,5,9.9,organic,B,green,5,0
CUST101015,19,60.28,534,4,7.3,month-to-month,0,4,6.1,ads,A,white,43,0
CUST101016,2,46.39,556,4,8.4,month-to-month,0,2,4.3,referral,B,white,57,1
CUST101017,46,109.96,695,5,10.5,month-to-month,0,1,3.1,referral,B,white,1,1
CUST101018,27,81.07,461,2,0.0,one-year,0,4,7.8,partner,A,white,33,0
CUST101019,37,89.82,696,5,6.9,one-year,1,6,4.7,referral,C,yellow,60,1
CUST101020,40,30.39,630,3,3.6,month-to-month,1,4,7.2,referral,B,black,35,1
CUST101021,44,93.15,635,3,3.6,month-to-month,0,5,3.9,referral,A,black,12,0
CUST101022,33,59.13,484,2,4.5,month-to-month,1,2,7.9,partner,B,blue,37,0
CUST101023,72,120.62,550,0,10.1,month-to-month,1,4,9.1,organic,B,red,5,0
CUST101024,59,67.19,642,0,0.0,two-year,1,6,8.8,organic,B,black,88,0
CUST101025,57,24.8,281,4,3.0,month-to-month,1,1,7.0,organic,B,white,61,0
CUST101026,49,28.39,417,4,7.3,month-to-month,1,3,7.1,organic,A,black,71,0
CUST101027,37,59.83,457,4,2.8,month-to-month,1,3,6.7,ads,A,white,82,0
CUST101028,35,62.52,578,2,0.0,one-year,1,5,7.3,referral,B,white,72,0
CUST101029,29,108.87,515,5,12.7,month-to-month,0,1,4.0,organic,C,red,8,0
CUST101030,41,58.11,541,3,0.0,one-year,0,3,3.3,partner,C,black,19,0
CUST101031,7,119.83,487,3,9.2,month-to-month,0,1,2.0,ads,C,yellow,13,1
CUST101032,43,92.01,457,2,2.5,two-year,1,3,8.4,referral,A,blue,66,0
CUST101033,62,59.6,214,2,0.0,month-to-month,1,2,6.9,referral,B,blue,96,0
CUST101034,61,53.3,365,2,0.2,one-year,0,3,4.6,ads,A,blue,35,0
CUST101035,68,62.06,536,2,0.0,month-to-month,1,4,6.3,referral,A,red,39,0
CUST101036,49,60.36,424,6,9.1,one-year,0,2,1.6,ads,A,red,3,1
CUST101037,9,96.71,228,2,12.6,month-to-month,0,2,3.0,ads,A,green,34,1
CUST101038,49,121.93,356,3,0.2,one-year,1,4,8.4,organic,B,red,10,0
CUST101039,69,48.96,683,2,0.0,two-year,0,5,7.1,ads,C,red,59,0
CUST101040,43,121.98,229,0,5.1,month-to-month,0,4,9.7,referral,C,green,16,0
CUST101041,23,24.75,127,1,3.5,one-year,1,4,4.7,organic,C,red,17,0
CUST101042,72,60.99,568,1,0.0,month-to-month,0,3,9.3,referral,A,yellow,46,0
CUST101043,21,65.1,404,2,9.0,one-year,1,2,5.8,referral,B,black,77,0
CUST101044,14,25.67,495,4,0.0,month-to-month,1,5,4.0,ads,C,yellow,57,1
CUST101045,70,90.25,536,0,0.0,one-year,1,5,7.3,partner,A,white,16,0
CUST101046,62,26.96,251,5,7.6,one-year,0,1,10.0,organic,A,black,42,0
CUST101047,24,104.7,537,2,6.3,one-year,0,1,7.4,partner,B,blue,34,0
CUST101048,53,105.11,148,0,0.0,month-to-month,0,6,9.6,referral,A,yellow,53,0
CUST101049,46,43.38,464,1,0.0,month-to-month,0,4,8.3,organic,C,black,21,0
CUST101050,33,30.43,525,4,4.6,month-to-month,1,2,6.1,ads,A,blue,21,1
CUST101051,64,31.33,440,4,1.0,one-year,1,4,7.7,organic,C,blue,52,0
CUST101052,46,54.68,252,2,3.1,one-year,0,3,7.2,ads,B,red,73,0
CUST101053,72,122.04,420,0,8.2,month-to-month,1,3,7.7,organic,A,black,53,0
CUST101054,16,95.47,632,2,2.4,month-to-month,1,2,6.0,ads,A,white,13,0
CUST101055,28,96.89,492,3,3.7,two-year,1,2,4.9,ads,A,red,75,1
CUST101056,30,83.69,343,2,4.2,one-year,1,1,4.3,ads,C,blue,26,0
CUST101057,34,98.65,417,3,6.8,two-year,1,2,7.4,ads,A,white,36,0
CUST101058,40,143.88,545,5,1.2,month-to-month,0,5,8.8,referral,C,green,84,0
CUST101059,38,131.42,624,2,1.5,two-year,1,4,5.9,partner,A,blue,82,0
CUST101060,53,24.66,191,2,0.0,one-year,1,4,8.2,partner,A,yellow,26,0
CUST101061,34,69.24,569,6,9.5,month-to-month,0,2,1.7,ads,C,white,7,0
CUST101062,57,119.83,551,2,0.0,month-to-month,0,4,6.3,referral,B,white,13,0
CUST101063,32,145.95,299,2,4.5,month-to-month,0,1,3.5,ads,A,black,30,1
CUST101064,33,43.98,485,5,5.4,month-to-month,1,1,4.1,ads,B,yellow,59,0
CUST101065,48,100.8,387,5,6.3,month-to-month,0,3,2.9,ads,B,green,18,1
CUST101066,56,136.74,305,6,13.6,month-to-month,0,1,6.7,partner,B,black,77,1
CUST101067,58,68.77,403,0,1.4,two-year,1,3,7.5,ads,B,red,94,0
CUST101068,15,68.4,238,6,9.4,month-to-month,1,2,4.5,ads,B,red,46,0
CUST101069,32,33.29,430,4,2.3,one-year,0,4,9.9,ads,C,blue,15,0
CUST101070,40,64.43,360,3,0.6,one-year,0,3,7.9,ads,B,red,48,0
CUST101071,49,141.61,385,4,5.0,two-year,1,4,6.5,referral,B,white,84,0
CUST101072,47,125.65,380,3,0.0,one-year,1,4,7.4,ads,A,red,65,0
CUST101073,28,50.39,397,7,12.5,month-to-month,0,3,4.2,partner,A,black,95,1
CUST101074,48,145.02,324,3,0.0,one-year,1,5,6.7,partner,B,yellow,8,0
CUST101075,21,33.66,91,4,8.4,one-year,0,3,6.6,ads,B,white,45,0
CUST101076,23,149.12,674,4,10.2,month-to-month,0,1,3.6,ads,B,black,96,1
CUST101077,59,80.02,645,5,1.4,month-to-month,0,1,6.0,ads,C,blue,55,0
CUST101078,69,50.33,515,1,4.3,one-year,1,4,10.0,referral,C,green,78,0
CUST101079,54,45.05,369,2,9.1,two-year,1,3,9.4,referral,A,yellow,4,0
CUST101080,47,115.15,522,2,2.0,two-year,0,3,5.0,organic,A,blue,81,0
CUST101081,26,99.76,193,4,2.4,month-to-month,1,2,6.9,partner,A,yellow,78,0
CUST101082,25,145.69,540,5,5.2,month-to-month,0,3,4.0,referral,B,yellow,5,1
CUST101083,50,141.72,352,2,1.2,two-year,1,2,10.0,organic,A,yellow,23,0
CUST101084,39,128.74,247,2,7.8,one-year,0,2,7.3,ads,A,yellow,80,0
CUST101085,35,54.23,571,1,1.3,one-year,1,6,7.8,referral,C,yellow,59,0
CUST101086,66,126.77,486,1,1.5,two-year,1,1,7.5,referral,B,black,95,0
CUST101087,32,114.95,357,4,1.9,two-year,0,2,10.0,organic,B,red,83,0
CUST101088,21,136.44,414,4,3.1,one-year,1,1,4.5,ads,B,red,69,0
CUST101089,63,80.36,299,2,2.5,month-to-month,1,1,8.0,ads,B,white,3,0
CUST101090,28,49.4,488,6,0.0,one-year,0,2,4.5,organic,A,yellow,78,1
CUST101091,38,130.24,482,10,7.6,one-year,0,1,7.4,partner,B,red,79,1
CUST101092,52,99.81,468,1,2.2,month-to-month,1,4,8.6,referral,A,black,64,0
CUST101093,20,82.59,141,3,9.9,month-to-month,0,3,6.7,referral,B,black,32,0
CUST101094,63,101.39,451,2,5.1,month-to-month,0,4,6.7,ads,A,blue,73,0
CUST101095,45,136.74,274,4,2.6,one-year,1,3,6.6,referral,B,black,44,0
CUST101096,60,37.04,536,2,0.0,month-to-month,0,2,7.1,ads,A,blue,53,0
CUST101097,2,45.91,411,6,17.5,month-to-month,0,1,6.7,ads,C,black,76,1
CUST101098,48,35.68,705,2,0.0,one-year,1,5,6.3,referral,B,white,21,0
CUST101099,41,97.1,347,3,1.6,two-year,0,3,6.0,partner,B,black,68,0
CUST101100,52,42.85,237,4,0.0,one-year,1,4,8.5,referral,B,blue,45,0
CUST101101,1,28.94,310,3,10.1,month-to-month,0,1,1.7,ads,B,red,62,0
CUST101102,63,98.24,421,0,0.0,two-year,0,4,9.5,referral,A,red,39,0
CUST101103,13,54.87,279,1,0.0,one-year,0,1,8.2,ads,A,red,38,0
CUST101104,55,99.04,110,4,0.0,one-year,1,4,3.1,ads,C,green,60,0
CUST101105,1,98.78,503,4,6.9,one-year,0,5,3.9,ads,B,white,9,1
CUST101106,16,55.61,690,1,3.4,two-year,1,3,4.3,partner,C,green,19,0
CUST101107,36,132.8,600,1,5.1,one-year,1,4,2.8,ads,B,black,26,0
CUST101108,20,100.57,374,2,3.8,month-to-month,1,3,9.9,ads,A,yellow,31,0
CUST101109,44,99.07,345,0,0.0,two-year,1,5,10.0,ads,B,yellow,29,0
CUST101110,53,134.72,413,2,5.2,month-to-month,1,3,7.9,partner,B,green,27,0
CUST101111,44,140.85,568,0,3.5,month-to-month,1,1,6.7,referral,B,red,62,0
CUST101112,60,126.8,345,2,2.9,one-year,1,2,9.2,referral,B,red,75,0
CUST101113,39,94.78,393,4,0.3,month-to-month,1,3,4.1,referral,A,blue,60,1
CUST101114,72,89.63,711,3,0.0,month-to-month,1,5,8.6,referral,B,white,73,0
CUST101115,31,62.13,438,1,2.8,month-to-month,1,3,5.6,referral,A,yellow,20,0
CUST101116,72,38.56,605,1,0.0,two-year,1,5,9.1,referral,A,red,44,0
CUST101117,34,120.09,462,5,0.6,one-year,0,2,7.3,organic,B,white,65,0
CUST101118,14,130.7,414,1,0.9,month-to-month,1,4,7.4,organic,C,green,11,0
CUST101119,56,70.26,417,0,0.0,one-year,0,2,8.2,referral,C,white,66,0
CUST101120,54,134.12,230,3,0.0,one-year,1,5,5.7,referral,C,yellow,89,0
CUST101121,34,113.07,476,1,0.0,month-to-month,1,4,8.5,referral,C,yellow,96,0
CUST101122,30,138.14,486,4,0.0,one-year,1,3,9.2,ads,B,yellow,9,0
CUST101123,22,128.78,280,1,10.6,month-to-month,0,3,3.8,ads,C,green,41,1
CUST101124,61,23.68,570,1,0.0,one-year,1,6,10.0,partner,B,yellow,37,0
CUST101125,1,53.36,434,0,12.5,two-year,1,1,3.2,organic,A,green,11,0
CUST101126,55,104.63,386,1,8.2,one-year,0,4,7.0,referral,C,yellow,21,1
CUST101127,20,126.18,617,2,6.3,month-to-month,1,1,8.1,organic,B,yellow,15,0
CUST101128,15,132.44,229,5,0.0,one-year,1,2,5.2,referral,A,white,36,0
CUST101129,54,118.84,478,3,4.6,one-year,0,1,8.9,referral,C,white,85,0
CUST101130,40,34.07,505,2,7.6,month-to-month,0,3,10.0,organic,B,yellow,92,1
CUST101131,59,27.28,456,4,5.3,month-to-month,1,3,7.4,ads,C,red,46,0
CUST101132,62,102.59,349,2,0.6,one-year,1,5,8.0,referral,B,green,68,0
CUST101133,41,59.49,705,3,1.6,one-year,1,4,5.8,referral,B,green,56,0
CUST101134,31,130.87,514,1,0.0,month-to-month,0,3,8.5,ads,A,black,74,0
CUST101135,55,115.06,300,3,3.6,month-to-month,1,5,10.0,referral,C,red,8,0
CUST101136,44,144.66,338,2,0.0,one-year,1,5,10.0,ads,A,yellow,51,0
CUST101137,8,41.03,183,9,8.9,month-to-month,1,4,4.6,ads,C,blue,66,0
CUST101138,52,148.71,399,4,0.0,one-year,1,6,9.3,referral,C,yellow,88,0
CUST101139,42,77.92,689,2,9.9,one-year,1,3,7.5,ads,A,red,11,0
CUST101140,33,63.63,236,2,5.8,month-to-month,0,4,4.5,organic,C,red,21,1
CUST101141,69,99.51,460,1,0.0,month-to-month,1,2,10.0,organic,B,red,19,0
CUST101142,32,133.32,375,3,0.0,month-to-month,0,1,9.2,ads,C,green,8,0
CUST101143,38,144.87,462,5,0.0,month-to-month,0,3,4.9,referral,C,black,77,0
CUST101144,25,90.01,468,3,7.0,one-year,1,2,4.4,referral,C,red,34,0
CUST101145,43,73.96,443,4,1.6,one-year,0,4,6.6,referral,B,white,89,0
CUST101146,28,60.85,234,7,5.5,one-year,0,3,6.6,organic,C,red,27,0
CUST101147,32,84.28,311,10,6.1,month-to-month,0,4,2.3,ads,A,yellow,88,1
CUST101148,46,119.92,367,1,0.0,month-to-month,0,5,9.3,organic,A,blue,38,1
CUST101149,19,24.61,435,1,5.4,month-to-month,1,3,4.2,ads,C,black,51,0
CUST101150,36,117.24,596,5,7.2,month-to-month,0,1,6.3,ads,A,green,38,0
CUST101151,14,37.99,702,5,6.4,month-to-month,0,1,1.8,partner,B,white,24,0
CUST101152,15,120.47,405,2,7.2,month-to-month,0,4,6.9,ads,C,green,10,0
CUST101153,40,30.55,363,3,3.1,month-to-month,1,6,4.2,ads,C,black,9,0
CUST101154,30,38.62,439,2,0.0,one-year,0,3,7.3,referral,C,blue,31,0
CUST101155,60,111.36,456,1,2.4,one-year,1,5,8.1,referral,C,red,22,0
CUST101156,9,102.53,661,5,6.0,month-to-month,1,3,2.0,organic,A,white,5,1
CUST101157,72,55.6,232,0,0.0,one-year,1,4,8.9,ads,A,red,77,0
CUST101158,25,87.45,512,1,0.0,month-to-month,0,3,8.6,ads,C,blue,6,0
CUST101159,49,125.27,570,5,7.2,month-to-month,0,2,2.8,ads,B,black,53,0
CUST101160,5,83.48,301,3,14.3,month-to-month,0,1,1.0,ads,C,black,99,1
CUST101161,58,67.8,589,0,0.0,two-year,1,5,5.7,referral,A,white,82,0
CUST101162,22,70.29,289,3,7.3,one-year,0,4,6.8,ads,C,blue,20,0
CUST101163,26,43.24,227,5,7.9,month-to-month,0,1,3.9,organic,A,black,3,1
CUST101164,35,120.37,390,2,0.5,two-year,0,3,7.1,ads,A,red,86,0
CUST101165,53,82.01,520,0,0.0,one-year,1,5,10.0,organic,B,green,89,0
CUST101166,62,72.27,172,3,0.0,two-year,1,4,7.8,organic,B,yellow,61,0
CUST101167,17,88.63,194,3,3.8,month-to-month,0,5,7.8,ads,B,blue,67,0
CUST101168,34,103.84,560,4,7.5,month-to-month,0,4,7.4,referral,B,yellow,27,0
CUST101169,72,61.69,400,0,0.0,one-year,1,3,6.9,referral,A,black,3,0
CUST101170,31,110.6,469,2,1.0,one-year,1,5,8.2,organic,A,red,89,0
CUST101171,57,36.14,496,3,0.0,two-year,0,4,8.3,referral,C,yellow,74,0
CUST101172,28,124.36,229,1,2.1,one-year,1,3,6.3,partner,A,red,95,0
CUST101173,43,56.55,344,2,3.8,one-year,0,4,5.6,organic,B,green,69,0
CUST101174,37,44.86,415,3,2.7,one-year,0,1,4.8,ads,C,white,75,0
CUST101175,50,147.64,304,4,0.0,month-to-month,0,2,1.9,referral,A,red,74,0
CUST101176,13,133.43,369,6,3.9,one-year,0,3,4.5,ads,B,blue,78,0
CUST101177,65,105.86,541,3,6.1,one-year,0,3,4.2,ads,C,yellow,17,0
CUST101178,15,91.84,152,4,4.3,month-to-month,0,3,6.2,organic,B,black,55,0
CUST101179,26,59.79,441,4,6.4,month-to-month,1,1,4.7,ads,C,blue,74,0
CUST101180,42,102.48,284,3,3.7,month-to-month,0,3,7.0,referral,B,yellow,40,0
CUST101181,36,56.62,383,2,3.5,one-year,1,4,9.8,ads,A,white,40,0
CUST101182,43,78.16,387,2,0.1,month-to-month,1,3,6.2,referral,B,blue,18,0
CUST101183,20,93.91,434,5,9.7,one-year,0,2,4.8,ads,C,red,80,0
CUST101184,18,50.92,410,1,2.4,one-year,1,3,5.5,partner,B,green,49,0
CUST101185,72,99.4,459,0,0.5,two-year,1,2,7.6,referral,B,black,45,0
CUST101186,12,51.58,500,6,3.0,one-year,0,1,3.4,ads,C,yellow,6,0
CUST101187,51,39.43,216,3,4.1,one-year,1,2,7.2,organic,B,black,49,0
CUST101188,55,124.2,375,1,2.9,month-to-month,0,1,8.6,partner,B,black,63,0
CUST101189,24,109.63,318,4,6.0,month-to-month,1,3,5.3,partner,A,red,54,1
CUST101190,24,56.79,195,3,2.0,one-year,0,4,4.7,organic,B,black,17,0
CUST101191,8,115.3,292,2,9.1,month-to-month,0,1,3.5,ads,A,green,81,1
CUST101192,21,44.32,553,8,4.2,month-to-month,1,1,5.5,ads,A,black,6,0
CUST101193,13,115.48,387,4,1.4,one-year,0,3,8.2,organic,A,yellow,38,0
CUST101194,2,21.09,487,2,4.6,one-year,0,1,1.3,partner,A,black,72,1
CUST101195,19,22.17,476,1,4.7,month-to-month,1,2,6.1,organic,B,yellow,72,1
CUST101196,56,30.15,302,3,3.9,two-year,0,1,5.7,referral,C,red,12,0
CUST101197,52,77.72,490,2,0.4,month-to-month,1,3,7.2,organic,B,black,51,0
CUST101198,50,43.4,277,2,0.0,two-year,0,2,4.5,referral,B,green,81,0
CUST101199,61,118.14,514,2,9.3,month-to-month,0,2,8.2,ads,C,black,16,0
CUST101200,40,145.14,343,1,0.0,month-to-month,1,2,6.1,referral,A,black,7,0
CUST101201,53,80.75,247,1,2.3,one-year,0,3,4.0,organic,C,white,86,0
CUST101202,28,97.3,438,10,1.7,two-year,0,3,6.5,referral,A,white,92,0
CUST101203,44,64.02,328,4,6.1,one-year,1,4,6.3,referral,A,black,13,0
CUST101204,48,74.16,502,3,2.6,month-to-month,1,5,7.5,organic,A,red,82,0
CUST101205,17,101.49,512,3,4.6,two-year,0,3,5.0,referral,C,green,29,0
CUST101206,72,89.81,32,10,4.3,month-to-month,0,4,5.6,ads,B,black,22,1
CUST101207,28,60.25,868,2,13.4,month-to-month,0,1,4.1,ads,B,red,54,1
CUST101208,21,52.39,253,4,9.8,month-to-month,0,1,3.3,ads,C,green,31,1
CUST101209,72,99.84,513,4,0.0,month-to-month,1,3,9.7,referral,C,red,55,0
CUST101210,35,138.76,361,4,10.5,month-to-month,1,2,5.1,ads,C,yellow,9,1
CUST101211,28,25.57,463,3,5.1,month-to-month,1,1,4.7,ads,C,black,57,0
CUST101212,29,30.75,339,6,13.5,month-to-month,1,3,4.9,ads,B,blue,9,1
CUST101213,24,47.07,612,6,6.7,two-year,1,3,5.2,referral,A,red,18,0
CUST101214,24,108.56,234,0,6.1,month-to-month,0,3,8.6,ads,A,red,52,0
CUST101215,59,30.19,554,3,0.0,month-to-month,1,4,9.6,organic,B,black,49,0
CUST101216,35,136.26,171,2,3.5,two-year,0,4,6.7,ads,B,green,90,1
CUST101217,58,70.08,433,2,6.7,month-to-month,1,2,4.0,referral,A,white,15,0
CUST101218,24,40.02,240,3,12.3,month-to-month,0,2,4.2,referral,A,white,81,1
CUST101219,41,107.93,513,1,0.0,one-year,1,6,9.1,organic,C,green,13,0
CUST101220,38,147.2,464,6,9.4,month-to-month,0,4,1.2,ads,B,white,30,1
CUST101221,61,115.37,488,3,5.1,one-year,0,5,8.6,organic,A,white,27,0
CUST101222,57,75.99,385,5,5.7,month-to-month,0,5,10.0,partner,C,red,68,0
CUST101223,39,138.3,386,1,0.0,two-year,1,1,10.0,ads,A,blue,80,0
CUST101224,49,64.59,402,3,6.3,month-to-month,1,2,4.3,ads,C,blue,56,0
CUST101225,72,42.63,267,4,13.4,one-year,1,5,6.5,organic,C,black,70,0
CUST101226,38,147.1,755,3,4.3,one-year,0,4,8.9,organic,B,green,25,0
CUST101227,15,114.0,316,5,6.3,one-year,1,5,5.8,partner,A,yellow,36,1
CUST101228,39,50.83,368,0,2.6,one-year,0,5,6.9,organic,A,blue,38,0
CUST101229,72,99.84,462,0,0.0,one-year,1,5,6.5,referral,B,yellow,98,0
CUST101230,5,103.61,362,5,1.0,month-to-month,0,3,7.7,organic,A,black,60,1
CUST101231,22,72.39,457,3,16.3,month-to-month,0,2,4.4,ads,C,black,35,1
CUST101232,41,112.04,179,4,4.7,month-to-month,0,3,5.1,referral,B,black,16,1
CUST101233,72,64.34,415,0,0.0,one-year,1,3,10.0,referral,B,white,73,0
CUST101234,46,74.54,298,8,6.8,one-year,0,2,5.6,referral,A,white,92,0
CUST101235,69,149.47,472,1,2.9,one-year,1,3,9.3,referral,B,yellow,65,0
CUST101236,24,147.21,619,2,0.0,one-year,1,4,8.6,organic,B,red,6,0
CUST101237,43,33.58,666,4,0.4,month-to-month,0,4,8.6,partner,B,blue,69,0
CUST101238,53,92.64,361,1,1.8,month-to-month,1,4,7.1,referral,C,red,75,0
CUST101239,59,47.41,94,3,1.0,two-year,1,6,10.0,referral,B,green,79,0
CUST101240,5,56.98,463,3,3.8,one-year,0,4,6.9,referral,A,white,56,0
CUST101241,22,109.56,372,2,1.9,month-to-month,1,4,6.8,ads,B,white,95,0
CUST101242,12,117.09,298,5,7.1,month-to-month,1,1,5.4,referral,C,white,33,0
CUST101243,1,62.06,454,2,3.3,one-year,0,1,6.7,ads,C,white,17,1
CUST101244,28,92.67,447,7,9.9,month-to-month,0,3,5.7,ads,A,yellow,45,0
CUST101245,9,105.52,513,6,6.4,one-year,0,2,3.0,ads,A,red,76,0
CUST101246,72,87.91,354,6,5.9,one-year,0,3,4.8,partner,B,white,63,0
CUST101247,24,20.28,342,5,1.7,month-to-month,0,1,6.1,ads,B,white,23,1
CUST101248,58,34.08,338,0,8.7,two-year,1,3,5.2,referral,A,yellow,87,0
CUST101249,1,32.49,332,4,10.5,month-to-month,0,1,4.1,ads,B,black,83,1
CUST101250,32,70.14,508,6,5.5,month-to-month,0,4,8.9,referral,A,red,65,0
CUST101251,47,76.83,316,2,0.0,month-to-month,0,4,8.3,referral,A,red,5,0
CUST101252,1,62.18,234,2,7.0,one-year,0,2,2.2,ads,B,green,28,1
CUST101253,34,94.16,484,8,3.7,one-year,0,2,9.6,organic,C,red,33,1
CUST101254,47,32.46,478,7,0.0,month-to-month,0,4,9.3,referral,B,black,12,0
CUST101255,18,148.7,669,5,5.1,month-to-month,0,4,6.5,ads,B,blue,18,1
CUST101256,72,72.2,743,2,2.0,one-year,1,3,4.9,organic,A,red,31,0
CUST101257,47,25.84,618,2,0.3,one-year,1,2,7.7,referral,C,white,35,0
CUST101258,35,116.39,507,6,7.6,month-to-month,1,4,7.0,organic,C,white,7,0
CUST101259,43,48.37,417,6,0.9,month-to-month,0,2,9.5,ads,C,red,87,0
CUST101260,52,25.76,321,2,4.7,month-to-month,0,2,4.7,organic,A,green,96,0
CUST101261,36,50.57,709,3,0.0,month-to-month,1,2,8.8,partner,A,red,6,0
CUST101262,38,23.33,471,3,4.8,one-year,1,4,10.0,referral,C,red,97,0
CUST101263,27,82.83,609,3,15.4,month-to-month,0,2,1.5,partner,C,yellow,52,1
CUST101264,55,38.13,413,1,1.4,month-to-month,0,4,7.6,ads,C,blue,6,0
CUST101265,36,133.09,487,2,5.6,month-to-month,0,4,5.5,ads,A,blue,48,1
CUST101266,31,114.95,445,1,8.9,two-year,1,2,5.7,organic,B,red,46,0
CUST101267,37,135.23,333,2,7.0,month-to-month,0,2,4.3,ads,A,white,42,0
CUST101268,24,61.41,491,9,1.5,month-to-month,0,2,6.6,organic,B,blue,94,0
CUST101269,51,131.53,713,1,1.6,two-year,0,3,7.2,referral,A,blue,13,0
CUST101270,42,127.7,352,3,1.6,two-year,0,5,7.7,referral,B,yellow,81,0
CUST101271,41,30.97,393,4,0.0,month-to-month,0,3,8.9,referral,A,white,41,0
CUST101272,43,103.37,181,6,4.6,month-to-month,1,1,8.0,partner,A,yellow,73,1
CUST101273,34,135.18,500,0,8.4,month-to-month,0,5,7.0,ads,A,red,22,1
CUST101274,53,121.73,498,1,0.0,one-year,1,3,8.6,organic,A,green,15,0
CUST101275,16,112.37,494,1,0.0,one-year,0,3,5.8,organic,C,black,95,1
CUST101276,59,85.06,385,0,0.0,two-year,1,4,8.2,referral,B,white,78,0
CUST101277,37,141.31,369,5,6.3,one-year,0,2,9.1,referral,A,black,80,0
CUST101278,26,133.07,445,0,2.4,one-year,1,1,6.5,organic,B,white,69,0
CUST101279,33,100.97,488,6,2.7,month-to-month,0,4,8.1,ads,B,yellow,6,0
CUST101280,31,26.92,418,3,3.3,month-to-month,1,2,6.1,referral,C,white,66,0
CUST101281,35,132.38,359,2,6.4,month-to-month,0,1,5.1,ads,B,black,52,1
CUST101282,46,139.1,214,5,8.0,month-to-month,1,2,8.3,ads,C,black,26,0
CUST101283,33,29.28,546,2,2.5,two-year,1,3,7.8,organic,A,black,14,0
CUST101284,21,96.65,438,2,14.2,one-year,1,2,3.2,ads,B,black,71,0
CUST101285,21,35.99,236,3,10.9,one-year,1,3,7.8,partner,A,white,45,0
CUST101286,32,83.02,501,2,8.3,month-to-month,0,1,2.6,ads,B,black,16,1
CUST101287,46,62.98,506,2,6.0,one-year,1,4,8.9,organic,B,blue,51,0
CUST101288,13,80.83,357,1,9.9,month-to-month,0,3,6.4,organic,B,red,34,1
CUST101289,16,71.56,285,3,15.1,month-to-month,0,1,1.0,partner,B,black,86,1
CUST101290,66,143.03,556,6,5.8,one-year,1,2,5.3,ads,A,white,87,1
CUST101291,72,130.0,356,1,0.0,month-to-month,1,6,9.7,organic,A,red,52,0
CUST101292,44,96.23,114,4,2.1,month-to-month,1,3,4.9,referral,A,blue,95,0
CUST101293,57,66.02,411,5,2.0,month-to-month,0,4,10.0,organic,A,blue,50,0
CUST101294,59,46.37,438,1,0.0,month-to-month,1,4,6.3,partner,A,red,5,0
CUST101295,51,61.05,434,3,3.6,one-year,1,2,8.0,referral,B,black,58,0
CUST101296,56,22.65,327,2,0.0,month-to-month,0,6,8.8,organic,A,black,31,0
CUST101297,49,40.73,428,7,6.7,month-to-month,1,4,6.5,ads,B,white,27,0
CUST101298,23,31.5,511,4,6.5,month-to-month,1,3,7.0,organic,C,yellow,82,0
CUST101299,17,101.28,142,1,4.3,month-to-month,1,4,9.2,ads,C,green,52,0
CUST101300,30,76.08,491,5,5.4,month-to-month,0,2,4.0,ads,C,black,50,1
CUST101301,49,43.65,530,1,0.0,month-to-month,1,4,10.0,organic,B,yellow,16,0
CUST101302,26,95.82,376,5,9.3,month-to-month,0,2,3.9,referral,B,green,57,0
CUST101303,39,76.47,246,3,10.2,month-to-month,0,1,6.8,ads,C,black,81,0
CUST101304,14,141.96,537,1,0.0,month-to-month,1,4,4.8,partner,B,blue,81,1
CUST101305,17,96.31,588,2,7.7,month-to-month,0,2,4.6,ads,B,red,6,1
CUST101306,29,105.2,274,3,5.2,month-to-month,0,2,6.7,organic,A,red,23,1
CUST101307,11,104.4,398,3,3.2,month-to-month,0,3,5.6,ads,C,yellow,35,1
CUST101308,71,59.37,292,4,0.0,two-year,0,2,7.8,ads,B,yellow,50,0
CUST101309,21,134.5,339,1,0.0,two-year,1,3,4.7,organic,C,blue,59,0
CUST101310,27,101.35,414,5,4.8,two-year,0,2,4.7,ads,A,black,2,0
CUST101311,59,146.79,541,0,0.0,month-to-month,1,5,8.6,ads,A,blue,65,0
CUST101312,62,144.73,500,2,0.0,two-year,1,5,8.6,ads,B,yellow,63,0
CUST101313,26,96.32,438,4,5.1,two-year,0,3,6.1,organic,C,red,51,0
CUST101314,46,29.32,707,4,5.6,two-year,1,2,8.9,ads,A,red,61,1
CUST101315,25,111.75,251,5,5.5,month-to-month,1,2,2.3,partner,C,green,71,1
CUST101316,58,21.09,346,5,10.8,one-year,0,2,4.3,ads,A,black,62,0
CUST101317,38,109.72,434,4,7.0,month-to-month,0,5,5.1,ads,B,green,11,1
CUST101318,27,81.72,380,5,3.9,month-to-month,1,2,6.7,ads,B,yellow,85,0
CUST101319,21,91.51,393,5,10.6,one-year,0,3,6.3,organic,B,black,98,0
CUST101320,26,136.06,532,5,5.8,one-year,0,4,6.4,referral,B,red,54,1
CUST101321,30,110.48,305,2,0.0,two-year,0,5,4.0,referral,C,black,56,0
CUST101322,56,80.38,651,6,0.0,two-year,0,3,8.0,organic,B,blue,93,0
CUST101323,42,128.38,301,2,3.4,one-year,0,2,6.8,partner,C,green,9,0
CUST101324,45,61.34,324,4,1.8,month-to-month,1,3,6.8,ads,C,red,8,0
CUST101325,35,136.18,568,2,10.0,month-to-month,0,3,2.2,ads,A,black,16,0
CUST101326,1,33.96,578,4,5.9,month-to-month,1,3,3.5,ads,C,black,56,1
CUST101327,53,138.08,378,5,0.0,two-year,1,2,9.0,referral,C,black,87,0
CUST101328,22,99.56,582,8,6.5,month-to-month,0,2,1.5,organic,C,white,80,1
CUST101329,50,131.99,302,4,0.0,two-year,0,2,5.5,ads,B,black,53,0
CUST101330,42,105.66,172,0,0.0,two-year,1,4,10.0,organic,A,black,82,0
CUST101331,39,134.42,549,2,0.0,month-to-month,0,3,9.5,referral,C,green,91,1
CUST101332,41,118.04,223,3,4.9,month-to-month,1,3,5.6,ads,C,blue,14,0
CUST101333,72,24.55,418,0,0.7,month-to-month,1,4,10.0,organic,B,red,49,0
CUST101334,53,44.34,668,4,5.4,one-year,1,3,7.5,partner,A,yellow,73,0
CUST101335,51,76.48,297,8,0.0,one-year,1,4,6.4,partner,B,red,50,0
CUST101336,26,136.63,252,4,11.5,one-year,1,4,6.0,ads,B,black,8,1
CUST101337,23,148.87,296,5,0.0,one-year,1,5,6.9,referral,C,white,96,0
CUST101338,20,39.79,260,4,5.1,two-year,0,3,6.8,ads,A,black,94,0
CUST101339,31,143.28,276,0,0.2,month-to-month,1,2,10.0,partner,A,white,1,0
CUST101340,7,64.5,220,1,4.7,month-to-month,1,1,6.4,organic,C,red,73,0
CUST101341,25,47.94,546,2,0.0,month-to-month,1,2,6.2,ads,B,yellow,80,0
CUST101342,33,33.66,201,2,8.9,two-year,1,2,4.9,ads,C,black,6,0
CUST101343,48,32.6,505,0,0.0,one-year,1,4,8.2,organic,B,blue,62,0
CUST101344,49,141.47,206,1,3.2,month-to-month,0,5,10.0,organic,A,black,51,0
CUST101345,24,69.58,440,5,5.3,month-to-month,0,3,6.0,ads,B,white,77,1
CUST101346,5,144.0,535,6,18.3,one-year,0,2,1.7,organic,C,blue,67,1
CUST101347,38,85.81,415,3,0.0,one-year,0,2,8.0,organic,B,yellow,64,0
CUST101348,1,70.58,262,5,0.0,month-to-month,0,1,2.1,ads,B,red,85,1
CUST101349,25,121.45,414,4,10.1,month-to-month,1,4,4.4,partner,C,red,84,1
CUST101350,7,80.2,350,2,2.8,month-to-month,0,1,5.0,ads,B,yellow,48,1
CUST101351,21,87.55,396,8,9.1,one-year,0,3,2.9,ads,C,black,56,1
CUST101352,56,134.1,252,4,8.6,two-year,0,3,5.4,referral,A,red,32,0
CUST101353,59,119.67,467,3,0.1,one-year,1,3,8.5,partner,B,green,66,0
CUST101354,40,122.76,384,4,6.8,month-to-month,0,3,5.5,ads,C,red,41,0
CUST101355,3,102.95,519,4,15.0,month-to-month,0,4,1.0,ads,B,red,33,1
CUST101356,22,41.07,555,7,5.8,month-to-month,1,2,1.9,referral,A,blue,36,0
CUST101357,29,34.65,465,1,8.0,month-to-month,0,3,6.1,referral,A,white,15,1
CUST101358,1,117.27,378,6,11.3,month-to-month,0,3,1.4,organic,C,blue,21,1
CUST101359,53,116.27,320,4,0.0,month-to-month,0,2,3.4,ads,B,green,48,1
CUST101360,33,79.28,307,1,7.0,two-year,1,4,8.5,organic,B,white,95,0
CUST101361,24,66.86,463,2,2.1,two-year,0,3,7.2,referral,A,red,81,0
CUST101362,25,136.85,487,3,3.5,month-to-month,1,1,6.2,organic,A,black,38,1
CUST101363,11,65.15,402,4,8.2,one-year,1,3,4.7,ads,C,black,82,0
CUST101364,51,54.05,418,4,4.1,two-year,1,4,6.2,referral,A,blue,92,0
CUST101365,50,116.41,240,3,0.6,two-year,1,3,7.0,ads,B,black,35,0
CUST101366,30,40.56,439,3,9.3,month-to-month,1,4,6.2,partner,A,green,78,0
CUST101367,1,104.21,360,1,11.8,month-to-month,0,3,3.7,ads,C,black,71,1
CUST101368,28,124.29,571,2,2.8,one-year,0,3,4.7,ads,A,green,69,0
CUST101369,23,111.76,462,5,13.7,one-year,1,4,3.0,ads,C,black,21,0
CUST101370,31,63.41,380,3,3.8,one-year,0,2,5.5,ads,B,white,70,0
CUST101371,47,106.53,471,0,1.1,month-to-month,0,4,8.6,organic,B,red,32,0
CUST101372,23,76.27,664,3,6.3,month-to-month,1,1,3.7,ads,C,yellow,38,1
CUST101373,18,82.39,533,8,12.1,one-year,0,1,4.2,ads,A,green,91,1
CUST101374,53,114.3,346,2,0.0,one-year,0,3,8.6,referral,C,white,8,0
CUST101375,40,103.56,486,0,5.3,month-to-month,1,3,6.6,ads,C,blue,20,0
CUST101376,22,57.82,797,3,0.0,month-to-month,1,1,7.2,ads,C,blue,81,1
CUST101377,41,51.92,534,2,0.0,month-to-month,1,3,9.1,organic,B,blue,13,0
CUST101378,49,132.94,404,2,3.6,one-year,0,5,7.3,partner,A,green,87,0
CUST101379,66,130.38,582,0,0.0,one-year,1,4,7.7,organic,C,yellow,59,0
CUST101380,57,72.24,187,6,5.0,month-to-month,0,4,6.6,referral,B,blue,32,0
CUST101381,49,132.44,283,11,3.9,two-year,1,2,6.9,organic,A,white,83,0
CUST101382,70,83.6,175,1,0.0,two-year,1,3,10.0,referral,A,black,45,0
CUST101383,43,130.48,214,1,8.2,month-to-month,0,1,4.4,partner,A,blue,78,0
CUST101384,21,43.67,422,2,6.1,one-year,1,5,8.7,ads,A,blue,81,0
CUST101385,43,119.51,241,3,2.6,month-to-month,0,3,5.3,organic,C,green,59,0
CUST101386,49,73.5,289,2,0.0,two-year,1,4,9.3,referral,A,yellow,39,0
CUST101387,72,85.12,197,3,0.0,month-to-month,0,3,8.8,organic,A,red,7,0
CUST101388,50,91.88,480,3,0.0,two-year,0,4,4.1,referral,C,red,65,0
CUST101389,18,108.25,261,3,2.9,two-year,0,4,4.6,ads,A,red,80,0
CUST101390,47,33.77,533,3,9.5,month-to-month,1,6,10.0,referral,C,yellow,45,0
CUST101391,30,52.67,402,2,5.2,one-year,1,3,5.8,organic,C,red,4,0
CUST101392,67,113.79,601,0,0.0,two-year,1,3,10.0,referral,A,white,83,0
CUST101393,22,20.06,374,4,1.1,two-year,1,1,4.1,ads,A,blue,78,0
CUST101394,37,68.98,533,1,9.4,one-year,0,4,7.3,organic,B,yellow,8,0
CUST101395,35,62.58,447,3,5.7,one-year,1,1,2.2,organic,B,red,98,0
CUST101396,24,84.38,499,2,8.2,month-to-month,1,2,4.5,partner,A,black,23,0
CUST101397,13,147.73,543,4,6.2,month-to-month,0,4,6.2,organic,A,white,23,1
CUST101398,42,117.42,444,3,0.4,one-year,1,6,9.8,organic,C,yellow,25,0
CUST101399,46,144.56,469,3,6.6,month-to-month,0,2,4.1,referral,A,yellow,94,0
CUST101400,8,50.06,493,5,6.4,month-to-month,0,3,6.8,partner,C,green,67,1
CUST101401,28,109.35,210,4,2.8,one-year,0,3,6.3,ads,A,yellow,90,0
CUST101402,49,113.07,468,3,0.0,month-to-month,1,3,8.0,organic,C,blue,80,0
CUST101403,33,145.72,529,1,0.0,month-to-month,1,5,6.8,referral,C,yellow,37,0
CUST101404,35,149.54,409,1,0.0,two-year,0,4,5.9,ads,C,yellow,85,0
CUST101405,28,95.07,244,4,7.6,one-year,0,1,8.2,partner,C,white,63,0
CUST101406,1,67.88,485,5,5.4,month-to-month,0,2,4.5,ads,A,white,37,1
CUST101407,39,117.87,238,0,1.2,two-year,1,3,10.0,referral,C,green,26,0
CUST101408,63,64.37,201,3,8.3,one-year,1,3,7.9,partner,A,white,42,0
CUST101409,40,43.36,571,7,6.1,one-year,0,5,4.4,ads,A,yellow,73,0
CUST101410,41,99.3,488,0,0.0,month-to-month,1,4,10.0,organic,A,blue,58,0
CUST101411,49,112.45,316,2,2.7,two-year,0,3,8.2,ads,A,red,28,0
CUST101412,50,71.91,475,5,3.2,month-to-month,1,3,5.3,referral,A,white,47,0
CUST101413,72,149.81,394,1,0.0,two-year,1,5,10.0,referral,B,blue,55,0
CUST101414,26,58.41,525,9,11.9,one-year,1,1,3.7,partner,A,green,33,0
CUST101415,62,50.36,817,0,0.0,two-year,0,5,10.0,referral,A,yellow,24,0
CUST101416,6,114.76,305,5,4.7,two-year,0,3,8.1,organic,B,blue,26,0
CUST101417,23,21.92,374,4,1.6,month-to-month,1,3,6.8,organic,A,yellow,96,0
CUST101418,57,88.12,267,2,0.0,month-to-month,1,3,10.0,referral,C,black,9,0
CUST101419,47,69.77,556,2,0.0,month-to-month,0,3,4.4,organic,A,white,20,0
CUST101420,29,32.42,390,3,5.9,two-year,1,2,6.0,organic,A,red,78,0
CUST101421,53,68.17,391,0,0.0,one-year,1,2,7.7,organic,B,black,61,0
CUST101422,22,93.46,365,1,6.3,two-year,1,3,10.0,ads,A,blue,27,0
CUST101423,22,90.31,344,0,7.0,month-to-month,1,2,3.3,ads,C,yellow,12,1
CUST101424,39,148.65,352,5,3.7,month-to-month,0,3,1.9,ads,B,white,1,1
CUST101425,26,48.04,370,9,13.2,month-to-month,0,2,1.0,referral,A,yellow,47,1
CUST101426,46,123.63,522,0,0.0,month-to-month,1,6,10.0,referral,A,black,32,0
CUST101427,7,132.59,541,6,5.1,one-year,0,3,3.8,ads,A,red,76,1
CUST101428,27,30.32,440,6,0.3,two-year,1,4,5.9,partner,C,white,50,0
CUST101429,32,21.94,607,0,7.9,two-year,0,4,7.5,ads,C,red,36,0
CUST101430,30,37.91,502,3,7.8,month-to-month,1,5,6.7,ads,A,red,33,0
CUST101431,61,29.69,338,1,2.5,one-year,1,2,8.1,referral,A,blue,45,0
CUST101432,52,138.88,534,5,11.6,month-to-month,1,5,8.8,organic,B,black,48,0
CUST101433,35,29.96,542,5,7.5,month-to-month,0,2,4.9,partner,B,red,87,1
CUST101434,15,84.23,442,4,7.0,month-to-month,0,2,5.9,ads,B,red,72,0
CUST101435,57,149.17,383,2,7.2,one-year,0,2,7.4,referral,A,red,13,0
CUST101436,1,69.96,245,5,2.1,month-to-month,1,2,7.7,referral,C,blue,46,1
CUST101437,68,55.32,359,2,0.8,one-year,1,4,7.5,referral,B,green,84,0
CUST101438,56,137.88,179,2,0.0,two-year,1,5,1.8,ads,C,blue,55,0
CUST101439,38,82.83,374,4,0.0,two-year,1,1,8.8,referral,A,red,86,0
CUST101440,63,117.95,426,2,6.4,one-year,1,4,9.2,referral,A,blue,67,0
CUST101441,49,77.93,561,3,0.0,month-to-month,1,3,8.6,organic,A,yellow,55,0
CUST101442,39,83.49,351,4,4.2,month-to-month,1,2,7.3,ads,A,red,98,0
CUST101443,26,133.17,453,1,14.4,month-to-month,1,2,3.5,referral,A,blue,98,0
CUST101444,72,137.76,568,6,0.0,month-to-month,0,3,8.0,ads,A,white,47,0
CUST101445,48,50.46,272,3,8.6,month-to-month,0,2,7.1,partner,A,black,64,0
CUST101446,40,93.53,494,1,5.5,month-to-month,0,1,5.8,partner,A,yellow,62,0
CUST101447,29,144.04,204,2,2.0,two-year,1,3,10.0,referral,A,white,17,0
CUST101448,53,141.25,296,1,0.5,one-year,1,4,5.5,referral,B,black,26,0
CUST101449,24,135.78,308,6,4.0,month-to-month,0,3,6.8,organic,C,green,55,1
CUST101450,52,135.05,330,7,5.2,two-year,0,3,4.8,ads,C,black,90,0
CUST101451,59,143.4,327,2,0.0,one-year,1,4,10.0,referral,C,red,75,0
CUST101452,22,134.24,464,4,5.3,two-year,0,2,4.0,ads,B,blue,70,0
CUST101453,68,95.87,393,1,0.0,one-year,1,5,8.0,organic,C,red,59,0
CUST101454,30,137.13,285,3,10.7,one-year,1,4,6.2,organic,B,yellow,29,0
CUST101455,17,83.56,222,2,8.9,month-to-month,0,1,4.3,organic,C,black,69,0
CUST101456,32,34.6,508,2,2.5,month-to-month,1,3,6.6,referral,B,black,79,0
CUST101457,41,64.24,544,5,9.9,one-year,0,4,6.0,organic,A,black,30,1
CUST101458,63,53.55,419,3,0.0,one-year,1,6,8.1,organic,C,yellow,71,0
CUST101459,43,34.77,56,2,1.9,month-to-month,1,4,7.1,organic,A,yellow,38,0
CUST101460,28,103.31,354,3,0.0,month-to-month,0,3,9.0,referral,B,white,67,0
CUST101461,24,45.51,332,2,3.8,month-to-month,0,1,5.9,organic,B,blue,89,0
CUST101462,44,44.14,353,4,0.0,one-year,0,4,5.6,ads,C,yellow,6,1
CUST101463,9,59.55,591,2,9.7,one-year,0,2,9.0,partner,A,black,17,0
CUST101464,33,51.56,507,5,8.0,one-year,0,2,6.5,partner,A,green,82,0
CUST101465,63,91.59,523,1,0.5,two-year,0,3,5.6,referral,B,yellow,68,0
CUST101466,65,22.03,558,0,0.0,two-year,1,4,9.5,referral,A,white,36,0
CUST101467,42,77.44,369,1,6.7,month-to-month,0,2,8.1,organic,B,black,85,0
CUST101468,31,105.63,376,3,7.6,one-year,0,3,3.5,referral,C,yellow,3,1
CUST101469,48,44.42,431,3,0.0,one-year,1,4,5.3,organic,B,blue,4,0
CUST101470,62,39.49,346,2,4.7,month-to-month,1,3,8.5,organic,A,white,80,0
CUST101471,1,137.76,343,2,5.3,one-year,1,2,4.9,ads,C,green,88,1
CUST101472,11,126.61,529,1,7.1,one-year,1,3,9.0,ads,A,white,6,0
CUST101473,51,53.22,496,3,4.2,month-to-month,1,3,7.9,partner,C,green,96,0
CUST101474,4,128.54,150,5,14.7,month-to-month,0,2,4.2,partner,C,green,79,1
CUST101475,50,135.2,395,5,1.2,month-to-month,1,2,8.2,ads,A,black,28,0
CUST101476,29,34.9,573,3,0.0,two-year,0,3,8.6,organic,B,yellow,71,0
CUST101477,26,117.8,522,2,1.8,month-to-month,1,4,4.6,referral,A,red,38,1
CUST101478,31,88.04,434,2,7.7,month-to-month,0,4,3.3,ads,C,black,87,1
CUST101479,34,114.54,619,2,7.2,one-year,0,3,5.8,ads,A,yellow,25,0
CUST101480,72,112.56,367,5,5.1,month-to-month,1,4,7.6,organic,A,blue,91,0
CUST101481,22,80.12,389,3,2.8,one-year,0,4,5.8,ads,C,red,9,0
CUST101482,72,22.11,152,1,5.1,month-to-month,1,4,8.5,referral,C,blue,45,0
CUST101483,36,106.61,418,2,9.1,one-year,1,3,5.3,partner,A,black,34,0
CUST101484,29,96.96,663,1,3.8,month-to-month,1,3,7.5,organic,A,yellow,64,0
CUST101485,59,83.38,418,6,0.0,month-to-month,0,3,9.9,ads,B,white,83,0
CUST101486,27,109.91,447,3,16.0,month-to-month,0,1,3.5,ads,A,white,82,0
CUST101487,15,93.42,397,5,12.2,month-to-month,0,2,8.2,partner,B,red,98,0
CUST101488,22,65.73,479,9,6.6,month-to-month,0,2,7.7,organic,B,black,73,1
CUST101489,42,123.26,334,0,5.8,one-year,1,3,10.0,referral,B,black,53,0
CUST101490,17,116.26,651,6,6.5,month-to-month,1,3,6.8,ads,B,red,11,1
CUST101491,72,95.86,561,0,2.4,one-year,1,3,10.0,referral,A,black,77,0
CUST101492,26,87.06,512,1,2.3,month-to-month,0,5,5.1,ads,B,black,7,1
CUST101493,37,103.9,572,2,2.6,month-to-month,1,5,5.3,organic,A,red,43,0
CUST101494,59,99.53,416,0,4.9,two-year,1,4,7.9,referral,A,black,53,0
CUST101495,64,46.92,334,1,0.0,two-year,1,5,7.7,referral,B,white,2,0
CUST101496,39,41.1,468,1,0.0,one-year,1,6,9.8,referral,A,white,14,0
CUST101497,70,53.08,575,1,0.0,month-to-month,1,5,8.9,organic,A,green,87,0
CUST101498,50,66.81,383,0,2.6,one-year,1,3,8.4,organic,C,yellow,96,0
CUST101499,40,131.68,381,2,6.8,month-to-month,1,4,7.4,referral,A,red,50,0
CUST101500,52,34.38,435,0,0.0,one-year,0,2,7.9,referral,B,yellow,45,0
CUST101501,33,107.11,163,2,7.4,month-to-month,0,3,8.8,organic,B,yellow,53,0
CUST101502,38,34.85,285,1,4.3,two-year,0,3,6.4,ads,A,blue,97,0
CUST101503,44,68.58,345,5,0.0,month-to-month,0,1,8.2,organic,B,blue,35,0
CUST101504,45,71.67,573,4,3.2,two-year,0,4,6.6,partner,B,black,68,0
CUST101505,51,113.16,473,7,3.1,two-year,0,3,2.9,partner,A,black,79,0
CUST101506,58,135.84,284,5,2.4,one-year,1,3,4.3,ads,B,yellow,64,0
CUST101507,45,103.1,464,1,0.0,one-year,1,3,10.0,organic,C,black,53,0
CUST101508,20,137.52,433,1,9.1,month-to-month,1,4,5.7,ads,B,blue,87,0
CUST101509,72,69.13,353,2,0.0,one-year,0,3,7.6,organic,A,red,30,0
CUST101510,19,118.27,340,0,6.9,one-year,0,2,5.2,ads,A,red,39,0
CUST101511,27,94.61,728,1,5.5,one-year,1,2,7.2,organic,A,white,32,1
CUST101512,1,119.07,189,3,5.9,month-to-month,0,4,6.6,ads,C,black,59,1
CUST101513,19,108.4,348,2,7.5,month-to-month,0,3,6.9,organic,B,white,40,1
CUST101514,37,65.57,526,4,4.5,month-to-month,0,2,9.1,referral,B,white,40,1
CUST101515,12,91.13,307,3,6.5,month-to-month,0,3,4.9,ads,B,blue,8,1
CUST101516,61,147.11,349,0,3.1,one-year,1,4,10.0,ads,A,blue,21,0
CUST101517,36,104.7,266,2,0.0,one-year,1,5,6.8,organic,A,red,97,0
CUST101518,64,109.64,453,1,9.1,month-to-month,1,2,4.7,partner,B,green,29,0
CUST101519,50,49.3,468,0,0.0,two-year,1,3,7.3,ads,C,green,16,0
CUST101520,44,92.44,279,2,5.0,one-year,1,4,5.3,organic,B,white,89,0
CUST101521,30,53.89,608,1,6.0,one-year,1,3,7.3,ads,B,red,92,0
CUST101522,52,118.04,295,4,8.4,month-to-month,1,4,4.4,organic,C,blue,29,1
CUST101523,19,115.6,479,4,4.5,month-to-month,0,3,6.7,ads,B,red,96,1
CUST101524,21,122.35,253,4,0.0,one-year,0,1,5.4,ads,B,yellow,26,1
CUST101525,60,20.28,492,0,5.8,month-to-month,0,3,8.7,referral,A,red,44,0
CUST101526,38,108.65,487,1,3.0,two-year,1,4,10.0,ads,B,black,35,0
CUST101527,64,43.14,325,1,0.0,month-to-month,1,5,6.1,referral,B,white,59,0
CUST101528,57,21.6,469,4,11.0,one-year,1,2,4.5,ads,A,black,72,0
CUST101529,31,125.66,465,8,8.8,month-to-month,1,1,5.1,organic,C,yellow,25,1
CUST101530,47,133.99,390,3,4.1,month-to-month,1,2,7.3,ads,B,green,1,0
CUST101531,28,131.27,528,6,6.0,month-to-month,1,2,5.8,organic,A,red,63,0
CUST101532,66,20.51,304,1,7.1,two-year,1,3,8.5,ads,B,green,46,0
CUST101533,52,23.77,581,3,2.6,one-year,1,2,6.5,ads,B,blue,75,0
CUST101534,37,117.0,491,2,3.5,month-to-month,1,3,6.3,ads,B,blue,76,0
CUST101535,30,135.25,254,2,0.2,month-to-month,0,2,4.7,ads,B,blue,59,0
CUST101536,29,28.51,492,2,0.0,month-to-month,1,3,4.6,organic,B,green,6,0
CUST101537,41,113.89,392,1,1.6,month-to-month,0,2,5.4,ads,A,blue,46,0
CUST101538,7,96.08,344,4,0.0,month-to-month,0,4,5.2,ads,A,yellow,71,1
CUST101539,1,74.43,520,5,18.9,month-to-month,0,1,3.0,ads,A,yellow,99,1
CUST101540,1,113.81,556,3,3.6,one-year,1,1,4.8,ads,B,green,62,0
CUST101541,63,130.55,117,1,0.0,two-year,1,4,6.9,referral,B,white,81,0
CUST101542,46,120.4,413,0,0.0,one-year,1,5,8.6,referral,A,green,34,0
CUST101543,47,98.14,403,3,3.0,one-year,1,2,9.4,organic,C,yellow,24,0
CUST101544,35,41.26,351,3,3.4,month-to-month,1,3,4.1,ads,A,blue,69,0
CUST101545,58,32.57,445,3,5.8,month-to-month,0,1,9.3,ads,C,blue,88,0
CUST101546,8,63.89,555,6,5.9,month-to-month,1,2,7.9,partner,B,white,80,0
CUST101547,55,65.03,252,1,3.5,month-to-month,0,4,7.0,organic,A,yellow,23,0
CUST101548,72,79.81,323,1,0.6,two-year,1,4,6.4,referral,A,green,2,0
CUST101549,62,60.36,325,2,5.0,one-year,1,4,9.3,ads,A,red,35,0
CUST101550,47,78.56,495,3,9.8,one-year,0,1,6.7,ads,B,yellow,97,0
CUST101551,36,149.41,346,3,4.1,one-year,1,3,4.6,referral,C,red,36,0
CUST101552,18,71.35,519,8,2.8,month-to-month,0,2,4.0,ads,A,blue,34,1
CUST101553,37,65.38,539,5,6.0,month-to-month,0,2,6.1,ads,A,green,49,0
CUST101554,11,80.98,392,7,0.0,month-to-month,1,2,7.8,referral,B,white,47,1
CUST101555,34,112.81,444,2,4.2,two-year,1,4,6.5,referral,A,blue,12,0
CUST101556,20,132.98,402,3,0.0,one-year,1,4,7.7,ads,B,yellow,31,0
CUST101557,16,67.8,684,7,5.5,month-to-month,0,3,6.5,partner,A,green,9,1
CUST101558,64,118.64,296,0,1.4,two-year,1,4,8.4,organic,A,red,76,0
CUST101559,40,25.74,224,0,2.5,month-to-month,0,1,5.6,organic,B,white,31,0
CUST101560,37,96.92,81,4,2.3,month-to-month,1,3,5.1,ads,A,yellow,39,1
CUST101561,30,129.99,448,2,7.3,one-year,0,3,4.0,ads,C,red,31,0
CUST101562,1,43.51,451,7,9.0,month-to-month,0,2,7.7,ads,A,yellow,19,1
CUST101563,41,98.23,273,0,5.0,month-to-month,1,4,7.5,partner,A,blue,56,0
CUST101564,35,144.93,321,4,4.9,one-year,0,1,10.0,organic,A,blue,68,0
CUST101565,23,38.33,549,1,7.1,one-year,1,2,9.1,referral,B,red,21,0
CUST101566,46,132.69,527,3,1.3,month-to-month,1,3,6.3,referral,A,blue,3,0
CUST101567,29,115.31,389,3,4.7,month-to-month,1,4,7.9,ads,B,green,78,0
CUST101568,8,61.7,361,5,5.7,month-to-month,1,2,4.3,partner,B,red,74,1
CUST101569,1,126.4,356,5,5.2,one-year,1,3,2.8,ads,B,black,26,1
CUST101570,41,111.81,466,3,0.0,one-year,1,6,4.9,partner,A,white,80,0
CUST101571,5,113.91,468,2,12.4,one-year,0,3,4.7,ads,A,green,36,1
CUST101572,41,131.06,523,1,10.0,one-year,1,5,6.2,referral,B,green,49,0
CUST101573,5,61.52,508,1,9.0,month-to-month,1,2,7.9,partner,C,white,91,0
CUST101574,43,138.07,318,1,0.0,one-year,1,4,6.8,referral,A,black,22,0
CUST101575,33,47.42,435,4,3.2,month-to-month,1,4,10.0,organic,A,yellow,15,0
CUST101576,42,56.92,482,9,9.1,month-to-month,0,3,3.2,ads,A,red,8,1
CUST101577,57,68.95,351,3,0.6,month-to-month,1,1,10.0,referral,B,red,85,0
CUST101578,1,110.38,418,1,16.4,two-year,0,2,6.3,ads,A,white,52,0
CUST101579,7,29.71,335,2,5.5,one-year,0,4,6.3,partner,C,green,27,1
CUST101580,39,52.74,309,5,1.1,two-year,1,1,5.9,referral,B,green,49,0
CUST101581,36,75.44,258,2,1.2,two-year,1,3,9.3,partner,C,black,49,0
CUST101582,1,65.95,270,3,6.5,month-to-month,0,3,8.0,partner,B,black,86,0
CUST101583,57,143.6,369,6,0.8,two-year,0,2,6.3,ads,A,yellow,6,0
CUST101584,52,40.7,339,5,0.0,one-year,1,2,6.5,ads,A,blue,93,0
CUST101585,52,27.45,535,1,4.9,two-year,1,5,7.1,referral,A,green,86,0
CUST101586,29,76.26,325,6,0.0,month-to-month,1,3,9.7,partner,A,red,36,0
CUST101587,38,37.5,400,8,1.1,month-to-month,1,1,7.5,ads,A,white,93,1
CUST101588,16,86.42,446,5,3.2,month-to-month,0,1,7.9,ads,A,red,67,0
CUST101589,40,26.7,310,3,0.0,month-to-month,1,5,7.2,partner,B,green,38,0
CUST101590,9,139.92,370,7,9.8,month-to-month,0,3,5.0,ads,B,yellow,88,1
CUST101591,24,58.71,68,4,14.9,one-year,0,3,2.9,partner,B,yellow,35,1
CUST101592,18,62.28,559,3,3.5,two-year,1,3,9.1,ads,A,white,30,0
CUST101593,65,82.37,459,2,4.1,two-year,1,4,7.4,ads,B,white,15,0
CUST101594,8,52.99,785,6,12.8,month-to-month,0,1,5.4,partner,B,white,44,1
CUST101595,17,54.03,403,6,9.4,month-to-month,1,3,5.6,referral,A,yellow,32,1
CUST101596,46,132.23,504,0,9.4,month-to-month,1,2,3.1,organic,C,green,9,0
CUST101597,72,134.69,545,1,1.8,one-year,1,6,10.0,referral,A,black,87,0
CUST101598,57,27.38,444,3,4.6,month-to-month,0,2,4.2,referral,C,black,23,1
CUST101599,32,47.09,226,5,2.4,one-year,0,1,7.0,ads,C,red,4,1
CUST101600,20,87.69,697,2,0.0,month-to-month,1,3,7.8,referral,C,white,85,0
CUST101601,53,149.33,392,1,0.0,two-year,1,3,9.2,ads,A,blue,22,0
CUST101602,56,143.5,374,1,9.7,month-to-month,0,2,6.5,referral,A,white,47,0
CUST101603,47,116.59,439,3,4.2,one-year,0,4,7.3,partner,C,green,29,0
CUST101604,44,79.03,637,4,5.8,two-year,1,5,4.9,ads,B,green,98,0
CUST101605,36,134.75,531,5,3.0,two-year,1,3,6.5,partner,B,black,60,0
CUST101606,48,92.95,537,1,12.5,month-to-month,1,3,8.8,ads,B,white,34,0
CUST101607,72,36.46,392,1,0.0,two-year,1,4,10.0,organic,B,blue,79,0
CUST101608,33,61.63,617,3,3.6,month-to-month,0,4,5.0,ads,A,yellow,77,1
CUST101609,13,137.98,390,2,3.3,month-to-month,1,1,6.9,referral,B,yellow,98,0
CUST101610,34,147.08,242,5,4.9,two-year,1,3,4.3,ads,B,black,98,0
CUST101611,5,131.89,411,3,7.4,one-year,0,1,2.3,ads,A,white,49,1
CUST101612,31,60.73,419,2,0.0,month-to-month,0,4,8.5,partner,A,red,41,0
CUST101613,24,133.35,292,1,0.0,month-to-month,1,3,6.5,partner,B,black,48,0
CUST101614,71,25.35,343,3,12.7,one-year,1,3,8.3,organic,A,black,67,0
CUST101615,72,119.97,329,0,0.0,two-year,1,5,10.0,referral,B,yellow,41,0
CUST101616,45,142.41,583,4,4.5,month-to-month,1,4,6.7,partner,B,red,95,0
CUST101617,9,54.54,364,8,0.0,two-year,0,2,5.8,ads,A,black,23,1
CUST101618,3,21.88,503,3,0.0,one-year,1,4,4.3,referral,B,green,66,1
CUST101619,37,125.14,517,1,0.0,one-year,1,4,6.9,ads,B,white,43,0
CUST101620,59,60.08,539,2,7.2,month-to-month,0,3,8.7,ads,B,red,87,0
CUST101621,24,40.11,506,7,8.4,month-to-month,0,2,3.4,partner,A,red,25,1
CUST101622,56,35.91,461,4,0.0,one-year,1,3,10.0,referral,B,red,19,0
CUST101623,39,25.18,109,4,7.7,month-to-month,1,3,6.6,referral,C,yellow,52,0
CUST101624,50,142.86,187,1,0.0,two-year,1,4,6.5,organic,A,yellow,69,0
CUST101625,70,109.69,309,2,6.3,one-year,1,6,9.1,referral,B,white,78,0
CUST101626,21,73.44,343,0,11.0,month-to-month,1,2,6.8,ads,B,black,37,0
CUST101627,72,113.44,334,0,0.0,two-year,1,5,9.2,organic,A,white,22,0
CUST101628,43,112.14,440,2,0.7,month-to-month,1,3,6.3,partner,B,yellow,15,0
CUST101629,19,126.58,438,2,1.1,one-year,0,3,6.1,organic,C,white,99,0
CUST101630,31,54.66,227,2,4.3,month-to-month,1,2,9.7,referral,A,blue,81,0
CUST101631,1,124.22,530,3,5.4,month-to-month,0,3,5.0,ads,B,yellow,38,1
CUST101632,46,35.87,460,4,10.1,month-to-month,0,2,3.9,referral,A,red,78,0
CUST101633,48,54.65,383,2,2.0,month-to-month,1,4,8.9,referral,C,red,68,0
CUST101634,1,139.22,422,4,9.4,month-to-month,0,2,4.7,partner,C,black,47,1
CUST101635,37,60.5,573,7,0.7,month-to-month,1,3,4.2,referral,C,red,77,1
CUST101636,16,138.64,433,7,4.5,month-to-month,1,2,4.4,organic,A,black,25,0
CUST101637,19,88.47,495,3,4.9,month-to-month,0,3,5.9,referral,C,red,88,0
CUST101638,72,65.05,245,1,0.0,two-year,1,4,8.0,organic,B,yellow,62,0
CUST101639,25,77.03,405,2,6.5,month-to-month,1,2,6.4,ads,B,yellow,16,0
CUST101640,32,24.4,361,4,1.9,month-to-month,0,4,6.3,ads,B,red,46,1
CUST101641,47,62.88,347,0,0.1,two-year,1,5,10.0,organic,C,blue,30,0
CUST101642,12,34.69,397,2,10.0,month-to-month,0,4,4.8,organic,B,white,62,1
CUST101643,22,130.06,456,1,0.0,one-year,1,3,4.1,organic,A,red,6,0
CUST101644,43,133.91,447,6,6.6,month-to-month,0,1,5.2,ads,C,green,20,1
CUST101645,34,123.69,463,2,2.3,month-to-month,1,2,10.0,organic,C,blue,86,0
CUST101646,34,24.8,107,3,0.2,month-to-month,0,4,7.2,ads,A,red,12,1
CUST101647,17,31.5,463,2,0.4,two-year,1,4,10.0,referral,B,yellow,17,0
CUST101648,30,72.93,494,2,0.0,month-to-month,1,3,8.9,partner,C,black,98,0
CUST101649,72,75.98,269,1,0.0,one-year,1,6,10.0,referral,A,red,40,0
CUST101650,49,145.62,500,3,1.2,month-to-month,0,3,3.5,referral,C,blue,38,1
CUST101651,66,114.36,556,1,3.0,two-year,1,2,7.8,ads,B,blue,66,0
CUST101652,58,90.07,442,4,10.9,month-to-month,1,4,7.1,ads,A,yellow,50,0
CUST101653,28,93.47,390,2,1.8,two-year,0,4,5.2,referral,C,green,92,0
CUST101654,47,109.24,419,6,0.0,month-to-month,0,3,6.8,ads,B,green,34,1
CUST101655,28,107.24,292,1,8.9,month-to-month,0,4,5.9,ads,A,black,92,0
CUST101656,69,148.16,366,4,0.0,month-to-month,0,4,6.4,referral,A,yellow,44,0
CUST101657,69,147.97,461,4,0.0,month-to-month,0,4,10.0,ads,C,yellow,85,0
CUST101658,26,136.15,605,9,5.7,month-to-month,1,2,4.3,organic,A,yellow,28,1
CUST101659,53,113.0,526,1,0.0,two-year,1,3,8.5,organic,C,green,58,0
CUST101660,72,92.37,176,0,0.0,one-year,1,4,7.7,referral,C,red,95,0
CUST101661,43,33.45,292,5,1.8,month-to-month,1,3,7.7,ads,A,green,48,1
CUST101662,34,149.3,347,3,3.4,month-to-month,1,3,3.6,partner,C,white,48,0
CUST101663,1,124.59,479,2,8.3,month-to-month,1,4,5.1,referral,A,white,41,0
CUST101664,58,120.0,427,3,2.7,month-to-month,0,4,5.0,organic,A,white,21,0
CUST101665,28,93.61,791,3,0.1,two-year,1,4,6.9,referral,A,yellow,20,0
CUST101666,50,35.59,505,3,4.8,one-year,0,3,4.4,ads,A,black,38,0
CUST101667,53,35.03,480,3,12.9,month-to-month,1,5,5.6,ads,C,white,7,0
CUST101668,47,89.53,494,5,3.3,one-year,1,4,5.6,organic,B,red,27,0
CUST101669,66,80.02,445,4,2.4,one-year,0,4,9.9,organic,B,white,39,0
CUST101670,60,110.69,573,3,11.2,one-year,0,3,7.7,ads,B,white,71,1
CUST101671,33,132.3,391,2,0.0,month-to-month,1,4,8.5,ads,C,red,34,0
CUST101672,68,22.21,275,4,0.0,month-to-month,1,2,8.0,referral,B,green,98,0
CUST101673,24,96.45,479,3,7.4,month-to-month,0,1,6.2,ads,B,black,65,1
CUST101674,52,78.79,558,0,2.5,one-year,1,6,6.9,referral,B,blue,74,0
CUST101675,45,44.79,442,3,0.0,two-year,0,2,9.3,organic,B,white,42,0
CUST101676,45,58.8,376,0,0.0,two-year,0,2,6.7,partner,A,green,75,0
CUST101677,56,141.36,756,1,2.6,two-year,1,4,8.3,partner,B,red,41,0
CUST101678,69,115.57,261,1,0.0,one-year,1,4,9.3,referral,A,black,8,0
CUST101679,31,138.19,420,4,4.3,month-to-month,1,1,7.2,ads,B,green,69,0
CUST101680,15,63.81,511,4,3.6,month-to-month,1,3,8.1,ads,C,white,73,1
CUST101681,41,56.41,406,5,7.9,month-to-month,0,2,5.7,referral,A,white,15,0
CUST101682,15,53.75,432,5,5.5,one-year,0,1,4.1,ads,B,black,97,1
CUST101683,53,88.01,383,1,5.0,month-to-month,1,4,10.0,ads,B,blue,26,0
CUST101684,32,104.56,499,3,2.6,month-to-month,0,2,4.7,ads,A,green,37,1
CUST101685,72,116.34,448,1,2.8,month-to-month,1,4,8.0,referral,C,white,86,0
CUST101686,44,38.03,465,4,1.8,one-year,0,2,4.5,referral,B,yellow,18,0
CUST101687,55,52.6,333,3,0.0,month-to-month,1,4,7.2,organic,C,green,91,0
CUST101688,29,66.49,483,4,11.4,one-year,0,2,7.3,partner,B,green,80,1
CUST101689,45,24.0,203,2,12.1,month-to-month,1,3,6.1,ads,A,white,14,0
CUST101690,72,113.31,499,1,2.8,two-year,0,3,8.1,ads,C,yellow,53,0
CUST101691,20,39.53,762,8,11.6,two-year,1,2,9.0,organic,B,black,92,1
CUST101692,72,71.43,482,2,0.1,month-to-month,1,4,6.7,referral,C,green,61,0
CUST101693,12,144.97,417,5,7.5,one-year,0,3,4.6,ads,A,black,2,1
CUST101694,25,108.35,500,3,2.9,month-to-month,1,3,5.5,ads,B,white,99,0
CUST101695,64,98.82,429,1,0.0,one-year,1,4,9.9,organic,B,black,15,0
CUST101696,35,28.83,638,3,0.0,month-to-month,0,2,4.0,organic,A,green,59,1
CUST101697,42,29.22,580,1,4.8,one-year,1,3,4.5,organic,B,white,60,0
CUST101698,28,103.42,395,1,7.7,month-to-month,1,2,4.6,organic,A,green,66,0
CUST101699,45,61.04,298,2,4.6,month-to-month,1,3,6.9,partner,C,red,26,0
CUST101700,30,58.67,449,3,6.2,month-to-month,0,2,7.8,organic,B,red,71,0
CUST101701,20,63.74,448,4,4.1,month-to-month,1,4,10.0,organic,A,yellow,52,0
CUST101702,30,103.75,473,0,0.0,one-year,0,1,8.3,organic,A,black,23,0
CUST101703,38,39.91,562,2,1.7,month-to-month,1,4,7.4,organic,B,blue,17,0
CUST101704,49,143.11,658,4,1.4,month-to-month,1,4,4.7,organic,B,red,59,1
CUST101705,50,144.43,373,6,0.5,month-to-month,1,3,3.9,ads,B,green,14,1
CUST101706,22,110.92,242,4,5.7,month-to-month,1,3,5.2,ads,A,black,72,1
CUST101707,64,144.63,287,0,0.0,month-to-month,1,1,10.0,ads,B,yellow,42,0
CUST101708,17,67.21,332,3,1.8,month-to-month,1,3,6.8,partner,B,white,50,1
CUST101709,34,44.1,559,3,15.8,one-year,0,4,4.0,organic,B,blue,8,1
CUST101710,40,43.72,184,0,3.5,two-year,1,4,6.4,organic,C,blue,53,0
CUST101711,19,89.66,439,0,5.3,month-to-month,1,4,4.8,ads,C,yellow,74,1
CUST101712,22,44.34,262,5,1.8,month-to-month,1,2,2.1,organic,A,yellow,99,0
CUST101713,37,43.95,396,0,1.0,month-to-month,1,3,10.0,organic,B,green,32,0
CUST101714,25,132.77,358,3,0.9,one-year,1,3,5.6,partner,A,blue,81,0
CUST101715,2,66.17,192,3,4.0,two-year,1,3,3.8,organic,B,blue,16,0
CUST101716,54,112.22,497,3,2.2,one-year,0,5,10.0,organic,B,red,11,0
CUST101717,51,140.12,296,2,0.0,one-year,1,4,4.7,organic,A,black,61,0
CUST101718,45,56.54,455,2,6.6,month-to-month,0,3,6.5,organic,A,white,38,0
CUST101719,8,80.87,663,6,9.1,month-to-month,0,5,8.2,partner,B,red,62,0
CUST101720,60,106.83,295,2,0.0,month-to-month,1,3,8.0,organic,C,black,78,1
CUST101721,23,45.16,495,5,11.1,month-to-month,0,3,5.3,referral,B,black,6,1
CUST101722,38,97.95,324,2,0.0,month-to-month,1,4,5.4,referral,A,yellow,80,0
CUST101723,72,147.83,217,1,8.8,two-year,1,5,5.7,ads,B,yellow,90,0
CUST101724,14,146.48,630,2,6.0,month-to-month,0,3,3.5,partner,A,white,78,0
CUST101725,60,105.11,443,1,0.0,one-year,1,3,8.1,referral,A,green,47,0
CUST101726,38,72.29,469,5,11.6,one-year,1,3,6.0,ads,B,yellow,8,0
CUST101727,52,48.78,237,3,0.9,one-year,1,4,7.4,partner,A,green,10,0
CUST101728,45,130.35,329,3,7.3,one-year,0,6,7.0,ads,C,black,82,0
CUST101729,64,106.64,359,1,0.0,two-year,1,2,7.4,referral,B,white,96,0
CUST101730,37,124.74,412,6,4.8,one-year,0,4,6.7,organic,C,green,95,0
CUST101731,31,135.52,532,2,6.9,one-year,1,4,8.3,partner,A,red,60,0
CUST101732,58,145.73,483,2,8.8,month-to-month,1,4,6.2,organic,A,white,64,0
CUST101733,13,34.77,360,2,7.8,one-year,1,3,5.7,organic,C,green,64,0
CUST101734,61,74.92,317,0,1.8,month-to-month,1,3,7.8,referral,A,green,66,0
CUST101735,29,98.71,370,5,10.7,month-to-month,0,1,6.1,partner,B,green,42,1
CUST101736,34,34.71,397,5,4.3,one-year,0,4,3.3,ads,B,blue,90,1
CUST101737,40,33.83,358,3,9.6,two-year,0,3,7.5,organic,B,white,86,1
CUST101738,46,20.28,391,4,3.1,one-year,0,2,8.7,referral,B,black,26,0
CUST101739,28,104.88,569,1,0.0,two-year,0,3,9.1,ads,B,blue,32,0
CUST101740,34,100.74,349,2,4.8,month-to-month,1,3,8.5,organic,B,white,9,0
CUST101741,19,77.22,306,10,7.6,one-year,0,2,4.1,referral,B,green,8,1
CUST101742,26,46.31,466,0,13.6,month-to-month,0,4,7.5,ads,B,blue,59,0
CUST101743,31,60.0,322,0,5.3,month-to-month,1,3,9.0,partner,A,white,76,0
CUST101744,18,103.78,391,4,7.7,month-to-month,1,6,3.4,partner,C,white,28,0
CUST101745,30,77.25,253,4,4.4,one-year,1,3,7.7,referral,C,white,78,0
CUST101746,12,146.42,432,3,0.5,month-to-month,0,3,8.5,organic,A,green,82,0
CUST101747,53,105.76,385,4,2.9,month-to-month,1,5,6.9,ads,A,white,88,0
CUST101748,72,85.56,303,2,6.5,month-to-month,1,3,8.3,ads,B,yellow,77,0
CUST101749,57,25.08,347,1,4.0,month-to-month,0,5,7.0,ads,B,white,15,0
CUST101750,1,108.77,379,7,11.8,month-to-month,0,3,2.9,partner,C,red,5,1
CUST101751,43,94.01,662,2,0.0,one-year,0,5,7.3,referral,B,white,96,0
CUST101752,22,102.29,358,7,5.1,month-to-month,0,2,4.4,organic,A,blue,45,1
CUST101753,15,70.78,661,5,6.1,month-to-month,0,1,4.7,ads,B,green,71,1
CUST101754,42,88.29,460,3,0.0,two-year,1,5,6.9,organic,C,black,26,0
CUST101755,40,139.98,269,1,2.3,month-to-month,1,2,5.9,organic,C,blue,87,0
CUST101756,60,48.12,448,5,5.8,month-to-month,1,5,3.1,ads,C,green,44,1
CUST101757,25,47.34,457,3,0.0,one-year,1,3,9.3,ads,C,blue,91,0
CUST101758,66,23.48,567,0,0.0,two-year,1,4,6.7,referral,A,yellow,68,0
CUST101759,50,62.21,381,3,1.3,two-year,1,3,9.0,ads,C,red,74,0
CUST101760,72,129.1,560,1,0.1,two-year,1,4,9.1,organic,A,black,63,0
CUST101761,50,53.33,544,1,3.5,one-year,1,3,6.9,ads,A,blue,93,0
CUST101762,32,129.52,272,4,0.7,month-to-month,1,4,10.0,referral,C,green,67,0
CUST101763,13,93.26,277,6,10.2,month-to-month,0,2,4.4,partner,A,yellow,13,1
CUST101764,34,43.77,197,3,4.5,month-to-month,0,2,7.5,ads,B,white,79,0
CUST101765,9,36.86,540,1,9.6,month-to-month,0,1,5.7,ads,B,white,7,0
CUST101766,51,109.05,251,0,1.8,one-year,0,4,9.3,referral,B,black,43,0
CUST101767,7,49.83,571,2,16.6,month-to-month,1,1,6.2,organic,A,green,48,1
CUST101768,24,140.81,598,4,8.9,one-year,0,1,9.3,organic,B,blue,68,0
CUST101769,44,125.68,701,2,2.8,month-to-month,1,5,9.3,partner,B,red,44,0
CUST101770,41,126.55,501,1,3.7,one-year,0,4,10.0,organic,B,yellow,2,0
CUST101771,27,26.35,520,0,0.0,one-year,0,5,9.4,referral,A,red,84,0
CUST101772,26,51.42,415,1,2.2,month-to-month,1,3,4.0,organic,A,blue,20,1
CUST101773,47,74.74,227,3,4.5,month-to-month,0,4,6.0,organic,C,blue,68,0
CUST101774,25,51.8,269,5,7.4,one-year,0,3,3.2,partner,A,green,13,1
CUST101775,11,62.43,349,6,18.7,one-year,0,1,5.9,ads,B,black,72,0
CUST101776,22,38.79,495,2,2.9,one-year,1,4,4.5,ads,A,yellow,81,1
CUST101777,27,35.9,361,4,0.8,month-to-month,0,2,1.0,ads,A,green,58,1
CUST101778,21,67.69,349,4,6.3,two-year,0,6,10.0,referral,C,white,9,0
CUST101779,30,138.8,646,2,4.1,month-to-month,0,2,4.4,ads,A,black,84,1
CUST101780,54,134.45,325,7,9.8,month-to-month,0,1,3.4,partner,B,blue,8,1
CUST101781,24,89.82,266,3,2.4,month-to-month,1,6,9.4,ads,C,blue,23,0
CUST101782,13,110.42,546,5,7.4,month-to-month,0,1,2.1,ads,A,blue,70,1
CUST101783,44,62.33,550,1,3.4,one-year,0,4,9.7,referral,A,white,9,0
CUST101784,27,38.83,553,3,1.5,one-year,0,3,5.6,ads,B,black,89,0
CUST101785,35,27.84,343,3,6.9,month-to-month,0,3,1.9,organic,B,blue,65,1
CUST101786,1,78.43,346,2,7.0,month-to-month,1,4,9.1,referral,C,red,42,1
CUST101787,19,81.83,616,1,6.4,one-year,0,4,7.0,ads,A,white,39,0
CUST101788,52,75.82,377,6,0.5,month-to-month,0,1,8.6,referral,B,black,16,0
CUST101789,48,90.51,446,0,0.0,one-year,0,4,9.2,referral,C,blue,11,0
CUST101790,1,87.72,618,5,13.8,month-to-month,0,2,4.8,partner,B,black,94,1
CUST101791,44,110.95,330,2,4.9,one-year,1,4,4.5,organic,A,green,46,0
CUST101792,48,131.03,335,2,3.0,one-year,1,3,6.5,ads,C,black,17,0
CUST101793,47,133.24,383,1,5.4,month-to-month,0,2,5.8,organic,C,yellow,63,0
CUST101794,27,59.23,463,4,5.1,month-to-month,1,2,4.3,organic,C,yellow,35,1
CUST101795,34,101.73,271,5,11.7,month-to-month,0,2,6.1,ads,A,blue,69,0
CUST101796,26,145.44,265,6,8.5,two-year,1,1,8.1,ads,A,green,56,0
CUST101797,38,92.45,361,5,11.1,month-to-month,0,2,4.6,ads,A,blue,53,1
CUST101798,71,102.98,509,1,0.0,two-year,1,3,7.7,referral,A,yellow,67,0
CUST101799,1,126.98,477,0,0.4,two-year,1,3,4.5,ads,C,white,94,0
CUST101800,60,36.82,375,0,1.4,two-year,1,6,9.4,referral,B,red,56,0
CUST101801,9,42.46,491,2,7.3,one-year,0,2,7.8,partner,C,red,96,0
CUST101802,64,137.26,267,4,5.7,month-to-month,0,1,6.9,ads,A,green,73,0
CUST101803,11,142.81,429,4,4.4,month-to-month,0,3,5.2,partner,A,yellow,99,0
CUST101804,26,51.54,418,8,10.6,month-to-month,0,1,2.7,partner,A,blue,2,1
CUST101805,16,30.24,592,3,10.3,month-to-month,1,3,3.0,ads,B,red,67,0
CUST101806,27,124.42,469,1,0.0,month-to-month,0,3,8.3,organic,B,green,23,0
CUST101807,28,49.87,160,3,4.0,one-year,0,3,8.7,organic,C,yellow,97,0
CUST101808,41,106.66,256,2,13.3,month-to-month,0,1,3.8,organic,B,yellow,44,1
CUST101809,61,38.64,470,0,0.0,month-to-month,1,4,7.1,ads,B,blue,28,0
CUST101810,59,69.44,168,4,7.6,one-year,1,4,7.9,ads,B,red,30,0
CUST101811,39,83.37,413,4,8.8,two-year,1,4,6.1,partner,B,green,13,0
CUST101812,60,66.64,350,2,4.7,one-year,1,4,10.0,ads,A,green,92,0
CUST101813,43,100.76,414,3,0.0,one-year,1,2,7.6,partner,B,yellow,78,0
CUST101814,28,131.44,334,3,9.2,month-to-month,0,3,4.2,referral,A,green,5,1
CUST101815,10,93.3,537,7,5.4,month-to-month,0,3,8.1,ads,B,yellow,47,0
CUST101816,11,91.6,370,6,8.7,month-to-month,0,3,3.5,partner,B,red,28,1
CUST101817,16,84.52,480,1,16.2,month-to-month,0,3,4.1,ads,C,black,19,1
CUST101818,40,144.81,477,2,5.5,month-to-month,1,4,3.7,ads,B,blue,59,0
CUST101819,27,22.55,261,1,5.4,month-to-month,0,2,2.7,referral,B,white,77,0
CUST101820,39,33.92,457,3,7.6,month-to-month,0,2,5.6,ads,B,red,14,1
CUST101821,62,74.52,346,0,10.5,month-to-month,1,4,10.0,partner,B,white,20,0
CUST101822,33,129.26,471,3,5.4,month-to-month,0,3,5.1,partner,B,black,44,0
CUST101823,40,141.08,278,2,3.8,one-year,0,3,8.1,ads,A,red,15,0
CUST101824,69,143.05,379,5,3.9,month-to-month,1,3,6.5,ads,C,green,19,0
CUST101825,61,50.79,471,1,7.0,month-to-month,1,1,5.0,organic,A,yellow,13,0
CUST101826,40,74.61,462,0,6.0,one-year,0,3,4.0,partner,A,blue,45,0
CUST101827,48,106.86,301,0,4.1,month-to-month,0,5,6.3,partner,B,red,18,0
CUST101828,38,130.14,457,3,3.7,month-to-month,0,2,4.8,ads,B,blue,96,1
CUST101829,16,107.29,473,2,0.0,month-to-month,0,4,4.9,partner,B,white,62,0
CUST101830,52,137.14,236,1,8.0,two-year,1,3,4.1,ads,A,white,7,0
CUST101831,43,47.69,201,5,4.6,month-to-month,0,3,9.6,referral,B,black,34,0
CUST101832,48,91.6,498,3,5.4,two-year,1,3,8.3,ads,B,white,41,0
CUST101833,55,84.61,266,4,4.3,one-year,0,3,5.7,partner,B,yellow,77,0
CUST101834,11,131.44,433,4,6.0,month-to-month,1,1,6.0,organic,B,green,61,0
CUST101835,65,35.96,399,3,5.9,two-year,1,3,5.5,organic,B,white,42,0
CUST101836,36,97.46,352,6,6.8,month-to-month,0,5,1.0,organic,A,red,86,0
CUST101837,36,107.83,623,0,10.9,month-to-month,0,3,10.0,organic,A,green,34,0
CUST101838,33,40.35,286,3,4.0,one-year,1,3,6.8,referral,A,red,51,0
CUST101839,41,119.05,313,4,11.9,one-year,1,2,5.1,ads,B,yellow,37,1
CUST101840,57,99.56,505,2,6.8,month-to-month,1,2,2.8,organic,C,blue,86,0
CUST101841,15,43.36,461,6,0.1,month-to-month,1,2,1.0,ads,A,white,40,1
CUST101842,32,137.63,438,4,1.7,one-year,0,1,8.7,partner,A,yellow,28,1
CUST101843,37,130.27,456,3,7.1,month-to-month,1,4,9.3,referral,B,red,19,0
CUST101844,65,25.97,345,3,0.0,one-year,1,4,8.1,referral,C,white,39,0
CUST101845,18,46.98,282,6,1.7,month-to-month,1,3,3.0,organic,A,blue,21,0
CUST101846,51,69.53,623,1,5.3,month-to-month,1,5,10.0,referral,B,blue,44,0
CUST101847,48,89.52,272,3,0.2,month-to-month,1,4,6.0,ads,B,green,38,1
CUST101848,50,92.35,161,2,4.2,month-to-month,1,4,9.1,referral,A,white,9,0
CUST101849,58,38.7,325,7,1.3,month-to-month,1,5,7.9,referral,C,green,91,0
CUST101850,15,34.44,525,4,8.7,one-year,0,3,2.8,ads,B,red,89,1
CUST101851,54,141.24,158,1,0.0,two-year,0,3,7.0,organic,A,yellow,14,0
CUST101852,44,115.91,310,5,0.0,month-to-month,1,2,3.8,organic,C,blue,23,0
CUST101853,37,36.0,538,4,0.0,month-to-month,0,5,9.0,referral,C,green,52,0
CUST101854,46,135.49,256,2,0.0,two-year,0,4,5.5,referral,A,red,58,0
CUST101855,32,53.58,443,3,7.6,one-year,0,2,5.2,ads,B,red,22,0
CUST101856,38,69.91,420,1,1.1,month-to-month,0,4,8.3,referral,A,yellow,30,0
CUST101857,27,103.45,428,2,3.8,month-to-month,0,2,7.6,ads,A,green,79,0
CUST101858,41,104.21,500,4,0.0,one-year,0,4,8.1,referral,A,blue,37,0
CUST101859,40,86.23,256,4,5.1,one-year,1,5,5.1,partner,C,black,38,0
CUST101860,54,37.31,539,2,7.9,two-year,1,1,8.9,ads,A,red,21,0
CUST101861,69,59.95,264,4,2.9,one-year,1,4,5.6,referral,C,yellow,46,0
CUST101862,33,82.56,357,3,0.7,two-year,0,2,9.7,organic,A,yellow,2,0
CUST101863,17,138.85,374,8,7.8,month-to-month,0,1,2.9,organic,B,blue,12,1
CUST101864,62,65.76,475,3,0.0,month-to-month,1,5,8.8,ads,B,white,98,0
CUST101865,39,123.75,215,7,10.0,month-to-month,0,3,4.4,referral,B,red,73,1
CUST101866,59,21.22,630,1,1.7,month-to-month,1,4,8.4,ads,A,blue,23,0
CUST101867,54,61.04,383,1,4.0,month-to-month,1,3,9.4,partner,C,black,23,0
CUST101868,33,52.69,523,8,4.8,month-to-month,1,2,5.6,ads,C,white,59,1
CUST101869,41,131.8,260,3,5.7,month-to-month,1,2,7.3,referral,A,white,83,0
CUST101870,9,46.36,351,5,2.1,one-year,1,5,5.7,ads,B,green,4,0
CUST101871,36,136.55,126,1,3.3,month-to-month,1,5,3.9,organic,B,yellow,74,0
CUST101872,54,88.37,529,4,2.7,month-to-month,0,4,6.5,organic,B,green,81,0
CUST101873,42,126.95,287,3,5.9,one-year,1,4,6.7,ads,C,black,24,0
CUST101874,54,65.28,269,2,6.9,two-year,1,2,6.5,organic,B,white,95,0
CUST101875,49,60.54,490,0,0.0,one-year,1,4,8.1,ads,A,black,77,0
CUST101876,1,35.1,13,2,9.3,month-to-month,0,3,6.0,partner,C,red,39,0
CUST101877,34,102.08,391,3,7.3,month-to-month,0,2,6.6,ads,B,blue,2,0
CUST101878,20,40.4,652,6,6.9,one-year,0,4,5.9,partner,C,green,17,0
CUST101879,19,104.66,289,5,3.4,one-year,0,5,7.6,partner,C,red,16,1
CUST101880,30,28.65,304,1,0.0,month-to-month,1,3,8.6,ads,A,yellow,2,0
CUST101881,42,38.98,541,0,0.0,month-to-month,1,5,9.9,ads,C,white,12,0
CUST101882,33,144.68,265,2,6.3,month-to-month,1,3,4.8,ads,B,blue,52,1
CUST101883,58,115.81,605,3,5.2,one-year,0,2,7.0,ads,A,yellow,70,0
CUST101884,56,34.67,562,4,2.0,month-to-month,1,4,7.3,ads,B,red,1,0
CUST101885,19,70.57,488,4,6.4,one-year,0,5,6.8,partner,B,red,13,0
CUST101886,39,37.77,294,4,8.5,month-to-month,0,3,9.2,organic,A,red,4,0
CUST101887,31,82.75,407,4,2.0,month-to-month,1,3,6.2,partner,B,white,57,0
CUST101888,22,141.81,384,2,3.3,month-to-month,0,4,8.4,ads,B,green,11,0
CUST101889,29,62.87,431,3,1.8,month-to-month,1,3,4.0,organic,A,white,93,0
CUST101890,53,119.66,460,4,4.1,one-year,0,4,8.8,referral,A,blue,16,1
CUST101891,50,35.46,351,3,4.2,month-to-month,1,5,9.1,partner,C,black,69,0
CUST101892,29,64.62,350,2,6.1,month-to-month,0,2,2.4,ads,B,white,96,1
CUST101893,33,57.68,514,4,7.8,one-year,1,4,6.6,referral,B,green,58,0
CUST101894,42,44.31,722,4,4.0,month-to-month,1,3,7.7,referral,B,yellow,39,0
CUST101895,40,57.11,261,3,10.6,one-year,0,4,6.4,ads,B,black,68,0
CUST101896,51,122.57,518,4,0.0,one-year,0,3,6.8,ads,A,blue,41,0
CUST101897,36,92.19,489,2,0.0,month-to-month,0,6,9.1,organic,B,green,92,0
CUST101898,43,117.65,481,3,9.6,month-to-month,1,6,5.4,partner,A,red,2,1
CUST101899,16,78.57,451,3,3.3,one-year,0,2,10.0,ads,C,white,23,0
CUST101900,44,64.16,349,3,3.1,month-to-month,1,4,6.6,organic,B,white,36,0
CUST101901,29,125.09,439,5,10.0,month-to-month,1,4,6.8,ads,C,blue,91,0
CUST101902,49,109.86,382,1,1.9,two-year,0,3,7.1,referral,A,white,12,0
CUST101903,28,83.61,492,5,6.5,month-to-month,1,4,3.0,referral,B,green,13,0
CUST101904,12,126.26,480,1,6.8,month-to-month,0,2,4.7,ads,A,blue,33,0
CUST101905,10,32.53,107,3,6.6,month-to-month,1,1,4.6,organic,A,green,9,0
CUST101906,15,40.56,444,3,10.7,month-to-month,0,3,6.1,ads,C,white,98,1
CUST101907,16,111.93,450,6,10.3,month-to-month,1,3,3.7,ads,B,yellow,30,1
CUST101908,12,79.38,557,3,5.3,month-to-month,0,1,3.8,partner,B,green,15,1
CUST101909,58,138.31,421,2,5.7,one-year,0,3,4.8,referral,B,red,96,0
CUST101910,44,113.08,366,1,0.0,one-year,1,4,9.3,ads,C,red,4,0
CUST101911,72,20.36,542,0,0.0,one-year,1,5,8.6,referral,C,green,21,0
CUST101912,68,125.0,323,0,0.0,one-year,1,5,9.2,organic,A,black,21,0
CUST101913,13,91.33,222,3,0.8,month-to-month,0,4,7.8,organic,B,white,16,0
CUST101914,16,104.65,501,5,8.9,month-to-month,0,1,2.8,ads,A,green,91,1
CUST101915,23,144.54,590,1,11.9,month-to-month,0,2,7.2,ads,B,black,30,1
CUST101916,1,142.96,374,0,5.2,one-year,0,2,5.3,ads,B,blue,35,0
CUST101917,7,69.95,323,2,7.0,month-to-month,1,2,5.6,organic,A,white,88,0
CUST101918,46,63.84,577,3,10.0,two-year,1,4,3.6,ads,C,green,36,0
CUST101919,61,56.14,487,2,0.5,month-to-month,0,4,5.7,referral,A,black,32,1
CUST101920,26,91.19,384,5,8.4,one-year,0,3,4.1,ads,A,green,10,1
CUST101921,50,87.41,453,4,5.3,one-year,1,5,10.0,referral,A,black,46,0
CUST101922,23,119.33,292,5,17.1,one-year,0,2,3.5,ads,A,white,31,0
CUST101923,64,95.27,463,3,0.0,one-year,1,3,10.0,organic,B,red,3,0
CUST101924,72,117.06,163,1,0.0,month-to-month,1,3,10.0,referral,C,blue,21,0
CUST101925,16,37.71,308,2,9.3,month-to-month,0,2,2.4,partner,B,yellow,65,0
CUST101926,1,84.54,399,6,15.0,month-to-month,0,1,1.2,partner,A,green,3,1
CUST101927,1,72.32,441,7,13.8,one-year,1,5,8.6,ads,B,green,32,1
CUST101928,69,55.95,368,2,0.0,one-year,1,5,10.0,partner,A,green,5,0
CUST101929,59,122.54,546,0,0.0,one-year,0,3,9.5,referral,C,white,55,0
CUST101930,24,131.44,443,2,1.2,month-to-month,0,2,4.9,ads,A,green,49,0
CUST101931,15,72.79,358,4,3.0,one-year,0,3,5.1,ads,A,blue,99,0
CUST101932,19,107.29,393,4,7.4,month-to-month,0,2,8.2,ads,A,blue,93,0
CUST101933,30,44.15,504,3,12.7,two-year,1,2,4.6,referral,B,black,15,0
CUST101934,71,93.62,470,0,2.9,two-year,1,4,10.0,referral,B,blue,58,0
CUST101935,12,70.39,379,0,14.6,month-to-month,0,2,6.7,organic,B,white,64,1
CUST101936,23,97.87,609,4,0.5,month-to-month,1,3,7.0,organic,B,yellow,17,0
CUST101937,30,22.43,299,1,4.3,two-year,0,3,8.9,referral,C,black,23,0
CUST101938,67,71.23,616,1,2.3,month-to-month,0,5,10.0,referral,B,yellow,29,0
CUST101939,41,88.1,233,3,5.6,one-year,0,3,7.1,ads,A,black,5,0
CUST101940,49,146.56,259,5,2.9,two-year,1,3,6.6,ads,C,red,84,0
CUST101941,18,147.52,273,2,9.7,month-to-month,0,2,5.8,ads,C,yellow,90,1
CUST101942,1,85.6,575,5,1.8,one-year,1,3,5.6,organic,B,white,69,0
CUST101943,24,43.27,344,4,6.3,one-year,0,1,4.6,organic,B,yellow,29,0
CUST101944,30,59.46,382,1,7.9,month-to-month,1,3,8.2,referral,A,white,59,0
CUST101945,37,66.24,239,6,13.7,month-to-month,0,4,5.7,ads,C,blue,12,1
CUST101946,72,49.27,353,3,0.0,two-year,1,2,7.7,organic,B,black,69,0
CUST101947,46,117.03,388,2,6.3,one-year,1,3,3.8,partner,A,white,25,0
CUST101948,72,27.18,497,1,2.4,two-year,0,5,8.0,referral,A,black,94,0
CUST101949,44,78.8,465,7,9.0,month-to-month,1,3,8.3,partner,C,black,69,0
CUST101950,5,141.33,334,7,15.9,month-to-month,0,2,1.8,ads,A,green,81,1
CUST101951,56,120.37,244,0,0.0,one-year,1,5,8.4,referral,A,red,2,0
CUST101952,52,50.23,387,2,6.4,month-to-month,0,2,1.8,ads,C,black,99,1
CUST101953,56,27.68,655,7,6.3,month-to-month,0,4,3.2,ads,A,green,60,1
CUST101954,20,120.7,460,2,7.7,one-year,1,3,7.1,ads,A,red,62,0
CUST101955,56,35.94,276,1,3.2,two-year,0,2,8.0,ads,B,black,51,0
CUST101956,1,20.45,219,4,8.9,month-to-month,1,1,6.6,partner,A,white,53,1
CUST101957,72,25.39,291,0,2.0,one-year,1,5,10.0,organic,C,black,50,0
CUST101958,72,100.35,380,0,0.0,one-year,1,5,9.0,partner,B,red,87,0
CUST101959,39,36.76,577,7,0.0,month-to-month,1,4,4.9,organic,B,red,6,0
CUST101960,25,46.66,75,1,6.6,month-to-month,0,4,5.7,organic,A,blue,38,0
CUST101961,45,25.26,457,1,2.5,month-to-month,0,3,5.6,referral,B,red,1,0
CUST101962,49,90.4,294,4,0.2,month-to-month,1,3,5.4,referral,C,black,35,0
CUST101963,45,31.06,510,3,5.9,month-to-month,0,3,8.7,ads,A,red,67,0
CUST101964,45,50.28,450,2,5.6,month-to-month,0,2,8.9,referral,C,yellow,70,0
CUST101965,34,82.32,696,2,8.7,one-year,0,6,7.4,ads,B,yellow,86,0
CUST101966,49,22.5,437,5,0.4,month-to-month,1,5,4.7,referral,A,yellow,96,0
CUST101967,45,86.88,627,5,7.7,one-year,1,1,6.9,ads,B,red,12,0
CUST101968,19,41.36,309,4,7.8,month-to-month,0,3,2.8,organic,B,white,97,1
CUST101969,34,98.71,382,1,0.0,month-to-month,0,4,10.0,referral,A,blue,95,0
CUST101970,39,53.51,164,1,2.4,one-year,0,3,5.1,ads,B,red,66,0
CUST101971,12,126.08,440,2,16.7,month-to-month,0,2,1.0,partner,A,black,68,1
CUST101972,46,108.87,386,1,7.4,month-to-month,1,3,7.7,referral,B,green,34,0
CUST101973,29,92.96,473,3,2.8,month-to-month,1,3,7.2,referral,A,green,69,0
CUST101974,40,102.9,398,5,0.0,two-year,0,4,6.3,ads,B,white,98,0
CUST101975,26,149.87,604,5,11.3,month-to-month,0,4,3.9,referral,B,green,1,0
CUST101976,63,72.11,388,1,0.8,one-year,1,6,10.0,organic,C,white,13,0
CUST101977,52,65.02,490,1,0.0,month-to-month,1,4,4.9,referral,B,white,66,0
CUST101978,22,92.92,632,4,5.4,month-to-month,0,2,2.7,referral,C,green,24,1
CUST101979,44,29.56,649,2,7.3,two-year,1,4,6.9,ads,A,red,40,0
CUST101980,44,29.3,472,2,2.0,one-year,1,2,2.8,ads,A,black,35,0
CUST101981,11,99.34,438,2,8.6,month-to-month,0,2,6.6,partner,A,red,74,0
CUST101982,35,114.63,474,4,4.6,one-year,1,5,3.4,ads,C,red,6,0
CUST101983,45,117.17,631,4,1.3,month-to-month,1,5,10.0,referral,C,white,26,0
CUST101984,54,107.66,433,2,0.0,month-to-month,0,5,9.8,referral,A,black,85,0
CUST101985,32,117.36,440,2,4.5,month-to-month,1,5,9.5,referral,B,black,85,1
CUST101986,46,66.79,311,4,0.9,one-year,0,1,10.0,ads,A,white,4,0
CUST101987,59,120.28,319,1,5.1,month-to-month,0,3,7.4,ads,B,white,62,0
CUST101988,14,48.84,494,2,4.5,month-to-month,1,3,3.7,ads,A,blue,29,0
CUST101989,21,61.19,303,2,7.2,month-to-month,0,3,7.0,organic,A,black,49,0
CUST101990,26,24.66,462,4,1.7,month-to-month,1,5,6.7,referral,B,green,86,1
CUST101991,27,135.12,383,1,0.0,one-year,1,2,6.4,referral,B,white,3,0
CUST101992,59,109.63,337,1,0.0,two-year,1,5,8.6,referral,C,green,31,0
CUST101993,23,140.22,310,2,0.0,one-year,1,4,7.0,referral,A,yellow,68,0
CUST101994,36,62.08,733,3,0.0,month-to-month,0,3,5.7,partner,C,black,21,0
CUST101995,58,134.15,491,0,0.0,two-year,1,2,7.7,ads,A,red,46,0
CUST101996,42,92.59,242,1,0.0,month-to-month,1,6,7.4,ads,B,black,73,0
CUST101997,20,124.0,744,2,6.6,one-year,1,1,6.9,referral,C,red,53,0
CUST101998,37,87.72,439,6,7.4,one-year,1,1,3.4,organic,B,yellow,31,1
CUST101999,29,22.67,326,4,0.8,month-to-month,0,3,4.8,ads,A,green,37,0
CUST102000,25,84.42,394,1,2.8,month-to-month,0,4,5.2,referral,C,green,91,1
CUST102001,31,118.98,629,2,7.6,month-to-month,0,3,4.2,partner,A,green,76,1
CUST102002,60,146.06,328,5,5.7,two-year,1,2,5.1,partner,B,white,33,0
CUST102003,44,99.86,366,2,0.0,month-to-month,1,2,6.3,organic,C,green,86,0
CUST102004,50,111.86,493,5,9.8,one-year,0,2,4.6,ads,A,red,9,0
CUST102005,31,137.91,390,5,4.8,month-to-month,1,2,7.0,organic,C,blue,21,0
CUST102006,35,120.24,599,1,5.3,month-to-month,0,5,4.9,organic,B,white,75,1
CUST102007,6,128.58,320,1,15.4,one-year,1,2,8.9,ads,A,green,88,0
CUST102008,32,113.8,331,4,0.0,two-year,1,2,9.0,referral,A,yellow,42,0
CUST102009,72,90.29,372,1,5.6,one-year,0,5,8.9,referral,B,blue,60,0
CUST102010,9,111.96,385,6,8.7,month-to-month,0,1,5.9,ads,C,green,70,1
CUST102011,56,38.01,465,6,8.2,month-to-month,0,3,5.8,ads,A,green,38,0
CUST102012,8,34.44,394,3,3.7,month-to-month,0,3,7.7,organic,B,blue,6,1
CUST102013,9,70.74,327,4,4.1,two-year,0,2,5.2,ads,A,yellow,81,1
CUST102014,41,36.92,485,2,0.0,month-to-month,1,4,7.7,ads,A,yellow,7,0
CUST102015,33,73.24,318,3,0.0,month-to-month,0,2,7.4,organic,B,white,79,0
CUST102016,47,137.64,529,6,7.5,month-to-month,0,2,8.9,partner,B,red,19,1
CUST102017,19,121.99,170,1,7.9,one-year,0,2,6.2,partner,C,red,83,0
CUST102018,37,55.99,452,6,12.3,month-to-month,1,5,8.5,ads,B,black,32,1
CUST102019,19,140.79,411,4,5.8,month-to-month,1,3,5.6,partner,C,black,45,1
CUST102020,32,29.07,470,6,6.5,two-year,1,4,7.8,referral,C,red,55,0
CUST102021,26,86.85,486,3,3.4,two-year,0,3,8.7,ads,C,green,62,0
CUST102022,39,41.11,424,2,0.0,month-to-month,1,3,10.0,ads,A,blue,6,0
CUST102023,36,63.47,691,3,2.5,one-year,1,3,4.1,ads,A,green,15,0
CUST102024,1,69.39,504,6,7.0,one-year,0,1,4.3,organic,C,yellow,67,1
CUST102025,62,75.48,659,3,9.3,one-year,0,3,7.4,organic,B,blue,5,0
CUST102026,52,109.34,458,4,3.8,two-year,1,5,10.0,referral,A,blue,13,0
CUST102027,39,106.0,341,0,8.0,one-year,1,4,10.0,referral,A,red,81,0
CUST102028,50,89.37,151,3,0.0,one-year,0,2,8.2,referral,B,black,66,0
CUST102029,52,54.92,468,3,0.0,month-to-month,1,4,7.4,ads,C,yellow,84,0
CUST102030,62,66.42,503,3,4.0,month-to-month,1,3,7.0,ads,A,blue,44,0
CUST102031,32,44.85,257,3,3.9,month-to-month,0,3,7.7,referral,A,yellow,35,0
CUST102032,58,28.37,425,0,5.3,one-year,1,2,8.5,organic,B,black,40,0
CUST102033,16,65.95,238,1,0.7,one-year,1,2,7.5,ads,B,red,63,0
CUST102034,41,93.87,528,1,0.0,one-year,1,3,10.0,organic,B,white,19,0
CUST102035,55,88.24,507,0,0.0,two-year,1,5,10.0,organic,B,blue,95,0
CUST102036,59,104.24,181,1,0.5,month-to-month,1,3,5.0,partner,C,white,85,0
CUST102037,24,55.59,229,3,7.0,two-year,1,4,4.3,partner,C,yellow,50,0
CUST102038,48,80.32,153,3,0.1,month-to-month,1,2,10.0,organic,B,red,26,0
CUST102039,23,145.53,468,3,9.6,month-to-month,1,1,4.6,ads,B,blue,57,1
CUST102040,15,65.65,469,7,1.9,two-year,0,3,5.8,ads,B,white,52,0
CUST102041,22,76.96,533,7,2.1,month-to-month,1,3,5.7,ads,A,red,29,1
CUST102042,49,30.93,277,4,2.8,two-year,0,2,7.9,organic,C,blue,23,0
CUST102043,26,38.31,361,3,5.4,two-year,1,3,10.0,organic,A,blue,13,0
CUST102044,28,103.51,320,4,9.9,one-year,1,2,4.1,partner,C,yellow,33,0
CUST102045,38,143.68,300,1,8.0,one-year,0,3,8.0,organic,A,green,37,1
CUST102046,31,141.23,298,2,7.1,month-to-month,1,4,5.9,partner,A,green,25,0
CUST102047,35,92.6,253,2,5.5,month-to-month,1,4,7.8,ads,C,green,71,0
CUST102048,20,83.04,470,6,12.1,month-to-month,1,4,8.2,partner,B,red,1,0
CUST102049,23,146.18,609,1,4.6,one-year,1,4,9.7,organic,A,red,55,0
CUST102050,50,92.24,535,2,4.0,one-year,1,4,9.1,organic,C,black,43,0
CUST102051,13,141.24,367,6,10.4,month-to-month,0,2,9.7,organic,A,green,69,1
CUST102052,16,126.99,406,7,6.7,month-to-month,1,3,4.5,ads,C,yellow,66,1
CUST102053,18,87.29,471,5,4.6,month-to-month,1,2,4.5,organic,B,white,50,1
CUST102054,19,50.05,440,4,7.4,one-year,0,4,7.1,ads,A,yellow,61,0
CUST102055,40,86.47,303,1,4.2,month-to-month,1,4,5.5,referral,A,yellow,97,0
CUST102056,53,115.3,478,4,3.4,one-year,1,1,3.3,partner,C,green,79,0
CUST102057,36,115.93,487,2,5.6,one-year,0,5,7.2,partner,A,blue,80,0
CUST102058,71,130.13,298,3,0.0,one-year,0,4,7.4,partner,C,blue,40,0
CUST102059,23,80.98,436,1,4.0,month-to-month,1,6,5.6,organic,B,red,59,0
CUST102060,62,85.15,391,3,1.4,month-to-month,1,2,5.9,partner,A,black,77,0
CUST102061,24,24.15,482,2,0.0,one-year,0,1,5.9,ads,A,red,39,0
CUST102062,28,75.14,334,5,6.2,one-year,1,4,5.2,referral,C,red,24,0
CUST102063,24,125.52,671,1,0.0,one-year,1,3,7.5,ads,A,white,72,0
CUST102064,38,99.68,239,1,0.2,two-year,1,2,3.4,partner,C,black,88,0
CUST102065,38,24.53,656,2,5.4,month-to-month,0,5,5.8,partner,B,yellow,24,0
CUST102066,17,54.05,311,7,17.3,month-to-month,0,1,3.8,ads,A,black,58,1
CUST102067,20,107.13,492,6,6.5,month-to-month,0,2,6.1,ads,C,red,66,0
CUST102068,38,109.93,279,4,1.0,one-year,1,5,10.0,partner,B,white,59,0
CUST102069,33,110.85,322,4,6.6,two-year,0,6,5.4,referral,A,green,68,0
CUST102070,46,69.59,303,2,0.0,month-to-month,0,3,6.7,referral,A,blue,51,0
CUST102071,48,97.25,352,2,8.3,two-year,1,4,7.8,referral,B,green,64,0
CUST102072,23,90.22,296,0,5.7,month-to-month,0,2,7.9,ads,A,yellow,78,0
CUST102073,42,131.11,701,0,3.9,month-to-month,1,3,7.2,ads,C,green,90,1
CUST102074,63,37.39,554,5,0.0,one-year,0,5,9.4,referral,B,red,81,0
CUST102075,25,45.13,382,5,8.9,one-year,0,5,4.6,organic,C,red,66,1
CUST102076,37,138.39,549,2,4.3,month-to-month,0,3,4.9,organic,B,yellow,30,0
CUST102077,59,59.39,714,3,0.0,one-year,1,5,10.0,ads,B,green,86,0
CUST102078,26,121.41,557,3,2.4,month-to-month,0,3,3.7,referral,A,black,13,1
CUST102079,41,138.27,617,6,13.4,month-to-month,1,3,7.1,referral,A,yellow,91,0
CUST102080,25,81.34,583,5,0.8,one-year,1,1,4.7,organic,A,blue,88,0
CUST102081,71,70.68,609,3,3.6,one-year,0,3,3.7,referral,A,yellow,83,0
CUST102082,24,69.33,548,8,8.5,month-to-month,0,1,3.7,organic,C,black,2,1
CUST102083,1,86.32,286,7,13.6,one-year,0,2,4.7,organic,B,red,24,1
CUST102084,21,62.66,620,7,0.0,one-year,1,2,3.5,ads,A,blue,51,1
CUST102085,14,134.85,427,2,10.4,month-to-month,0,1,5.7,ads,A,yellow,12,1
CUST102086,50,82.5,462,1,11.9,one-year,1,3,7.1,ads,C,white,4,0
CUST102087,15,23.2,152,3,0.0,one-year,0,4,4.0,ads,A,black,73,0
CUST102088,21,62.14,320,5,1.6,month-to-month,1,2,5.4,referral,A,white,71,1
CUST102089,45,62.98,582,2,1.9,two-year,0,1,10.0,organic,A,green,53,0
CUST102090,40,119.11,549,2,2.5,month-to-month,1,3,8.2,ads,C,white,63,1
CUST102091,36,122.96,525,4,5.8,month-to-month,0,2,6.5,ads,B,red,62,0
CUST102092,21,132.21,233,2,5.1,two-year,0,2,8.2,referral,C,white,56,0
CUST102093,16,139.72,451,13,8.3,month-to-month,0,2,3.6,partner,A,green,34,1
CUST102094,47,127.31,414,3,7.9,one-year,1,3,10.0,referral,B,white,92,0
CUST102095,26,56.57,515,5,7.2,month-to-month,1,2,8.4,ads,B,white,36,0
CUST102096,54,68.12,403,3,0.0,one-year,0,4,7.7,organic,C,yellow,78,0
CUST102097,37,93.4,321,5,10.0,month-to-month,0,2,5.3,partner,C,blue,14,1
CUST102098,16,28.92,339,6,8.5,month-to-month,1,2,2.4,partner,A,white,33,1
CUST102099,49,119.1,89,2,3.7,one-year,0,4,5.3,ads,A,white,35,0
CUST102100,8,82.16,384,1,7.5,one-year,0,3,6.4,organic,C,white,3,1
CUST102101,19,140.31,399,6,13.2,one-year,1,1,5.0,partner,A,black,57,1
CUST102102,41,111.9,239,3,6.9,month-to-month,1,3,7.1,organic,C,red,97,0
CUST102103,43,112.67,355,2,4.0,month-to-month,1,4,9.8,ads,A,black,51,0
CUST102104,11,43.57,764,5,3.2,one-year,0,2,5.0,ads,A,white,72,0
CUST102105,72,144.58,313,2,0.0,month-to-month,1,6,10.0,organic,B,red,10,0
CUST102106,52,146.29,552,5,4.5,month-to-month,0,2,3.5,organic,A,green,62,0
CUST102107,51,96.71,425,2,6.2,month-to-month,1,4,9.4,ads,A,blue,86,0
CUST102108,49,46.42,448,2,11.9,two-year,1,3,4.6,referral,B,black,4,0
CUST102109,10,30.71,537,0,14.9,two-year,1,4,9.6,referral,C,white,37,0
CUST102110,18,121.04,115,2,9.1,month-to-month,0,3,5.7,organic,A,yellow,9,0
CUST102111,27,102.11,495,2,9.0,one-year,0,2,2.7,organic,A,black,61,0
CUST102112,33,40.52,288,0,0.0,one-year,1,3,7.9,ads,B,black,55,0
CUST102113,17,124.71,509,4,0.0,month-to-month,1,2,6.5,partner,B,green,47,0
CUST102114,7,42.85,469,0,0.0,month-to-month,1,3,6.8,ads,C,green,80,0
CUST102115,36,44.63,201,3,0.5,one-year,1,2,5.1,organic,B,green,69,0
CUST102116,41,93.87,620,0,6.7,one-year,1,3,5.9,ads,C,white,68,0
CUST102117,48,84.89,515,4,13.9,month-to-month,0,4,1.5,ads,B,yellow,96,1
CUST102118,1,101.3,437,3,11.7,month-to-month,0,1,1.0,ads,C,black,63,1
CUST102119,21,88.18,715,5,2.0,one-year,0,3,8.6,organic,A,yellow,32,0
CUST102120,25,128.11,317,1,0.0,two-year,1,5,8.6,organic,B,red,75,0
CUST102121,41,20.6,393,1,0.0,two-year,1,3,10.0,referral,C,red,92,0
CUST102122,49,70.97,559,1,1.9,month-to-month,0,4,8.9,referral,B,yellow,95,0
CUST102123,24,126.59,537,4,4.0,one-year,0,3,8.9,organic,B,black,27,0
CUST102124,68,91.28,485,4,5.5,month-to-month,0,1,5.4,organic,B,white,76,1
CUST102125,39,148.52,308,4,0.0,one-year,0,5,4.4,ads,B,red,14,0
CUST102126,24,147.36,466,3,0.0,month-to-month,1,5,2.8,partner,A,red,73,0
CUST102127,29,144.68,803,2,0.0,month-to-month,1,6,7.4,referral,A,yellow,95,0
CUST102128,49,147.42,573,2,3.9,one-year,1,4,3.3,ads,A,blue,10,0
CUST102129,15,89.81,514,7,0.0,month-to-month,1,2,6.7,ads,C,black,42,0
CUST102130,52,85.47,861,3,10.0,one-year,1,3,6.8,organic,C,yellow,12,1
CUST102131,47,87.0,568,6,7.3,one-year,1,1,4.2,ads,B,black,93,0
CUST102132,64,20.85,500,2,4.7,one-year,0,5,5.6,referral,B,red,66,0
CUST102133,28,48.0,384,3,5.6,month-to-month,1,4,7.0,organic,C,black,92,0
CUST102134,34,44.1,359,2,6.8,one-year,1,5,6.6,partner,C,white,1,0
CUST102135,38,37.2,265,1,7.7,two-year,0,4,4.0,partner,A,yellow,51,0
CUST102136,44,52.14,411,7,8.7,month-to-month,0,2,7.2,ads,C,blue,6,1
CUST102137,42,148.52,347,2,3.4,month-to-month,0,6,9.1,organic,C,white,42,0
CUST102138,1,20.36,400,3,8.9,one-year,0,2,4.7,ads,A,green,89,1
CUST102139,24,82.11,453,2,16.1,two-year,0,2,3.1,ads,B,blue,84,0
CUST102140,36,128.53,348,2,3.8,one-year,0,3,4.3,ads,B,black,64,0
CUST102141,28,67.91,543,3,2.0,month-to-month,0,2,9.6,ads,C,yellow,45,0
CUST102142,50,59.9,396,3,0.0,one-year,0,2,7.9,organic,A,red,28,0
CUST102143,38,79.24,358,3,0.4,one-year,0,6,8.7,partner,C,green,24,0
CUST102144,14,124.82,517,0,9.5,month-to-month,1,4,6.0,ads,B,red,56,1
CUST102145,25,55.47,434,0,0.0,two-year,1,5,8.4,referral,B,black,20,0
CUST102146,1,134.74,278,2,10.7,month-to-month,1,2,5.0,organic,B,white,81,0
CUST102147,62,54.43,226,3,6.8,month-to-month,1,1,2.0,ads,C,white,23,0
CUST102148,46,69.58,368,3,0.0,one-year,0,4,4.3,ads,B,green,12,1
CUST102149,19,71.19,629,3,7.8,month-to-month,0,1,2.6,ads,B,white,36,1
CUST102150,31,105.73,486,4,1.2,one-year,0,3,5.4,organic,A,red,68,0
CUST102151,52,35.81,499,1,0.0,two-year,1,5,7.4,organic,B,red,37,0
CUST102152,54,55.18,394,2,0.4,month-to-month,1,1,7.1,ads,A,white,54,0
CUST102153,31,36.02,467,1,5.2,month-to-month,1,3,7.0,organic,C,blue,61,0
CUST102154,30,38.09,527,2,11.0,month-to-month,0,2,7.1,ads,C,red,21,0
CUST102155,23,77.39,398,4,6.0,one-year,0,4,10.0,organic,B,white,34,0
CUST102156,61,100.31,239,7,0.0,month-to-month,1,2,3.7,organic,C,red,97,0
CUST102157,43,97.32,316,2,0.0,month-to-month,0,1,6.3,referral,A,white,19,0
CUST102158,70,116.73,316,1,2.7,two-year,1,4,8.7,referral,C,red,14,0
CUST102159,34,104.53,746,4,0.0,one-year,1,2,7.3,referral,A,white,30,0
CUST102160,39,123.12,461,2,4.3,month-to-month,0,3,2.9,ads,C,white,84,0
CUST102161,34,136.09,388,6,3.5,one-year,1,4,5.2,referral,A,blue,25,0
CUST102162,44,96.77,245,1,0.0,two-year,1,4,7.7,ads,C,white,89,0
CUST102163,72,145.41,525,4,0.0,one-year,1,2,6.5,organic,B,white,42,0
CUST102164,39,52.84,481,2,0.0,month-to-month,1,4,9.2,organic,B,green,6,0
CUST102165,27,118.33,438,5,5.4,one-year,0,3,4.5,partner,C,blue,66,0
CUST102166,33,108.43,480,8,4.2,two-year,0,2,5.5,ads,C,blue,69,0
CUST102167,29,97.51,272,5,10.6,month-to-month,0,4,2.9,organic,B,green,7,0
CUST102168,26,35.61,420,2,5.1,one-year,0,3,6.4,ads,C,black,1,0
CUST102169,72,70.44,434,2,2.7,month-to-month,1,4,5.6,referral,C,green,4,0
CUST102170,28,101.89,520,4,5.7,one-year,1,4,8.3,referral,C,red,93,0
CUST102171,57,123.34,548,3,0.0,month-to-month,1,5,8.8,referral,A,blue,29,0
CUST102172,50,22.43,64,4,11.2,one-year,1,5,6.5,organic,B,yellow,90,1
CUST102173,66,48.27,391,2,10.2,month-to-month,0,3,7.3,organic,C,red,92,0
CUST102174,2,137.67,537,0,6.0,month-to-month,1,4,6.7,ads,B,red,7,1
CUST102175,48,24.29,640,2,0.0,one-year,1,4,7.1,organic,A,black,34,0
CUST102176,39,36.46,284,8,14.2,month-to-month,0,3,7.2,partner,C,green,93,1
CUST102177,10,120.56,412,6,2.4,two-year,1,2,4.9,ads,C,white,70,0
CUST102178,36,95.89,506,0,0.0,month-to-month,1,4,10.0,organic,B,red,67,0
CUST102179,29,145.62,500,4,5.1,one-year,1,1,7.9,ads,B,black,25,0
CUST102180,37,139.7,260,5,6.5,two-year,1,3,4.6,partner,A,white,98,0
CUST102181,56,111.1,276,5,0.7,month-to-month,0,2,7.8,referral,C,blue,73,1
CUST102182,31,37.19,143,4,6.3,two-year,0,1,7.1,ads,A,black,33,0
CUST102183,43,57.05,361,2,0.0,month-to-month,1,4,10.0,referral,A,white,74,0
CUST102184,14,69.64,311,6,8.2,month-to-month,0,1,3.5,ads,C,black,3,1
CUST102185,61,44.8,141,1,3.1,month-to-month,1,3,8.6,referral,B,green,83,0
CUST102186,26,137.59,477,5,6.3,month-to-month,1,4,3.4,ads,B,green,65,1
CUST102187,30,65.57,385,3,2.2,month-to-month,1,2,3.0,referral,B,red,28,1
CUST102188,2,77.19,496,5,6.1,month-to-month,0,2,5.3,referral,B,yellow,85,1
CUST102189,29,87.57,468,3,7.6,two-year,0,2,6.9,ads,A,black,29,1
CUST102190,38,147.28,527,5,18.4,month-to-month,0,4,4.6,ads,B,yellow,49,1
CUST102191,44,86.32,379,3,7.2,month-to-month,1,4,4.6,ads,A,red,36,0
CUST102192,55,78.61,419,1,2.4,two-year,1,6,9.1,referral,B,green,44,0
CUST102193,36,21.14,396,3,8.0,month-to-month,1,3,5.5,partner,B,red,79,0
CUST102194,21,31.33,544,4,13.7,two-year,1,3,8.0,referral,A,yellow,31,0
CUST102195,25,119.14,513,3,6.8,month-to-month,1,3,2.2,ads,B,blue,33,0
CUST102196,43,48.87,483,1,2.6,one-year,1,1,8.4,organic,A,white,97,0
CUST102197,30,90.51,245,0,5.5,month-to-month,0,2,6.1,partner,A,red,79,1
CUST102198,30,33.91,680,6,7.0,one-year,1,3,5.2,referral,C,black,25,0
CUST102199,39,134.87,359,2,0.0,one-year,1,4,3.0,ads,A,white,85,1
CUST102200,37,68.3,381,3,0.0,one-year,1,3,10.0,referral,C,red,9,0
CUST102201,36,31.95,637,1,6.1,one-year,1,3,6.5,organic,A,yellow,25,0
CUST102202,25,41.83,432,2,0.0,month-to-month,1,3,4.8,organic,A,red,93,0
CUST102203,23,57.24,371,9,10.5,month-to-month,0,3,5.2,organic,A,green,17,1
CUST102204,45,45.29,514,4,7.0,month-to-month,1,3,5.7,organic,B,black,10,0
CUST102205,37,116.22,288,4,6.3,one-year,1,4,9.4,referral,C,black,92,0
CUST102206,36,74.38,200,1,0.0,two-year,1,3,8.2,referral,B,red,81,0
CUST102207,38,111.07,325,4,4.9,month-to-month,1,3,7.1,ads,C,yellow,22,0
CUST102208,20,35.85,649,2,0.0,month-to-month,1,2,4.9,ads,B,red,96,0
CUST102209,45,68.06,306,3,0.0,month-to-month,0,3,7.6,ads,A,red,29,0
CUST102210,19,101.88,374,3,4.5,month-to-month,0,2,3.2,ads,C,yellow,84,1
CUST102211,69,40.53,442,3,3.4,one-year,1,4,5.8,partner,C,blue,60,0
CUST102212,64,90.38,494,1,0.0,one-year,0,5,7.7,referral,C,blue,98,0
CUST102213,28,34.85,468,3,8.3,month-to-month,1,3,3.6,partner,B,black,50,1
CUST102214,41,52.13,302,2,7.0,month-to-month,1,1,8.7,ads,A,green,91,0
CUST102215,33,110.43,623,1,1.4,one-year,0,5,10.0,referral,B,red,20,0
CUST102216,31,31.62,405,6,6.2,month-to-month,1,4,5.0,ads,B,red,50,0
CUST102217,30,42.8,573,2,2.4,month-to-month,0,2,3.9,referral,A,black,10,1
CUST102218,72,129.77,270,1,0.0,two-year,1,6,10.0,organic,B,blue,16,0
CUST102219,55,142.6,479,4,2.7,one-year,1,3,5.3,ads,A,blue,73,1
CUST102220,44,149.75,498,4,6.7,two-year,1,2,8.1,organic,C,black,67,0
CUST102221,42,120.72,319,3,11.4,one-year,0,2,4.1,organic,B,red,71,1
CUST102222,59,98.86,514,2,0.0,month-to-month,0,5,8.6,partner,B,green,69,0
CUST102223,42,69.59,236,3,1.8,one-year,0,2,6.4,ads,C,yellow,56,0
CUST102224,11,97.29,287,4,3.3,month-to-month,0,1,4.3,referral,C,blue,84,1
CUST102225,72,49.0,512,1,1.3,two-year,0,5,8.9,organic,A,yellow,16,0
CUST102226,72,94.07,228,3,3.1,month-to-month,1,4,10.0,organic,C,blue,25,0
CUST102227,25,44.87,513,4,0.0,month-to-month,0,2,5.8,organic,A,red,86,1
CUST102228,8,50.43,280,6,8.9,month-to-month,1,3,3.9,partner,A,red,40,0
CUST102229,57,126.29,519,2,1.1,month-to-month,0,4,6.4,referral,C,blue,23,0
CUST102230,36,69.77,190,2,9.6,month-to-month,0,2,7.5,partner,A,yellow,29,1
CUST102231,42,55.81,380,2,0.0,two-year,1,3,9.6,organic,B,white,19,0
CUST102232,1,133.44,488,3,12.8,one-year,0,2,2.8,organic,A,red,49,0
CUST102233,51,134.19,664,3,2.5,month-to-month,1,5,7.6,ads,A,red,99,0
CUST102234,30,57.52,318,8,14.7,month-to-month,1,3,7.2,ads,B,green,13,0
CUST102235,56,24.95,184,5,10.6,two-year,0,6,5.6,referral,A,yellow,70,0
CUST102236,41,48.18,271,4,7.1,month-to-month,0,1,7.6,partner,A,red,5,0
CUST102237,20,49.39,500,4,5.8,month-to-month,1,1,4.1,ads,B,blue,20,1
CUST102238,46,83.75,673,0,7.2,two-year,1,1,9.1,organic,B,black,93,0
CUST102239,45,81.95,333,3,4.3,one-year,1,3,7.6,referral,A,blue,32,0
CUST102240,30,76.55,544,1,5.8,two-year,1,5,8.9,referral,C,white,45,0
CUST102241,40,29.25,431,2,3.9,two-year,0,4,6.0,partner,B,green,90,0
CUST102242,34,107.52,478,0,0.2,two-year,1,5,7.2,ads,A,red,94,0
CUST102243,14,36.63,390,5,12.9,month-to-month,0,2,3.7,organic,C,blue,64,1
CUST102244,66,117.28,280,1,7.9,one-year,1,3,9.4,referral,B,yellow,68,0
CUST102245,42,41.39,588,1,0.0,one-year,1,5,5.7,referral,A,yellow,98,0
CUST102246,48,96.07,361,5,11.9,month-to-month,1,2,6.5,organic,A,yellow,50,0
CUST102247,16,129.31,319,6,8.6,month-to-month,0,2,4.1,organic,C,green,48,1
CUST102248,41,45.87,445,3,1.4,one-year,0,5,2.5,partner,C,white,65,0
CUST102249,59,118.39,403,1,0.0,month-to-month,1,4,8.9,organic,B,black,16,0
CUST102250,70,53.02,687,2,5.6,one-year,1,4,4.7,ads,A,white,36,0
CUST102251,56,105.91,433,0,0.0,month-to-month,1,3,8.1,ads,B,green,66,0
CUST102252,3,141.43,421,2,4.0,month-to-month,0,1,7.1,ads,B,blue,16,1
CUST102253,49,59.96,553,3,3.9,month-to-month,0,1,9.7,organic,A,yellow,80,0
CUST102254,49,127.05,425,4,11.9,one-year,1,2,3.6,ads,C,green,53,1
CUST102255,36,36.96,505,1,9.1,month-to-month,0,3,8.1,referral,B,green,65,0
CUST102256,59,110.92,466,2,1.8,two-year,1,4,6.8,partner,C,green,88,0
CUST102257,49,50.14,548,3,5.8,one-year,1,3,5.4,ads,B,black,86,0
CUST102258,20,60.1,559,6,14.3,month-to-month,0,2,1.5,partner,C,black,70,1
CUST102259,40,60.78,307,3,8.1,one-year,1,4,3.7,organic,B,black,90,0
CUST102260,31,112.89,278,3,3.4,month-to-month,0,4,7.3,referral,B,yellow,49,0
CUST102261,40,106.02,270,3,4.2,one-year,1,4,7.6,referral,A,white,91,0
CUST102262,58,41.35,470,4,0.0,one-year,1,4,7.1,referral,B,black,59,0
CUST102263,37,129.64,610,1,6.6,month-to-month,1,3,6.9,referral,A,blue,36,0
CUST102264,49,60.06,191,2,0.0,one-year,1,3,6.7,ads,A,black,25,0
CUST102265,45,59.35,662,2,0.0,one-year,1,4,7.1,ads,A,blue,66,0
CUST102266,23,43.19,536,2,4.5,month-to-month,0,1,4.8,partner,C,blue,53,1
CUST102267,53,43.34,265,5,0.0,month-to-month,1,5,4.2,organic,B,yellow,72,0
CUST102268,36,87.73,373,3,1.8,month-to-month,0,4,7.4,ads,A,yellow,32,0
CUST102269,22,68.49,300,2,5.4,month-to-month,0,3,5.7,organic,C,yellow,94,0
CUST102270,37,73.69,580,5,4.7,one-year,0,3,8.8,organic,A,blue,4,1
CUST102271,44,70.75,517,1,3.8,month-to-month,1,4,8.1,ads,A,red,87,0
CUST102272,7,109.06,376,3,2.7,month-to-month,0,3,6.6,referral,B,white,62,1
CUST102273,5,30.79,418,2,12.5,two-year,0,4,5.1,ads,B,black,40,1
CUST102274,46,59.75,523,6,5.5,month-to-month,0,4,2.6,ads,C,white,35,0
CUST102275,31,144.67,386,1,4.9,month-to-month,0,1,2.3,partner,A,red,34,1
CUST102276,53,82.56,313,3,0.0,one-year,1,2,9.5,organic,A,green,58,0
CUST102277,6,36.97,405,4,9.5,month-to-month,0,2,4.5,ads,A,green,85,0
CUST102278,55,85.23,460,3,9.3,month-to-month,1,4,6.4,ads,B,blue,11,0
CUST102279,46,128.88,284,4,1.9,one-year,0,3,7.0,ads,A,blue,76,0
CUST102280,1,66.91,381,4,7.8,one-year,0,3,5.9,ads,A,red,57,0
CUST102281,49,90.5,413,2,7.1,month-to-month,0,1,6.9,organic,B,black,16,0
CUST102282,53,138.89,422,3,1.6,one-year,1,2,9.1,referral,B,white,85,0
CUST102283,18,92.26,585,2,0.0,one-year,0,3,6.2,ads,A,yellow,97,1
CUST102284,25,105.51,493,2,8.0,month-to-month,1,1,6.1,partner,A,yellow,96,0
CUST102285,11,22.8,483,0,10.1,one-year,0,3,7.7,referral,A,blue,67,0
CUST102286,54,124.53,276,2,1.9,one-year,0,3,8.1,referral,C,blue,30,0
CUST102287,37,127.98,356,5,4.3,month-to-month,1,4,6.1,referral,B,white,53,0
CUST102288,26,97.52,455,0,9.0,one-year,1,4,7.0,ads,A,blue,63,0
CUST102289,72,31.88,411,4,2.4,one-year,1,3,9.3,referral,A,blue,43,0
CUST102290,36,146.7,532,3,0.0,one-year,1,5,7.5,ads,A,green,54,0
CUST102291,39,108.95,506,3,4.2,month-to-month,1,6,8.9,referral,A,white,4,0
CUST102292,24,77.67,152,3,7.0,two-year,1,3,7.1,ads,A,green,14,0
CUST102293,22,133.86,452,5,1.7,month-to-month,0,4,6.4,ads,C,yellow,46,1
CUST102294,27,72.98,483,2,1.9,one-year,1,5,5.1,ads,A,green,99,0
CUST102295,49,103.45,151,5,0.0,one-year,1,4,8.7,organic,A,yellow,73,0
CUST102296,36,49.13,465,0,0.0,one-year,1,3,7.0,partner,A,blue,52,0
CUST102297,40,136.08,778,2,3.0,month-to-month,1,4,9.9,organic,A,white,91,0
CUST102298,69,88.79,354,2,5.3,month-to-month,1,2,6.7,organic,A,blue,43,0
CUST102299,54,50.74,358,5,10.3,one-year,0,1,3.5,partner,B,white,3,1
CUST102300,51,31.18,449,2,7.5,month-to-month,1,3,9.2,referral,B,white,31,0
CUST102301,13,136.86,555,6,5.8,month-to-month,1,2,4.4,ads,B,yellow,87,1
CUST102302,54,45.66,539,5,2.4,month-to-month,0,3,9.9,referral,B,black,23,1
CUST102303,17,148.69,315,5,3.7,one-year,1,2,7.9,ads,A,green,5,0
CUST102304,55,38.55,463,0,2.6,one-year,1,6,9.5,organic,A,blue,59,0
CUST102305,63,79.9,372,0,0.0,two-year,1,5,10.0,partner,A,black,58,0
CUST102306,26,88.92,344,1,9.9,month-to-month,1,3,6.5,ads,B,red,54,0
CUST102307,30,52.02,532,3,4.3,month-to-month,0,5,7.9,ads,C,black,22,0
CUST102308,29,149.14,735,8,4.4,month-to-month,1,4,8.9,referral,A,red,99,0
CUST102309,47,95.07,392,0,2.0,month-to-month,1,4,10.0,ads,C,blue,37,0
CUST102310,33,94.26,342,2,3.4,month-to-month,0,3,5.2,ads,B,blue,88,1
CUST102311,48,133.61,278,0,2.3,two-year,1,4,7.0,referral,B,black,33,0
CUST102312,33,95.6,567,6,0.0,month-to-month,0,3,5.7,organic,C,blue,43,1
CUST102313,39,82.05,703,2,1.2,one-year,0,4,6.7,ads,C,white,98,0
CUST102314,56,81.91,225,1,5.2,one-year,0,4,10.0,ads,A,blue,86,0
CUST102315,39,112.9,377,2,0.0,two-year,1,2,10.0,organic,A,black,84,0
CUST102316,58,65.4,134,3,0.0,month-to-month,0,4,8.4,organic,B,red,10,0
CUST102317,37,86.38,503,0,3.9,month-to-month,0,2,5.6,referral,A,yellow,1,0
CUST102318,38,62.02,334,3,4.4,month-to-month,0,4,5.0,organic,C,black,5,1
CUST102319,44,136.16,293,6,4.9,month-to-month,0,2,6.3,partner,B,green,74,0
CUST102320,24,46.7,339,5,0.0,month-to-month,1,3,10.0,organic,B,black,60,0
CUST102321,38,94.87,245,0,1.4,one-year,1,1,10.0,organic,A,white,58,0
CUST102322,68,61.68,578,4,5.8,one-year,1,3,9.2,ads,A,red,62,0
CUST102323,52,91.89,523,4,0.5,one-year,1,5,10.0,referral,A,green,73,0
CUST102324,1,87.75,596,7,8.1,month-to-month,1,5,8.0,ads,C,white,77,0
CUST102325,41,80.21,352,1,1.2,one-year,1,1,7.4,ads,B,white,27,0
CUST102326,25,78.71,469,4,12.3,one-year,0,1,3.5,ads,B,blue,40,0
CUST102327,1,77.33,478,7,0.1,two-year,1,3,5.9,referral,A,black,33,0
CUST102328,64,73.44,485,2,7.2,month-to-month,0,3,8.3,referral,A,red,30,0
CUST102329,35,38.5,358,1,5.8,month-to-month,1,6,5.2,ads,A,blue,44,0
CUST102330,37,140.6,497,4,0.0,month-to-month,0,4,5.8,referral,A,blue,24,0
CUST102331,32,147.02,533,3,6.1,month-to-month,0,4,4.9,referral,C,blue,15,1
CUST102332,1,80.14,451,6,8.0,one-year,0,3,6.0,ads,B,black,45,1
CUST102333,16,77.76,452,4,4.6,month-to-month,0,3,5.0,ads,C,black,79,0
CUST102334,33,72.33,654,1,1.6,month-to-month,1,3,8.4,partner,A,red,74,0
CUST102335,59,48.37,522,3,0.0,two-year,0,6,6.1,ads,A,black,22,0
CUST102336,40,29.91,316,5,6.3,month-to-month,1,3,10.0,referral,B,green,81,0
CUST102337,29,23.02,379,3,3.9,one-year,1,2,3.5,ads,A,yellow,31,0
CUST102338,22,93.32,635,1,0.0,month-to-month,0,3,7.4,partner,A,green,62,0
CUST102339,46,112.11,766,5,5.8,month-to-month,0,2,3.2,ads,B,green,66,1
CUST102340,66,31.97,346,3,0.0,two-year,0,2,6.6,organic,A,black,55,0
CUST102341,59,83.51,491,4,5.2,one-year,1,4,7.5,ads,C,blue,17,0
CUST102342,49,42.12,471,6,0.0,month-to-month,1,4,7.7,referral,C,black,55,0
CUST102343,34,40.2,482,6,13.6,month-to-month,0,3,6.1,organic,A,white,22,1
CUST102344,1,115.53,315,5,10.9,month-to-month,0,1,3.5,partner,B,white,22,1
CUST102345,45,139.85,496,2,0.0,two-year,1,2,7.0,organic,C,blue,44,0
CUST102346,20,137.81,316,4,4.6,month-to-month,1,3,5.5,organic,B,yellow,3,0
CUST102347,1,56.89,192,2,4.7,month-to-month,0,4,5.3,ads,B,yellow,58,1
CUST102348,60,53.63,529,2,0.0,two-year,0,5,7.9,organic,C,black,81,0
CUST102349,21,86.0,659,0,6.9,month-to-month,0,3,5.8,organic,B,black,56,1
CUST102350,67,145.93,368,1,9.7,one-year,0,2,9.4,referral,C,white,61,0
CUST102351,57,25.71,422,2,9.6,two-year,1,5,7.6,organic,B,blue,18,0
CUST102352,53,141.25,302,2,2.8,one-year,1,6,7.9,referral,B,black,73,0
CUST102353,29,39.48,445,6,5.0,one-year,0,3,3.8,partner,A,blue,80,1
CUST102354,41,64.96,404,4,1.5,two-year,1,6,6.4,ads,C,yellow,41,0
CUST102355,67,56.07,309,1,6.2,month-to-month,0,4,7.2,referral,A,black,22,0
CUST102356,32,109.57,343,4,5.9,month-to-month,1,5,8.1,organic,B,white,19,0
CUST102357,42,116.04,161,6,6.6,two-year,0,4,7.5,referral,B,blue,99,0
CUST102358,5,118.94,198,5,11.1,month-to-month,1,1,2.4,referral,A,yellow,7,1
CUST102359,27,30.17,163,5,3.9,two-year,0,3,8.6,ads,A,white,73,0
CUST102360,31,30.54,330,6,2.2,month-to-month,1,3,4.4,ads,A,black,1,0
CUST102361,23,137.56,380,6,7.5,month-to-month,0,1,5.8,ads,B,white,99,1
CUST102362,6,123.38,465,4,16.2,month-to-month,1,1,3.6,ads,C,yellow,16,1
CUST102363,28,139.34,547,2,2.6,two-year,1,4,8.8,referral,B,red,7,0
CUST102364,9,109.99,232,1,10.6,month-to-month,0,3,4.6,ads,A,red,55,0
CUST102365,72,27.52,551,0,7.4,month-to-month,0,4,7.9,referral,A,green,87,0
CUST102366,20,109.29,378,3,0.9,one-year,0,4,2.9,referral,A,white,82,1
CUST102367,10,137.45,504,4,19.5,month-to-month,0,3,4.9,organic,B,white,53,0
CUST102368,44,63.15,504,6,11.2,one-year,0,4,5.5,organic,C,black,97,0
CUST102369,34,33.98,450,1,4.9,one-year,1,5,9.1,ads,C,yellow,46,0
CUST102370,23,30.65,472,2,1.8,two-year,1,3,6.8,ads,B,white,22,0
CUST102371,18,34.48,511,1,8.5,month-to-month,1,2,4.3,organic,C,blue,10,0
CUST102372,62,32.18,748,4,0.3,two-year,1,2,8.5,referral,B,white,3,0
CUST102373,72,96.69,786,1,3.1,month-to-month,0,4,9.0,ads,A,yellow,14,0
CUST102374,61,50.52,377,0,2.0,month-to-month,1,2,6.8,ads,C,black,14,0
CUST102375,65,25.41,605,4,0.0,month-to-month,1,4,9.6,referral,A,blue,72,0
CUST102376,23,138.32,428,5,9.7,month-to-month,1,3,7.5,organic,A,black,95,1
CUST102377,49,108.66,502,5,5.9,month-to-month,0,2,3.7,organic,A,white,85,1
CUST102378,35,134.2,329,0,0.0,one-year,1,3,5.3,ads,A,white,52,0
CUST102379,52,83.8,574,2,2.2,one-year,0,2,7.9,referral,A,white,21,0
CUST102380,23,134.28,498,9,11.9,one-year,0,4,2.3,partner,A,green,21,1
CUST102381,20,112.56,580,5,16.7,two-year,0,4,3.1,partner,B,yellow,45,1
CUST102382,65,117.23,333,3,8.2,one-year,1,4,5.2,referral,B,red,87,0
CUST102383,44,64.88,68,3,8.4,one-year,0,4,3.2,ads,B,green,44,0
CUST102384,58,67.69,683,4,2.4,two-year,0,6,8.5,ads,A,green,1,0
CUST102385,31,141.88,333,4,15.5,month-to-month,0,3,1.8,organic,A,white,51,1
CUST102386,21,86.7,407,1,7.4,month-to-month,1,3,6.8,partner,B,green,18,0
CUST102387,16,146.97,666,4,9.7,one-year,0,5,6.6,ads,B,black,2,0
CUST102388,48,76.74,288,3,3.8,month-to-month,1,3,7.3,referral,C,white,99,0
CUST102389,39,137.97,495,4,0.0,one-year,1,3,6.8,organic,B,white,35,0
CUST102390,1,39.0,692,4,11.1,month-to-month,0,3,4.1,partner,B,red,57,1
CUST102391,43,46.97,461,7,1.0,two-year,0,3,5.1,partner,A,yellow,51,0
CUST102392,10,110.93,696,4,11.8,one-year,0,5,6.1,organic,B,black,68,0
CUST102393,30,133.13,432,3,7.3,one-year,1,3,1.0,partner,A,black,75,0
CUST102394,39,84.44,558,5,1.7,month-to-month,1,3,4.7,organic,A,blue,3,0
CUST102395,10,105.31,405,1,12.9,one-year,0,3,5.3,partner,B,white,56,0
CUST102396,47,94.97,321,3,5.3,month-to-month,0,1,5.2,ads,A,white,20,0
CUST102397,7,53.36,448,2,5.7,one-year,0,2,6.3,organic,A,green,69,1
CUST102398,42,132.29,127,1,5.5,month-to-month,0,4,7.3,organic,C,white,15,0
CUST102399,41,128.6,296,5,3.7,month-to-month,1,2,6.4,ads,B,yellow,31,1
CUST102400,27,71.36,397,5,7.1,month-to-month,0,2,4.9,organic,A,yellow,85,1
CUST102401,19,22.08,469,2,7.6,one-year,1,4,10.0,partner,B,yellow,20,0
CUST102402,43,50.91,649,1,2.7,one-year,0,4,8.4,partner,A,blue,69,0
CUST102403,44,21.12,385,2,1.5,month-to-month,1,4,7.0,organic,A,blue,59,0
CUST102404,46,146.56,325,4,0.0,one-year,1,1,9.2,referral,B,white,42,0
CUST102405,63,124.72,457,1,0.0,two-year,1,4,9.5,ads,A,blue,1,0
CUST102406,26,122.15,336,5,10.5,month-to-month,1,4,6.0,ads,B,yellow,8,0
CUST102407,27,125.75,207,5,9.3,month-to-month,1,6,8.5,organic,B,red,41,1
CUST102408,33,67.71,332,3,1.4,month-to-month,0,2,6.4,referral,C,blue,1,0
CUST102409,39,31.84,277,8,7.6,month-to-month,0,1,8.0,ads,A,blue,51,0
CUST102410,50,102.0,519,5,0.0,month-to-month,0,4,8.2,referral,C,yellow,28,0
CUST102411,46,105.7,327,1,0.0,two-year,1,2,10.0,referral,C,red,92,0
CUST102412,10,83.37,519,4,10.1,one-year,1,2,5.2,ads,B,yellow,74,0
CUST102413,17,149.11,331,3,6.9,two-year,0,3,4.7,organic,C,blue,41,1
CUST102414,42,84.64,463,1,5.9,month-to-month,1,5,10.0,referral,C,red,20,0
CUST102415,27,71.65,494,1,7.7,one-year,1,4,7.4,referral,A,yellow,17,0
CUST102416,16,48.23,332,2,5.8,month-to-month,0,5,7.6,ads,C,red,51,1
CUST102417,57,66.47,290,5,0.0,one-year,1,4,4.9,ads,A,white,95,0
CUST102418,55,98.2,519,6,5.6,month-to-month,1,4,8.3,partner,A,blue,75,0
CUST102419,1,50.92,308,4,4.2,month-to-month,1,3,3.6,organic,B,green,90,1
CUST102420,51,72.55,233,3,0.0,month-to-month,0,6,7.3,referral,A,white,42,0
CUST102421,37,53.37,309,4,1.4,one-year,0,5,7.4,organic,C,green,83,0
CUST102422,29,141.44,332,1,10.1,month-to-month,0,4,6.9,organic,B,green,70,0
CUST102423,30,132.51,559,3,7.0,month-to-month,0,3,3.7,ads,C,black,39,1
CUST102424,11,35.7,169,6,5.1,month-to-month,0,1,3.8,partner,B,green,30,1
CUST102425,72,138.82,611,5,13.6,one-year,1,3,9.0,organic,C,green,97,0
CUST102426,36,108.35,316,2,5.6,month-to-month,1,4,5.1,referral,A,red,85,0
CUST102427,23,87.2,453,3,0.8,one-year,1,4,6.7,organic,A,green,25,0
CUST102428,38,27.6,526,2,0.0,month-to-month,1,6,7.1,ads,A,yellow,67,0
CUST102429,48,81.56,390,2,4.2,two-year,0,3,5.3,referral,A,black,67,0
CUST102430,18,97.91,293,4,0.0,month-to-month,0,5,10.0,organic,A,blue,23,0
CUST102431,12,124.05,649,3,2.9,one-year,0,1,2.0,partner,C,green,95,1
CUST102432,57,24.04,384,0,0.0,month-to-month,0,3,7.8,organic,A,red,69,1
CUST102433,38,83.49,367,4,1.5,one-year,1,4,5.4,organic,B,yellow,49,0
CUST102434,42,106.63,681,4,1.2,month-to-month,0,6,5.9,ads,A,blue,1,1
CUST102435,64,100.23,361,2,1.6,two-year,1,2,3.9,ads,C,yellow,8,0
CUST102436,38,70.31,148,3,13.6,month-to-month,1,2,7.7,organic,A,black,26,1
CUST102437,35,107.62,628,3,0.8,month-to-month,0,6,7.4,referral,A,white,78,0
CUST102438,27,130.73,278,4,10.6,month-to-month,0,5,5.3,referral,B,white,79,1
CUST102439,1,25.46,675,3,11.1,one-year,0,2,4.3,ads,A,yellow,48,1
CUST102440,72,38.76,445,1,0.0,month-to-month,1,5,8.8,referral,C,blue,20,0
CUST102441,61,128.95,413,4,0.0,two-year,1,3,5.0,ads,B,white,24,0
CUST102442,37,62.77,249,5,13.3,month-to-month,0,2,3.7,organic,C,red,65,1
CUST102443,62,69.9,493,1,0.0,month-to-month,1,1,9.1,ads,C,blue,60,0
CUST102444,24,109.63,287,3,3.0,two-year,1,3,3.0,organic,C,blue,18,1
CUST102445,25,148.8,492,1,0.6,one-year,1,3,4.9,partner,B,white,76,0
CUST102446,39,115.18,434,1,3.4,month-to-month,1,6,6.2,partner,C,green,11,0
CUST102447,20,66.84,592,3,1.1,month-to-month,0,5,4.8,referral,B,yellow,73,0
CUST102448,29,75.98,308,2,10.1,month-to-month,1,3,5.3,ads,C,blue,73,0
CUST102449,45,105.28,253,1,10.4,one-year,0,1,3.5,ads,B,black,40,0
CUST102450,22,85.49,340,5,3.9,one-year,0,2,4.4,referral,B,white,30,1
CUST102451,28,80.83,465,8,8.6,one-year,1,2,5.2,ads,B,black,5,0
CUST102452,34,87.53,609,2,0.8,month-to-month,1,4,7.6,referral,A,black,75,0
CUST102453,39,108.72,358,5,6.9,month-to-month,0,1,7.7,partner,A,yellow,50,0
CUST102454,34,72.37,393,1,6.6,month-to-month,1,3,7.1,partner,B,yellow,23,0
CUST102455,21,41.99,439,5,0.0,one-year,1,4,10.0,organic,B,white,12,0
CUST102456,36,96.15,306,6,5.3,month-to-month,0,1,5.3,referral,B,yellow,21,1
CUST102457,54,66.39,250,1,12.4,one-year,1,4,8.4,organic,B,white,58,0
CUST102458,49,84.04,410,1,3.9,month-to-month,0,1,10.0,partner,B,white,48,0
CUST102459,32,147.62,530,2,0.0,month-to-month,1,3,7.5,organic,A,green,28,0
CUST102460,20,49.12,380,2,0.1,two-year,0,3,4.1,organic,B,yellow,31,0
CUST102461,52,96.7,534,1,10.9,month-to-month,1,5,7.8,partner,A,green,30,0
CUST102462,44,126.27,213,0,0.0,month-to-month,1,4,6.1,organic,B,white,60,0
CUST102463,19,69.99,408,8,4.9,one-year,0,1,4.1,partner,B,red,62,0
CUST102464,72,104.24,137,2,1.5,one-year,1,2,10.0,ads,A,black,40,0
CUST102465,32,59.91,463,1,4.3,month-to-month,0,2,5.6,organic,C,white,19,0
CUST102466,53,46.81,296,3,1.3,month-to-month,0,2,5.9,ads,C,blue,69,0
CUST102467,37,77.51,523,4,2.8,one-year,1,2,5.0,organic,C,blue,44,0
CUST102468,17,120.25,14,0,0.0,two-year,1,3,7.0,organic,B,blue,2,0
CUST102469,31,92.83,556,3,4.0,one-year,0,2,7.5,referral,B,white,34,0
CUST102470,63,128.76,228,0,4.1,month-to-month,1,3,8.7,referral,C,yellow,86,0
CUST102471,59,58.17,346,1,0.0,two-year,1,5,9.6,referral,B,black,27,0
CUST102472,4,127.11,297,6,14.2,one-year,1,3,4.2,ads,B,white,27,1
CUST102473,17,141.73,514,4,4.8,one-year,0,1,5.0,organic,B,yellow,93,0
CUST102474,27,69.12,449,4,4.0,month-to-month,1,1,10.0,referral,A,black,66,0
CUST102475,52,140.4,528,1,7.1,month-to-month,1,5,6.0,referral,A,green,69,0
CUST102476,45,134.67,471,3,8.7,month-to-month,1,3,9.6,ads,C,blue,25,0
CUST102477,38,30.22,356,1,10.2,month-to-month,1,3,10.0,referral,A,black,99,0
CUST102478,9,110.55,292,4,9.3,month-to-month,0,1,7.0,ads,A,yellow,81,1
CUST102479,56,125.36,495,3,0.0,month-to-month,0,3,8.1,organic,B,blue,93,0
CUST102480,16,69.29,488,3,6.2,one-year,0,2,7.7,ads,A,black,18,0
CUST102481,40,65.08,329,0,0.0,two-year,0,5,7.3,referral,B,black,82,0
CUST102482,42,133.49,294,3,0.0,two-year,1,6,8.3,organic,B,blue,66,0
CUST102483,32,77.17,461,2,11.2,month-to-month,1,2,6.7,organic,A,black,66,0
CUST102484,34,108.16,590,1,8.4,month-to-month,1,4,6.2,referral,A,blue,80,1
CUST102485,36,81.96,421,3,1.0,month-to-month,0,3,7.5,organic,A,white,83,1
CUST102486,31,61.88,389,4,2.4,month-to-month,0,2,1.4,partner,A,blue,54,1
CUST102487,58,127.53,384,6,5.4,month-to-month,0,1,5.6,referral,B,black,15,0
CUST102488,22,83.62,232,2,6.0,month-to-month,0,1,4.4,organic,C,white,22,1
CUST102489,1,54.08,573,2,4.7,month-to-month,0,1,4.5,organic,A,yellow,29,1
CUST102490,43,146.06,390,1,0.0,month-to-month,0,4,6.1,referral,A,blue,10,0
CUST102491,26,39.22,307,5,4.9,month-to-month,1,3,4.3,partner,B,blue,2,1
CUST102492,19,36.89,201,2,0.2,month-to-month,0,5,10.0,ads,A,blue,85,0
CUST102493,63,137.18,518,2,0.0,month-to-month,1,2,10.0,referral,B,blue,19,0
CUST102494,34,137.36,526,8,3.6,one-year,1,2,6.5,partner,B,white,35,0
CUST102495,13,119.03,441,4,3.1,two-year,1,3,10.0,ads,A,red,93,0
CUST102496,23,39.62,500,3,5.2,two-year,1,3,7.5,ads,B,green,60,0
CUST102497,67,117.71,402,2,3.1,one-year,0,1,4.7,referral,A,green,80,1
CUST102498,54,42.28,264,2,0.0,month-to-month,0,5,6.1,organic,C,red,39,1
CUST102499,50,27.75,585,4,4.5,one-year,1,2,8.7,partner,B,red,41,0
CUST102500,60,61.34,532,5,3.6,month-to-month,1,3,3.6,organic,B,blue,72,0
CUST102501,48,112.3,304,1,6.1,one-year,1,5,7.8,referral,B,blue,77,0
CUST102502,44,62.54,539,3,0.0,one-year,1,3,2.1,referral,B,blue,34,0
CUST102503,39,113.15,566,3,0.0,month-to-month,1,4,5.8,ads,C,white,4,1
CUST102504,31,141.7,433,4,11.0,one-year,0,2,6.4,organic,A,green,12,1
CUST102505,21,95.82,358,1,8.4,month-to-month,1,4,5.8,ads,A,red,90,0
CUST102506,72,24.72,476,0,0.0,month-to-month,1,5,10.0,partner,C,green,23,0
CUST102507,42,25.47,431,2,0.0,one-year,1,1,10.0,referral,A,green,6,0
CUST102508,20,40.82,341,6,6.5,one-year,1,1,4.2,ads,A,blue,42,0
CUST102509,3,107.21,580,4,2.9,month-to-month,0,1,9.6,ads,C,black,79,1
CUST102510,30,60.16,527,0,0.0,month-to-month,1,3,7.6,ads,B,green,57,0
CUST102511,38,68.28,458,2,2.9,one-year,0,2,9.0,referral,C,black,4,0
CUST102512,28,65.87,384,0,8.0,one-year,1,5,6.2,partner,C,red,82,0
CUST102513,25,67.52,590,5,4.1,month-to-month,1,4,9.0,ads,B,yellow,66,0
CUST102514,32,100.35,337,6,1.5,month-to-month,1,3,8.2,referral,B,white,36,0
CUST102515,46,95.89,489,1,0.0,month-to-month,1,3,9.6,partner,A,red,67,0
CUST102516,51,132.85,344,2,8.2,one-year,1,5,6.7,partner,C,green,73,0
CUST102517,2,148.34,612,4,11.0,month-to-month,0,1,1.0,ads,B,white,33,1
CUST102518,53,129.24,359,1,5.2,two-year,0,4,7.0,organic,B,white,92,0
CUST102519,40,120.49,380,2,0.8,month-to-month,0,3,2.2,referral,A,white,47,1
CUST102520,46,68.21,393,1,0.0,month-to-month,0,6,6.2,referral,A,green,34,1
CUST102521,72,138.93,307,0,0.0,one-year,1,6,10.0,referral,B,blue,55,0
CUST102522,45,67.41,663,3,0.8,month-to-month,1,4,10.0,organic,B,blue,5,0
CUST102523,50,28.28,505,2,2.3,month-to-month,1,3,6.6,partner,B,white,49,0
CUST102524,65,86.06,435,2,11.3,two-year,1,4,8.1,referral,A,white,42,0
CUST102525,62,54.29,351,1,2.8,one-year,1,2,7.1,organic,A,yellow,87,0
CUST102526,42,83.01,493,3,2.1,one-year,1,1,4.7,referral,B,green,77,0
CUST102527,52,108.52,279,3,1.6,one-year,0,4,7.6,ads,B,green,52,0
CUST102528,72,132.12,250,0,0.0,one-year,1,5,9.8,referral,A,white,78,0
CUST102529,13,52.62,319,3,7.1,month-to-month,0,1,3.1,ads,C,green,89,1
CUST102530,37,139.69,523,4,10.3,one-year,1,1,5.1,organic,A,green,68,0
CUST102531,25,149.0,532,3,8.4,one-year,0,3,4.2,ads,B,white,32,1
CUST102532,56,46.17,434,1,0.0,month-to-month,1,4,7.5,ads,B,yellow,67,0
CUST102533,39,65.12,393,1,5.0,month-to-month,0,2,4.3,ads,B,black,32,0
CUST102534,28,113.0,415,4,5.7,one-year,0,1,4.0,ads,B,green,8,1
CUST102535,10,68.12,507,1,0.0,month-to-month,0,4,6.6,organic,B,black,72,0
CUST102536,51,48.72,151,2,0.0,two-year,0,5,8.9,organic,B,green,45,0
CUST102537,33,72.46,473,3,0.0,month-to-month,1,4,8.1,partner,B,red,98,0
CUST102538,1,111.59,519,4,6.2,one-year,0,5,3.6,ads,B,blue,12,1
CUST102539,18,22.21,519,3,4.1,month-to-month,0,4,7.7,organic,A,white,80,1
CUST102540,32,107.0,461,6,8.9,month-to-month,1,3,5.1,partner,A,blue,76,0
CUST102541,41,137.09,493,7,3.2,month-to-month,0,1,2.5,ads,C,blue,96,1
CUST102542,34,148.41,626,7,4.3,month-to-month,0,3,8.0,ads,B,blue,65,1
CUST102543,35,53.05,335,3,3.6,two-year,0,1,6.7,ads,A,blue,39,0
CUST102544,72,116.89,414,0,0.0,month-to-month,1,4,9.9,ads,C,black,54,0
CUST102545,18,41.74,395,1,0.0,one-year,0,5,4.3,ads,B,white,70,0
CUST102546,27,50.27,574,6,7.9,month-to-month,0,2,3.1,ads,A,red,33,1
CUST102547,29,105.8,378,9,7.7,two-year,1,3,9.3,organic,C,blue,50,0
CUST102548,57,126.4,306,1,0.0,one-year,1,1,5.3,ads,B,red,32,0
CUST102549,54,32.24,329,2,4.6,month-to-month,1,6,9.2,referral,B,blue,49,0
CUST102550,5,69.99,221,3,12.5,month-to-month,0,3,4.1,ads,B,blue,79,1
CUST102551,16,132.65,393,1,3.3,one-year,0,2,4.3,ads,B,red,1,1
CUST102552,72,117.95,406,0,4.2,two-year,1,6,6.6,referral,A,black,16,0
CUST102553,54,26.68,250,2,8.9,month-to-month,0,1,7.4,ads,A,white,40,0
CUST102554,18,72.96,341,6,4.6,month-to-month,1,5,2.2,referral,C,black,99,0
CUST102555,22,72.47,373,1,3.2,month-to-month,1,3,7.5,ads,C,blue,56,0
CUST102556,1,105.28,531,7,12.3,month-to-month,0,1,1.4,ads,A,white,89,1
CUST102557,56,31.9,310,1,0.0,two-year,0,2,4.9,referral,A,blue,73,0
CUST102558,26,67.22,270,3,7.1,one-year,1,2,8.5,ads,A,yellow,89,0
CUST102559,42,137.75,379,2,0.0,month-to-month,0,5,7.5,organic,B,black,73,0
CUST102560,44,30.4,517,4,8.2,month-to-month,0,2,5.8,partner,C,red,24,0
CUST102561,13,36.2,394,3,10.0,one-year,1,1,7.5,partner,A,black,47,0
CUST102562,47,97.66,479,5,0.0,one-year,0,1,7.4,organic,B,blue,90,0
CUST102563,35,67.44,324,2,2.1,month-to-month,0,1,4.7,ads,B,white,2,1
CUST102564,8,21.97,464,8,11.2,month-to-month,0,4,6.8,partner,B,black,91,1
CUST102565,27,51.95,490,9,6.8,month-to-month,0,3,5.9,ads,B,black,19,0
CUST102566,13,92.97,301,5,10.3,month-to-month,0,1,4.3,ads,A,blue,10,0
CUST102567,50,127.91,321,2,0.0,one-year,0,3,5.4,ads,A,black,92,1
CUST102568,37,104.19,157,3,0.0,month-to-month,1,3,8.9,referral,A,yellow,18,0
CUST102569,5,20.71,485,6,3.9,month-to-month,1,2,4.5,partner,A,red,30,1
CUST102570,33,47.79,319,5,4.9,month-to-month,1,2,7.5,ads,B,black,58,0
CUST102571,1,38.73,387,8,10.7,month-to-month,0,1,7.8,partner,B,white,69,1
CUST102572,35,79.5,396,7,6.7,month-to-month,1,5,7.8,organic,A,green,77,0
CUST102573,18,60.11,483,5,8.1,month-to-month,0,2,8.9,ads,B,red,33,1
CUST102574,60,92.33,345,0,0.0,one-year,1,6,9.1,referral,B,red,71,0
CUST102575,25,45.55,398,6,3.1,month-to-month,0,2,6.2,partner,C,green,43,1
CUST102576,50,110.88,578,3,0.0,month-to-month,1,5,6.6,partner,A,white,30,0
CUST102577,52,74.24,625,2,4.0,two-year,0,5,7.6,partner,B,green,47,0
CUST102578,50,66.38,492,2,7.2,one-year,1,3,10.0,partner,C,blue,89,0
CUST102579,40,109.22,580,2,6.6,two-year,1,4,8.0,ads,A,red,49,0
CUST102580,39,110.57,464,0,12.6,month-to-month,1,4,9.1,referral,C,green,77,0
CUST102581,1,32.97,394,1,6.7,two-year,0,3,8.9,ads,A,red,11,0
CUST102582,39,134.61,511,5,5.6,one-year,0,3,8.4,ads,A,black,11,0
CUST102583,46,106.99,348,1,0.0,one-year,0,5,6.1,referral,C,black,88,0
CUST102584,34,63.72,294,0,0.0,one-year,1,3,9.1,organic,C,green,67,0
CUST102585,33,84.32,308,7,6.1,month-to-month,1,4,5.3,ads,A,green,39,0
CUST102586,38,44.11,283,3,7.5,one-year,0,3,6.5,organic,A,red,60,0
CUST102587,26,40.33,450,3,12.2,one-year,0,3,3.2,organic,B,yellow,21,0
CUST102588,12,136.78,431,1,8.7,month-to-month,0,3,6.0,organic,A,blue,92,0
CUST102589,38,94.35,114,4,3.3,month-to-month,1,2,6.8,ads,C,red,21,0
CUST102590,31,106.55,387,2,0.0,two-year,0,5,4.8,ads,B,green,76,0
CUST102591,21,127.66,532,4,7.5,month-to-month,0,3,4.2,ads,C,green,96,1
CUST102592,54,124.14,621,3,4.7,month-to-month,1,6,3.1,ads,B,black,56,0
CUST102593,38,34.7,550,7,2.0,one-year,1,4,5.3,ads,A,red,10,0
CUST102594,18,120.7,238,2,0.0,month-to-month,0,3,8.8,partner,B,blue,21,0
CUST102595,1,64.06,449,2,12.9,month-to-month,0,1,3.5,ads,A,white,89,1
CUST102596,31,78.7,401,6,4.2,month-to-month,1,2,5.9,partner,B,green,20,0
CUST102597,51,22.82,593,1,2.1,month-to-month,0,4,4.9,organic,C,green,63,0
CUST102598,26,82.06,250,1,0.0,two-year,1,4,10.0,referral,A,yellow,71,0
CUST102599,37,58.76,470,3,16.8,one-year,1,1,5.7,partner,B,blue,66,1
CUST102600,33,82.52,587,4,10.3,month-to-month,0,1,3.7,partner,A,yellow,29,1
CUST102601,72,133.68,173,2,0.0,month-to-month,1,5,9.1,ads,A,green,36,0
CUST102602,33,117.72,374,3,0.0,month-to-month,0,2,3.8,ads,C,black,90,0
CUST102603,29,74.99,277,3,1.0,month-to-month,0,2,5.1,ads,A,white,64,0
CUST102604,1,58.33,505,4,4.7,month-to-month,0,2,6.3,partner,B,yellow,36,1
CUST102605,65,53.7,457,3,11.3,month-to-month,0,3,5.2,ads,B,blue,66,0
CUST102606,20,101.32,531,5,15.0,month-to-month,1,3,6.8,ads,B,blue,39,1
CUST102607,1,66.47,316,4,9.7,one-year,0,1,4.1,partner,B,yellow,40,1
CUST102608,43,82.73,391,5,2.8,two-year,1,5,7.7,ads,B,red,94,0
CUST102609,72,57.17,386,1,0.0,month-to-month,1,2,8.2,ads,A,red,75,0
CUST102610,72,89.45,462,1,3.9,two-year,0,5,8.4,organic,C,red,91,0
CUST102611,24,23.44,456,5,6.5,month-to-month,1,3,6.2,partner,B,red,6,1
CUST102612,49,71.29,257,2,2.4,month-to-month,0,1,6.3,ads,B,white,17,0
CUST102613,37,126.31,441,3,1.4,month-to-month,0,5,8.5,ads,C,green,5,0
CUST102614,28,46.6,178,0,5.0,month-to-month,1,4,8.6,partner,C,black,99,0
CUST102615,66,74.78,491,3,7.2,month-to-month,1,5,4.3,referral,B,black,78,0
CUST102616,18,79.62,213,3,4.4,month-to-month,0,1,2.9,partner,A,red,27,1
CUST102617,60,146.12,502,3,6.7,two-year,1,2,8.8,ads,C,black,60,0
CUST102618,61,128.17,324,1,3.3,two-year,1,3,6.7,organic,B,white,14,0
CUST102619,63,87.23,490,0,0.0,one-year,1,4,9.0,ads,A,yellow,75,0
CUST102620,72,46.26,542,1,4.6,month-to-month,0,4,9.6,referral,B,black,89,0
CUST102621,72,92.37,293,2,7.0,month-to-month,0,5,7.7,referral,B,red,66,0
CUST102622,34,97.51,581,4,0.5,month-to-month,0,1,6.7,ads,A,green,38,0
CUST102623,41,81.2,284,3,0.0,one-year,1,3,7.1,referral,A,red,25,0
CUST102624,13,58.16,437,3,8.6,month-to-month,0,3,7.8,organic,C,yellow,18,0
CUST102625,59,125.22,315,3,6.4,month-to-month,1,3,6.3,ads,B,green,61,0
CUST102626,46,64.09,199,2,0.0,one-year,1,5,7.6,partner,C,red,50,0
CUST102627,61,71.98,453,2,2.6,one-year,1,4,5.9,referral,A,black,34,0
CUST102628,20,63.57,544,4,5.4,month-to-month,0,4,10.0,ads,B,yellow,25,0
CUST102629,53,137.96,366,1,9.7,month-to-month,1,2,5.6,partner,A,yellow,48,0
CUST102630,29,102.06,518,2,2.9,month-to-month,1,4,5.7,organic,C,yellow,69,0
CUST102631,24,28.24,282,3,2.6,month-to-month,1,1,8.5,partner,A,red,41,0
CUST102632,35,50.53,494,4,3.2,month-to-month,1,4,6.7,organic,B,yellow,32,0
CUST102633,32,111.48,34,3,3.7,one-year,0,5,5.0,referral,B,green,43,0
CUST102634,65,83.77,581,1,5.0,one-year,1,2,9.9,referral,A,green,91,0
CUST102635,48,88.33,346,3,3.7,month-to-month,0,4,6.6,ads,B,blue,40,0
CUST102636,48,43.58,266,3,0.0,one-year,1,5,9.6,referral,B,yellow,36,0
CUST102637,43,129.5,346,4,2.3,two-year,1,4,8.8,referral,C,white,71,0
CUST102638,14,117.24,665,8,8.5,one-year,0,4,4.5,partner,B,red,21,1
CUST102639,32,85.53,479,1,4.3,month-to-month,0,4,7.3,referral,A,black,77,0
CUST102640,72,65.56,393,0,0.0,month-to-month,1,6,10.0,organic,A,black,76,0
CUST102641,37,96.67,761,3,5.2,two-year,0,4,6.5,organic,A,blue,60,0
CUST102642,1,35.11,509,2,4.3,month-to-month,1,2,9.0,partner,A,blue,71,0
CUST102643,20,80.04,464,4,0.0,month-to-month,1,3,7.6,organic,B,blue,80,0
CUST102644,24,32.26,564,6,12.1,month-to-month,1,3,5.7,partner,B,black,17,0
CUST102645,54,140.32,580,4,5.2,month-to-month,0,2,3.6,referral,A,black,90,0
CUST102646,47,53.89,338,3,4.0,month-to-month,0,2,5.7,ads,B,black,86,0
CUST102647,5,69.47,280,5,11.7,one-year,0,2,5.3,partner,C,white,11,1
CUST102648,72,95.8,292,3,8.0,two-year,1,1,5.0,referral,A,red,47,0
CUST102649,46,50.31,428,1,0.3,month-to-month,1,2,10.0,referral,B,green,57,0
CUST102650,44,59.2,410,2,6.8,one-year,0,1,3.4,partner,A,black,60,0
CUST102651,37,137.11,339,4,0.0,month-to-month,1,5,7.6,referral,C,red,40,0
CUST102652,6,128.24,299,2,0.0,month-to-month,0,5,6.3,ads,A,red,65,0
CUST102653,27,45.6,581,4,6.1,one-year,1,3,9.4,ads,A,white,21,0
CUST102654,1,72.93,343,4,6.2,two-year,0,3,4.1,organic,A,green,23,0
CUST102655,72,80.69,273,1,5.3,one-year,0,4,4.5,organic,C,white,12,0
CUST102656,26,107.08,374,5,6.6,month-to-month,1,1,6.8,referral,B,blue,61,0
CUST102657,33,117.21,304,3,3.0,one-year,0,4,7.0,organic,B,green,72,0
CUST102658,45,140.42,316,3,0.0,month-to-month,0,5,4.8,ads,C,red,73,1
CUST102659,45,89.86,418,1,5.8,two-year,1,2,6.0,organic,B,yellow,43,0
CUST102660,31,115.75,493,3,7.4,one-year,0,2,7.8,ads,A,black,51,0
CUST102661,43,132.04,809,1,4.8,month-to-month,1,3,4.0,organic,B,green,96,0
CUST102662,39,131.1,650,4,4.7,month-to-month,1,2,7.2,organic,C,yellow,76,0
CUST102663,11,135.14,252,5,10.8,month-to-month,1,2,4.3,partner,A,red,38,1
CUST102664,54,61.86,395,5,1.0,month-to-month,0,4,5.0,partner,A,red,60,1
CUST102665,32,105.39,482,5,3.3,two-year,0,1,3.1,ads,B,blue,52,0
CUST102666,48,109.31,472,5,8.1,month-to-month,0,4,5.4,partner,A,black,57,1
CUST102667,54,50.0,341,3,6.8,month-to-month,0,2,6.4,organic,A,red,68,0
CUST102668,36,140.63,530,1,0.0,one-year,1,5,7.5,organic,B,red,48,0
CUST102669,30,111.44,298,1,0.4,two-year,1,6,10.0,organic,A,black,97,0
CUST102670,34,40.6,343,6,7.9,one-year,1,1,4.2,partner,C,white,7,0
CUST102671,33,33.29,376,0,1.9,two-year,1,2,5.8,organic,A,red,65,0
CUST102672,47,111.92,336,6,2.7,month-to-month,1,2,9.7,organic,A,white,85,0
CUST102673,17,90.73,608,2,4.2,month-to-month,0,3,7.6,ads,A,white,49,0
CUST102674,18,120.14,480,2,5.3,month-to-month,1,2,5.7,partner,C,black,12,0
CUST102675,41,61.35,486,9,4.8,month-to-month,0,4,1.6,ads,A,red,61,1
CUST102676,34,56.14,346,5,0.0,month-to-month,1,2,10.0,referral,C,red,24,0
CUST102677,5,49.31,759,4,10.2,month-to-month,1,1,4.0,organic,B,white,43,1
CUST102678,55,28.21,252,2,8.6,one-year,1,5,5.9,referral,B,blue,51,0
CUST102679,17,46.93,534,2,3.7,month-to-month,0,3,8.2,partner,A,white,41,0
CUST102680,34,102.63,674,1,7.5,one-year,1,6,7.5,organic,B,red,8,0
CUST102681,41,56.73,475,3,9.3,two-year,0,4,3.9,referral,A,green,66,0
CUST102682,46,61.21,446,3,4.5,month-to-month,0,3,6.1,ads,B,white,50,1
CUST102683,63,46.15,378,5,4.4,one-year,1,4,6.2,ads,B,white,85,0
CUST102684,29,82.56,503,4,5.0,month-to-month,0,1,1.6,referral,C,red,77,1
CUST102685,49,88.74,415,3,1.0,one-year,0,5,5.4,organic,B,red,16,0
CUST102686,35,146.73,635,4,0.0,two-year,1,4,6.3,organic,C,yellow,35,0
CUST102687,8,83.71,346,6,9.2,month-to-month,0,1,2.1,ads,A,red,71,1
CUST102688,63,111.24,326,3,4.5,month-to-month,1,3,8.7,ads,B,black,85,0
CUST102689,35,86.68,296,2,0.0,month-to-month,1,3,6.0,organic,A,green,89,1
CUST102690,28,136.86,625,3,15.1,month-to-month,1,4,5.8,organic,A,blue,92,0
CUST102691,35,63.2,486,0,8.9,one-year,0,2,3.9,partner,A,black,97,0
CUST102692,19,109.66,604,4,0.0,month-to-month,0,3,8.1,organic,A,white,80,0
CUST102693,49,59.76,380,2,3.6,month-to-month,0,2,4.0,organic,B,yellow,69,1
CUST102694,48,126.02,236,3,0.0,month-to-month,1,1,2.8,ads,B,white,50,1
CUST102695,23,59.03,557,2,0.0,one-year,0,2,10.0,referral,B,yellow,58,0
CUST102696,53,43.88,537,3,3.4,month-to-month,1,3,6.6,organic,A,yellow,85,0
CUST102697,9,140.61,331,3,6.9,month-to-month,1,2,7.7,organic,C,white,94,0
CUST102698,60,136.67,293,3,0.0,one-year,0,4,8.4,ads,B,blue,43,0
CUST102699,30,105.34,331,4,0.4,one-year,0,3,9.9,partner,C,green,81,0
CUST102700,35,51.36,391,1,5.9,one-year,1,2,9.0,referral,A,blue,34,0
CUST102701,55,60.73,435,2,3.7,one-year,0,3,8.3,organic,B,green,2,0
CUST102702,61,113.42,483,0,0.4,one-year,1,2,9.7,ads,C,white,32,0
CUST102703,60,38.68,368,2,6.4,two-year,1,4,10.0,organic,A,red,44,0
CUST102704,16,66.2,688,4,2.9,month-to-month,1,1,7.1,referral,B,blue,80,0
CUST102705,72,149.08,685,0,0.0,two-year,1,4,6.8,ads,B,green,60,0
CUST102706,46,104.7,459,2,2.9,month-to-month,1,4,7.8,organic,A,yellow,38,0
CUST102707,57,31.7,464,0,0.7,month-to-month,0,4,2.7,referral,B,white,67,1
CUST102708,45,129.98,342,5,1.7,month-to-month,0,2,8.3,partner,B,white,68,0
CUST102709,55,23.23,575,1,2.3,two-year,1,5,10.0,referral,A,green,4,0
CUST102710,7,146.35,448,6,9.8,one-year,1,1,7.4,ads,A,black,88,0
CUST102711,46,146.44,240,1,0.0,month-to-month,1,4,10.0,organic,B,yellow,41,0
CUST102712,66,62.76,343,3,6.3,one-year,1,2,7.1,referral,B,blue,78,0
CUST102713,40,91.6,429,2,6.6,month-to-month,1,1,4.2,ads,C,white,88,0
CUST102714,31,31.77,565,1,0.4,month-to-month,0,5,4.8,referral,C,yellow,7,0
CUST102715,1,61.87,110,8,9.0,month-to-month,0,1,6.5,organic,B,blue,95,0
CUST102716,40,104.06,468,0,0.0,month-to-month,0,4,6.6,referral,B,red,96,0
CUST102717,42,93.05,419,0,0.7,one-year,1,4,8.4,referral,B,yellow,78,0
CUST102718,25,24.05,354,4,13.4,one-year,1,4,6.1,referral,A,black,71,0
CUST102719,45,49.31,364,2,0.0,month-to-month,1,2,4.3,organic,C,black,56,1
CUST102720,72,146.54,552,2,0.6,one-year,1,2,6.3,organic,A,blue,97,0
CUST102721,45,120.54,419,6,9.4,month-to-month,0,1,5.8,ads,B,black,95,0
CUST102722,30,116.27,102,3,9.5,month-to-month,0,1,4.1,ads,A,black,61,1
CUST102723,27,77.49,412,0,5.7,two-year,1,3,8.6,ads,C,yellow,27,1
CUST102724,54,39.65,492,0,2.0,two-year,1,4,10.0,partner,A,red,6,0
CUST102725,71,121.71,333,2,6.7,one-year,0,4,6.9,organic,A,green,71,0
CUST102726,54,39.89,193,4,5.1,one-year,1,4,9.4,ads,C,white,82,0
CUST102727,58,136.47,575,2,3.9,month-to-month,1,2,9.3,referral,A,yellow,59,0
CUST102728,32,27.38,359,4,4.8,month-to-month,0,3,4.8,partner,B,red,26,1
CUST102729,36,114.84,449,7,8.0,one-year,1,2,4.0,ads,B,blue,14,0
CUST102730,15,66.05,168,1,0.0,month-to-month,1,4,8.8,referral,C,yellow,46,0
CUST102731,53,94.16,574,1,0.0,two-year,1,1,9.2,organic,B,white,65,0
CUST102732,42,33.83,257,2,9.7,one-year,1,3,9.0,organic,A,green,25,0
CUST102733,45,27.49,593,6,4.4,month-to-month,0,3,4.9,ads,C,white,68,1
CUST102734,61,134.42,336,0,2.4,two-year,1,4,8.9,referral,C,blue,52,0
CUST102735,5,146.25,472,3,7.7,one-year,0,3,5.3,ads,B,white,83,0
CUST102736,38,124.34,531,2,1.4,month-to-month,1,4,4.3,ads,B,yellow,21,0
CUST102737,28,91.19,257,1,0.0,month-to-month,1,3,9.6,organic,C,black,47,0
CUST102738,36,86.83,495,0,0.9,month-to-month,1,5,10.0,referral,A,red,89,0
CUST102739,34,142.47,508,3,3.0,two-year,1,4,5.6,referral,B,white,71,0
CUST102740,49,43.43,182,5,1.3,two-year,0,2,8.6,referral,C,green,1,0
CUST102741,60,130.21,359,2,0.0,one-year,1,1,3.9,ads,A,blue,9,0
CUST102742,44,144.4,234,4,7.1,month-to-month,0,3,8.3,ads,B,blue,55,0
CUST102743,52,90.9,145,1,0.0,two-year,0,5,6.1,referral,C,black,28,0
CUST102744,13,45.53,390,5,13.0,month-to-month,0,3,3.4,partner,B,green,90,1
CUST102745,34,77.4,380,2,9.4,month-to-month,0,3,2.6,referral,B,black,2,1
CUST102746,49,95.49,329,5,0.0,one-year,1,2,4.7,partner,A,black,15,0
CUST102747,1,53.55,306,6,8.1,month-to-month,0,3,5.6,ads,A,red,66,0
CUST102748,42,138.85,207,1,1.3,two-year,1,2,5.8,referral,B,blue,63,0
CUST102749,18,92.39,420,4,5.4,month-to-month,1,3,4.7,ads,A,yellow,86,1
CUST102750,72,51.06,499,0,2.6,two-year,1,5,10.0,organic,A,red,60,0
CUST102751,53,61.54,466,4,0.0,month-to-month,1,4,10.0,organic,A,black,22,0
CUST102752,31,104.01,203,3,4.5,month-to-month,1,1,7.5,ads,B,red,58,1
CUST102753,12,135.42,517,3,3.8,one-year,0,3,4.3,partner,B,green,40,1
CUST102754,50,65.5,555,6,0.0,month-to-month,0,3,9.6,organic,B,blue,65,0
CUST102755,40,26.05,729,8,7.6,two-year,0,2,3.0,ads,C,green,40,1
CUST102756,47,39.39,325,1,9.9,one-year,0,3,6.2,partner,A,green,10,0
CUST102757,15,20.05,502,7,9.0,month-to-month,0,4,5.5,ads,B,red,22,1
CUST102758,11,119.17,628,1,7.9,one-year,0,3,8.3,referral,A,green,61,0
CUST102759,47,52.25,498,2,5.7,month-to-month,0,4,9.1,referral,C,green,28,1
CUST102760,33,119.12,816,2,0.0,month-to-month,0,2,6.6,referral,C,white,21,0
CUST102761,33,139.24,386,5,2.9,month-to-month,1,1,3.6,ads,A,white,96,0
CUST102762,14,51.21,360,6,3.4,month-to-month,1,4,9.6,ads,C,blue,7,1
CUST102763,21,125.27,182,2,6.8,one-year,0,1,4.6,referral,B,white,60,0
CUST102764,66,70.74,413,3,4.5,month-to-month,1,3,7.3,partner,B,blue,78,0
CUST102765,52,103.09,426,1,0.0,one-year,1,3,5.3,partner,B,green,1,0
CUST102766,38,119.16,459,6,0.0,one-year,0,4,7.5,referral,B,white,32,0
CUST102767,71,80.07,490,4,0.0,month-to-month,1,2,8.1,referral,B,yellow,91,0
CUST102768,1,42.66,397,5,2.1,two-year,0,1,3.5,ads,A,green,68,1
CUST102769,21,21.18,461,5,0.0,one-year,1,3,8.1,ads,C,black,95,0
CUST102770,28,21.19,385,1,6.5,month-to-month,0,3,7.2,organic,C,red,62,0
CUST102771,40,86.23,496,3,1.1,month-to-month,0,3,6.7,partner,C,blue,3,0
CUST102772,47,131.44,245,1,0.0,two-year,0,4,5.6,organic,B,green,61,0
CUST102773,4,84.5,330,1,7.6,one-year,0,1,4.5,ads,C,red,3,0
CUST102774,45,53.85,463,4,1.8,one-year,1,4,5.9,organic,A,black,62,0
CUST102775,27,38.11,515,2,0.0,two-year,0,1,5.8,partner,A,yellow,12,0
CUST102776,51,62.81,402,7,0.0,month-to-month,1,1,6.4,organic,A,yellow,59,1
CUST102777,18,136.16,375,9,6.9,month-to-month,0,3,8.4,organic,B,white,70,1
CUST102778,33,82.98,391,0,2.8,month-to-month,0,3,8.3,ads,C,white,89,0
CUST102779,34,36.11,307,3,0.0,month-to-month,1,1,5.1,referral,A,black,8,0
CUST102780,62,50.94,390,0,7.2,two-year,1,6,9.6,partner,B,yellow,78,0
CUST102781,20,149.48,557,4,3.1,month-to-month,0,1,7.7,ads,C,green,37,1
CUST102782,21,89.63,406,6,9.7,month-to-month,1,2,4.4,ads,A,blue,53,1
CUST102783,31,33.03,384,4,6.7,two-year,0,3,5.9,ads,B,white,2,0
CUST102784,38,65.54,396,2,5.9,one-year,1,2,6.7,ads,A,red,78,0
CUST102785,45,25.37,656,1,5.1,month-to-month,0,3,4.4,partner,B,yellow,32,0
CUST102786,30,24.52,533,6,0.8,one-year,1,2,4.7,ads,B,green,58,1
CUST102787,14,125.21,532,2,16.9,month-to-month,0,2,5.9,organic,A,yellow,43,1
CUST102788,25,24.72,490,2,2.3,one-year,0,4,4.9,ads,C,white,74,1
CUST102789,39,126.22,493,3,6.8,month-to-month,1,3,8.5,partner,B,blue,19,0
CUST102790,47,21.81,533,2,0.0,one-year,1,4,9.7,organic,C,green,87,0
CUST102791,27,106.68,647,5,1.3,month-to-month,0,2,7.7,ads,B,red,35,1
CUST102792,31,124.78,446,6,10.7,one-year,1,3,9.4,ads,B,blue,91,0
CUST102793,2,54.36,448,1,13.0,one-year,0,3,4.9,ads,A,blue,18,0
CUST102794,46,59.26,600,2,5.9,one-year,1,1,6.8,partner,A,green,77,0
CUST102795,29,143.04,440,2,9.8,month-to-month,0,1,5.8,partner,C,yellow,31,1
CUST102796,58,52.86,554,0,0.0,two-year,1,3,7.3,referral,B,white,81,0
CUST102797,15,38.68,375,8,12.0,month-to-month,0,3,4.8,ads,A,red,74,1
CUST102798,6,45.84,241,2,7.7,one-year,1,4,2.9,referral,B,white,72,0
CUST102799,34,37.76,252,1,4.9,month-to-month,1,5,7.3,organic,C,red,40,0
CUST102800,35,28.28,644,3,10.0,month-to-month,0,3,4.3,ads,A,green,84,1
CUST102801,72,121.76,789,0,0.0,two-year,1,4,8.8,ads,B,blue,27,0
CUST102802,9,47.22,427,3,2.2,month-to-month,0,3,8.3,organic,C,blue,81,0
CUST102803,25,115.63,350,2,12.9,one-year,1,1,4.6,referral,B,green,54,0
CUST102804,43,23.13,466,5,0.0,month-to-month,0,4,7.6,ads,A,blue,81,0
CUST102805,5,47.28,334,4,11.9,one-year,0,1,3.4,ads,C,white,69,1
CUST102806,36,44.33,680,1,2.3,month-to-month,0,2,8.4,ads,A,blue,79,0
CUST102807,17,34.97,321,4,6.9,one-year,0,1,4.8,ads,B,yellow,62,1
CUST102808,36,117.22,250,0,0.0,two-year,1,3,4.4,partner,C,black,27,0
CUST102809,23,112.24,438,5,14.7,one-year,1,2,6.1,ads,B,green,96,0
CUST102810,24,127.46,510,4,0.0,month-to-month,1,2,2.4,referral,C,white,35,1
CUST102811,39,103.88,415,7,5.4,one-year,0,1,2.9,referral,A,blue,94,1
CUST102812,46,91.69,604,1,0.0,two-year,1,6,7.5,organic,A,yellow,25,0
CUST102813,19,144.26,431,2,9.3,two-year,0,2,4.2,ads,A,red,69,1
CUST102814,72,75.11,372,1,0.0,month-to-month,1,4,8.3,partner,A,green,38,0
CUST102815,60,115.14,766,2,0.0,two-year,1,4,5.8,ads,C,white,8,0
CUST102816,14,45.54,473,0,0.0,one-year,1,3,4.7,partner,B,blue,11,0
CUST102817,29,123.54,335,2,0.0,month-to-month,1,2,9.8,ads,B,blue,51,0
CUST102818,44,113.21,283,1,3.1,one-year,0,3,5.9,organic,A,white,5,0
CUST102819,18,61.31,273,9,16.9,month-to-month,0,2,1.0,organic,A,black,38,1
CUST102820,10,145.01,36,3,4.0,month-to-month,1,2,5.4,ads,A,yellow,58,0
CUST102821,64,134.08,584,2,2.8,month-to-month,1,4,5.7,referral,A,yellow,10,0
CUST102822,48,121.63,403,2,8.6,two-year,1,1,4.8,referral,B,white,49,0
CUST102823,26,85.74,518,4,5.5,month-to-month,0,2,5.7,ads,A,white,15,0
CUST102824,56,92.74,448,2,8.6,month-to-month,0,4,5.6,ads,B,black,74,0
CUST102825,63,129.76,107,1,6.5,one-year,1,5,7.0,ads,A,white,81,0
CUST102826,58,99.7,389,1,0.0,month-to-month,0,2,9.2,ads,B,red,27,0
CUST102827,59,85.68,400,2,8.7,month-to-month,1,3,8.5,ads,B,blue,98,0
CUST102828,64,62.58,606,3,0.0,two-year,1,6,8.9,organic,A,white,45,0
CUST102829,19,85.64,544,5,2.0,month-to-month,0,6,1.5,partner,A,black,19,1
CUST102830,25,21.42,398,7,13.6,month-to-month,0,2,1.9,partner,A,red,87,1
CUST102831,15,133.6,415,2,8.1,one-year,1,1,5.2,partner,A,red,71,1
CUST102832,62,105.32,322,0,0.0,month-to-month,0,6,8.4,ads,C,yellow,57,0
CUST102833,40,113.83,302,0,13.8,month-to-month,0,4,5.5,organic,A,red,15,0
CUST102834,12,82.39,322,2,3.4,month-to-month,0,5,4.4,organic,B,black,40,1
CUST102835,31,145.87,393,1,9.3,two-year,1,5,3.5,organic,C,yellow,98,0
CUST102836,63,112.42,435,2,0.0,one-year,1,2,10.0,referral,B,yellow,50,0
CUST102837,49,148.33,384,0,1.0,one-year,1,5,9.0,referral,B,yellow,5,0
CUST102838,67,148.74,464,0,0.0,two-year,1,5,10.0,referral,A,green,74,1
CUST102839,46,85.21,363,4,4.8,one-year,0,4,6.3,referral,C,black,18,0
CUST102840,39,133.66,510,5,0.0,two-year,1,3,7.0,ads,C,black,18,0
CUST102841,21,87.06,676,3,9.7,month-to-month,0,4,4.1,ads,C,red,88,1
CUST102842,72,47.68,583,2,0.0,one-year,1,4,6.7,referral,B,yellow,27,0
CUST102843,29,24.22,286,8,5.7,month-to-month,1,2,2.0,ads,B,green,19,1
CUST102844,42,66.5,345,2,5.7,two-year,0,4,7.5,referral,C,blue,82,0
CUST102845,8,112.44,584,4,9.4,one-year,0,2,5.2,organic,B,yellow,65,1
CUST102846,39,46.46,208,6,2.7,one-year,1,3,7.3,referral,A,blue,32,0
CUST102847,31,96.66,382,3,7.4,month-to-month,0,1,6.6,organic,C,red,12,0
CUST102848,48,73.55,426,5,5.9,month-to-month,0,2,4.1,organic,B,yellow,30,1
CUST102849,30,121.31,384,3,2.2,month-to-month,0,1,7.7,partner,C,blue,70,0
CUST102850,2,133.1,391,4,2.4,month-to-month,1,2,7.1,referral,A,blue,52,0
CUST102851,20,88.63,462,1,0.0,month-to-month,0,2,9.0,referral,B,green,72,0
CUST102852,34,97.42,427,1,7.3,month-to-month,0,1,8.9,organic,C,green,81,0
CUST102853,30,31.06,314,5,2.1,month-to-month,0,3,10.0,referral,B,green,49,0
CUST102854,57,114.15,647,0,1.2,two-year,0,5,9.6,ads,B,red,57,0
CUST102855,32,26.71,419,8,2.0,month-to-month,0,1,6.7,partner,B,yellow,86,1
CUST102856,25,88.32,468,3,5.5,one-year,1,3,7.4,partner,A,blue,21,0
CUST102857,32,38.64,380,5,4.3,month-to-month,1,4,5.1,partner,B,green,4,0
CUST102858,37,64.84,425,0,1.8,month-to-month,1,2,7.2,organic,B,black,88,0
CUST102859,38,87.72,322,2,9.3,two-year,1,2,8.0,organic,A,blue,81,0
CUST102860,21,124.81,258,3,9.9,month-to-month,0,5,4.2,partner,B,yellow,96,1
CUST102861,36,20.16,508,5,2.3,month-to-month,1,4,8.3,ads,A,green,92,0
CUST102862,18,49.54,301,5,0.9,month-to-month,0,3,5.1,partner,B,green,62,0
CUST102863,41,107.85,382,1,0.0,two-year,1,3,6.0,ads,C,red,34,0
CUST102864,55,49.05,652,0,6.5,month-to-month,0,3,7.2,organic,B,yellow,12,1
CUST102865,30,34.6,587,2,4.7,one-year,0,1,8.4,referral,A,yellow,6,0
CUST102866,41,95.89,320,5,1.5,month-to-month,1,2,5.4,referral,C,green,22,0
CUST102867,48,45.11,476,3,5.8,two-year,0,4,5.3,ads,B,red,77,0
CUST102868,55,43.27,234,5,0.5,two-year,1,3,7.9,organic,B,blue,48,0
CUST102869,59,86.73,587,1,5.4,one-year,0,6,9.2,referral,C,red,48,0
CUST102870,33,90.78,431,2,3.6,month-to-month,0,2,4.9,organic,A,blue,9,1
CUST102871,54,88.19,572,0,4.3,month-to-month,1,1,7.8,ads,C,blue,64,0
CUST102872,12,129.02,456,5,13.0,month-to-month,0,3,1.5,partner,B,white,4,1
CUST102873,44,28.88,366,1,0.8,one-year,0,4,4.2,ads,B,blue,38,0
CUST102874,45,37.05,384,4,1.1,month-to-month,1,2,5.2,ads,C,yellow,23,1
CUST102875,20,57.83,370,2,5.0,month-to-month,0,4,6.0,referral,A,red,73,0
CUST102876,38,74.25,478,3,7.4,month-to-month,1,2,5.4,organic,A,green,33,0
CUST102877,29,29.08,320,1,3.6,month-to-month,0,4,5.3,ads,C,black,49,1
CUST102878,38,42.19,421,2,0.0,month-to-month,1,4,8.2,organic,C,yellow,94,0
CUST102879,27,111.59,435,1,0.5,month-to-month,0,3,6.9,organic,B,yellow,14,0
CUST102880,12,78.9,214,5,14.5,month-to-month,0,3,2.6,partner,B,blue,4,1
CUST102881,25,141.68,276,8,18.7,month-to-month,0,3,1.5,ads,C,white,65,1
CUST102882,42,64.59,202,2,7.0,month-to-month,1,6,4.1,organic,B,black,48,0
CUST102883,47,145.03,382,6,6.9,month-to-month,1,3,4.5,organic,A,white,63,0
CUST102884,12,95.16,408,5,13.7,month-to-month,0,1,2.6,partner,A,black,71,1
CUST102885,49,52.42,515,2,8.3,one-year,1,2,4.2,ads,B,black,16,0
CUST102886,27,22.24,306,4,8.5,month-to-month,1,4,4.8,organic,B,green,47,0
CUST102887,36,144.78,247,1,2.5,one-year,1,3,8.4,organic,C,yellow,86,0
CUST102888,51,108.37,350,2,6.6,two-year,0,2,7.8,ads,A,red,26,0
CUST102889,33,100.97,470,3,3.4,two-year,0,3,8.7,referral,B,black,23,0
CUST102890,27,59.2,643,4,2.0,month-to-month,1,5,6.6,ads,A,white,36,1
CUST102891,1,84.75,433,2,12.5,month-to-month,0,1,5.6,organic,A,yellow,86,1
CUST102892,54,20.76,285,3,2.9,month-to-month,1,1,4.0,referral,C,green,4,1
CUST102893,14,90.64,473,2,0.0,one-year,1,5,10.0,referral,A,blue,22,0
CUST102894,31,52.54,434,3,7.2,month-to-month,0,4,8.5,referral,A,yellow,95,0
CUST102895,72,101.78,424,1,0.0,one-year,0,3,10.0,organic,A,blue,13,0
CUST102896,22,23.0,246,4,11.0,one-year,0,1,1.8,ads,C,yellow,72,1
CUST102897,47,142.6,472,1,3.5,month-to-month,1,5,8.3,organic,A,blue,57,0
CUST102898,31,121.85,359,5,7.8,month-to-month,0,3,7.2,ads,C,blue,36,0
CUST102899,26,146.83,358,4,1.4,one-year,0,3,8.1,partner,A,black,3,1
CUST102900,27,47.95,537,3,0.0,one-year,0,3,7.6,ads,A,white,37,0
CUST102901,35,56.42,496,2,0.0,one-year,0,5,4.6,organic,B,red,50,0
CUST102902,22,56.69,272,8,10.8,two-year,1,2,4.0,referral,B,blue,30,0
CUST102903,36,29.35,615,3,2.9,two-year,1,2,7.3,referral,B,green,47,0
CUST102904,1,118.29,556,3,7.1,month-to-month,0,2,5.6,organic,B,black,14,1
CUST102905,62,57.85,310,3,0.0,month-to-month,1,3,7.6,organic,B,green,85,0
CUST102906,39,77.47,136,1,5.5,month-to-month,0,1,8.5,partner,A,yellow,54,0
CUST102907,34,89.88,466,4,11.0,month-to-month,0,2,4.9,ads,C,black,42,1
CUST102908,50,103.73,455,1,2.1,one-year,1,3,5.8,organic,C,red,66,0
CUST102909,39,86.61,299,1,0.6,month-to-month,1,3,9.6,referral,B,yellow,1,0
CUST102910,24,33.73,657,6,16.2,one-year,1,2,7.9,organic,C,white,59,1
CUST102911,12,92.74,406,2,10.2,one-year,1,3,4.6,referral,B,red,3,0
CUST102912,72,26.99,415,4,0.0,month-to-month,1,4,3.4,ads,A,yellow,89,1
CUST102913,43,51.9,464,5,0.0,month-to-month,1,6,7.1,partner,B,blue,28,0
CUST102914,60,120.78,579,3,9.2,one-year,0,4,10.0,referral,A,green,92,0
CUST102915,40,66.04,458,1,2.0,one-year,1,4,8.8,organic,B,white,15,0
CUST102916,49,126.76,430,3,4.7,one-year,1,2,6.0,partner,B,green,37,0
CUST102917,72,62.25,232,3,4.1,month-to-month,1,3,8.6,partner,A,green,69,0
CUST102918,36,28.38,417,3,2.4,one-year,1,5,8.4,referral,B,blue,47,0
CUST102919,36,65.82,595,1,0.0,month-to-month,0,5,8.7,ads,B,black,93,0
CUST102920,25,95.18,333,5,9.1,month-to-month,0,4,7.5,ads,B,yellow,77,0
CUST102921,12,90.11,437,2,1.4,one-year,1,3,5.5,referral,A,green,97,0
CUST102922,33,130.58,19,4,8.0,one-year,0,3,4.8,ads,A,green,72,0
CUST102923,48,109.82,605,4,2.0,month-to-month,0,4,8.5,organic,B,red,82,0
CUST102924,37,76.9,406,1,6.6,two-year,0,3,6.7,partner,B,white,55,0
CUST102925,35,119.32,399,2,4.5,month-to-month,1,1,4.6,ads,C,black,65,0
CUST102926,43,40.93,488,7,0.0,month-to-month,0,3,3.9,organic,B,black,44,0
CUST102927,48,86.06,459,4,9.3,month-to-month,1,1,5.4,referral,B,red,49,0
CUST102928,30,45.53,474,0,0.0,two-year,1,5,8.9,referral,C,red,34,0
CUST102929,49,109.69,269,4,6.4,month-to-month,1,3,8.8,organic,B,yellow,15,1
CUST102930,72,61.89,592,4,3.2,one-year,1,4,7.2,referral,A,green,54,0
CUST102931,11,122.97,571,6,7.9,month-to-month,0,3,6.5,organic,C,red,38,1
CUST102932,24,51.47,464,6,4.7,one-year,0,4,4.4,organic,C,blue,12,0
CUST102933,72,137.91,622,1,0.0,month-to-month,1,4,10.0,ads,A,yellow,32,0
CUST102934,63,95.49,424,4,1.4,one-year,1,5,10.0,partner,B,black,59,0
CUST102935,46,93.79,359,3,0.0,two-year,1,5,8.0,organic,A,black,69,0
CUST102936,32,149.04,456,2,8.1,month-to-month,1,2,6.5,partner,C,black,89,0
CUST102937,33,46.67,576,4,3.3,two-year,0,1,6.9,referral,A,yellow,87,0
CUST102938,5,51.12,366,4,0.4,month-to-month,0,3,4.3,ads,A,red,53,1
CUST102939,30,130.22,357,1,12.7,month-to-month,1,3,7.1,partner,A,yellow,85,0
CUST102940,44,107.87,283,2,2.1,month-to-month,0,2,8.9,organic,A,blue,65,0
CUST102941,32,105.41,419,4,6.7,month-to-month,1,3,5.0,ads,C,blue,21,1
CUST102942,32,131.13,447,2,0.0,month-to-month,1,3,9.8,ads,A,white,70,0
CUST102943,15,141.51,286,5,5.9,month-to-month,1,4,6.6,ads,B,blue,27,0
CUST102944,39,96.45,161,4,6.0,month-to-month,1,3,6.3,referral,B,green,46,1
CUST102945,48,52.62,372,0,1.6,month-to-month,1,3,9.2,ads,B,yellow,78,0
CUST102946,38,54.87,454,2,6.2,month-to-month,1,3,6.4,organic,B,green,13,0
CUST102947,1,133.9,642,4,8.7,one-year,0,1,2.5,ads,B,red,30,1
CUST102948,45,39.17,522,2,0.0,month-to-month,0,4,6.5,partner,C,black,37,0
CUST102949,14,74.35,731,5,5.4,month-to-month,0,1,3.8,ads,B,black,22,1
CUST102950,72,40.85,357,3,8.8,one-year,1,5,9.1,referral,A,green,59,0
CUST102951,45,108.97,481,1,4.8,one-year,1,5,6.1,ads,B,white,51,0
CUST102952,52,106.5,406,2,2.5,month-to-month,0,4,8.3,ads,C,red,70,0
CUST102953,43,136.83,745,2,6.2,two-year,1,3,5.6,organic,B,white,26,0
CUST102954,32,70.79,499,5,3.2,month-to-month,0,1,2.7,partner,A,black,87,1
CUST102955,61,49.88,115,2,0.0,one-year,0,6,10.0,referral,B,white,88,0
CUST102956,46,67.33,340,3,0.0,month-to-month,0,5,5.6,organic,A,blue,82,0
CUST102957,26,110.64,225,2,12.2,month-to-month,1,4,2.6,referral,B,blue,22,1
CUST102958,40,32.52,590,3,4.1,month-to-month,0,6,6.0,organic,B,black,7,0
CUST102959,27,30.86,315,4,4.1,month-to-month,0,4,8.0,organic,C,yellow,30,0
CUST102960,36,143.12,475,3,3.7,month-to-month,0,4,2.0,ads,B,white,50,0
CUST102961,27,31.19,400,4,7.0,one-year,0,3,3.9,referral,B,red,93,0
CUST102962,34,145.18,368,2,1.1,month-to-month,1,3,3.1,ads,A,red,80,0
CUST102963,23,114.26,295,3,6.5,one-year,0,4,4.4,organic,A,black,93,0
CUST102964,52,82.76,356,2,0.0,two-year,1,2,7.5,organic,B,blue,80,0
CUST102965,30,28.13,427,2,4.5,month-to-month,0,4,5.2,organic,C,white,67,1
CUST102966,40,75.76,378,5,6.2,month-to-month,1,1,10.0,organic,B,red,74,0
CUST102967,70,136.61,487,7,12.7,one-year,1,1,3.5,ads,C,blue,36,1
CUST102968,19,102.54,194,8,3.2,month-to-month,0,2,3.6,organic,A,blue,45,1
CUST102969,49,63.12,231,4,5.6,month-to-month,0,5,7.5,referral,B,yellow,72,1
CUST102970,20,83.28,518,5,12.4,month-to-month,0,2,1.9,ads,B,green,93,1
CUST102971,31,99.08,286,1,3.3,month-to-month,0,3,7.3,ads,A,yellow,7,0
CUST102972,39,51.21,217,3,5.7,one-year,0,1,3.7,ads,A,green,7,0
CUST102973,55,117.54,457,2,0.0,month-to-month,1,6,10.0,referral,B,yellow,55,0
CUST102974,63,105.89,397,2,0.0,month-to-month,1,4,7.7,referral,A,green,37,0
CUST102975,32,105.0,531,8,6.8,two-year,0,3,3.0,referral,A,black,49,0
CUST102976,37,119.54,79,0,0.0,month-to-month,0,6,10.0,referral,B,blue,89,0
CUST102977,31,115.69,194,2,0.0,month-to-month,0,1,9.0,organic,C,green,98,1
CUST102978,26,88.14,487,3,3.7,one-year,0,5,7.0,referral,B,green,37,0
CUST102979,46,132.04,490,6,4.7,month-to-month,1,1,5.2,ads,C,blue,50,1
CUST102980,21,84.13,521,6,6.6,month-to-month,0,2,9.6,organic,B,blue,83,0
CUST102981,46,63.37,499,2,7.5,two-year,1,5,10.0,referral,A,green,32,0
CUST102982,23,57.13,428,2,2.0,one-year,0,4,7.3,referral,A,green,89,1
CUST102983,72,35.86,342,4,1.9,month-to-month,1,4,6.5,ads,B,yellow,3,0
CUST102984,1,116.2,176,5,7.4,month-to-month,0,2,3.9,organic,C,white,26,1
CUST102985,25,24.29,672,1,5.7,month-to-month,0,4,2.0,organic,C,red,48,0
CUST102986,52,124.92,293,4,1.4,two-year,1,4,5.8,partner,A,red,51,0
CUST102987,53,130.83,572,1,2.0,one-year,1,5,9.7,referral,B,green,45,0
CUST102988,35,101.38,341,5,4.5,month-to-month,0,2,4.5,partner,A,green,99,1
CUST102989,60,52.67,389,0,0.0,month-to-month,0,5,8.2,referral,B,green,29,0
CUST102990,72,46.11,313,0,6.4,two-year,1,6,9.7,organic,C,black,94,0
CUST102991,57,29.53,429,3,7.7,two-year,1,6,6.2,partner,A,black,53,0
CUST102992,40,137.15,484,1,0.0,month-to-month,0,2,6.5,ads,B,black,21,0
CUST102993,37,84.8,196,4,5.9,two-year,0,2,3.9,organic,B,yellow,53,0
CUST102994,20,69.58,486,4,6.6,month-to-month,0,1,3.2,organic,B,blue,87,0
CUST102995,23,148.95,634,2,4.3,one-year,0,2,7.9,referral,A,green,52,0
CUST102996,58,30.38,487,2,0.0,month-to-month,1,6,7.1,referral,C,black,45,0
CUST102997,41,121.88,524,4,0.3,month-to-month,0,5,3.2,partner,A,black,11,0
CUST102998,27,132.27,397,2,2.8,one-year,1,3,7.2,referral,B,black,42,0
CUST102999,32,123.67,352,2,3.0,two-year,1,2,5.2,referral,A,white,67,0
CUST103000,11,133.03,452,7,7.5,month-to-month,0,2,2.2,partner,A,white,13,0
CUST103001,25,59.81,278,0,5.8,month-to-month,0,3,7.3,partner,B,blue,28,0
CUST103002,32,143.83,384,2,7.6,one-year,1,1,7.3,organic,C,green,99,0
CUST103003,72,134.38,202,2,1.9,month-to-month,1,4,9.3,referral,A,red,17,0
CUST103004,31,104.57,271,2,0.0,month-to-month,1,4,7.6,ads,B,yellow,79,1
CUST103005,7,138.06,573,5,4.5,month-to-month,0,1,4.5,partner,C,blue,73,1
CUST103006,60,127.86,97,3,3.1,one-year,0,3,8.1,ads,B,blue,51,0
CUST103007,10,126.38,517,8,13.5,month-to-month,0,3,2.7,partner,B,yellow,95,1
CUST103008,30,31.66,681,2,0.0,one-year,0,4,9.7,organic,A,yellow,4,0
CUST103009,23,88.38,452,1,6.0,month-to-month,0,2,6.4,referral,B,white,27,0
CUST103010,30,64.65,295,1,0.0,two-year,1,3,5.9,referral,C,white,37,0
CUST103011,72,43.99,500,2,0.0,month-to-month,1,6,7.6,referral,A,white,15,0
CUST103012,34,100.52,233,6,17.1,month-to-month,0,4,6.1,ads,A,blue,83,1
CUST103013,36,105.37,316,5,9.3,month-to-month,1,1,4.1,ads,C,red,54,1
CUST103014,41,63.13,247,7,1.7,month-to-month,0,4,4.4,partner,B,red,93,1
CUST103015,63,96.33,248,1,0.0,two-year,1,3,7.4,referral,B,blue,48,0
CUST103016,7,125.63,534,6,14.3,month-to-month,0,3,5.6,ads,B,blue,67,1
CUST103017,1,112.31,396,6,8.7,month-to-month,0,2,1.0,ads,C,white,71,1
CUST103018,16,58.23,500,6,1.6,month-to-month,1,1,5.2,ads,A,blue,95,1
CUST103019,39,149.81,450,2,0.0,month-to-month,0,4,9.3,ads,A,yellow,24,0
CUST103020,61,133.54,220,1,0.9,month-to-month,1,5,8.0,referral,A,blue,43,1
CUST103021,32,119.52,382,8,7.9,one-year,0,3,6.3,ads,A,white,80,0
CUST103022,51,147.9,296,0,4.0,month-to-month,1,3,7.8,ads,A,yellow,30,0
CUST103023,33,129.13,358,3,0.0,month-to-month,1,5,9.8,referral,B,black,51,0
CUST103024,21,119.98,409,4,18.8,one-year,0,2,2.9,partner,A,green,69,1
CUST103025,13,130.34,380,0,3.2,month-to-month,0,3,5.7,referral,A,red,86,0
CUST103026,40,33.2,447,4,3.5,two-year,1,4,8.4,referral,A,black,80,0
CUST103027,52,95.26,437,2,0.0,month-to-month,0,4,8.9,organic,A,white,79,0
CUST103028,27,60.06,290,2,7.8,one-year,0,2,5.6,organic,C,white,52,0
CUST103029,45,82.93,434,1,8.3,month-to-month,1,4,6.5,organic,C,yellow,87,0
CUST103030,1,133.35,646,5,8.0,month-to-month,0,1,3.2,organic,A,yellow,27,1
CUST103031,3,61.53,349,2,0.0,one-year,1,2,8.0,partner,B,blue,61,0
CUST103032,50,32.19,230,0,1.1,two-year,1,3,9.1,ads,C,green,75,0
CUST103033,50,27.67,388,6,14.5,one-year,0,3,6.3,partner,A,blue,59,1
CUST103034,22,60.81,523,2,1.3,one-year,1,2,4.6,organic,B,yellow,11,0
CUST103035,60,52.85,505,3,12.8,one-year,1,3,6.7,ads,B,white,83,0
CUST103036,33,21.96,468,3,2.8,month-to-month,1,2,5.6,referral,B,yellow,11,0
CUST103037,18,64.46,626,2,0.0,month-to-month,1,3,9.3,referral,A,yellow,47,0
CUST103038,7,95.77,608,5,4.8,month-to-month,0,2,4.6,organic,B,blue,36,1
CUST103039,34,78.6,567,4,0.0,month-to-month,0,3,8.4,organic,B,black,92,0
CUST103040,37,23.85,385,4,0.0,two-year,1,1,6.4,ads,C,yellow,88,0
CUST103041,18,40.6,785,3,5.1,month-to-month,1,4,5.9,ads,A,green,36,1
CUST103042,4,69.62,333,3,3.9,month-to-month,0,4,6.5,partner,C,yellow,11,0
CUST103043,26,125.93,536,1,7.7,two-year,0,2,9.7,partner,B,black,19,0
CUST103044,47,89.32,335,1,0.0,month-to-month,1,4,7.2,referral,B,black,24,0
CUST103045,11,93.61,520,5,4.2,month-to-month,0,3,1.0,organic,A,blue,91,1
CUST103046,42,81.77,496,2,1.1,one-year,1,2,5.4,organic,A,white,51,0
CUST103047,35,134.47,377,4,4.4,month-to-month,0,5,6.5,ads,B,blue,14,0
CUST103048,57,120.67,149,3,2.6,two-year,0,4,4.5,ads,A,green,25,0
CUST103049,56,117.43,703,1,0.0,month-to-month,1,3,6.7,organic,A,blue,18,0
CUST103050,18,146.47,629,2,9.2,month-to-month,0,1,4.5,partner,C,yellow,19,1
CUST103051,41,22.67,614,5,11.7,one-year,0,3,1.0,partner,A,red,20,1
CUST103052,18,94.36,231,7,0.0,month-to-month,1,3,5.4,referral,B,white,64,0
CUST103053,23,45.58,549,3,0.0,month-to-month,0,3,3.2,referral,C,white,5,1
CUST103054,54,149.13,401,3,0.0,two-year,0,3,6.4,referral,A,green,22,0
CUST103055,7,55.23,366,3,6.5,month-to-month,1,2,3.8,ads,B,red,59,1
CUST103056,23,35.31,313,3,0.0,month-to-month,0,3,3.7,ads,A,blue,26,1
CUST103057,7,24.52,609,1,4.7,one-year,0,2,7.7,referral,B,blue,84,0
CUST103058,50,104.38,462,3,9.0,month-to-month,0,2,6.9,organic,B,red,85,1
CUST103059,17,23.08,422,2,6.7,month-to-month,1,4,5.3,partner,A,black,47,1
CUST103060,64,24.75,468,5,13.4,one-year,1,1,5.9,organic,C,red,94,0
CUST103061,33,55.36,446,6,0.0,month-to-month,0,3,5.3,referral,C,yellow,50,1
CUST103062,43,113.72,551,3,0.0,month-to-month,1,4,4.4,referral,C,green,19,0
CUST103063,22,103.77,150,4,10.7,month-to-month,0,4,3.4,ads,C,green,65,1
CUST103064,21,63.43,368,1,10.7,month-to-month,1,2,1.3,ads,B,yellow,37,1
CUST103065,50,53.83,239,5,7.6,month-to-month,1,3,4.6,ads,A,yellow,2,0
CUST103066,67,134.57,452,0,0.0,one-year,0,3,10.0,referral,B,green,93,0
CUST103067,48,75.99,216,5,0.0,month-to-month,0,2,5.3,ads,B,white,17,0
CUST103068,33,41.29,260,6,7.2,one-year,1,4,1.5,ads,B,blue,2,0
CUST103069,37,61.99,461,3,1.3,month-to-month,1,2,6.5,partner,B,blue,4,0
CUST103070,1,64.67,382,4,13.1,one-year,0,1,1.7,partner,A,red,5,1
CUST103071,64,88.09,466,1,0.0,two-year,1,6,9.2,referral,A,black,69,0
CUST103072,55,102.24,264,1,2.5,one-year,0,3,6.7,organic,A,yellow,97,0
CUST103073,72,85.62,389,1,8.3,month-to-month,1,5,9.0,referral,C,yellow,70,0
CUST103074,32,39.25,413,3,2.0,one-year,1,1,5.3,organic,C,black,41,0
CUST103075,46,111.34,242,1,1.5,two-year,1,4,8.6,organic,B,blue,14,0
CUST103076,20,28.98,329,1,0.0,two-year,1,3,5.0,referral,B,blue,33,0
CUST103077,58,92.58,443,4,0.0,month-to-month,0,4,7.2,organic,C,green,30,0
CUST103078,12,73.22,372,5,6.2,month-to-month,1,3,8.7,referral,A,white,58,1
CUST103079,28,45.1,310,4,0.0,one-year,0,4,9.4,organic,B,blue,29,0
CUST103080,47,114.68,450,2,3.9,one-year,0,3,7.9,referral,C,blue,71,0
CUST103081,37,67.78,354,2,2.7,month-to-month,0,4,6.5,ads,B,blue,1,0
CUST103082,13,83.41,457,10,6.0,one-year,0,1,4.5,ads,B,blue,42,1
CUST103083,25,111.0,492,3,6.9,month-to-month,1,3,7.5,ads,A,green,81,0
CUST103084,1,127.95,498,3,2.2,one-year,0,4,5.3,ads,C,white,82,0
CUST103085,40,41.66,436,3,0.2,two-year,1,4,8.2,partner,C,white,24,0
CUST103086,2,71.17,396,4,2.2,month-to-month,0,2,4.9,ads,A,black,93,1
CUST103087,62,30.24,414,2,0.0,month-to-month,1,1,8.9,referral,B,black,82,0
CUST103088,4,28.54,592,4,2.8,month-to-month,0,2,5.3,partner,B,red,1,1
CUST103089,5,89.68,330,0,0.0,one-year,1,2,4.4,ads,A,green,64,0
CUST103090,2,97.21,597,4,11.5,month-to-month,0,1,2.8,ads,A,blue,72,1
CUST103091,37,41.26,354,0,3.4,one-year,0,6,9.4,organic,A,black,57,0
CUST103092,53,39.61,482,0,1.1,two-year,1,3,7.5,referral,A,black,11,0
CUST103093,44,105.53,446,4,2.2,month-to-month,0,2,9.0,organic,A,red,28,1
CUST103094,31,128.48,508,4,12.1,month-to-month,1,2,6.7,organic,A,black,9,0
CUST103095,69,148.35,54,3,0.0,month-to-month,1,5,7.8,ads,B,green,97,0
CUST103096,47,56.91,493,2,0.0,month-to-month,1,4,10.0,ads,A,yellow,32,0
CUST103097,54,138.81,397,3,10.0,one-year,1,4,7.6,referral,B,red,84,0
CUST103098,45,115.36,502,1,5.9,one-year,0,5,1.0,referral,A,blue,11,1
CUST103099,24,23.58,458,1,5.9,two-year,0,3,6.9,referral,B,blue,73,0
CUST103100,50,57.96,540,5,9.0,month-to-month,1,4,4.6,ads,B,red,91,1
CUST103101,25,77.98,292,1,3.5,two-year,1,4,9.2,referral,A,green,9,0
CUST103102,70,64.18,183,2,0.0,two-year,1,3,8.2,partner,C,red,61,0
CUST103103,26,137.67,210,1,0.0,two-year,1,5,10.0,partner,A,red,91,0
CUST103104,36,140.22,354,3,8.9,one-year,0,3,6.4,referral,C,green,58,0
CUST103105,68,64.52,315,3,5.0,one-year,0,5,5.2,referral,C,green,73,0
CUST103106,17,71.89,487,3,8.8,month-to-month,0,2,4.3,referral,A,white,32,1
CUST103107,39,121.0,580,1,3.5,month-to-month,0,1,6.0,ads,B,green,65,0
CUST103108,51,40.57,514,2,0.0,month-to-month,1,1,7.5,organic,C,red,44,0
CUST103109,9,36.22,343,3,4.9,month-to-month,1,3,2.3,ads,C,green,46,0
CUST103110,49,116.75,407,6,4.6,month-to-month,0,2,4.9,ads,C,blue,37,1
CUST103111,35,88.46,497,1,3.8,month-to-month,1,1,5.6,referral,C,red,81,0
CUST103112,28,43.84,597,6,2.5,month-to-month,0,3,5.8,organic,C,red,79,1
CUST103113,13,131.79,559,2,13.9,month-to-month,0,3,8.4,ads,B,blue,93,0
CUST103114,27,74.2,559,5,8.7,month-to-month,0,3,6.4,organic,A,blue,19,0
CUST103115,30,100.16,473,2,6.7,one-year,1,3,3.4,organic,B,black,42,0
CUST103116,28,147.92,566,2,9.5,one-year,0,4,8.0,organic,B,white,30,0
CUST103117,20,143.26,524,4,1.1,month-to-month,0,2,7.2,ads,C,blue,58,1
CUST103118,39,34.21,218,2,3.7,month-to-month,0,3,4.5,organic,A,green,91,0
CUST103119,72,117.28,461,2,0.0,one-year,1,3,7.7,ads,A,black,11,0
CUST103120,15,120.0,309,2,3.6,month-to-month,1,1,6.6,ads,C,yellow,93,0
CUST103121,31,128.36,309,6,4.7,two-year,0,3,6.5,partner,A,yellow,37,0
CUST103122,51,138.51,440,2,1.4,one-year,0,2,7.2,organic,B,red,61,0
CUST103123,41,122.23,419,3,3.6,month-to-month,0,5,6.0,partner,C,black,11,1
CUST103124,33,85.61,390,4,2.0,one-year,1,3,4.6,partner,C,yellow,43,0
CUST103125,41,82.9,254,1,0.0,one-year,1,2,3.3,referral,C,white,79,0
CUST103126,20,120.07,399,1,3.4,one-year,0,2,7.3,partner,B,blue,21,0
CUST103127,56,92.77,265,2,1.7,one-year,1,4,6.7,ads,A,green,7,0
CUST103128,33,25.41,460,3,0.0,month-to-month,0,4,6.9,partner,B,black,54,0
CUST103129,8,42.89,416,6,13.0,one-year,0,3,5.6,organic,B,yellow,80,1
CUST103130,28,36.16,501,5,1.8,one-year,0,2,8.0,ads,A,red,48,0
CUST103131,18,34.69,291,0,0.0,one-year,0,3,6.7,partner,B,green,2,0
CUST103132,5,72.85,574,7,11.3,month-to-month,0,4,4.2,partner,C,black,18,1
CUST103133,54,36.45,447,5,0.0,two-year,0,3,4.0,referral,A,yellow,1,0
CUST103134,42,77.07,860,2,0.1,one-year,0,3,5.1,ads,A,black,38,0
CUST103135,68,139.57,309,2,0.4,two-year,0,2,8.5,organic,B,yellow,19,0
CUST103136,39,73.24,633,5,0.8,month-to-month,0,5,9.1,ads,A,white,96,0
CUST103137,35,84.77,320,3,11.4,one-year,0,2,3.3,ads,B,blue,78,1
CUST103138,46,31.12,555,1,0.0,one-year,1,1,4.4,ads,B,black,92,0
CUST103139,52,137.35,485,3,6.1,month-to-month,0,1,6.3,organic,A,green,56,0
CUST103140,55,124.74,226,5,8.0,two-year,1,2,2.5,organic,A,black,28,0
CUST103141,1,78.77,383,4,7.1,month-to-month,0,3,1.2,organic,A,black,70,1
CUST103142,9,88.02,544,2,7.3,month-to-month,0,3,9.5,ads,C,black,70,1
CUST103143,33,141.14,393,5,8.5,month-to-month,1,2,8.2,ads,B,red,82,1
CUST103144,33,75.14,549,2,10.2,month-to-month,1,2,8.0,ads,A,yellow,90,0
CUST103145,27,35.85,493,4,3.5,month-to-month,0,3,7.8,ads,B,blue,94,0
CUST103146,8,96.94,563,5,8.9,one-year,1,2,1.9,partner,A,green,61,1
CUST103147,30,63.0,487,6,10.4,month-to-month,0,4,4.1,organic,B,black,64,1
CUST103148,57,64.39,298,5,6.8,month-to-month,0,3,5.8,partner,A,red,66,1
CUST103149,19,138.44,429,2,3.1,one-year,0,1,3.9,partner,B,white,23,0
CUST103150,55,106.9,444,4,0.0,one-year,0,3,7.1,organic,A,white,79,0
CUST103151,30,113.19,421,6,6.2,two-year,0,5,8.3,ads,B,green,64,0
CUST103152,1,112.84,324,5,16.2,month-to-month,0,1,1.2,partner,C,red,51,1
CUST103153,43,101.43,389,3,6.5,month-to-month,0,5,5.3,organic,C,black,40,0
CUST103154,7,144.94,497,7,3.0,month-to-month,1,3,6.3,partner,A,black,94,0
CUST103155,17,51.26,426,6,7.9,month-to-month,0,3,1.5,organic,A,green,79,1
CUST103156,16,79.98,113,5,2.2,one-year,0,2,3.1,partner,C,yellow,34,0
CUST103157,51,107.89,589,1,6.0,month-to-month,1,4,5.3,referral,B,yellow,54,0
CUST103158,36,39.04,362,0,7.9,month-to-month,1,2,8.6,referral,A,blue,24,0
CUST103159,46,52.15,208,5,5.2,month-to-month,1,2,6.3,partner,C,blue,27,0
CUST103160,16,59.88,420,7,0.0,month-to-month,0,3,5.0,ads,B,red,31,1
CUST103161,34,68.86,340,3,3.1,one-year,1,3,6.0,ads,C,red,74,0
CUST103162,1,64.46,304,1,5.3,month-to-month,0,3,3.9,organic,B,green,66,1
CUST103163,59,27.14,443,2,4.0,one-year,1,3,6.6,ads,A,white,94,0
CUST103164,30,68.37,601,3,0.0,month-to-month,0,2,4.2,partner,A,yellow,49,0
CUST103165,3,43.92,480,5,11.2,month-to-month,0,2,5.0,ads,A,blue,93,1
CUST103166,14,31.74,243,4,9.0,month-to-month,0,5,3.9,organic,B,green,82,1
CUST103167,30,53.64,386,3,0.0,two-year,1,1,5.5,ads,A,white,17,0
CUST103168,46,50.11,364,2,0.7,month-to-month,0,2,6.0,ads,A,red,26,0
CUST103169,3,38.15,489,4,4.0,month-to-month,0,3,5.6,organic,A,green,83,1
CUST103170,23,37.04,170,2,13.8,one-year,1,4,6.4,ads,C,yellow,24,0
CUST103171,70,113.49,496,3,1.0,month-to-month,1,4,6.6,organic,A,yellow,23,0
CUST103172,3,149.45,300,1,4.9,month-to-month,0,1,5.9,ads,B,red,73,0
CUST103173,47,24.96,346,0,0.1,one-year,0,5,8.3,referral,B,white,78,0
CUST103174,57,85.51,539,2,9.3,one-year,0,3,4.8,partner,A,red,19,0
CUST103175,36,41.18,464,1,0.0,month-to-month,0,3,3.7,ads,B,red,3,1
CUST103176,20,36.41,490,5,7.5,month-to-month,0,1,5.7,ads,C,blue,13,1
CUST103177,38,39.91,546,4,4.1,month-to-month,1,3,4.1,ads,A,white,79,0
CUST103178,42,106.73,384,0,0.6,two-year,1,4,7.9,referral,B,white,5,0
CUST103179,62,35.24,291,2,0.0,one-year,1,3,7.2,ads,A,blue,8,0
CUST103180,42,94.7,454,1,0.0,one-year,0,6,7.6,referral,A,yellow,82,0
CUST103181,13,49.45,528,4,6.2,month-to-month,1,6,6.6,referral,B,blue,91,0
CUST103182,17,144.28,429,1,0.0,month-to-month,1,2,3.4,partner,B,white,89,0
CUST103183,18,85.02,592,1,11.3,two-year,0,1,3.1,referral,A,red,96,1
CUST103184,22,126.19,378,2,7.7,month-to-month,0,3,7.9,ads,C,black,76,0
CUST103185,48,142.75,393,1,2.7,one-year,1,3,7.6,ads,A,black,6,0
CUST103186,40,61.65,272,5,7.8,month-to-month,0,3,4.5,ads,B,black,1,1
CUST103187,57,21.56,297,1,6.0,one-year,1,4,7.6,referral,A,black,13,0
CUST103188,51,147.36,448,3,3.5,month-to-month,0,4,9.8,ads,B,black,4,1
CUST103189,58,42.73,254,0,3.7,two-year,1,3,10.0,organic,C,yellow,11,0
CUST103190,15,76.17,412,3,8.6,two-year,1,1,6.2,ads,B,black,36,1
CUST103191,12,76.39,415,5,6.3,month-to-month,1,2,7.3,referral,B,green,44,0
CUST103192,65,38.16,496,3,0.0,two-year,1,4,7.9,referral,B,blue,77,0
CUST103193,41,82.07,545,5,4.3,month-to-month,1,4,3.0,ads,B,blue,56,0
CUST103194,16,118.5,485,2,8.7,one-year,0,2,1.0,ads,C,yellow,89,1
CUST103195,5,72.41,702,6,9.7,month-to-month,0,3,2.2,partner,B,yellow,54,1
CUST103196,52,35.21,435,3,4.2,month-to-month,1,1,3.8,referral,A,white,98,0
CUST103197,12,94.92,646,3,6.7,month-to-month,0,2,5.6,ads,C,yellow,68,1
CUST103198,57,142.54,107,4,5.1,month-to-month,1,5,6.7,ads,C,red,38,0
CUST103199,60,30.21,466,2,5.2,month-to-month,0,2,6.7,ads,A,white,33,0
CUST103200,53,55.06,370,3,0.0,one-year,1,3,8.8,ads,A,red,80,0
CUST103201,52,141.65,465,2,7.0,one-year,0,3,5.2,referral,B,blue,9,1
CUST103202,19,98.36,462,3,11.5,two-year,1,4,5.4,ads,B,yellow,38,0
CUST103203,61,85.25,529,3,0.0,month-to-month,1,2,4.9,organic,A,black,28,0
CUST103204,30,61.11,515,6,12.8,month-to-month,1,1,6.5,ads,A,red,42,0
CUST103205,37,95.53,443,4,6.9,month-to-month,0,3,4.0,partner,C,white,6,0
CUST103206,34,82.69,267,5,2.8,month-to-month,0,3,5.4,ads,C,white,22,1
CUST103207,53,95.51,498,3,4.8,two-year,0,2,9.5,referral,A,blue,33,0
CUST103208,72,47.73,262,3,9.1,two-year,1,4,10.0,organic,C,red,55,0
CUST103209,40,86.79,307,1,1.0,month-to-month,1,3,7.1,organic,C,green,25,0
CUST103210,64,31.42,482,1,0.0,one-year,0,3,9.0,organic,B,white,43,0
CUST103211,15,76.52,444,5,0.0,month-to-month,0,1,3.1,ads,A,black,83,1
CUST103212,68,40.85,293,2,0.0,two-year,1,4,10.0,organic,C,black,92,0
CUST103213,68,47.52,250,0,0.1,two-year,1,6,8.5,ads,A,red,68,0
CUST103214,50,90.51,436,3,9.1,one-year,1,4,7.7,organic,C,red,33,0
CUST103215,72,130.57,392,2,6.1,two-year,0,3,8.4,ads,C,yellow,40,0
CUST103216,3,81.67,349,7,6.3,two-year,1,1,6.2,partner,A,green,37,0
CUST103217,22,112.83,505,1,8.8,month-to-month,0,3,6.1,ads,A,blue,1,0
CUST103218,30,70.68,416,7,1.6,month-to-month,1,2,6.8,organic,B,blue,91,0
CUST103219,58,20.07,553,2,2.1,month-to-month,1,3,8.2,ads,A,yellow,8,0
CUST103220,26,124.07,497,7,6.6,one-year,1,2,4.5,ads,C,red,58,0
CUST103221,64,136.46,219,2,0.0,two-year,1,2,9.3,ads,A,yellow,92,0
CUST103222,43,60.31,183,1,0.0,month-to-month,1,4,9.2,organic,C,red,88,0
CUST103223,27,148.2,528,1,5.3,month-to-month,0,6,5.8,partner,C,yellow,7,0
CUST103224,44,29.02,567,2,7.5,month-to-month,1,3,5.1,ads,B,yellow,89,0
CUST103225,23,44.46,497,7,6.4,one-year,0,2,5.3,ads,A,blue,33,1
CUST103226,34,109.25,311,5,6.2,month-to-month,1,3,6.9,ads,B,blue,30,0
CUST103227,51,107.96,607,0,0.0,month-to-month,1,4,10.0,referral,B,white,56,0
CUST103228,40,141.52,489,0,2.8,two-year,0,2,4.5,organic,C,blue,86,0
CUST103229,34,125.36,554,4,3.1,one-year,0,2,6.5,organic,A,yellow,85,0
CUST103230,31,45.18,511,2,4.9,month-to-month,1,2,6.8,ads,B,black,7,0
CUST103231,7,52.44,366,7,8.2,one-year,0,3,4.0,ads,A,green,81,1
CUST103232,20,33.3,428,5,3.4,month-to-month,0,2,6.7,ads,B,yellow,13,1
CUST103233,53,56.2,394,3,0.0,one-year,1,3,10.0,referral,A,yellow,79,0
CUST103234,33,86.62,679,5,5.1,month-to-month,0,4,2.8,ads,C,black,69,0
CUST103235,41,51.73,467,2,0.0,month-to-month,0,4,5.0,partner,A,white,83,0
CUST103236,72,111.68,493,2,2.1,month-to-month,1,4,8.6,referral,B,yellow,42,0
CUST103237,23,138.65,424,5,10.0,month-to-month,0,1,6.4,partner,B,black,12,1
CUST103238,30,45.26,257,2,2.9,one-year,0,1,7.0,referral,B,white,18,0
CUST103239,72,146.36,302,2,1.9,month-to-month,1,6,5.1,ads,B,white,47,0
CUST103240,42,142.37,413,2,3.0,one-year,1,6,4.6,organic,C,green,20,0
CUST103241,72,62.94,187,0,0.0,one-year,1,5,10.0,organic,B,red,31,0
CUST103242,25,90.64,342,2,9.2,one-year,1,2,3.4,ads,C,blue,32,0
CUST103243,58,113.96,451,0,1.9,month-to-month,1,3,8.3,ads,A,white,61,0
CUST103244,42,128.99,392,8,7.7,one-year,0,1,8.2,ads,B,black,4,0
CUST103245,29,48.58,470,4,1.6,two-year,1,3,5.5,referral,B,black,34,0
CUST103246,47,103.57,516,0,8.2,month-to-month,1,1,6.4,referral,B,yellow,94,0
CUST103247,7,121.14,266,4,3.5,month-to-month,1,4,4.5,organic,B,green,7,1
CUST103248,36,66.11,433,5,10.2,one-year,1,4,7.5,ads,A,green,17,0
CUST103249,3,128.57,368,5,8.8,month-to-month,0,1,5.1,ads,A,white,54,1
CUST103250,49,103.79,311,2,0.0,one-year,1,4,4.7,organic,A,yellow,53,0
CUST103251,45,87.05,337,5,0.0,month-to-month,0,5,6.9,partner,A,black,46,0
CUST103252,51,41.24,485,1,5.6,month-to-month,1,3,9.0,referral,B,black,70,0
CUST103253,53,144.23,229,1,0.0,one-year,1,3,4.7,organic,A,green,81,0
CUST103254,31,39.86,311,3,3.5,month-to-month,1,3,6.9,partner,B,white,56,0
CUST103255,34,109.39,370,4,4.6,one-year,0,5,4.5,referral,A,white,66,0
CUST103256,39,25.18,493,2,4.7,month-to-month,0,3,4.0,ads,A,red,52,0
CUST103257,43,43.49,348,3,10.4,two-year,1,3,1.0,partner,B,red,45,0
CUST103258,33,110.73,317,3,2.3,month-to-month,0,6,10.0,organic,C,white,56,0
CUST103259,30,77.78,367,3,0.0,two-year,1,3,8.0,ads,A,white,78,0
CUST103260,22,141.62,604,4,0.0,month-to-month,0,1,4.7,organic,A,blue,11,0
CUST103261,52,83.33,671,1,7.0,one-year,0,3,7.2,ads,A,blue,20,0
CUST103262,43,60.93,446,2,5.7,two-year,0,3,3.3,ads,C,black,45,0
CUST103263,36,149.38,90,4,3.3,two-year,1,3,6.2,organic,B,blue,87,0
CUST103264,49,41.68,533,1,1.0,month-to-month,0,4,10.0,ads,C,blue,45,0
CUST103265,72,61.11,281,2,0.0,two-year,1,6,10.0,organic,A,black,8,0
CUST103266,32,135.25,475,6,9.9,month-to-month,0,1,4.1,organic,A,red,42,1
CUST103267,53,132.76,237,3,0.0,month-to-month,0,2,7.9,partner,A,green,76,0
CUST103268,54,100.93,272,7,10.1,month-to-month,0,4,7.5,ads,C,red,30,0
CUST103269,30,41.02,412,3,3.6,month-to-month,1,2,4.9,referral,A,white,98,0
CUST103270,31,88.32,472,3,0.0,month-to-month,0,2,4.5,organic,C,white,62,1
CUST103271,26,105.91,97,4,12.0,month-to-month,1,3,8.0,referral,B,yellow,80,0
CUST103272,48,65.12,297,0,5.3,two-year,1,2,5.3,ads,B,blue,4,0
CUST103273,58,141.5,533,4,1.1,two-year,1,1,10.0,organic,A,black,10,0
CUST103274,31,52.73,315,2,12.3,month-to-month,1,2,4.1,partner,B,blue,42,1
CUST103275,8,46.57,277,3,0.0,month-to-month,1,4,10.0,referral,A,black,26,0
CUST103276,30,71.02,366,4,0.0,month-to-month,1,5,7.7,ads,B,red,21,0
CUST103277,5,39.24,629,2,13.0,month-to-month,1,2,8.1,referral,C,green,53,0
CUST103278,40,95.85,531,3,5.8,one-year,0,2,9.1,organic,A,yellow,55,0
CUST103279,46,27.95,466,0,6.7,one-year,1,4,9.8,partner,C,red,91,0
CUST103280,30,27.33,400,1,9.9,month-to-month,1,1,4.2,ads,A,blue,42,0
CUST103281,22,42.77,511,1,0.0,two-year,1,2,5.0,organic,A,blue,28,0
CUST103282,20,36.43,517,4,11.7,month-to-month,0,3,3.1,ads,A,red,34,1
CUST103283,57,20.52,337,3,2.2,two-year,1,3,5.5,referral,A,yellow,98,0
CUST103284,1,96.78,316,2,13.4,one-year,0,1,4.6,ads,B,yellow,31,0
CUST103285,32,100.28,388,2,5.5,one-year,1,4,7.3,referral,A,blue,94,0
CUST103286,32,140.49,542,3,10.1,one-year,0,4,8.0,referral,C,white,36,1
CUST103287,60,22.98,534,1,2.7,two-year,1,3,5.2,ads,A,green,24,0
CUST103288,54,30.0,373,5,0.1,one-year,0,2,2.4,ads,C,white,35,0
CUST103289,41,72.97,325,4,6.9,month-to-month,1,2,8.6,ads,C,white,46,1
CUST103290,42,65.11,528,0,0.0,one-year,1,6,9.0,referral,A,red,95,0
CUST103291,19,89.85,381,7,7.3,month-to-month,0,3,2.8,partner,A,white,33,1
CUST103292,45,51.21,555,3,0.0,month-to-month,1,3,10.0,referral,A,white,85,0
CUST103293,29,91.84,424,3,2.7,month-to-month,0,3,8.6,referral,C,green,65,1
CUST103294,1,133.45,493,5,8.7,month-to-month,0,1,3.3,partner,A,yellow,22,1
CUST103295,25,93.58,337,5,5.0,month-to-month,0,3,4.1,partner,B,green,44,1
CUST103296,47,116.38,613,1,0.0,month-to-month,1,4,7.0,referral,A,blue,13,0
CUST103297,26,104.28,276,3,6.5,one-year,0,3,2.4,partner,B,yellow,26,1
CUST103298,1,130.46,508,1,8.6,month-to-month,0,4,5.8,partner,A,white,87,1
CUST103299,52,37.24,299,3,0.0,month-to-month,0,5,8.9,referral,A,black,81,0
CUST103300,4,37.6,597,2,0.2,two-year,1,2,8.4,referral,C,black,12,0
CUST103301,41,136.42,257,5,12.2,month-to-month,0,1,7.4,ads,A,yellow,31,0
CUST103302,46,127.9,658,6,2.3,two-year,1,3,8.2,referral,A,red,40,0
CUST103303,20,38.21,652,3,9.0,month-to-month,1,3,6.5,ads,B,green,50,0
CUST103304,58,36.37,535,0,0.0,month-to-month,0,6,4.4,organic,B,black,27,0
CUST103305,34,128.53,523,3,5.6,month-to-month,1,2,7.5,ads,B,yellow,51,0
CUST103306,43,145.95,512,1,7.0,two-year,0,4,9.0,organic,A,green,85,0
CUST103307,52,88.42,341,3,4.1,month-to-month,1,3,4.9,ads,B,red,30,1
CUST103308,11,82.38,359,0,0.0,one-year,0,6,9.3,partner,A,white,29,0
CUST103309,29,43.21,482,5,0.0,one-year,1,3,7.4,ads,A,yellow,45,0
CUST103310,21,24.19,596,4,16.6,month-to-month,1,4,5.5,ads,B,blue,44,1
CUST103311,38,56.0,515,1,1.0,two-year,1,6,7.8,referral,B,yellow,1,0
CUST103312,72,144.01,200,2,0.0,month-to-month,1,5,10.0,referral,C,green,62,0
CUST103313,7,107.99,518,5,4.7,one-year,1,1,5.3,ads,C,blue,25,0
CUST103314,22,35.1,355,3,6.7,month-to-month,1,2,3.3,ads,A,white,13,0
CUST103315,12,26.59,513,1,0.0,two-year,0,2,8.0,organic,C,blue,89,0
CUST103316,58,116.78,344,3,1.8,month-to-month,0,2,6.9,ads,C,blue,85,0
CUST103317,21,63.16,541,7,1.2,month-to-month,1,2,2.4,ads,C,red,66,0
CUST103318,43,147.4,513,1,6.4,month-to-month,1,6,10.0,ads,A,green,87,0
CUST103319,63,83.09,409,0,0.0,two-year,1,3,10.0,referral,C,red,32,0
CUST103320,48,63.43,279,1,0.0,one-year,0,3,4.3,referral,C,yellow,59,0
CUST103321,30,50.53,583,6,3.1,month-to-month,1,3,3.7,ads,A,white,48,0
CUST103322,57,117.2,447,3,6.1,month-to-month,0,3,3.2,ads,A,white,89,0
CUST103323,46,79.99,405,3,3.3,two-year,1,5,5.9,organic,B,yellow,79,0
CUST103324,42,113.13,445,1,0.0,month-to-month,1,2,8.7,referral,C,blue,35,0
CUST103325,33,97.48,262,2,1.1,month-to-month,1,2,5.5,referral,B,red,38,0
CUST103326,30,142.51,509,4,1.5,month-to-month,0,2,8.5,referral,A,red,92,0
CUST103327,6,22.53,383,3,0.0,month-to-month,0,4,7.5,referral,A,yellow,85,0
CUST103328,23,102.44,423,3,3.6,month-to-month,0,3,6.0,referral,A,black,23,0
CUST103329,58,76.72,450,1,0.0,one-year,0,6,7.8,organic,A,white,7,0
CUST103330,38,121.97,198,5,0.0,month-to-month,1,1,9.6,partner,A,black,4,0
CUST103331,5,109.53,160,1,2.9,month-to-month,1,3,3.7,ads,C,green,32,0
CUST103332,72,68.89,203,1,0.0,month-to-month,1,5,7.6,referral,B,green,55,0
CUST103333,21,68.14,320,3,5.7,one-year,1,1,9.5,ads,A,blue,64,0
CUST103334,22,23.71,389,8,0.0,one-year,1,4,9.2,referral,A,black,13,0
CUST103335,3,148.86,204,2,0.0,month-to-month,0,3,3.3,organic,C,black,81,1
CUST103336,1,117.31,243,2,12.1,month-to-month,1,1,3.7,organic,B,green,39,1
CUST103337,40,39.54,433,3,1.7,month-to-month,1,4,5.0,partner,C,yellow,1,0
CUST103338,37,92.49,267,1,8.2,month-to-month,0,2,10.0,partner,A,white,44,0
CUST103339,54,140.18,332,2,1.8,one-year,1,5,9.2,referral,A,green,77,0
CUST103340,62,38.89,570,1,0.7,two-year,0,5,7.8,referral,B,black,17,0
CUST103341,23,133.17,462,4,3.9,month-to-month,1,2,7.4,referral,A,yellow,41,0
CUST103342,35,113.59,209,6,2.5,one-year,0,3,2.8,organic,C,white,52,0
CUST103343,72,62.15,434,1,2.9,one-year,1,2,10.0,ads,B,white,7,0
CUST103344,18,44.15,473,3,13.4,one-year,0,3,4.0,ads,A,blue,17,0
CUST103345,67,101.79,539,1,0.0,one-year,0,4,10.0,referral,A,yellow,2,0
CUST103346,29,76.44,500,5,2.4,two-year,0,2,5.5,organic,A,red,27,1
CUST103347,69,56.82,485,3,7.1,month-to-month,1,4,10.0,ads,A,black,51,0
CUST103348,21,128.87,427,3,2.3,two-year,1,5,3.0,organic,A,yellow,66,0
CUST103349,10,149.26,480,7,0.0,two-year,1,1,4.2,partner,A,white,50,1
CUST103350,24,88.97,539,1,0.1,month-to-month,0,5,5.2,organic,A,green,82,1
CUST103351,19,31.53,402,4,11.8,month-to-month,1,1,2.3,referral,A,white,7,1
CUST103352,33,37.55,324,3,4.6,one-year,1,5,8.2,referral,B,yellow,29,0
CUST103353,34,123.25,401,6,0.0,two-year,1,4,7.2,referral,B,yellow,49,0
CUST103354,40,142.17,366,3,7.1,month-to-month,1,3,3.8,referral,A,green,34,1
CUST103355,28,34.1,403,4,1.2,month-to-month,1,4,6.2,partner,A,black,72,0
CUST103356,25,41.88,163,4,0.0,one-year,1,2,8.1,ads,A,yellow,34,0
CUST103357,5,137.29,556,5,9.0,month-to-month,0,2,1.0,ads,C,yellow,17,1
CUST103358,30,84.74,449,2,2.6,one-year,1,3,4.9,referral,A,red,19,1
CUST103359,10,146.23,566,3,0.7,month-to-month,0,3,4.4,partner,A,black,51,1
CUST103360,1,71.36,291,5,2.4,one-year,0,3,4.8,partner,C,green,30,1
CUST103361,17,44.18,484,8,5.1,month-to-month,0,3,3.9,partner,B,white,77,1
CUST103362,6,35.0,394,5,8.6,month-to-month,0,1,5.4,ads,B,yellow,83,1
CUST103363,34,89.34,435,4,8.6,one-year,0,2,5.3,referral,B,blue,27,0
CUST103364,6,98.92,499,4,0.4,month-to-month,1,2,6.7,ads,C,white,67,1
CUST103365,51,86.63,527,0,0.0,one-year,1,3,6.9,referral,A,green,96,0
CUST103366,57,98.72,354,5,3.7,one-year,0,4,6.0,partner,A,green,65,0
CUST103367,24,114.56,354,8,0.0,one-year,1,5,6.2,referral,B,yellow,35,0
CUST103368,37,96.77,462,4,3.7,month-to-month,0,6,9.7,referral,A,black,28,0
CUST103369,19,118.37,16,4,6.0,one-year,1,2,7.0,referral,A,yellow,13,0
CUST103370,15,96.4,522,4,5.5,month-to-month,0,4,5.2,organic,B,blue,69,0
CUST103371,45,146.72,461,7,2.3,month-to-month,0,3,6.2,ads,B,white,99,0
CUST103372,56,107.44,445,2,2.0,one-year,0,4,9.7,ads,B,blue,67,0
CUST103373,60,119.9,444,0,0.0,month-to-month,1,5,7.7,referral,C,blue,50,0
CUST103374,1,65.44,199,6,13.0,month-to-month,0,2,3.3,ads,A,red,75,1
CUST103375,29,49.48,389,1,9.0,month-to-month,0,2,4.4,organic,B,black,16,0
CUST103376,50,83.68,452,4,6.1,two-year,0,3,8.3,partner,C,white,58,0
CUST103377,42,111.49,447,2,5.8,month-to-month,0,2,5.4,partner,B,blue,3,0
CUST103378,52,32.36,697,3,6.3,month-to-month,1,5,8.6,organic,A,blue,11,0
CUST103379,10,108.85,357,5,1.6,month-to-month,0,3,4.5,ads,A,black,90,1
CUST103380,67,101.07,476,1,0.0,two-year,1,5,10.0,organic,A,white,21,0
CUST103381,60,124.14,229,2,11.4,one-year,0,6,10.0,partner,C,white,12,0
CUST103382,12,145.26,284,0,0.0,month-to-month,1,2,6.2,organic,A,green,80,0
CUST103383,32,81.54,607,4,0.0,month-to-month,1,6,8.2,ads,A,blue,53,0
CUST103384,63,24.21,371,3,3.9,two-year,1,4,5.7,organic,A,red,15,0
CUST103385,42,116.54,433,2,0.0,one-year,0,3,4.3,ads,C,red,81,0
CUST103386,3,31.62,456,2,9.4,month-to-month,0,3,4.7,ads,C,black,21,1
CUST103387,49,54.24,607,1,8.7,month-to-month,0,2,4.7,ads,B,red,92,0
CUST103388,48,102.04,412,3,6.8,month-to-month,1,3,10.0,referral,A,green,73,0
CUST103389,49,46.62,338,3,3.8,month-to-month,0,3,5.2,organic,B,yellow,86,0
CUST103390,8,140.16,325,3,4.0,month-to-month,0,2,5.6,partner,C,blue,16,0
CUST103391,36,33.44,443,2,2.8,month-to-month,0,2,5.6,ads,B,green,76,0
CUST103392,48,98.9,524,3,9.3,two-year,0,1,6.4,ads,B,yellow,57,0
CUST103393,30,125.8,336,3,0.0,one-year,1,4,9.1,partner,A,blue,10,0
CUST103394,60,90.01,321,2,1.4,one-year,0,3,5.4,ads,B,yellow,79,0
CUST103395,10,26.05,516,4,1.7,month-to-month,0,3,4.1,ads,B,red,70,1
CUST103396,67,106.01,555,0,2.1,month-to-month,1,2,5.3,ads,A,black,60,0
CUST103397,52,149.09,617,3,0.0,month-to-month,1,3,5.2,ads,B,blue,44,0
CUST103398,49,137.18,437,1,0.0,month-to-month,0,4,7.8,ads,B,yellow,5,0
CUST103399,20,125.08,476,3,10.6,month-to-month,0,5,5.9,organic,A,green,36,1
CUST103400,44,42.91,472,3,0.4,month-to-month,1,4,5.9,partner,A,blue,63,1
CUST103401,54,138.53,143,3,6.5,two-year,1,4,9.0,organic,C,green,6,0
CUST103402,18,94.1,574,4,0.5,month-to-month,1,3,6.4,ads,A,green,87,0
CUST103403,63,110.09,528,4,5.3,month-to-month,0,2,5.8,organic,B,white,73,0
CUST103404,46,78.67,466,5,2.2,month-to-month,1,4,6.6,partner,A,black,17,0
CUST103405,13,59.23,457,7,6.1,month-to-month,0,2,2.5,partner,A,white,20,1
CUST103406,43,96.03,438,1,0.0,month-to-month,1,5,6.8,partner,B,red,36,0
CUST103407,38,71.28,696,1,2.6,one-year,1,2,5.2,ads,C,blue,26,0
CUST103408,31,138.43,185,4,3.1,month-to-month,0,4,7.9,organic,A,green,37,0
CUST103409,72,47.17,360,1,0.6,one-year,1,5,8.4,ads,C,blue,5,0
CUST103410,28,142.58,425,3,0.0,one-year,0,2,4.8,ads,C,white,13,0
CUST103411,43,84.75,575,6,1.9,month-to-month,1,3,6.7,partner,B,blue,73,0
CUST103412,53,31.99,468,1,0.0,two-year,1,3,10.0,referral,B,blue,49,0
CUST103413,29,108.14,332,6,5.5,one-year,1,4,3.6,ads,B,green,44,1
CUST103414,17,30.67,310,2,0.0,two-year,0,3,7.0,ads,A,red,3,0
CUST103415,52,125.44,445,5,5.9,month-to-month,0,2,7.2,referral,A,green,87,0
CUST103416,34,68.08,374,3,4.9,two-year,1,3,8.1,organic,B,green,96,0
CUST103417,34,107.57,692,2,0.0,month-to-month,0,2,6.0,referral,B,blue,11,1
CUST103418,16,97.82,450,1,11.7,month-to-month,1,4,3.8,ads,A,white,34,0
CUST103419,24,60.9,329,4,3.2,one-year,0,1,5.3,partner,A,black,67,0
CUST103420,40,61.62,663,3,4.4,one-year,1,3,3.4,referral,C,yellow,82,0
CUST103421,30,147.07,296,1,2.1,two-year,0,3,6.3,referral,A,blue,77,0
CUST103422,62,97.63,431,5,6.8,month-to-month,0,3,8.7,referral,A,black,57,0
CUST103423,29,134.52,338,3,2.1,one-year,1,2,8.7,referral,A,yellow,6,0
CUST103424,17,55.43,328,5,12.4,one-year,0,4,3.2,ads,A,red,29,1
CUST103425,37,114.57,463,2,0.0,two-year,1,3,10.0,referral,A,black,73,0
CUST103426,45,61.15,543,2,4.7,one-year,1,2,10.0,ads,C,red,7,0
CUST103427,52,35.1,506,1,0.0,two-year,1,3,8.0,referral,C,red,30,0
CUST103428,39,101.4,315,3,6.7,two-year,1,3,8.4,referral,A,blue,3,0
CUST103429,67,68.42,579,3,0.0,month-to-month,1,3,4.1,referral,C,white,90,0
CUST103430,32,35.43,482,0,7.6,month-to-month,0,2,4.9,organic,B,red,21,1
CUST103431,61,84.48,107,0,0.0,two-year,1,4,8.7,referral,B,green,99,0
CUST103432,31,73.61,520,4,2.8,one-year,1,2,5.5,referral,C,black,13,1
CUST103433,37,55.12,571,4,13.4,month-to-month,1,4,10.0,referral,A,black,25,0
CUST103434,45,35.91,439,1,0.2,two-year,1,5,10.0,referral,A,yellow,43,0
CUST103435,37,99.24,495,1,2.1,month-to-month,0,3,9.6,organic,A,yellow,53,0
CUST103436,42,36.62,666,3,0.0,month-to-month,1,6,7.3,ads,A,yellow,60,0
CUST103437,48,125.15,87,2,4.8,month-to-month,0,2,2.8,ads,C,yellow,88,0
CUST103438,22,22.22,497,5,11.0,month-to-month,0,2,3.6,organic,C,yellow,69,0
CUST103439,64,130.02,301,1,1.8,two-year,1,5,7.4,referral,B,red,39,0
CUST103440,41,52.45,569,1,2.7,two-year,1,4,5.6,partner,C,black,24,0
CUST103441,23,99.79,380,3,1.5,one-year,1,2,6.8,partner,C,green,92,0
CUST103442,61,98.58,470,1,5.2,month-to-month,1,4,8.0,ads,A,blue,68,0
CUST103443,62,61.41,211,1,0.0,month-to-month,1,5,8.9,organic,A,white,73,0
CUST103444,35,98.23,525,6,4.8,one-year,1,1,4.3,ads,A,green,9,0
CUST103445,29,81.11,262,6,12.4,one-year,0,2,7.9,ads,B,blue,51,0
CUST103446,30,108.23,377,3,6.1,month-to-month,0,5,5.9,referral,C,white,88,0
CUST103447,1,62.86,580,5,1.7,month-to-month,1,2,10.0,referral,C,white,88,0
CUST103448,45,72.23,510,2,0.0,one-year,0,5,7.1,referral,A,yellow,29,1
CUST103449,47,117.01,383,5,8.2,month-to-month,1,2,5.5,partner,B,green,19,0
CUST103450,58,27.84,230,3,5.9,month-to-month,1,3,6.6,referral,C,black,37,0
CUST103451,27,144.17,397,4,14.8,one-year,1,2,1.0,ads,A,black,79,1
CUST103452,31,68.09,353,1,4.5,month-to-month,1,2,8.2,organic,A,red,5,0
CUST103453,42,141.3,351,1,0.0,month-to-month,1,1,10.0,organic,A,blue,69,0
CUST103454,14,60.97,322,5,7.7,month-to-month,0,2,1.0,partner,C,yellow,42,1
CUST103455,72,124.1,369,3,0.0,month-to-month,1,4,9.1,organic,B,black,69,0
CUST103456,48,38.58,388,2,7.7,month-to-month,1,6,7.9,organic,A,blue,79,0
CUST103457,29,117.78,671,5,9.8,one-year,0,2,7.5,organic,A,red,78,0
CUST103458,25,91.59,275,3,1.8,one-year,0,3,10.0,referral,B,green,55,0
CUST103459,30,99.87,569,4,6.7,month-to-month,0,3,5.4,organic,A,green,84,1
CUST103460,33,128.22,580,1,0.0,two-year,1,3,10.0,ads,A,black,61,0
CUST103461,70,79.88,124,3,0.0,one-year,1,4,9.7,ads,C,black,29,0
CUST103462,47,112.06,314,3,8.0,one-year,0,1,7.5,organic,B,white,83,0
CUST103463,57,32.02,406,2,4.7,two-year,1,5,8.6,referral,A,black,54,0
CUST103464,40,146.26,439,5,2.4,month-to-month,0,1,9.0,organic,A,red,63,0
CUST103465,43,86.49,223,4,15.4,month-to-month,0,3,3.7,partner,C,red,71,1
CUST103466,44,127.99,393,3,7.0,month-to-month,1,2,7.4,referral,A,green,90,0
CUST103467,28,25.46,475,2,4.5,one-year,0,2,4.5,organic,A,black,68,0
CUST103468,22,38.38,226,5,6.2,month-to-month,0,2,5.3,partner,A,blue,86,1
CUST103469,20,104.91,412,4,0.4,one-year,0,3,5.0,referral,A,white,98,1
CUST103470,43,60.68,301,2,8.1,month-to-month,1,3,6.5,organic,B,blue,34,0
CUST103471,20,119.06,393,3,8.1,month-to-month,1,2,5.8,organic,C,green,54,0
CUST103472,53,122.39,314,1,4.8,month-to-month,1,2,8.6,referral,A,green,56,0
CUST103473,43,109.19,369,8,2.7,month-to-month,0,1,3.3,ads,A,black,9,1
CUST103474,14,98.64,369,4,10.5,two-year,1,1,2.3,partner,B,blue,85,0
CUST103475,18,100.5,637,5,0.7,one-year,0,4,2.1,ads,B,yellow,45,0
CUST103476,48,138.62,693,1,0.0,two-year,1,4,9.8,partner,C,yellow,70,0
CUST103477,24,137.51,690,6,12.6,month-to-month,0,3,1.6,ads,A,red,33,1
CUST103478,72,104.62,119,2,0.0,one-year,0,5,8.9,referral,B,black,15,0
CUST103479,27,68.36,502,1,0.0,one-year,0,5,8.0,organic,B,white,19,0
CUST103480,28,41.02,383,3,10.4,one-year,1,2,7.5,partner,A,blue,72,0
CUST103481,1,104.59,282,6,16.3,month-to-month,0,2,2.2,ads,C,black,82,1
CUST103482,11,71.69,609,3,9.3,month-to-month,1,2,10.0,ads,C,white,47,0
CUST103483,28,77.02,402,2,5.5,month-to-month,1,4,9.8,ads,A,white,8,0
CUST103484,30,78.06,540,5,7.2,month-to-month,0,3,4.4,partner,B,blue,6,1
CUST103485,26,71.77,552,2,12.5,month-to-month,1,3,4.9,ads,B,red,63,1
CUST103486,31,128.16,508,3,5.2,one-year,1,4,10.0,organic,B,green,79,0
CUST103487,72,33.4,377,1,1.7,two-year,1,5,5.6,organic,A,blue,47,0
CUST103488,29,84.48,378,1,17.6,month-to-month,0,2,5.0,ads,B,white,33,0
CUST103489,19,62.69,432,1,8.3,month-to-month,0,1,4.1,ads,B,red,44,1
CUST103490,16,120.62,609,1,6.5,month-to-month,0,5,6.0,ads,B,yellow,62,0
CUST103491,37,50.24,555,4,10.2,month-to-month,0,4,3.1,ads,C,yellow,6,1
CUST103492,39,78.39,388,2,4.0,month-to-month,0,3,8.1,ads,A,black,81,0
CUST103493,1,121.24,409,8,4.5,month-to-month,1,1,4.0,ads,A,white,39,1
CUST103494,26,73.13,652,2,4.0,month-to-month,0,3,9.9,organic,B,red,10,0
CUST103495,71,60.24,260,1,0.0,two-year,1,2,6.8,referral,A,blue,73,0
CUST103496,72,110.81,176,0,0.0,month-to-month,1,2,7.8,referral,B,white,98,0
CUST103497,41,81.07,308,3,8.2,month-to-month,1,2,2.4,partner,B,blue,67,0
CUST103498,50,94.76,695,5,2.1,month-to-month,0,4,2.3,ads,B,blue,23,0
CUST103499,29,64.5,265,0,0.5,month-to-month,0,3,4.5,ads,B,green,92,1
CUST103500,49,102.37,300,2,5.3,month-to-month,1,3,7.0,partner,B,green,21,1
CUST103501,45,106.5,460,3,7.4,month-to-month,1,4,8.2,referral,C,red,65,0
CUST103502,61,77.32,444,2,6.6,month-to-month,0,2,6.5,ads,C,yellow,5,0
CUST103503,56,43.27,571,7,3.3,month-to-month,1,1,8.9,ads,B,red,95,0
CUST103504,14,56.35,584,2,6.4,month-to-month,0,4,5.1,ads,B,white,51,1
CUST103505,19,63.41,365,5,6.9,month-to-month,0,2,5.5,organic,C,blue,24,1
CUST103506,44,82.01,470,5,0.0,month-to-month,1,4,5.7,partner,B,blue,48,0
CUST103507,31,141.14,448,3,6.9,month-to-month,0,2,5.0,ads,A,red,57,0
CUST103508,48,23.35,317,2,3.5,month-to-month,0,2,4.0,referral,B,white,98,0
CUST103509,42,46.14,491,3,12.5,month-to-month,0,1,6.3,ads,A,red,74,0
CUST103510,66,21.52,437,1,0.0,two-year,1,4,8.8,referral,C,green,14,0
CUST103511,51,101.72,463,1,11.3,one-year,1,3,6.6,organic,B,yellow,82,0
CUST103512,52,50.52,339,0,0.0,one-year,1,5,9.5,referral,C,green,35,0
CUST103513,1,149.25,583,3,7.3,month-to-month,0,4,7.5,partner,B,black,71,1
CUST103514,47,45.64,283,1,5.0,one-year,1,4,7.5,partner,B,red,26,0
CUST103515,70,78.69,313,2,0.0,month-to-month,0,2,9.0,ads,A,white,41,0
CUST103516,19,59.98,683,1,4.6,month-to-month,0,4,4.7,organic,B,blue,57,1
CUST103517,51,54.47,366,4,5.1,one-year,0,3,5.5,organic,C,yellow,92,0
CUST103518,62,144.3,430,0,0.0,two-year,1,5,9.7,referral,B,black,20,0
CUST103519,12,134.27,397,3,7.8,month-to-month,1,1,3.0,ads,B,black,70,1
CUST103520,42,21.01,270,0,0.0,one-year,1,3,8.8,ads,B,blue,73,0
CUST103521,1,66.98,247,5,12.9,month-to-month,0,2,3.4,ads,C,green,88,1
CUST103522,1,105.51,358,2,2.1,month-to-month,0,1,3.6,referral,C,white,48,1
CUST103523,39,81.69,374,1,2.1,two-year,1,2,10.0,organic,A,green,79,0
CUST103524,23,147.98,310,1,14.2,month-to-month,1,2,4.1,referral,A,blue,58,1
CUST103525,38,113.04,476,5,7.5,month-to-month,0,4,5.9,ads,B,black,33,0
CUST103526,32,99.16,540,3,6.3,month-to-month,1,3,8.5,partner,A,black,9,1
CUST103527,53,71.32,460,1,0.0,one-year,1,4,8.9,referral,C,green,44,0
CUST103528,1,42.08,366,3,5.8,month-to-month,0,2,5.8,ads,A,yellow,60,1
CUST103529,33,112.3,552,4,8.4,month-to-month,1,4,5.6,organic,A,red,63,0
CUST103530,72,24.79,499,1,0.4,two-year,0,2,10.0,referral,A,white,80,0
CUST103531,72,140.59,620,0,5.5,two-year,1,5,7.8,referral,B,green,84,0
CUST103532,44,69.88,337,5,5.3,month-to-month,0,3,6.7,referral,A,red,24,1
CUST103533,1,91.74,313,5,12.7,month-to-month,1,2,2.1,ads,B,white,77,1
CUST103534,56,72.67,524,1,0.0,one-year,1,5,10.0,partner,C,black,47,0
CUST103535,72,67.45,418,2,0.0,one-year,1,4,5.3,referral,B,black,54,0
CUST103536,61,147.78,449,3,0.0,one-year,1,4,6.9,ads,B,black,82,0
CUST103537,3,93.15,721,4,7.7,month-to-month,1,2,3.6,organic,A,red,16,1
CUST103538,35,134.52,293,5,7.2,month-to-month,0,4,7.6,ads,A,yellow,83,0
CUST103539,40,45.31,473,3,4.1,month-to-month,0,3,9.7,referral,A,red,53,0
CUST103540,29,90.47,443,1,0.5,month-to-month,1,4,8.2,referral,A,blue,30,0
CUST103541,19,83.15,579,3,5.3,two-year,1,5,10.0,referral,C,blue,43,0
CUST103542,48,70.72,150,2,0.0,month-to-month,1,5,5.3,ads,A,green,33,0
CUST103543,11,83.84,364,5,2.6,month-to-month,1,3,2.5,ads,A,red,41,1
CUST103544,41,51.43,496,2,0.0,one-year,1,4,7.0,referral,B,blue,7,0
CUST103545,34,123.12,426,3,3.4,month-to-month,1,4,7.2,ads,C,black,41,0
CUST103546,42,98.97,438,4,0.0,two-year,1,4,5.7,partner,A,blue,26,0
CUST103547,53,35.44,331,1,0.0,month-to-month,1,6,7.3,referral,C,blue,70,0
CUST103548,9,82.95,498,3,0.6,month-to-month,1,3,5.9,partner,C,red,85,0
CUST103549,32,142.64,575,4,5.8,one-year,1,3,4.2,partner,C,white,46,0
CUST103550,3,142.19,638,3,1.4,two-year,0,4,3.7,ads,C,white,22,0
CUST103551,22,148.68,435,5,7.2,two-year,1,1,3.4,partner,B,blue,91,0
CUST103552,1,48.78,416,3,0.3,month-to-month,1,4,6.5,organic,B,green,17,0
CUST103553,62,124.45,455,0,2.1,one-year,1,4,10.0,organic,C,blue,44,0
CUST103554,28,97.04,315,5,8.3,one-year,0,1,2.1,ads,A,black,42,1
CUST103555,20,120.24,382,4,0.7,two-year,0,2,5.2,organic,B,black,68,0
CUST103556,54,104.28,307,0,10.4,month-to-month,0,1,8.5,referral,A,blue,34,0
CUST103557,55,50.99,473,1,10.8,month-to-month,0,4,8.1,ads,B,green,95,0
CUST103558,1,32.08,330,4,7.7,one-year,0,3,8.9,partner,C,black,52,0
CUST103559,18,83.51,431,5,10.1,month-to-month,0,2,5.4,organic,B,green,73,1
CUST103560,1,70.28,431,3,0.0,one-year,0,4,7.1,referral,B,black,50,0
CUST103561,25,73.69,397,6,10.6,month-to-month,0,3,6.4,partner,A,red,52,1
CUST103562,10,95.34,623,7,12.0,one-year,0,3,2.7,ads,A,blue,2,1
CUST103563,13,119.96,533,3,0.0,month-to-month,1,3,7.8,organic,B,green,68,0
CUST103564,72,114.45,497,2,1.7,month-to-month,1,2,4.7,organic,A,green,63,0
CUST103565,41,82.02,537,3,2.0,one-year,1,3,8.2,referral,C,green,73,1
CUST103566,26,89.11,351,1,0.0,one-year,0,3,7.2,referral,A,blue,57,1
CUST103567,71,95.71,322,1,6.2,two-year,1,4,9.5,organic,A,red,5,0
CUST103568,12,118.53,497,1,0.0,month-to-month,0,3,1.8,referral,C,blue,3,0
CUST103569,28,134.5,305,1,9.9,month-to-month,1,6,7.8,referral,B,black,48,0
CUST103570,1,88.47,336,4,4.0,month-to-month,0,1,4.5,referral,A,white,26,0
CUST103571,72,132.22,401,1,1.9,month-to-month,1,4,10.0,referral,B,green,21,0
CUST103572,45,141.41,43,1,5.2,month-to-month,0,3,8.1,referral,C,white,47,0
CUST103573,48,45.86,322,4,0.0,month-to-month,0,4,7.2,referral,A,red,74,0
CUST103574,25,80.56,529,6,7.0,month-to-month,0,3,3.8,partner,B,yellow,37,1
CUST103575,48,62.9,436,4,2.7,month-to-month,1,3,7.6,ads,A,black,51,0
CUST103576,27,38.36,498,2,4.1,month-to-month,0,1,3.6,ads,A,blue,39,1
CUST103577,32,54.34,513,5,10.1,one-year,1,2,5.4,ads,A,black,7,0
CUST103578,28,73.5,304,6,1.6,one-year,0,2,4.2,organic,A,white,66,0
CUST103579,14,87.59,155,3,8.0,month-to-month,1,1,9.0,ads,B,white,41,1
CUST103580,61,86.77,431,0,0.0,one-year,0,5,10.0,referral,C,black,70,0
CUST103581,56,62.76,386,1,1.0,month-to-month,1,5,10.0,referral,A,black,11,0
CUST103582,61,143.84,337,0,0.0,month-to-month,1,3,6.7,referral,A,white,30,0
CUST103583,1,26.8,344,4,15.3,two-year,0,1,6.2,partner,C,red,62,0
CUST103584,17,119.39,560,3,1.3,month-to-month,0,2,6.9,ads,B,yellow,48,0
CUST103585,37,139.74,309,1,7.2,month-to-month,0,1,6.8,ads,C,green,29,0
CUST103586,23,120.27,483,3,5.1,month-to-month,1,3,6.0,referral,A,blue,53,0
CUST103587,34,36.36,514,5,13.5,one-year,0,2,5.1,ads,A,yellow,81,1
CUST103588,34,132.99,558,3,0.0,one-year,0,2,8.8,organic,B,green,28,0
CUST103589,9,59.13,249,3,6.1,two-year,0,1,2.7,ads,B,red,14,0
CUST103590,36,51.21,388,0,0.0,month-to-month,1,2,6.7,referral,A,blue,6,0
CUST103591,40,142.46,744,1,1.6,two-year,1,4,8.1,ads,C,yellow,3,0
CUST103592,54,84.96,766,0,0.0,one-year,1,3,10.0,ads,A,white,95,0
CUST103593,38,77.78,679,7,12.8,one-year,0,2,3.3,organic,C,white,65,1
CUST103594,54,52.57,512,1,6.0,two-year,0,4,8.3,ads,A,blue,55,0
CUST103595,72,87.97,459,2,0.0,two-year,1,2,5.3,partner,A,blue,44,0
CUST103596,30,84.37,321,4,10.0,month-to-month,1,1,7.7,partner,B,red,77,0
CUST103597,12,65.81,201,1,6.0,one-year,0,3,10.0,referral,C,black,75,0
CUST103598,56,63.88,542,0,4.4,two-year,0,5,8.2,ads,B,blue,81,0
CUST103599,11,55.17,365,5,9.4,month-to-month,0,2,6.9,ads,B,yellow,71,1
CUST103600,30,114.82,233,5,1.5,one-year,1,5,8.1,organic,C,blue,15,0
CUST103601,16,134.65,482,3,8.2,one-year,0,2,4.0,ads,A,white,33,0
CUST103602,72,97.77,803,0,2.8,one-year,1,3,7.9,organic,A,green,47,0
CUST103603,58,89.92,481,6,1.5,month-to-month,1,2,8.4,ads,B,white,74,0
CUST103604,34,116.92,363,1,0.0,two-year,0,1,9.5,partner,A,green,82,0
CUST103605,25,95.05,506,7,10.9,month-to-month,0,3,3.2,ads,A,yellow,89,1
CUST103606,30,60.18,332,5,4.6,month-to-month,0,2,4.4,ads,B,green,2,1
CUST103607,62,76.48,363,4,0.0,month-to-month,1,3,10.0,referral,C,yellow,32,0
CUST103608,20,72.97,480,9,0.5,month-to-month,1,4,5.2,ads,B,blue,96,1
CUST103609,16,74.19,213,4,3.2,month-to-month,0,2,7.3,partner,A,red,54,1
CUST103610,26,98.41,457,4,1.1,month-to-month,1,4,4.5,ads,B,green,68,1
CUST103611,37,89.16,400,3,0.0,two-year,1,3,7.8,ads,B,black,13,0
CUST103612,52,25.51,408,5,2.2,one-year,0,4,3.7,ads,C,red,46,0
CUST103613,47,32.08,347,1,7.6,month-to-month,0,4,3.5,ads,C,red,27,0
CUST103614,33,20.41,620,2,3.3,one-year,0,4,8.8,organic,B,black,82,0
CUST103615,55,136.29,283,3,0.0,two-year,1,3,10.0,ads,B,yellow,14,0
CUST103616,18,70.96,367,1,8.5,month-to-month,0,3,4.6,organic,B,green,90,1
CUST103617,46,80.96,467,3,7.8,month-to-month,1,2,5.1,partner,A,green,12,0
CUST103618,72,22.58,616,3,0.8,month-to-month,1,2,10.0,referral,A,white,30,0
CUST103619,41,72.85,258,0,1.2,month-to-month,0,2,7.5,organic,B,white,16,0
CUST103620,32,107.88,482,5,4.9,one-year,1,2,4.3,ads,A,green,75,0
CUST103621,29,53.22,387,0,4.6,two-year,0,3,10.0,referral,C,blue,40,0
CUST103622,11,103.66,709,7,12.3,month-to-month,0,2,2.9,organic,B,white,33,1
CUST103623,37,30.42,505,1,5.0,two-year,1,4,5.4,partner,A,yellow,16,0
CUST103624,56,89.61,391,2,5.3,month-to-month,1,6,10.0,organic,B,blue,89,0
CUST103625,62,146.7,250,4,6.0,month-to-month,0,2,3.8,ads,A,blue,69,0
CUST103626,21,143.91,420,5,1.3,one-year,1,4,5.0,ads,C,black,20,1
CUST103627,54,126.12,405,1,8.4,two-year,1,2,5.3,organic,C,blue,83,0
CUST103628,1,81.35,101,4,1.1,month-to-month,1,2,4.5,partner,C,white,47,1
CUST103629,35,22.37,407,4,4.3,month-to-month,0,1,5.7,organic,A,blue,36,0
CUST103630,60,95.16,613,1,0.0,one-year,1,2,9.1,ads,A,green,29,0
CUST103631,20,32.13,493,1,5.5,month-to-month,1,1,7.1,organic,A,black,88,0
CUST103632,1,47.39,414,3,4.2,month-to-month,1,3,7.1,ads,C,white,43,0
CUST103633,44,97.91,409,1,0.0,month-to-month,1,2,8.3,organic,B,white,16,0
CUST103634,41,70.61,360,3,7.0,month-to-month,1,3,7.0,organic,A,yellow,99,0
CUST103635,50,35.78,331,2,2.7,month-to-month,1,2,8.0,ads,B,yellow,27,0
CUST103636,62,46.92,473,3,9.9,month-to-month,1,2,4.0,ads,C,green,30,0
CUST103637,35,61.53,360,3,0.0,month-to-month,0,4,2.8,ads,C,yellow,19,1
CUST103638,22,132.11,445,2,0.1,month-to-month,1,4,8.4,referral,A,green,7,0
CUST103639,24,141.19,513,0,0.0,month-to-month,0,2,8.4,referral,B,red,27,0
CUST103640,33,149.07,208,9,7.6,two-year,0,3,5.5,ads,B,green,79,0
CUST103641,41,131.31,231,2,11.5,one-year,0,3,8.2,referral,A,green,16,0
CUST103642,16,145.57,324,1,5.8,month-to-month,0,2,3.7,partner,A,green,67,1
CUST103643,47,87.65,364,7,0.0,month-to-month,0,6,5.2,referral,B,green,27,1
CUST103644,33,86.35,308,2,8.3,month-to-month,0,2,3.8,partner,A,green,4,1
CUST103645,23,71.01,316,0,10.0,month-to-month,0,1,5.9,organic,B,green,24,0
CUST103646,26,59.14,310,1,0.0,one-year,1,2,4.0,organic,B,green,29,0
CUST103647,31,105.23,324,2,5.6,one-year,0,3,5.4,referral,C,red,84,0
CUST103648,9,123.64,502,2,4.9,month-to-month,0,4,8.2,organic,A,white,26,0
CUST103649,34,146.3,349,3,0.0,month-to-month,1,2,3.7,ads,C,blue,72,0
CUST103650,41,102.41,538,2,7.2,month-to-month,0,3,5.9,partner,A,blue,86,0
CUST103651,45,121.27,567,5,7.1,month-to-month,1,5,3.3,referral,B,white,65,0
CUST103652,49,59.81,490,1,1.4,month-to-month,0,6,8.3,ads,A,red,3,0
CUST103653,32,61.83,235,2,9.1,month-to-month,0,4,4.0,organic,C,blue,63,1
CUST103654,36,24.17,318,4,11.5,one-year,1,4,4.7,partner,C,yellow,29,0
CUST103655,41,87.22,508,3,0.3,two-year,1,4,4.7,partner,B,white,12,0
CUST103656,15,103.49,632,3,8.6,month-to-month,0,3,5.8,referral,C,black,13,1
CUST103657,2,78.52,180,5,11.2,month-to-month,0,2,1.0,ads,A,blue,42,1
CUST103658,39,60.9,530,0,0.0,month-to-month,0,4,10.0,ads,B,green,13,0
CUST103659,52,123.46,301,0,0.0,one-year,1,5,5.5,referral,A,black,71,0
CUST103660,45,103.55,196,1,8.0,two-year,0,3,5.1,organic,B,red,21,0
CUST103661,17,145.45,512,6,1.0,one-year,1,4,5.6,ads,C,blue,52,0
CUST103662,44,70.61,242,3,6.8,two-year,1,1,5.7,organic,A,red,72,0
CUST103663,41,139.67,238,4,0.0,month-to-month,1,4,7.4,referral,A,green,99,0
CUST103664,62,142.62,741,0,1.0,month-to-month,1,2,6.8,organic,A,green,84,0
CUST103665,34,122.36,201,5,6.5,month-to-month,0,2,7.4,ads,C,red,77,0
CUST103666,55,99.67,264,2,8.5,one-year,1,3,5.6,ads,A,yellow,9,0
CUST103667,11,97.97,410,2,3.1,one-year,1,3,3.2,organic,B,green,7,0
CUST103668,52,145.86,326,5,6.9,month-to-month,0,2,3.9,ads,A,green,15,1
CUST103669,63,77.57,459,3,1.3,month-to-month,1,4,7.7,organic,A,black,31,0
CUST103670,41,82.28,481,2,0.2,one-year,1,4,7.8,organic,B,red,86,0
CUST103671,50,140.93,289,4,5.6,one-year,1,5,9.2,organic,B,white,63,0
CUST103672,9,138.72,696,4,7.5,one-year,1,2,5.7,organic,C,yellow,41,1
CUST103673,17,59.25,216,1,0.0,month-to-month,0,3,6.6,referral,B,yellow,46,0
CUST103674,24,120.45,381,4,8.8,one-year,1,6,5.5,partner,B,yellow,80,0
CUST103675,29,89.6,400,2,10.5,one-year,1,3,5.9,referral,B,blue,18,0
CUST103676,32,111.6,424,4,9.8,two-year,1,1,10.0,referral,A,black,95,0
CUST103677,20,90.23,513,3,9.6,one-year,1,4,7.5,organic,A,red,75,0
CUST103678,39,68.82,516,1,0.0,month-to-month,1,5,10.0,organic,A,green,82,0
CUST103679,35,44.7,411,1,0.3,one-year,1,4,7.9,ads,C,red,67,0
CUST103680,11,61.86,560,5,2.6,month-to-month,0,4,4.7,referral,B,blue,93,1
CUST103681,39,30.83,236,1,0.0,one-year,0,2,4.1,referral,C,red,64,0
CUST103682,48,54.69,445,3,3.1,two-year,1,4,7.1,organic,A,yellow,98,0
CUST103683,72,78.84,538,1,7.4,month-to-month,1,4,8.2,ads,C,blue,86,0
CUST103684,60,84.54,419,2,0.0,one-year,0,4,7.2,ads,B,green,8,0
CUST103685,29,129.55,382,2,6.6,month-to-month,1,2,4.8,organic,C,black,17,0
CUST103686,57,28.66,406,0,0.0,month-to-month,1,6,6.5,referral,A,white,74,0
CUST103687,44,27.51,446,1,0.0,one-year,0,4,9.2,ads,A,black,53,0
CUST103688,56,58.19,447,1,0.0,one-year,1,4,8.3,referral,A,yellow,55,0
CUST103689,26,26.56,520,1,9.6,one-year,0,2,3.7,ads,C,yellow,36,0
CUST103690,54,22.34,515,0,3.3,one-year,0,4,8.2,ads,C,blue,29,0
CUST103691,25,82.65,389,3,4.0,month-to-month,1,3,6.2,referral,C,yellow,34,0
CUST103692,47,92.03,449,1,4.6,two-year,1,4,9.3,referral,C,black,47,0
CUST103693,57,52.41,370,0,2.4,two-year,0,4,9.7,referral,A,white,57,0
CUST103694,42,142.88,196,4,0.0,one-year,1,4,9.6,partner,C,blue,75,0
CUST103695,29,111.5,593,7,5.3,one-year,1,3,5.7,partner,B,red,27,0
CUST103696,27,30.14,625,4,1.4,month-to-month,0,2,4.9,ads,C,white,5,1
CUST103697,27,144.26,448,3,3.2,two-year,1,4,5.9,referral,C,white,31,0
CUST103698,65,100.17,376,1,1.7,two-year,1,5,6.6,ads,B,red,75,0
CUST103699,18,39.16,348,3,9.9,month-to-month,0,3,6.1,partner,A,red,2,0
CUST103700,54,31.47,607,2,0.0,month-to-month,1,4,7.7,ads,B,yellow,69,0
CUST103701,60,35.19,324,1,0.0,one-year,1,3,7.2,partner,A,red,68,0
CUST103702,11,86.67,319,5,0.7,month-to-month,1,2,3.1,organic,B,blue,37,1
CUST103703,27,82.85,133,6,9.1,two-year,0,2,5.0,ads,C,black,64,1
CUST103704,21,133.41,502,8,0.0,month-to-month,0,4,5.5,referral,C,green,12,1
CUST103705,61,40.16,619,6,1.1,month-to-month,1,4,4.9,organic,B,yellow,98,0
CUST103706,13,53.38,485,3,2.7,one-year,1,4,7.2,organic,A,black,10,0
CUST103707,42,121.24,351,1,3.5,month-to-month,0,4,10.0,referral,A,black,54,0
CUST103708,23,83.26,178,4,4.7,two-year,0,4,8.9,organic,A,white,33,1
CUST103709,16,101.21,481,3,6.7,one-year,0,3,5.3,referral,C,red,7,1
CUST103710,43,73.7,462,3,12.1,month-to-month,0,1,4.3,ads,C,yellow,26,1
CUST103711,28,74.16,337,3,5.4,month-to-month,1,1,7.3,partner,A,blue,24,0
CUST103712,41,147.16,402,1,0.0,one-year,1,4,4.8,ads,C,red,23,0
CUST103713,1,141.83,504,7,3.7,month-to-month,0,1,4.7,organic,B,yellow,72,1
CUST103714,62,106.77,519,2,1.5,month-to-month,0,2,5.4,organic,A,yellow,33,0
CUST103715,22,54.08,500,2,1.3,one-year,0,3,9.3,referral,C,red,72,0
CUST103716,72,122.74,593,0,0.0,two-year,1,5,10.0,ads,A,black,85,0
CUST103717,51,91.53,453,0,1.7,two-year,1,4,10.0,organic,A,black,85,0
CUST103718,24,102.04,507,3,8.3,month-to-month,1,3,9.3,referral,B,yellow,3,0
CUST103719,46,99.38,372,2,4.8,one-year,0,5,6.1,organic,B,black,88,0
CUST103720,61,24.56,292,1,1.3,two-year,0,2,6.7,organic,B,red,7,0
CUST103721,65,41.68,486,0,0.0,one-year,1,6,9.4,ads,A,green,74,0
CUST103722,1,71.38,477,5,17.4,one-year,0,2,3.7,ads,B,white,45,1
CUST103723,8,28.08,353,4,7.0,one-year,0,3,3.1,partner,B,green,96,0
CUST103724,31,110.72,547,3,6.2,month-to-month,1,3,2.6,partner,B,blue,35,1
CUST103725,30,48.95,389,3,1.5,one-year,1,3,6.4,ads,A,red,12,0
CUST103726,63,141.41,167,2,0.0,one-year,0,4,5.2,referral,B,black,94,0
CUST103727,13,135.23,439,1,0.0,month-to-month,1,2,9.1,ads,B,blue,29,0
CUST103728,10,99.09,243,4,7.7,two-year,0,2,6.5,ads,C,blue,70,1
CUST103729,1,49.79,10,7,6.2,one-year,1,2,4.4,ads,C,yellow,55,1
CUST103730,4,103.16,388,2,8.0,two-year,0,2,8.4,organic,C,yellow,57,0
CUST103731,5,39.57,503,4,9.4,month-to-month,1,3,3.7,ads,C,white,53,1
CUST103732,21,80.09,365,6,14.4,month-to-month,0,1,3.8,partner,B,yellow,79,1
CUST103733,38,59.82,436,2,2.9,month-to-month,0,4,8.1,ads,B,black,20,0
CUST103734,69,62.71,375,2,0.4,two-year,0,4,6.6,referral,C,blue,9,0
CUST103735,58,57.43,378,2,3.5,month-to-month,0,5,6.5,ads,C,green,28,0
CUST103736,37,55.85,203,3,2.6,month-to-month,1,3,5.6,ads,C,white,42,0
CUST103737,39,84.23,110,7,9.7,two-year,0,2,9.3,organic,C,white,40,0
CUST103738,33,65.49,439,2,10.7,month-to-month,0,2,7.5,ads,C,yellow,38,1
CUST103739,1,52.55,344,2,10.2,month-to-month,0,1,5.6,ads,A,yellow,35,1
CUST103740,7,49.23,241,4,12.9,month-to-month,1,3,2.3,organic,C,blue,92,1
CUST103741,44,121.89,384,3,12.0,one-year,1,3,7.6,ads,A,yellow,80,1
CUST103742,49,34.14,243,3,10.4,month-to-month,1,3,6.7,partner,A,red,3,0
CUST103743,42,69.21,406,2,1.6,month-to-month,0,3,6.5,referral,B,green,39,0
CUST103744,11,118.86,68,2,0.0,month-to-month,0,1,2.2,partner,B,white,89,1
CUST103745,48,44.08,578,4,7.5,month-to-month,1,3,4.3,referral,A,black,68,1
CUST103746,32,64.51,548,5,12.2,month-to-month,1,3,3.1,organic,A,black,22,1
CUST103747,52,22.85,296,2,3.9,two-year,0,2,8.8,partner,B,green,78,0
CUST103748,68,118.59,474,1,0.0,two-year,1,3,7.6,referral,C,blue,19,0
CUST103749,10,122.01,338,5,13.8,month-to-month,0,3,3.6,ads,B,white,9,1
CUST103750,45,92.15,713,4,0.0,two-year,0,2,8.8,partner,A,white,77,0
CUST103751,42,103.34,222,2,9.1,month-to-month,1,3,6.5,partner,A,white,45,0
CUST103752,59,47.57,565,0,7.2,one-year,1,4,8.1,referral,A,blue,88,0
CUST103753,36,106.91,539,2,5.9,month-to-month,1,4,5.6,ads,A,yellow,10,0
CUST103754,26,129.33,268,7,7.2,one-year,0,3,3.0,partner,B,white,11,1
CUST103755,1,44.69,563,3,5.2,month-to-month,0,1,4.6,organic,A,black,73,0
CUST103756,36,117.99,360,3,7.7,month-to-month,0,3,5.5,ads,A,white,87,1
CUST103757,72,105.68,316,1,3.0,two-year,1,4,9.5,referral,B,red,83,0
CUST103758,33,75.44,454,3,6.2,two-year,0,3,7.7,referral,A,blue,52,0
CUST103759,49,20.21,389,5,0.0,month-to-month,0,2,10.0,partner,B,white,50,0
CUST103760,51,127.18,435,3,0.0,month-to-month,1,2,4.6,referral,A,white,17,0
CUST103761,31,64.77,329,2,3.1,month-to-month,0,4,8.0,ads,B,yellow,44,0
CUST103762,47,27.75,420,4,6.8,month-to-month,1,3,6.8,ads,B,yellow,23,0
CUST103763,41,117.46,553,5,5.6,month-to-month,1,3,6.6,ads,A,green,70,1
CUST103764,61,138.83,284,1,2.4,one-year,1,2,7.9,organic,B,white,75,0
CUST103765,43,67.2,464,4,8.2,month-to-month,1,4,9.5,partner,B,black,71,0
CUST103766,24,94.28,335,3,11.4,month-to-month,1,3,3.7,ads,B,yellow,33,0
CUST103767,38,74.52,332,1,2.0,two-year,1,6,8.9,partner,B,black,51,0
CUST103768,43,60.35,734,3,5.5,one-year,0,2,8.2,partner,B,yellow,39,0
CUST103769,26,130.0,620,5,4.0,two-year,0,1,6.6,ads,B,green,35,1
CUST103770,29,30.22,340,3,0.0,month-to-month,1,4,9.4,referral,A,red,14,0
CUST103771,27,47.61,347,3,3.2,one-year,0,3,6.1,organic,A,red,81,0
CUST103772,15,42.22,315,6,3.0,one-year,1,2,6.3,partner,C,red,33,0
CUST103773,36,138.37,526,5,11.1,one-year,0,1,3.7,partner,A,green,85,0
CUST103774,34,123.84,244,5,12.8,one-year,0,2,4.1,partner,B,green,93,1
CUST103775,23,117.66,470,3,0.0,one-year,0,3,6.3,ads,A,black,10,0
CUST103776,40,147.35,729,9,10.2,one-year,0,1,1.5,organic,B,blue,74,1
CUST103777,19,39.16,444,10,0.5,one-year,0,2,3.7,ads,B,blue,35,0
CUST103778,1,78.54,554,3,5.9,month-to-month,0,1,3.9,ads,C,yellow,58,1
CUST103779,46,117.36,538,3,7.6,month-to-month,0,4,7.2,organic,A,red,95,0
CUST103780,27,109.91,359,4,0.0,month-to-month,1,3,4.0,ads,A,blue,71,0
CUST103781,31,42.53,240,6,0.0,month-to-month,0,3,4.3,partner,C,white,19,0
CUST103782,17,116.93,553,5,3.0,one-year,0,4,6.2,ads,C,red,38,0
CUST103783,10,77.93,552,4,1.2,two-year,0,2,5.7,ads,B,black,45,1
CUST103784,52,128.3,671,3,0.0,month-to-month,1,2,8.8,partner,C,blue,11,0
CUST103785,25,40.26,421,2,5.4,month-to-month,0,3,8.1,organic,A,green,12,1
CUST103786,18,105.66,289,1,0.0,month-to-month,0,2,7.9,referral,C,blue,65,0
CUST103787,34,29.22,435,3,5.7,month-to-month,1,1,4.4,organic,C,yellow,7,0
CUST103788,20,39.99,325,3,3.5,month-to-month,0,4,7.0,ads,B,black,87,1
CUST103789,34,87.33,530,4,3.1,one-year,1,4,10.0,organic,C,red,6,0
CUST103790,61,47.66,517,2,6.0,month-to-month,1,3,10.0,referral,B,black,91,0
CUST103791,13,89.54,505,5,0.0,month-to-month,1,1,6.7,ads,B,white,34,1
CUST103792,4,112.05,334,1,0.0,month-to-month,1,4,7.8,ads,B,red,30,0
CUST103793,42,104.14,398,1,0.0,month-to-month,1,2,7.4,partner,A,black,87,0
CUST103794,32,122.55,206,2,7.1,one-year,0,4,6.6,referral,C,yellow,9,0
CUST103795,29,55.27,295,3,6.4,month-to-month,1,3,8.1,partner,B,blue,71,0
CUST103796,29,143.45,335,1,3.1,month-to-month,1,2,8.1,ads,A,white,60,0
CUST103797,42,74.72,272,4,0.0,month-to-month,0,2,7.5,organic,A,white,77,0
CUST103798,13,32.38,355,5,7.6,month-to-month,0,3,4.4,ads,C,blue,6,1
CUST103799,46,115.17,444,3,12.5,month-to-month,0,3,2.2,partner,A,red,37,1
CUST103800,1,105.18,273,4,13.4,one-year,0,3,5.7,ads,B,green,85,1
CUST103801,23,67.17,287,3,2.9,month-to-month,0,2,4.5,ads,B,red,86,0
CUST103802,31,83.86,446,4,11.9,month-to-month,0,3,3.3,partner,A,green,35,1
CUST103803,27,124.97,401,4,0.0,one-year,0,6,4.7,ads,A,white,78,0
CUST103804,10,115.87,472,5,5.1,month-to-month,0,4,6.4,organic,A,yellow,95,0
CUST103805,57,35.01,540,1,0.4,one-year,1,4,4.4,referral,A,black,56,0
CUST103806,22,42.88,499,1,5.0,month-to-month,1,4,7.1,partner,A,blue,70,0
CUST103807,3,75.5,537,3,5.9,one-year,0,2,5.1,ads,C,yellow,89,1
CUST103808,57,86.81,488,2,2.4,two-year,1,1,8.5,ads,A,white,55,0
CUST103809,46,143.0,17,2,0.0,two-year,1,5,7.0,referral,C,red,24,0
CUST103810,1,33.54,308,4,7.7,month-to-month,0,2,2.8,partner,A,green,83,1
CUST103811,67,58.82,233,3,0.0,one-year,1,2,8.2,referral,C,red,50,0
CUST103812,18,80.12,412,6,5.0,month-to-month,0,4,7.4,organic,C,red,15,0
CUST103813,31,149.68,370,4,3.7,month-to-month,0,6,5.6,organic,A,green,22,0
CUST103814,25,117.89,534,4,6.8,month-to-month,0,3,5.5,ads,B,red,66,1
CUST103815,24,133.58,197,4,12.8,month-to-month,1,2,6.7,organic,A,blue,17,1
CUST103816,61,65.64,241,3,0.0,one-year,0,4,6.5,organic,B,red,39,0
CUST103817,10,92.41,348,3,5.1,one-year,0,3,5.6,organic,A,green,93,0
CUST103818,44,138.01,485,7,1.9,month-to-month,1,1,7.8,ads,A,red,84,1
CUST103819,33,95.71,369,4,9.9,month-to-month,0,1,3.4,ads,A,blue,45,1
CUST103820,29,121.99,502,5,5.3,month-to-month,0,2,3.6,organic,A,white,41,1
CUST103821,51,99.42,395,2,7.5,month-to-month,0,4,8.4,referral,B,black,46,1
CUST103822,49,111.77,423,2,3.2,one-year,0,4,5.7,referral,A,white,40,0
CUST103823,17,37.58,445,2,8.4,month-to-month,1,3,6.2,organic,B,red,99,1
CUST103824,54,102.44,137,3,6.6,month-to-month,0,4,4.4,referral,B,red,99,0
CUST103825,27,77.03,485,2,0.0,month-to-month,1,5,7.4,referral,B,red,53,0
CUST103826,5,52.3,380,5,4.3,month-to-month,0,2,7.3,ads,A,blue,13,1
CUST103827,38,34.46,495,0,0.2,month-to-month,0,2,10.0,organic,A,yellow,31,0
CUST103828,72,46.74,647,0,0.9,one-year,0,5,10.0,partner,A,white,48,0
CUST103829,37,118.21,588,2,6.2,month-to-month,0,5,9.2,organic,B,green,26,0
CUST103830,33,102.15,406,3,7.1,month-to-month,0,2,7.0,ads,A,black,87,1
CUST103831,51,70.84,502,4,8.2,two-year,1,5,3.1,ads,B,blue,1,0
CUST103832,44,100.66,320,1,0.0,two-year,1,3,7.7,organic,B,green,34,0
CUST103833,1,124.46,243,3,11.8,month-to-month,0,2,8.2,ads,B,black,38,0
CUST103834,18,132.38,288,5,7.3,two-year,1,4,4.3,organic,B,white,57,0
CUST103835,52,64.16,518,3,8.4,month-to-month,0,2,8.6,organic,B,green,53,0
CUST103836,52,70.76,339,5,0.0,month-to-month,1,2,8.5,referral,C,white,57,0
CUST103837,70,70.51,419,8,4.7,month-to-month,1,4,2.2,referral,B,red,51,0
CUST103838,35,72.31,410,7,4.5,month-to-month,1,1,6.2,ads,A,red,35,0
CUST103839,23,42.61,740,3,0.0,one-year,1,4,8.3,ads,A,red,38,0
CUST103840,29,148.29,222,3,8.4,month-to-month,0,4,5.5,partner,B,blue,2,1
CUST103841,15,38.51,396,5,4.4,two-year,0,4,7.7,referral,C,green,38,1
CUST103842,38,37.68,492,3,3.2,one-year,1,3,5.0,organic,A,white,5,0
CUST103843,72,116.82,457,1,4.2,month-to-month,1,1,1.9,ads,A,green,74,0
CUST103844,71,42.59,378,1,7.3,month-to-month,1,4,9.3,referral,B,white,11,0
CUST103845,59,43.68,346,3,1.0,month-to-month,0,3,8.6,referral,C,red,10,0
CUST103846,40,72.24,547,0,0.0,month-to-month,1,2,10.0,referral,B,yellow,14,0
CUST103847,54,141.99,270,6,9.3,month-to-month,1,2,7.0,ads,B,black,66,0
CUST103848,51,42.42,443,7,4.1,one-year,1,3,4.1,partner,B,black,1,0
CUST103849,47,135.05,314,7,21.0,month-to-month,0,3,4.7,ads,B,green,48,1
CUST103850,57,137.35,325,5,10.2,one-year,0,3,6.8,referral,A,green,42,0
CUST103851,20,21.64,353,6,0.6,one-year,1,3,3.9,ads,B,blue,6,0
CUST103852,35,50.21,397,3,0.4,month-to-month,1,6,8.4,referral,C,blue,84,0
CUST103853,8,76.31,362,5,7.6,month-to-month,0,2,4.2,ads,B,black,68,0
CUST103854,17,50.97,432,3,0.9,month-to-month,0,2,4.8,ads,B,yellow,52,0
CUST103855,39,36.38,504,2,9.6,two-year,0,3,7.2,organic,C,red,67,0
CUST103856,11,80.32,482,2,6.5,month-to-month,0,3,2.3,ads,B,white,11,1
CUST103857,72,58.14,430,2,1.2,two-year,0,3,8.1,ads,B,blue,43,0
CUST103858,56,32.21,422,3,7.0,month-to-month,1,3,6.4,organic,A,red,73,0
CUST103859,34,74.39,438,4,0.9,month-to-month,1,4,8.2,ads,A,green,1,0
CUST103860,60,131.26,422,4,6.2,month-to-month,0,2,3.8,referral,A,white,8,0
CUST103861,49,91.43,452,2,4.4,month-to-month,1,2,2.6,ads,B,yellow,6,0
CUST103862,29,82.84,219,5,2.1,month-to-month,0,5,7.0,partner,C,white,66,1
CUST103863,3,104.87,242,4,4.0,two-year,0,3,5.7,ads,B,black,31,1
CUST103864,28,50.25,430,6,2.2,one-year,0,1,10.0,ads,C,white,44,0
CUST103865,18,54.0,469,5,0.0,one-year,0,2,6.2,ads,C,blue,8,1
CUST103866,43,59.66,179,5,3.7,month-to-month,0,4,7.1,referral,C,blue,37,1
CUST103867,57,91.03,466,3,0.0,one-year,1,4,8.7,organic,B,yellow,79,0
CUST103868,39,65.59,314,2,0.0,month-to-month,1,3,4.5,ads,B,black,81,0
CUST103869,56,112.16,478,2,1.2,two-year,1,4,9.0,referral,A,black,53,0
CUST103870,1,55.4,270,6,7.4,month-to-month,0,1,4.3,ads,B,red,1,1
CUST103871,44,102.93,675,3,4.6,month-to-month,0,3,6.6,referral,A,white,8,0
CUST103872,16,22.91,463,4,9.9,two-year,1,2,5.0,partner,B,white,11,1
CUST103873,21,106.84,556,3,0.5,month-to-month,0,2,4.7,partner,A,yellow,42,1
CUST103874,41,103.53,386,3,3.8,month-to-month,1,2,2.3,ads,B,red,7,0
CUST103875,32,127.4,520,1,0.0,one-year,0,3,9.8,referral,A,black,56,0
CUST103876,43,111.02,490,2,2.4,one-year,0,4,6.4,organic,B,white,38,1
CUST103877,37,25.66,343,5,4.2,month-to-month,1,2,6.6,partner,B,yellow,76,0
CUST103878,10,131.85,384,5,7.0,month-to-month,0,1,6.5,ads,A,black,72,0
CUST103879,47,43.96,614,3,4.8,month-to-month,1,5,9.4,ads,A,yellow,79,0
CUST103880,29,90.03,569,4,2.0,month-to-month,0,4,3.9,ads,A,green,44,1
CUST103881,30,55.72,236,4,0.0,one-year,1,4,6.8,organic,A,red,32,0
CUST103882,3,22.22,552,4,9.7,month-to-month,1,2,4.2,ads,A,white,80,1
CUST103883,42,36.21,381,3,0.0,month-to-month,0,3,2.5,partner,C,white,53,1
CUST103884,28,38.5,388,6,5.2,two-year,1,2,7.8,organic,C,black,1,0
CUST103885,49,91.72,375,1,8.0,one-year,1,4,7.5,ads,A,black,27,0
CUST103886,39,130.47,532,4,9.2,month-to-month,0,2,3.6,ads,B,green,91,1
CUST103887,33,146.16,578,2,12.7,one-year,0,4,4.6,ads,B,black,33,0
CUST103888,54,136.37,519,3,6.0,month-to-month,0,3,7.5,organic,B,yellow,9,0
CUST103889,71,77.89,409,2,7.3,two-year,1,3,9.3,ads,B,white,87,0
CUST103890,60,146.29,430,1,3.5,two-year,0,6,7.8,ads,B,white,72,0
CUST103891,43,26.92,379,1,4.5,month-to-month,0,3,6.4,organic,A,black,23,0
CUST103892,36,127.17,257,4,7.0,month-to-month,0,2,4.5,ads,A,blue,35,1
CUST103893,1,59.11,448,4,3.5,month-to-month,0,2,4.0,organic,A,red,55,1
CUST103894,20,139.26,582,2,0.0,one-year,1,3,6.0,ads,A,black,85,0
CUST103895,39,112.65,548,3,0.0,two-year,1,3,9.6,referral,C,yellow,66,0
CUST103896,72,116.53,373,1,0.0,one-year,1,4,7.7,organic,B,white,94,0
CUST103897,32,65.85,394,4,0.0,one-year,1,5,5.4,organic,B,black,34,0
CUST103898,29,29.72,429,2,0.0,month-to-month,1,2,7.8,referral,B,black,26,1
CUST103899,25,59.53,413,4,7.3,two-year,0,5,6.2,referral,A,black,94,0
CUST103900,38,91.01,354,3,1.5,month-to-month,0,2,7.1,ads,C,red,49,0
CUST103901,37,138.83,474,6,0.0,month-to-month,0,2,6.3,referral,B,black,19,1
CUST103902,72,132.05,315,3,0.0,one-year,0,4,10.0,organic,B,black,39,0
CUST103903,35,77.28,465,2,11.2,month-to-month,0,3,3.3,organic,A,blue,94,1
CUST103904,35,27.54,595,1,2.5,month-to-month,1,5,9.2,organic,B,black,73,0
CUST103905,20,121.23,343,6,2.4,two-year,0,3,4.8,ads,C,white,3,0
CUST103906,72,141.94,437,2,0.0,two-year,0,2,6.3,referral,A,white,54,0
CUST103907,16,106.3,455,1,14.8,month-to-month,0,1,2.8,ads,B,blue,30,1
CUST103908,61,30.64,512,2,6.7,one-year,1,3,6.4,referral,A,yellow,16,0
CUST103909,25,22.7,332,1,9.7,month-to-month,1,3,7.6,referral,A,green,53,0
CUST103910,5,142.87,213,2,9.8,month-to-month,0,2,3.3,ads,C,yellow,1,1
CUST103911,34,138.06,676,1,3.7,month-to-month,1,4,4.5,referral,A,blue,75,0
CUST103912,34,30.94,512,3,9.0,one-year,1,6,8.3,ads,C,white,53,0
CUST103913,17,80.56,310,3,11.0,month-to-month,0,1,5.3,partner,C,yellow,52,1
CUST103914,21,37.76,200,5,9.0,month-to-month,1,2,3.4,partner,C,yellow,77,1
CUST103915,43,77.36,351,4,7.2,two-year,1,4,6.1,ads,B,yellow,71,1
CUST103916,11,58.41,467,4,3.3,one-year,0,4,8.1,partner,A,yellow,20,1
CUST103917,42,119.13,291,6,0.0,one-year,1,4,8.5,partner,B,yellow,58,0
CUST103918,39,145.56,461,1,0.0,one-year,1,3,9.0,ads,B,yellow,39,0
CUST103919,26,36.07,429,3,2.3,one-year,1,1,4.3,organic,C,green,24,0
CUST103920,60,79.4,448,0,0.0,month-to-month,0,4,10.0,referral,A,green,39,0
CUST103921,30,127.64,656,3,0.4,month-to-month,1,4,8.7,organic,B,red,55,0
CUST103922,53,129.62,589,1,2.3,two-year,0,4,6.9,partner,C,green,13,0
CUST103923,34,65.88,299,1,14.1,one-year,0,1,2.0,ads,C,yellow,56,0
CUST103924,51,91.17,271,3,12.1,one-year,0,4,7.8,ads,B,blue,68,0
CUST103925,25,112.81,302,3,10.3,month-to-month,0,4,5.1,referral,B,red,70,1
CUST103926,33,146.89,339,1,0.0,two-year,1,4,7.6,organic,A,black,72,0
CUST103927,43,119.11,535,3,6.9,one-year,1,2,4.2,ads,C,yellow,25,0
CUST103928,20,115.6,382,6,10.5,one-year,0,4,2.5,partner,A,yellow,46,0
CUST103929,29,135.63,377,4,3.3,one-year,0,3,7.5,ads,A,red,68,0
CUST103930,26,133.58,601,2,0.0,two-year,1,4,9.3,referral,B,green,75,0
CUST103931,54,54.57,448,1,0.0,month-to-month,1,3,10.0,organic,B,red,75,0
CUST103932,41,128.63,488,4,5.3,month-to-month,1,2,9.0,ads,B,white,17,0
CUST103933,55,43.69,238,0,3.3,one-year,1,4,7.5,ads,C,yellow,24,0
CUST103934,47,42.94,413,1,8.7,month-to-month,1,4,5.9,partner,B,yellow,14,0
CUST103935,57,32.72,356,2,6.1,month-to-month,1,4,7.6,organic,A,black,16,0
CUST103936,32,102.42,256,3,6.0,two-year,0,2,9.9,ads,C,black,89,0
CUST103937,26,63.25,381,3,10.5,one-year,0,3,4.5,organic,A,yellow,68,1
CUST103938,21,46.57,325,1,0.5,month-to-month,0,4,8.2,ads,A,white,14,0
CUST103939,8,59.58,503,2,0.0,one-year,0,6,5.0,ads,B,white,87,1
CUST103940,34,100.83,418,2,5.4,one-year,0,3,5.3,referral,A,blue,99,1
CUST103941,67,145.86,412,0,2.7,one-year,1,2,8.3,organic,A,red,84,0
CUST103942,23,37.08,225,4,3.3,month-to-month,1,2,5.8,ads,B,red,96,0
CUST103943,31,52.95,529,9,12.2,month-to-month,0,1,2.8,organic,C,green,25,1
CUST103944,39,110.24,198,4,3.4,month-to-month,1,3,8.2,organic,A,blue,78,0
CUST103945,41,45.12,340,1,0.0,one-year,1,4,9.3,ads,B,green,80,0
CUST103946,60,138.51,379,2,0.0,one-year,0,3,4.7,ads,B,blue,86,0
CUST103947,48,94.08,481,3,2.9,month-to-month,0,5,9.9,partner,A,black,51,0
CUST103948,19,97.42,379,3,2.8,one-year,1,3,1.1,partner,A,yellow,68,0
CUST103949,49,143.94,300,7,9.4,month-to-month,0,1,8.5,partner,C,blue,73,1
CUST103950,46,113.22,536,2,0.0,month-to-month,0,3,6.8,organic,B,yellow,3,1
CUST103951,26,73.71,197,3,8.9,month-to-month,0,2,4.9,ads,A,green,87,1
CUST103952,49,105.86,510,0,0.0,two-year,1,4,9.7,referral,A,yellow,98,0
CUST103953,61,33.96,483,1,0.0,month-to-month,1,5,8.0,referral,B,red,21,0
CUST103954,37,104.6,391,6,4.0,month-to-month,0,1,5.6,partner,B,black,38,1
CUST103955,38,112.21,426,3,0.0,month-to-month,1,2,5.3,organic,A,white,49,1
CUST103956,27,42.35,365,4,3.1,month-to-month,1,5,8.7,ads,A,yellow,43,0
CUST103957,46,115.44,291,1,5.2,month-to-month,0,2,7.2,ads,B,yellow,48,0
CUST103958,63,31.04,263,3,0.9,one-year,1,3,6.4,referral,B,green,36,0
CUST103959,28,45.85,281,1,5.3,one-year,0,5,8.1,organic,C,black,60,0
CUST103960,6,81.17,255,6,3.9,one-year,0,3,6.3,ads,A,black,70,1
CUST103961,67,112.4,542,0,1.4,two-year,1,6,8.4,referral,B,yellow,14,0
CUST103962,13,99.31,505,3,4.9,one-year,1,2,8.0,ads,B,blue,38,0
CUST103963,48,43.35,387,3,5.0,month-to-month,0,3,7.4,organic,C,blue,4,1
CUST103964,22,25.75,109,3,12.5,two-year,0,1,5.2,organic,B,yellow,2,0
CUST103965,59,74.56,339,2,0.0,month-to-month,0,4,6.6,referral,C,red,31,0
CUST103966,34,106.27,497,2,1.5,two-year,0,2,2.6,referral,A,black,94,1
CUST103967,30,64.72,419,6,6.6,one-year,0,1,2.7,ads,A,yellow,90,1
CUST103968,52,64.06,295,2,6.5,one-year,1,4,10.0,ads,B,white,53,0
CUST103969,66,98.98,367,1,2.5,two-year,1,4,8.4,ads,B,blue,89,0
CUST103970,62,84.55,520,2,6.3,month-to-month,0,3,3.6,ads,A,green,90,1
CUST103971,7,136.37,672,4,12.1,one-year,0,2,6.6,organic,A,red,47,0
CUST103972,45,74.19,562,7,3.0,two-year,0,5,6.5,referral,B,green,3,0
CUST103973,72,42.53,379,3,5.6,month-to-month,0,4,4.4,organic,C,white,2,0
CUST103974,41,42.05,285,3,1.1,one-year,1,3,10.0,organic,A,red,69,0
CUST103975,39,20.82,338,6,0.0,one-year,0,4,4.9,referral,C,blue,47,1
CUST103976,54,50.12,582,2,6.1,one-year,0,4,8.8,referral,A,red,58,0
CUST103977,54,101.28,402,0,0.0,month-to-month,1,4,7.3,referral,A,red,21,0
CUST103978,17,50.03,108,4,5.3,month-to-month,1,2,7.6,organic,B,white,34,0
CUST103979,40,79.83,165,6,11.5,month-to-month,1,1,3.3,ads,A,black,56,1
CUST103980,22,25.88,286,2,0.0,one-year,1,6,6.3,organic,C,blue,36,0
CUST103981,49,65.23,42,1,3.3,month-to-month,1,4,9.9,organic,C,yellow,67,0
CUST103982,72,101.1,533,1,0.0,month-to-month,1,5,10.0,ads,A,yellow,50,0
CUST103983,17,130.57,715,14,3.5,month-to-month,0,1,6.9,ads,A,green,16,1
CUST103984,29,44.42,540,3,0.0,month-to-month,0,3,6.8,organic,C,black,79,0
CUST103985,24,44.81,551,2,10.0,month-to-month,0,1,7.4,ads,A,green,39,1
CUST103986,30,86.05,543,2,1.6,one-year,1,2,7.8,partner,A,red,57,0
CUST103987,11,118.21,258,1,10.0,two-year,0,3,6.7,organic,A,white,43,0
CUST103988,63,78.82,397,2,0.0,one-year,1,5,6.9,referral,C,green,30,0
CUST103989,24,26.81,423,8,2.0,one-year,0,3,4.2,ads,A,black,81,1
CUST103990,1,94.59,645,2,2.9,month-to-month,0,2,4.9,ads,A,yellow,12,1
CUST103991,40,120.85,331,3,6.0,month-to-month,1,3,5.6,organic,C,red,13,0
CUST103992,19,40.99,509,3,9.9,one-year,1,1,3.9,partner,B,white,84,0
CUST103993,40,147.32,322,2,7.0,two-year,1,4,6.2,referral,B,blue,25,0
CUST103994,7,59.93,264,6,8.2,one-year,0,4,3.6,ads,A,white,91,0
CUST103995,43,116.77,274,4,5.6,two-year,1,1,6.8,ads,A,blue,35,0
CUST103996,29,28.13,205,5,9.7,month-to-month,0,1,1.3,ads,A,yellow,17,1
CUST103997,28,102.61,405,4,0.0,two-year,0,1,7.2,organic,A,yellow,31,1
CUST103998,66,101.72,520,4,1.9,month-to-month,1,5,5.9,referral,B,red,64,0
CUST103999,49,109.12,752,3,1.2,month-to-month,1,2,7.4,partner,A,green,37,0
CUST104000,39,73.59,518,2,9.2,month-to-month,1,3,8.4,organic,A,yellow,1,0
CUST104001,36,138.89,310,1,4.8,one-year,0,4,7.7,ads,B,white,42,0
CUST104002,23,78.59,557,5,0.0,month-to-month,0,3,7.7,referral,B,black,71,0
CUST104003,35,119.82,527,3,1.9,one-year,1,3,5.6,ads,A,black,57,0
CUST104004,25,105.83,399,5,8.0,month-to-month,1,2,7.6,ads,A,black,66,0
CUST104005,70,95.97,285,2,3.0,two-year,1,2,9.9,organic,A,yellow,26,0
CUST104006,1,100.81,195,7,14.2,month-to-month,1,2,1.0,ads,C,red,90,1
CUST104007,41,130.95,313,2,6.0,month-to-month,0,4,4.7,ads,B,red,3,0
CUST104008,25,141.26,432,7,12.4,month-to-month,1,3,8.0,organic,A,white,14,1
CUST104009,45,125.32,601,2,5.5,month-to-month,1,2,10.0,partner,C,red,36,0
CUST104010,59,101.13,315,6,7.9,two-year,1,3,4.3,organic,B,white,18,0
CUST104011,31,64.55,437,6,11.5,month-to-month,0,2,2.6,ads,B,green,87,1
CUST104012,6,72.88,488,2,7.3,month-to-month,1,2,4.8,partner,B,red,58,1
CUST104013,30,51.4,330,4,6.3,two-year,1,3,2.9,ads,B,blue,5,0
CUST104014,54,59.03,257,0,9.2,month-to-month,0,3,6.4,organic,B,red,30,0
CUST104015,31,143.89,418,3,6.2,one-year,1,4,7.8,ads,A,green,78,0
CUST104016,13,66.67,281,0,9.6,one-year,0,2,3.2,ads,A,green,6,1
CUST104017,32,96.79,219,2,0.0,month-to-month,1,3,7.8,referral,B,green,25,0
CUST104018,40,22.66,618,2,9.9,month-to-month,1,2,4.7,referral,B,yellow,93,0
CUST104019,50,75.49,342,1,1.2,one-year,0,3,9.3,ads,B,red,15,0
CUST104020,62,129.98,482,0,0.0,two-year,1,5,8.7,referral,B,black,71,0
CUST104021,56,140.24,456,3,7.2,month-to-month,0,2,7.1,ads,A,black,22,0
CUST104022,26,92.3,261,0,10.4,month-to-month,1,3,2.6,partner,A,blue,79,0
CUST104023,42,84.34,452,3,3.0,two-year,1,5,9.1,organic,B,red,28,0
CUST104024,16,24.36,461,3,11.2,month-to-month,0,1,5.9,ads,B,blue,69,0
CUST104025,18,78.2,438,5,2.7,one-year,0,4,5.8,organic,A,blue,46,1
CUST104026,32,76.23,423,5,12.9,one-year,0,2,3.9,ads,C,green,73,0
CUST104027,26,102.1,488,0,11.4,month-to-month,1,3,6.7,organic,B,blue,43,0
CUST104028,72,98.23,478,0,0.1,one-year,0,4,8.1,ads,B,yellow,1,0
CUST104029,68,128.27,499,0,0.0,one-year,1,4,6.5,ads,C,green,86,0
CUST104030,56,20.79,262,2,11.4,one-year,1,4,10.0,referral,C,red,58,0
CUST104031,1,72.45,194,3,15.1,month-to-month,0,3,5.4,ads,B,white,6,1
CUST104032,12,55.18,348,4,8.2,month-to-month,0,2,5.9,ads,A,blue,51,0
CUST104033,21,126.84,406,8,7.1,month-to-month,0,2,1.5,partner,A,green,52,1
CUST104034,18,143.48,522,3,8.9,month-to-month,1,3,5.0,ads,A,white,34,0
CUST104035,64,88.95,675,1,0.0,one-year,0,3,7.5,ads,A,white,57,0
CUST104036,49,118.9,321,2,5.9,month-to-month,1,4,7.9,organic,C,blue,32,0
CUST104037,34,137.94,572,6,5.6,month-to-month,1,3,7.3,partner,A,black,73,1
CUST104038,25,80.97,429,4,0.0,one-year,0,3,6.4,organic,C,blue,73,0
CUST104039,26,87.81,339,2,1.3,month-to-month,0,2,4.0,ads,C,black,73,1
CUST104040,41,114.6,470,4,0.3,month-to-month,1,2,8.2,referral,B,black,7,0
CUST104041,61,149.93,468,1,8.3,two-year,0,4,7.7,organic,A,yellow,58,0
CUST104042,3,114.47,455,6,6.2,month-to-month,0,3,1.5,ads,B,green,62,1
CUST104043,36,89.05,599,4,0.0,month-to-month,0,3,3.1,organic,C,red,48,1
CUST104044,48,39.99,344,4,0.4,one-year,1,4,8.4,organic,A,red,6,0
CUST104045,41,108.96,466,2,4.2,one-year,1,2,4.4,partner,B,green,34,0
CUST104046,31,104.87,194,4,8.3,two-year,1,3,8.3,referral,A,yellow,98,0
CUST104047,50,88.37,221,1,1.6,two-year,1,4,9.3,referral,A,green,61,0
CUST104048,45,71.12,407,1,0.0,one-year,1,2,6.6,referral,C,black,90,0
CUST104049,18,52.98,317,2,4.4,two-year,1,2,6.4,ads,C,red,40,0
CUST104050,46,130.65,581,2,9.4,month-to-month,0,6,8.5,referral,C,black,4,0
CUST104051,36,90.26,526,3,3.0,month-to-month,0,4,8.5,organic,B,red,46,0
CUST104052,18,116.17,479,1,3.3,one-year,1,4,9.6,partner,C,blue,16,0
CUST104053,31,93.39,403,3,7.8,month-to-month,0,3,6.8,partner,B,blue,96,1
CUST104054,29,146.77,287,1,8.2,month-to-month,0,1,6.5,partner,C,yellow,74,1
CUST104055,30,100.56,31,2,6.1,month-to-month,1,1,7.0,referral,C,red,76,0
CUST104056,54,23.75,313,0,5.2,one-year,1,4,10.0,referral,B,yellow,88,0
CUST104057,52,76.85,465,4,0.9,two-year,1,4,7.0,organic,C,blue,71,0
CUST104058,45,118.12,270,1,4.3,two-year,1,2,5.4,ads,B,green,91,0
CUST104059,19,131.36,605,7,2.9,one-year,0,4,2.5,referral,B,white,60,1
CUST104060,41,122.5,435,2,6.0,month-to-month,1,4,10.0,ads,A,white,95,0
CUST104061,61,102.83,507,3,0.7,month-to-month,1,3,7.8,organic,A,blue,58,0
CUST104062,50,47.71,603,3,8.6,month-to-month,0,6,6.1,referral,A,green,27,0
CUST104063,10,32.38,292,3,2.1,one-year,1,4,9.7,referral,A,white,32,0
CUST104064,40,64.28,383,6,9.3,month-to-month,0,3,2.0,ads,A,green,21,1
CUST104065,32,93.32,501,3,2.5,one-year,0,2,4.9,ads,C,yellow,95,1
CUST104066,52,100.49,219,4,2.3,one-year,1,2,6.4,ads,A,red,25,0
CUST104067,31,68.46,467,2,2.9,month-to-month,1,2,8.3,ads,B,black,15,1
CUST104068,1,90.69,574,2,3.3,month-to-month,0,1,3.5,ads,A,red,51,1
CUST104069,57,34.02,496,5,0.0,month-to-month,1,3,5.9,organic,C,white,9,0
CUST104070,29,130.73,456,3,0.0,one-year,0,4,5.2,partner,A,yellow,36,0
CUST104071,7,98.14,232,1,7.6,month-to-month,0,1,7.5,organic,C,green,52,0
CUST104072,1,33.3,406,5,11.8,month-to-month,0,2,2.9,organic,A,yellow,68,1
CUST104073,43,35.36,248,5,0.0,month-to-month,0,2,5.3,ads,C,black,35,0
CUST104074,33,125.75,410,5,0.7,one-year,1,4,7.0,organic,A,blue,9,0
CUST104075,49,50.03,424,6,0.0,month-to-month,1,3,5.4,referral,B,yellow,83,1
CUST104076,42,55.15,320,4,0.0,month-to-month,1,4,2.9,ads,B,yellow,34,0
CUST104077,6,44.75,589,1,11.6,month-to-month,1,1,1.0,organic,B,green,37,1
CUST104078,30,48.58,240,2,2.4,month-to-month,1,3,5.8,referral,B,yellow,45,0
CUST104079,25,37.83,735,4,5.9,month-to-month,1,3,6.9,partner,C,green,22,0
CUST104080,40,71.96,514,1,0.0,month-to-month,1,4,7.1,organic,B,red,82,0
CUST104081,13,29.66,528,2,4.7,one-year,0,4,6.2,organic,B,white,1,0
CUST104082,62,133.23,431,2,3.1,one-year,1,6,6.1,referral,B,yellow,48,0
CUST104083,29,98.38,211,4,5.1,month-to-month,0,2,1.0,ads,B,blue,74,1
CUST104084,39,61.57,331,3,0.0,one-year,1,4,10.0,ads,B,white,12,0
CUST104085,53,62.85,373,4,6.3,month-to-month,1,5,8.4,ads,A,green,60,0
CUST104086,48,90.11,394,1,0.1,month-to-month,1,3,9.2,referral,A,black,95,1
CUST104087,41,33.53,324,2,4.5,two-year,1,4,5.4,ads,C,white,51,0
CUST104088,24,147.97,630,3,0.6,two-year,1,3,7.8,partner,B,black,90,0
CUST104089,4,113.44,291,4,0.0,two-year,0,3,5.9,organic,B,blue,65,0
CUST104090,25,48.03,378,4,12.9,month-to-month,1,1,7.2,partner,B,blue,15,1
CUST104091,65,128.52,288,0,0.0,one-year,1,5,9.4,referral,B,black,23,0
CUST104092,25,96.7,392,5,10.7,month-to-month,0,3,7.3,referral,C,red,77,0
CUST104093,64,122.5,163,2,4.7,one-year,0,2,6.5,organic,A,green,88,0
CUST104094,62,132.0,351,1,5.6,one-year,1,2,9.8,organic,A,black,11,0
CUST104095,10,103.46,554,7,11.2,one-year,0,3,5.5,ads,A,black,12,1
CUST104096,44,107.58,431,1,7.1,month-to-month,1,5,7.5,partner,C,red,10,0
CUST104097,66,127.14,221,3,4.9,month-to-month,0,1,4.3,ads,B,green,36,0
CUST104098,16,93.19,452,4,11.5,one-year,0,3,6.1,ads,A,yellow,59,1
CUST104099,45,80.5,482,4,1.9,one-year,1,2,4.7,ads,B,green,37,0
CUST104100,13,112.83,454,7,10.0,one-year,0,3,4.2,partner,B,yellow,22,1
CUST104101,37,71.18,462,2,9.8,month-to-month,1,1,5.5,ads,C,black,21,1
CUST104102,71,81.13,619,3,12.6,two-year,0,4,4.2,ads,B,red,48,0
CUST104103,41,66.7,572,1,5.7,two-year,0,2,7.4,organic,C,black,62,0
CUST104104,52,132.39,321,3,2.1,one-year,1,4,4.3,referral,B,white,3,0
CUST104105,72,76.53,344,3,4.3,one-year,1,2,7.8,organic,B,blue,74,0
CUST104106,33,124.01,313,1,0.0,month-to-month,1,4,7.2,partner,A,white,75,0
CUST104107,64,120.89,438,1,5.8,month-to-month,1,4,7.8,ads,A,blue,2,0
CUST104108,25,21.87,502,2,0.0,two-year,1,2,7.2,partner,B,green,41,0
CUST104109,39,135.32,233,3,2.6,month-to-month,1,4,7.9,referral,B,green,52,1
CUST104110,47,91.88,452,2,9.3,month-to-month,1,5,7.8,ads,C,black,12,0
CUST104111,39,92.32,321,4,9.4,month-to-month,0,5,8.1,organic,A,blue,77,0
CUST104112,72,64.14,274,1,1.3,month-to-month,1,5,7.5,partner,A,green,60,0
CUST104113,16,128.09,433,3,3.8,month-to-month,0,3,6.9,partner,A,white,3,1
CUST104114,72,36.89,660,1,4.4,one-year,1,5,8.5,referral,A,white,15,0
CUST104115,54,82.08,419,2,1.5,one-year,0,1,4.4,organic,A,black,84,0
CUST104116,46,52.31,547,5,1.1,month-to-month,1,3,5.5,referral,B,blue,35,1
CUST104117,6,119.24,443,4,15.0,one-year,1,3,1.7,ads,C,black,88,0
CUST104118,21,45.18,401,0,1.6,one-year,0,3,7.2,partner,C,white,77,0
CUST104119,11,37.69,483,7,1.3,month-to-month,0,2,2.1,ads,C,blue,26,1
CUST104120,43,45.67,343,6,2.0,month-to-month,1,2,8.1,ads,A,green,46,0
CUST104121,16,134.41,223,5,5.2,month-to-month,1,3,4.6,partner,B,blue,81,0
CUST104122,58,72.9,245,0,0.0,one-year,1,3,9.4,referral,A,yellow,7,0
CUST104123,22,23.23,398,5,10.6,two-year,1,3,6.9,referral,B,red,50,0
CUST104124,52,118.91,465,2,3.2,two-year,1,3,7.4,organic,A,green,95,0
CUST104125,23,107.03,447,3,2.3,one-year,1,3,3.8,ads,A,black,3,0
CUST104126,45,81.22,332,4,0.0,month-to-month,1,1,5.8,organic,B,blue,24,0
CUST104127,72,149.66,415,0,2.2,two-year,1,5,9.4,referral,C,red,50,0
CUST104128,49,63.45,347,4,7.4,month-to-month,0,4,2.8,ads,C,black,82,1
CUST104129,72,84.54,253,1,1.5,two-year,1,2,7.3,organic,C,blue,53,0
CUST104130,35,63.54,179,1,3.0,month-to-month,0,2,5.2,organic,A,black,99,0
CUST104131,19,88.83,371,3,4.6,month-to-month,1,4,5.1,organic,B,blue,67,1
CUST104132,33,144.31,517,4,5.6,one-year,1,4,10.0,referral,B,red,80,0
CUST104133,20,23.88,406,3,0.2,one-year,1,2,8.4,organic,C,yellow,46,0
CUST104134,18,114.48,229,5,0.0,month-to-month,0,4,4.9,organic,A,black,3,0
CUST104135,32,90.94,558,3,8.1,one-year,1,1,5.0,partner,C,white,46,0
CUST104136,27,54.98,317,2,2.8,one-year,1,4,5.5,partner,A,white,96,0
CUST104137,37,62.04,112,2,6.9,two-year,1,5,6.5,organic,B,blue,85,0
CUST104138,54,43.58,401,1,1.4,month-to-month,0,4,5.9,organic,C,black,75,0
CUST104139,31,89.01,557,1,7.4,month-to-month,1,4,5.0,organic,C,green,91,0
CUST104140,27,22.17,437,1,4.2,month-to-month,0,4,8.8,organic,A,white,31,0
CUST104141,55,122.81,274,4,4.3,one-year,0,3,9.3,referral,C,black,66,0
CUST104142,27,109.65,285,1,6.7,month-to-month,0,3,6.8,ads,B,black,47,0
CUST104143,36,69.62,559,8,0.0,one-year,0,3,7.0,referral,C,green,53,0
CUST104144,38,50.11,331,6,1.1,month-to-month,0,2,4.1,ads,B,white,14,0
CUST104145,1,84.63,244,9,11.6,month-to-month,0,3,2.2,ads,A,white,6,1
CUST104146,67,63.87,263,0,5.2,one-year,1,5,8.0,referral,B,green,80,0
CUST104147,56,121.79,368,5,1.4,month-to-month,1,4,7.2,organic,B,green,99,0
CUST104148,21,66.64,584,3,7.3,month-to-month,0,4,2.9,ads,C,black,23,0
CUST104149,22,113.97,502,4,4.9,month-to-month,1,3,6.6,ads,B,blue,90,0
CUST104150,34,100.94,429,4,3.9,month-to-month,0,1,3.7,referral,B,blue,52,1
CUST104151,67,93.05,731,1,0.0,one-year,1,4,9.3,organic,A,yellow,65,0
CUST104152,30,134.19,485,0,0.0,one-year,0,2,8.0,organic,C,green,86,0
CUST104153,41,103.28,773,7,16.2,month-to-month,0,3,4.3,ads,A,green,44,1
CUST104154,66,142.42,359,3,0.0,two-year,0,3,7.8,ads,B,black,10,0
CUST104155,22,81.48,415,1,0.0,one-year,0,3,2.4,partner,A,yellow,77,1
CUST104156,32,69.12,317,0,12.8,two-year,0,3,9.0,referral,B,black,44,0
CUST104157,41,100.91,430,4,1.3,month-to-month,0,2,7.1,partner,B,green,17,0
CUST104158,30,76.82,389,7,3.7,month-to-month,1,2,7.6,ads,C,green,65,0
CUST104159,27,80.72,819,4,6.5,one-year,0,2,9.3,organic,C,yellow,53,0
CUST104160,31,65.41,385,3,5.9,month-to-month,0,4,4.3,ads,B,white,50,0
CUST104161,41,113.32,561,1,4.3,month-to-month,0,5,8.8,ads,B,blue,89,0
CUST104162,9,101.44,413,4,10.8,month-to-month,1,3,8.8,referral,C,yellow,14,1
CUST104163,25,91.59,500,6,5.7,month-to-month,0,5,1.1,organic,B,blue,90,1
CUST104164,24,78.33,461,2,6.0,month-to-month,1,4,5.5,partner,A,green,25,0
CUST104165,4,104.37,474,3,1.4,one-year,1,4,7.0,ads,C,white,45,0
CUST104166,32,137.08,417,1,1.4,month-to-month,0,4,7.6,organic,B,yellow,61,0
CUST104167,22,118.41,197,3,5.2,month-to-month,0,1,1.8,ads,A,green,43,1
CUST104168,72,54.85,534,0,3.3,month-to-month,0,3,10.0,ads,C,red,83,0
CUST104169,19,106.19,173,3,8.5,month-to-month,0,3,5.2,referral,A,yellow,96,0
CUST104170,1,27.53,606,3,12.9,month-to-month,0,1,5.8,partner,A,blue,24,0
CUST104171,42,134.45,487,3,4.3,month-to-month,0,5,6.2,partner,C,blue,92,0
CUST104172,20,90.36,453,2,1.4,month-to-month,0,2,6.7,partner,B,white,61,0
CUST104173,13,109.0,423,2,1.4,one-year,0,3,1.0,ads,A,blue,45,1
CUST104174,42,84.35,588,3,2.7,month-to-month,1,3,5.5,referral,B,yellow,97,0
CUST104175,26,94.11,592,2,0.0,month-to-month,0,6,8.8,ads,B,black,62,0
CUST104176,14,114.53,220,2,1.2,month-to-month,0,4,7.0,ads,C,white,67,1
CUST104177,66,133.64,113,5,0.0,month-to-month,1,4,4.0,ads,C,black,92,0
CUST104178,66,43.55,495,3,0.0,month-to-month,1,4,9.3,organic,A,yellow,79,0
CUST104179,28,59.05,419,2,12.2,two-year,0,2,4.5,ads,A,yellow,8,0
CUST104180,39,140.88,340,2,2.7,month-to-month,1,3,5.3,referral,A,red,39,1
CUST104181,37,24.4,435,2,11.8,month-to-month,0,3,3.0,ads,C,white,10,0
CUST104182,40,55.38,290,3,8.2,month-to-month,1,3,6.3,organic,B,green,92,1
CUST104183,18,86.23,483,12,3.3,one-year,0,1,7.6,ads,A,green,78,1
CUST104184,36,128.65,310,4,4.9,month-to-month,0,2,9.6,organic,A,red,89,0
CUST104185,33,73.35,398,3,0.0,one-year,0,4,4.4,organic,B,red,46,0
CUST104186,61,49.0,481,0,0.0,one-year,1,3,10.0,referral,B,green,1,0
CUST104187,30,59.75,338,7,0.9,month-to-month,1,3,6.9,organic,C,green,69,0
CUST104188,31,54.31,359,2,7.6,two-year,0,2,4.8,referral,B,black,58,0
CUST104189,46,40.05,402,4,2.4,month-to-month,0,4,4.8,ads,A,yellow,76,0
CUST104190,48,73.44,453,2,1.6,two-year,1,3,5.1,referral,C,green,80,0
CUST104191,17,81.93,595,5,1.5,month-to-month,1,3,5.9,organic,A,green,51,0
CUST104192,31,102.67,362,2,3.7,one-year,1,4,8.8,ads,A,white,89,0
CUST104193,1,97.4,514,3,7.7,month-to-month,0,2,5.3,organic,A,white,96,1
CUST104194,35,70.08,491,12,7.3,month-to-month,0,3,4.9,ads,C,white,46,0
CUST104195,17,45.56,455,3,6.9,month-to-month,0,1,2.8,organic,A,white,90,1
CUST104196,46,117.82,532,2,5.1,two-year,0,4,6.7,referral,B,red,23,0
CUST104197,9,99.23,621,5,10.0,month-to-month,1,2,6.5,ads,A,white,18,1
CUST104198,1,68.77,429,2,21.8,month-to-month,0,5,1.0,ads,B,red,61,1
CUST104199,46,48.47,508,9,0.0,month-to-month,0,4,7.3,ads,B,red,12,0
CUST104200,60,110.1,346,2,0.0,two-year,1,3,3.8,organic,A,blue,57,0
CUST104201,30,107.79,374,5,9.2,month-to-month,0,1,6.9,ads,C,red,51,1
CUST104202,12,77.62,286,2,6.3,month-to-month,1,2,1.6,organic,A,red,85,0
CUST104203,66,62.59,380,4,8.8,month-to-month,0,5,2.1,ads,C,yellow,21,1
CUST104204,39,140.38,455,2,7.1,one-year,1,1,8.6,organic,A,black,17,0
CUST104205,20,112.83,418,3,0.0,one-year,0,2,9.0,organic,B,green,76,0
CUST104206,63,43.82,389,4,1.4,two-year,1,5,6.7,referral,A,green,48,0
CUST104207,1,57.67,388,5,14.9,month-to-month,0,4,2.1,ads,B,white,13,1
CUST104208,51,136.16,403,9,7.6,one-year,0,2,6.8,partner,B,black,90,0
CUST104209,9,51.65,404,5,6.7,month-to-month,1,3,5.3,ads,C,green,18,1
CUST104210,54,50.42,622,2,7.7,month-to-month,1,4,5.4,ads,A,green,4,0
CUST104211,33,27.26,415,5,9.6,one-year,1,4,4.8,ads,A,red,24,0
CUST104212,65,74.03,286,0,0.0,month-to-month,1,4,4.9,referral,A,black,63,0
CUST104213,42,73.16,660,5,15.9,one-year,0,4,4.1,ads,A,white,44,1
CUST104214,20,112.01,413,2,0.0,month-to-month,0,4,6.4,organic,C,yellow,96,1
CUST104215,62,141.9,399,3,4.7,month-to-month,1,4,6.5,partner,B,yellow,70,0
CUST104216,37,140.39,302,3,0.0,month-to-month,1,6,7.5,organic,B,blue,46,0
CUST104217,15,62.73,320,3,10.5,month-to-month,0,3,4.2,ads,C,blue,75,1
CUST104218,28,66.29,626,3,5.9,two-year,0,3,8.1,ads,B,white,59,0
CUST104219,22,141.84,302,8,11.8,month-to-month,0,2,5.4,organic,B,white,66,1
CUST104220,8,29.65,321,6,12.1,month-to-month,0,1,2.3,referral,C,green,53,1
CUST104221,44,68.52,498,3,0.0,month-to-month,0,4,7.0,referral,B,black,72,0
CUST104222,38,103.13,218,3,0.1,two-year,1,3,5.0,organic,A,red,15,0
CUST104223,59,24.41,552,2,0.0,month-to-month,1,2,10.0,ads,C,white,67,0
CUST104224,30,64.49,499,1,5.6,month-to-month,0,1,4.5,organic,A,red,82,0
CUST104225,59,87.67,402,2,6.1,month-to-month,1,5,7.9,organic,C,green,18,0
CUST104226,72,136.05,471,0,0.0,two-year,1,3,9.9,referral,B,green,25,0
CUST104227,41,51.4,624,6,7.6,one-year,0,3,6.6,referral,B,white,12,0
CUST104228,32,120.56,525,1,0.0,two-year,0,4,4.8,ads,C,black,61,0
CUST104229,45,78.86,535,3,3.3,month-to-month,0,2,4.7,organic,A,white,43,0
CUST104230,1,84.36,489,3,10.5,month-to-month,0,2,6.2,ads,A,white,53,0
CUST104231,42,21.15,395,0,4.0,two-year,1,4,7.2,referral,B,black,28,0
CUST104232,44,59.91,406,2,4.4,month-to-month,0,4,4.8,referral,C,green,36,0
CUST104233,40,135.69,447,4,4.4,one-year,1,4,5.2,ads,B,green,91,0
CUST104234,1,82.95,501,11,9.5,month-to-month,0,3,2.0,ads,C,red,41,1
CUST104235,1,101.14,365,4,6.5,one-year,0,2,3.3,organic,C,yellow,96,1
CUST104236,54,43.7,488,0,0.0,one-year,1,4,10.0,referral,B,green,39,0
CUST104237,49,147.62,389,2,6.8,month-to-month,0,4,7.2,organic,B,green,15,0
CUST104238,70,70.72,451,3,0.0,one-year,0,2,7.7,referral,B,white,30,0
CUST104239,37,68.24,431,2,3.0,month-to-month,0,4,8.3,organic,B,white,54,0
CUST104240,44,132.8,471,2,10.0,month-to-month,0,5,3.5,ads,C,green,23,1
CUST104241,45,44.46,467,2,3.6,one-year,0,3,10.0,ads,A,green,35,0
CUST104242,27,117.7,420,3,0.0,month-to-month,1,3,9.6,ads,A,red,35,0
CUST104243,6,65.44,313,0,0.0,two-year,1,3,9.4,organic,A,black,49,0
CUST104244,30,102.56,598,3,0.0,month-to-month,0,5,6.7,ads,A,green,26,0
CUST104245,30,136.0,361,9,5.0,one-year,0,3,5.4,partner,A,green,98,1
CUST104246,61,119.84,573,2,0.4,month-to-month,0,3,6.8,ads,B,green,4,0
CUST104247,50,106.5,267,1,1.8,two-year,0,5,6.5,ads,B,green,39,0
CUST104248,49,90.45,276,3,3.9,month-to-month,0,4,6.1,ads,B,white,69,0
CUST104249,51,24.61,563,2,0.0,one-year,1,2,4.7,organic,A,blue,51,0
CUST104250,49,96.37,647,0,1.5,month-to-month,0,4,6.9,ads,B,blue,47,0
CUST104251,4,79.02,496,7,5.1,month-to-month,0,4,10.0,ads,C,blue,84,0
CUST104252,42,63.33,237,4,1.9,two-year,0,3,8.8,referral,B,blue,95,0
CUST104253,34,79.48,568,5,2.1,month-to-month,0,2,5.7,ads,B,white,91,0
CUST104254,25,41.83,299,4,0.0,one-year,1,4,8.3,ads,B,blue,87,0
CUST104255,45,44.76,277,0,0.0,one-year,1,2,4.6,partner,A,white,6,0
CUST104256,9,148.99,440,3,15.1,month-to-month,1,2,6.6,ads,A,yellow,70,1
CUST104257,15,125.83,355,2,0.0,one-year,0,4,10.0,referral,A,red,39,0
CUST104258,50,119.75,526,3,0.0,one-year,0,2,2.3,ads,A,white,88,1
CUST104259,25,122.86,487,1,6.6,month-to-month,0,2,6.5,partner,A,black,16,1
CUST104260,72,102.54,376,3,0.0,month-to-month,1,3,5.4,organic,A,black,77,0
CUST104261,45,149.59,503,4,0.2,month-to-month,0,4,2.5,partner,A,green,42,1
CUST104262,40,77.44,710,1,2.2,one-year,0,3,10.0,referral,C,green,7,0
CUST104263,31,138.79,384,6,5.7,one-year,1,5,4.2,organic,A,green,49,0
CUST104264,44,67.31,466,4,5.8,one-year,1,3,5.1,ads,B,green,7,0
CUST104265,56,88.47,500,1,5.4,two-year,0,5,9.0,organic,B,yellow,49,0
CUST104266,44,117.11,494,6,3.0,month-to-month,1,4,6.4,referral,A,green,26,0
CUST104267,29,78.83,693,5,7.2,one-year,0,4,3.2,ads,C,green,2,0
CUST104268,18,72.95,571,2,9.2,month-to-month,0,2,4.5,organic,A,black,52,0
CUST104269,32,110.76,293,3,6.8,one-year,0,4,8.5,referral,A,red,65,0
CUST104270,33,23.88,296,1,6.9,month-to-month,0,1,5.9,ads,B,white,99,0
CUST104271,33,66.41,405,3,2.1,month-to-month,0,1,5.9,ads,B,blue,1,0
CUST104272,2,88.77,496,3,10.5,month-to-month,0,3,3.6,organic,A,red,74,0
CUST104273,3,47.22,554,3,9.5,month-to-month,0,1,5.5,ads,B,black,57,0
CUST104274,18,127.48,553,8,5.1,one-year,0,3,4.0,ads,A,black,30,1
CUST104275,29,22.35,418,3,3.4,month-to-month,1,3,9.8,organic,C,red,62,0
CUST104276,26,44.43,498,2,8.1,month-to-month,1,4,4.9,referral,A,blue,54,0
CUST104277,19,68.12,627,3,11.5,month-to-month,0,3,4.7,referral,A,green,75,0
CUST104278,58,98.69,490,4,1.6,month-to-month,0,1,6.8,referral,C,red,18,0
CUST104279,59,60.92,470,5,0.0,month-to-month,1,3,8.8,ads,B,yellow,10,0
CUST104280,43,149.18,548,1,0.0,two-year,1,3,7.7,referral,B,yellow,5,0
CUST104281,10,39.48,451,2,7.5,month-to-month,0,1,4.4,ads,A,white,72,1
CUST104282,63,94.24,512,0,1.5,two-year,1,3,3.7,organic,C,green,95,0
CUST104283,57,56.16,665,1,1.8,one-year,0,2,7.5,organic,A,red,2,0
CUST104284,26,58.79,271,4,6.9,month-to-month,0,2,7.3,ads,A,green,62,1
CUST104285,21,22.06,398,6,1.7,two-year,1,2,5.5,organic,A,white,65,0
CUST104286,20,58.95,344,3,9.0,one-year,0,3,6.1,ads,B,red,2,0
CUST104287,30,127.32,335,2,0.0,month-to-month,0,3,5.8,organic,C,blue,88,1
CUST104288,58,54.58,349,1,0.5,month-to-month,1,5,7.2,referral,C,white,58,0
CUST104289,69,94.69,145,2,3.7,one-year,1,4,9.2,ads,A,green,68,0
CUST104290,32,119.98,365,5,1.7,one-year,1,4,5.4,referral,B,yellow,34,0
CUST104291,15,122.39,561,3,8.5,month-to-month,0,3,6.4,partner,A,blue,99,0
CUST104292,17,144.01,260,3,6.6,month-to-month,0,2,4.8,ads,A,white,60,1
CUST104293,49,102.98,197,1,13.8,month-to-month,1,2,4.7,ads,B,black,62,0
CUST104294,29,145.5,346,3,1.3,one-year,0,3,8.6,organic,B,black,68,0
CUST104295,39,39.27,320,6,13.5,month-to-month,0,2,2.5,ads,A,blue,28,1
CUST104296,21,40.49,531,4,10.7,two-year,1,3,5.9,referral,B,green,96,0
CUST104297,27,87.21,647,1,9.3,one-year,1,4,4.3,ads,C,blue,38,0
CUST104298,1,126.42,710,5,7.3,month-to-month,0,1,4.4,ads,A,red,95,1
CUST104299,37,131.22,324,1,10.9,month-to-month,1,3,4.9,partner,C,blue,99,0
CUST104300,28,78.19,498,3,11.1,month-to-month,1,3,7.9,referral,C,white,82,0
CUST104301,22,145.66,417,4,9.2,month-to-month,1,1,4.7,ads,A,yellow,82,0
CUST104302,11,141.1,475,2,4.1,month-to-month,1,3,6.8,organic,B,white,71,1
CUST104303,40,69.57,495,1,9.2,one-year,1,6,8.6,organic,A,blue,78,0
CUST104304,13,85.93,412,5,8.0,one-year,0,2,5.5,ads,A,yellow,14,1
CUST104305,15,81.21,297,7,9.1,month-to-month,0,2,3.5,ads,B,white,61,1
CUST104306,18,146.06,320,4,7.0,month-to-month,0,3,7.4,ads,C,red,32,0
CUST104307,22,124.51,447,0,0.0,two-year,1,6,7.0,ads,B,white,91,0
CUST104308,72,87.44,469,2,6.0,two-year,0,4,3.1,partner,A,white,47,0
CUST104309,10,23.44,340,3,6.8,month-to-month,0,2,5.4,ads,A,green,89,0
CUST104310,39,24.44,391,3,3.8,month-to-month,0,2,7.4,referral,B,white,14,0
CUST104311,1,51.17,572,2,9.0,month-to-month,1,2,1.0,ads,B,blue,75,1
CUST104312,12,112.71,422,3,1.6,month-to-month,1,3,5.6,ads,B,blue,96,0
CUST104313,42,58.02,481,1,1.3,month-to-month,1,4,4.9,ads,B,green,42,0
CUST104314,34,24.68,615,4,8.1,two-year,1,3,7.3,partner,C,yellow,9,0
CUST104315,67,109.56,439,6,2.1,two-year,1,4,10.0,referral,A,black,45,0
CUST104316,28,93.84,361,7,11.1,month-to-month,0,1,4.4,partner,C,red,95,0
CUST104317,47,137.06,357,1,0.0,one-year,0,4,9.1,organic,A,yellow,30,0
CUST104318,24,137.92,503,5,8.0,month-to-month,0,4,7.6,organic,A,red,75,0
CUST104319,54,149.29,225,2,8.6,one-year,0,5,8.8,referral,B,black,46,0
CUST104320,50,58.8,616,3,3.1,one-year,0,3,5.3,referral,C,white,4,0
CUST104321,16,58.53,571,1,1.7,month-to-month,0,3,5.9,referral,C,blue,29,1
CUST104322,51,147.32,246,2,2.7,month-to-month,0,3,7.7,referral,A,white,24,0
CUST104323,25,146.43,354,6,0.9,month-to-month,0,1,5.0,organic,A,green,82,1
CUST104324,22,46.25,354,6,4.6,month-to-month,0,3,9.9,ads,A,red,20,0
CUST104325,60,80.56,490,2,2.0,two-year,0,4,8.1,organic,A,black,59,0
CUST104326,41,92.25,322,5,5.2,month-to-month,0,1,4.1,ads,A,blue,78,0
CUST104327,44,139.08,111,3,0.0,two-year,0,2,5.8,organic,B,white,16,0
CUST104328,52,36.02,580,1,0.0,one-year,1,5,10.0,organic,A,black,80,0
CUST104329,54,55.97,122,3,1.2,month-to-month,0,2,4.4,ads,B,black,39,0
CUST104330,58,54.8,640,1,3.0,two-year,1,4,8.7,referral,A,white,16,0
CUST104331,23,140.8,370,4,5.9,one-year,0,3,3.5,referral,C,white,41,1
CUST104332,21,40.81,418,7,1.2,month-to-month,1,4,5.4,ads,A,blue,14,1
CUST104333,44,92.13,386,3,0.1,two-year,0,3,7.9,ads,A,blue,74,0
CUST104334,52,101.66,362,3,5.7,two-year,1,4,6.1,partner,C,yellow,27,0
CUST104335,1,75.45,429,4,5.4,month-to-month,1,4,6.3,referral,A,yellow,15,0
CUST104336,20,21.85,385,3,6.0,one-year,0,2,4.9,partner,C,white,25,1
CUST104337,36,32.5,310,0,2.0,month-to-month,1,2,8.2,organic,A,blue,12,0
CUST104338,8,65.45,500,5,17.1,month-to-month,0,1,2.9,partner,A,blue,72,1
CUST104339,19,129.18,390,4,6.3,month-to-month,0,5,7.3,ads,B,red,27,0
CUST104340,45,54.09,677,2,5.5,two-year,1,3,6.3,partner,C,blue,28,0
CUST104341,59,52.19,305,0,0.0,one-year,0,4,2.4,referral,A,green,74,0
CUST104342,53,149.19,484,2,0.0,month-to-month,1,3,10.0,referral,C,blue,35,0
CUST104343,63,128.97,351,1,0.0,one-year,0,2,8.3,ads,C,red,51,0
CUST104344,16,48.12,339,0,3.9,month-to-month,1,3,4.4,ads,A,white,6,1
CUST104345,48,43.58,418,4,0.9,one-year,1,2,3.9,organic,A,red,37,1
CUST104346,35,107.3,504,2,9.3,one-year,1,5,2.8,organic,A,white,5,0
CUST104347,22,90.03,524,4,11.6,month-to-month,0,2,4.2,ads,A,green,56,1
CUST104348,25,33.15,399,6,3.8,month-to-month,1,1,8.1,organic,C,yellow,59,0
CUST104349,39,36.27,625,3,3.8,one-year,0,1,5.4,organic,A,black,39,0
CUST104350,1,90.19,528,6,11.6,one-year,0,4,2.8,partner,B,green,51,1
CUST104351,15,90.45,457,4,7.4,month-to-month,1,3,6.5,ads,B,green,76,0
CUST104352,39,116.22,510,2,8.9,one-year,0,3,10.0,partner,A,yellow,41,0
CUST104353,1,55.57,289,3,11.6,month-to-month,0,2,5.3,ads,C,yellow,23,1
CUST104354,33,73.79,568,1,10.0,one-year,1,3,5.4,partner,A,blue,44,0
CUST104355,44,147.23,251,3,3.6,month-to-month,1,4,7.6,organic,B,red,72,0
CUST104356,26,139.9,477,2,1.5,two-year,0,3,7.4,referral,C,red,94,0
CUST104357,22,100.5,409,3,1.7,two-year,0,1,4.1,referral,B,red,94,1
CUST104358,47,117.84,234,4,0.0,one-year,1,4,8.8,referral,B,red,2,0
CUST104359,59,135.87,261,2,0.0,month-to-month,1,3,6.0,organic,A,blue,31,0
CUST104360,25,93.63,416,2,5.8,one-year,1,4,4.2,ads,B,red,34,0
CUST104361,17,146.6,407,2,12.8,month-to-month,1,4,5.4,organic,A,blue,45,0
CUST104362,28,54.67,322,4,3.6,month-to-month,0,3,6.8,organic,A,green,11,0
CUST104363,14,42.17,369,1,7.7,one-year,1,4,8.3,organic,B,white,14,0
CUST104364,31,88.43,229,2,5.9,month-to-month,1,2,4.2,referral,B,green,53,0
CUST104365,72,75.38,233,2,0.1,month-to-month,1,3,8.5,referral,A,red,25,0
CUST104366,45,81.97,379,3,0.0,one-year,0,4,7.7,ads,B,white,72,0
CUST104367,23,32.54,182,3,7.2,month-to-month,0,3,7.3,organic,A,green,20,0
CUST104368,9,146.13,392,5,3.5,month-to-month,0,3,3.8,ads,B,green,49,1
CUST104369,39,92.55,479,0,6.7,month-to-month,1,1,3.3,ads,C,blue,86,0
CUST104370,28,130.6,394,4,14.4,one-year,0,1,2.2,ads,A,blue,55,1
CUST104371,32,108.81,483,5,6.9,one-year,1,1,6.0,organic,B,green,15,0
CUST104372,27,43.43,322,1,9.0,one-year,0,3,3.7,ads,C,white,56,0
CUST104373,55,73.89,158,1,4.1,month-to-month,1,2,5.4,ads,C,white,10,0
CUST104374,37,25.23,489,2,3.6,two-year,1,3,6.9,organic,A,white,48,0
CUST104375,40,84.7,382,4,9.6,month-to-month,0,4,7.3,ads,A,blue,5,0
CUST104376,32,42.7,275,3,11.2,one-year,0,1,4.4,ads,A,red,90,0
CUST104377,58,21.37,371,2,0.0,one-year,1,4,9.6,ads,A,red,28,0
CUST104378,21,114.15,315,1,0.0,two-year,1,3,7.1,ads,A,black,54,0
CUST104379,17,134.04,520,4,8.0,month-to-month,1,3,4.9,referral,B,blue,37,0
CUST104380,24,101.99,292,1,0.4,one-year,0,1,5.8,referral,A,green,67,0
CUST104381,43,42.06,306,4,2.7,two-year,0,4,8.4,organic,A,red,3,0
CUST104382,15,66.39,411,3,7.9,one-year,1,1,6.8,ads,A,green,9,1
CUST104383,42,39.8,421,2,0.0,one-year,1,3,10.0,referral,B,green,53,0
CUST104384,18,58.38,385,3,7.7,one-year,0,3,6.7,referral,A,white,56,1
CUST104385,1,82.92,155,1,6.2,two-year,1,4,5.0,ads,C,red,10,0
CUST104386,32,66.02,207,2,8.9,one-year,0,3,3.8,ads,C,black,86,1
CUST104387,21,119.36,437,6,5.7,month-to-month,0,2,6.1,ads,C,blue,65,0
CUST104388,46,75.21,270,4,8.0,month-to-month,1,2,5.3,ads,A,white,47,0
CUST104389,33,35.42,485,6,3.5,one-year,0,4,8.8,partner,A,blue,73,0
CUST104390,30,94.94,115,1,0.0,month-to-month,0,2,5.9,organic,B,green,17,0
CUST104391,52,81.32,353,2,0.0,month-to-month,1,3,8.4,referral,B,green,72,0
CUST104392,63,52.09,258,2,0.9,one-year,0,1,5.1,ads,B,blue,97,0
CUST104393,30,98.28,226,6,9.1,month-to-month,0,1,7.1,ads,A,green,77,0
CUST104394,52,56.35,214,3,3.3,month-to-month,0,5,5.5,referral,A,green,76,0
CUST104395,15,103.35,377,6,0.0,one-year,0,1,5.0,partner,B,yellow,46,1
CUST104396,2,51.31,320,4,5.4,one-year,0,2,4.8,partner,B,yellow,49,0
CUST104397,39,21.78,335,8,7.4,month-to-month,1,1,5.2,organic,A,yellow,64,0
CUST104398,63,126.46,264,1,8.4,one-year,1,5,7.4,organic,B,white,67,0
CUST104399,58,93.16,526,3,6.3,month-to-month,1,3,7.2,ads,A,blue,69,0
CUST104400,39,94.3,413,3,1.8,two-year,0,3,7.5,ads,A,blue,77,0
CUST104401,58,20.49,366,3,1.5,month-to-month,1,3,6.3,ads,A,black,80,0
CUST104402,39,40.36,498,1,1.2,month-to-month,1,5,3.4,ads,C,black,29,1
CUST104403,64,73.61,419,1,0.0,two-year,1,2,6.4,ads,C,white,97,0
CUST104404,49,145.5,314,3,2.8,one-year,0,2,5.6,partner,B,green,67,0
CUST104405,47,113.94,455,0,5.5,two-year,0,5,6.0,organic,A,blue,89,0
CUST104406,15,38.17,630,5,5.1,month-to-month,0,3,8.0,ads,B,blue,6,1
CUST104407,34,78.59,378,3,2.2,month-to-month,0,3,5.3,referral,B,red,1,0
CUST104408,46,90.43,475,2,6.0,month-to-month,0,4,6.9,ads,C,white,61,0
CUST104409,57,72.09,565,2,8.5,one-year,1,4,5.4,organic,C,red,28,0
CUST104410,48,42.07,430,2,0.0,month-to-month,0,4,9.2,referral,B,black,55,0
CUST104411,34,104.89,544,6,4.0,month-to-month,1,4,10.0,ads,B,red,94,0
CUST104412,55,83.55,384,5,5.0,two-year,0,1,3.5,partner,B,white,11,0
CUST104413,1,142.63,112,3,11.7,month-to-month,0,2,5.0,ads,A,green,7,1
CUST104414,45,111.7,241,4,1.6,one-year,0,3,6.6,ads,B,green,90,0
CUST104415,31,37.19,488,1,13.3,one-year,1,4,10.0,ads,B,red,59,0
CUST104416,11,56.62,642,6,2.7,month-to-month,1,2,7.5,organic,B,yellow,58,1
CUST104417,10,79.04,317,6,11.0,month-to-month,0,3,3.8,ads,A,black,25,1
CUST104418,10,92.61,620,3,5.7,month-to-month,0,2,1.5,referral,A,red,80,1
CUST104419,7,93.68,275,8,5.6,month-to-month,0,1,1.6,partner,B,white,52,1
CUST104420,53,78.93,363,3,0.7,one-year,0,5,8.6,referral,A,blue,56,0
CUST104421,40,133.86,411,4,1.4,one-year,0,2,5.2,organic,B,black,89,1
CUST104422,28,70.86,476,1,7.4,two-year,1,4,6.2,ads,C,red,6,0
CUST104423,61,120.59,487,2,4.8,one-year,1,4,6.6,organic,A,blue,24,0
CUST104424,27,65.47,406,2,4.4,one-year,0,3,6.1,organic,A,green,17,0
CUST104425,38,57.2,738,5,6.7,one-year,0,2,2.3,organic,C,yellow,99,0
CUST104426,34,64.97,457,3,7.1,month-to-month,1,3,7.3,referral,C,yellow,79,1
CUST104427,6,107.98,333,3,7.6,month-to-month,0,2,7.5,ads,A,white,48,1
CUST104428,19,69.65,651,3,0.0,month-to-month,1,4,7.3,ads,A,blue,13,1
CUST104429,11,45.28,448,7,6.1,month-to-month,0,3,6.4,referral,B,blue,29,1
CUST104430,22,94.1,586,2,13.7,month-to-month,1,3,1.0,partner,A,yellow,56,1
CUST104431,31,39.79,207,9,1.4,month-to-month,0,3,1.7,ads,A,green,27,1
CUST104432,30,95.84,440,3,3.9,one-year,1,4,10.0,partner,C,black,74,0
CUST104433,39,92.88,379,4,2.3,month-to-month,0,2,4.6,ads,B,black,72,1
CUST104434,7,147.07,351,8,10.7,month-to-month,0,3,7.9,organic,C,blue,63,1
CUST104435,47,43.43,443,3,0.1,month-to-month,1,1,6.4,ads,C,black,32,0
CUST104436,60,149.58,567,3,0.0,one-year,1,2,7.8,referral,A,yellow,72,0
CUST104437,11,39.22,400,3,8.1,one-year,1,1,7.0,organic,C,black,53,0
CUST104438,29,130.07,605,0,1.4,month-to-month,1,2,6.2,ads,A,red,41,0
CUST104439,53,130.33,259,2,2.8,month-to-month,0,5,7.9,organic,B,black,74,0
CUST104440,1,50.55,461,4,9.2,month-to-month,0,3,3.0,ads,A,blue,62,1
CUST104441,59,30.04,489,0,2.6,one-year,1,2,4.8,referral,C,green,96,0
CUST104442,48,46.99,112,1,0.0,one-year,0,5,5.7,partner,B,yellow,6,0
CUST104443,55,67.27,483,1,0.0,two-year,0,3,6.6,ads,B,yellow,63,0
CUST104444,7,76.79,387,7,9.3,month-to-month,0,4,3.2,partner,B,white,86,1
CUST104445,1,103.22,473,2,0.0,one-year,0,1,7.2,ads,C,red,1,0
CUST104446,33,98.45,574,5,7.0,month-to-month,0,3,5.3,organic,A,green,56,1
CUST104447,36,117.56,450,0,2.6,two-year,1,2,7.5,organic,C,red,17,0
CUST104448,42,110.79,385,3,4.8,month-to-month,1,3,7.5,ads,C,yellow,24,0
CUST104449,70,23.17,224,1,2.1,one-year,1,2,6.7,referral,C,red,96,0
CUST104450,41,119.46,410,2,1.0,month-to-month,0,2,5.8,organic,C,yellow,45,0
CUST104451,59,91.95,608,2,3.4,month-to-month,0,4,6.0,partner,C,yellow,82,0
CUST104452,52,142.71,18,2,0.0,month-to-month,0,4,9.6,ads,A,yellow,7,0
CUST104453,29,56.91,571,2,1.0,one-year,0,4,5.0,organic,B,green,1,1
CUST104454,48,64.29,502,2,0.0,month-to-month,1,4,4.7,referral,B,white,13,0
CUST104455,46,67.77,413,1,7.6,month-to-month,1,2,7.3,referral,A,red,22,1
CUST104456,37,103.28,498,7,5.1,one-year,0,2,5.4,partner,A,black,77,0
CUST104457,1,63.87,568,2,11.5,month-to-month,0,3,4.2,ads,B,red,37,1
CUST104458,18,60.04,363,4,9.7,one-year,0,3,4.2,organic,C,red,67,1
CUST104459,68,43.83,432,0,7.6,month-to-month,0,2,9.1,ads,B,yellow,47,0
CUST104460,47,65.18,421,0,0.0,one-year,1,4,7.5,organic,A,yellow,78,0
CUST104461,72,112.27,621,1,0.0,two-year,1,5,8.8,organic,A,red,76,0
CUST104462,54,61.02,421,1,2.0,month-to-month,1,3,7.9,organic,A,white,44,0
CUST104463,64,114.57,439,1,0.0,month-to-month,1,4,6.0,ads,C,red,28,0
CUST104464,17,74.53,542,2,6.4,two-year,1,1,5.4,ads,A,red,90,0
CUST104465,10,112.8,486,4,9.7,month-to-month,0,3,4.7,ads,B,yellow,83,0
CUST104466,47,135.12,448,1,5.8,one-year,1,1,10.0,ads,B,green,41,0
CUST104467,18,24.73,248,4,4.4,two-year,1,3,6.6,organic,A,green,14,1
CUST104468,33,65.98,365,3,3.1,month-to-month,0,2,7.0,organic,B,green,87,0
CUST104469,44,68.86,467,4,10.6,one-year,0,5,8.7,ads,A,green,80,0
CUST104470,67,94.57,437,3,3.0,one-year,0,3,5.5,ads,C,white,66,0
CUST104471,57,85.71,402,1,0.0,one-year,1,3,10.0,partner,C,black,4,0
CUST104472,61,109.08,510,2,0.0,one-year,1,5,10.0,organic,A,green,73,0
CUST104473,60,20.73,701,2,0.0,two-year,0,3,7.3,referral,A,black,41,0
CUST104474,32,139.75,430,4,0.0,month-to-month,1,4,6.8,ads,B,green,20,0
CUST104475,40,95.07,505,3,3.4,month-to-month,0,3,10.0,partner,A,black,46,0
CUST104476,67,107.22,394,3,0.1,month-to-month,1,4,7.2,referral,B,black,27,0
CUST104477,44,66.1,274,4,0.0,two-year,1,3,7.8,partner,B,red,64,0
CUST104478,36,50.71,380,4,3.5,month-to-month,0,2,7.0,partner,B,blue,90,1
CUST104479,63,109.35,445,1,1.4,one-year,1,4,10.0,referral,A,white,1,0
CUST104480,1,134.91,412,6,4.7,month-to-month,0,3,4.1,ads,A,red,53,1
CUST104481,44,44.96,432,2,5.3,month-to-month,1,6,7.4,referral,C,blue,20,0
CUST104482,28,144.57,196,4,8.3,month-to-month,0,4,6.3,partner,A,white,12,0
CUST104483,48,44.55,360,4,0.0,month-to-month,0,4,7.4,referral,B,blue,50,0
CUST104484,24,84.49,211,1,7.8,one-year,1,2,3.9,ads,A,green,60,1
CUST104485,1,57.78,459,6,8.1,one-year,0,1,2.4,partner,A,red,39,1
CUST104486,34,101.9,418,2,0.0,month-to-month,1,3,4.7,ads,C,white,37,0
CUST104487,28,34.5,395,2,7.2,month-to-month,1,5,6.5,ads,B,white,37,0
CUST104488,64,20.16,223,1,8.4,month-to-month,1,5,5.7,referral,B,yellow,30,0
CUST104489,63,120.79,400,4,3.2,month-to-month,0,4,6.8,partner,A,red,90,0
CUST104490,62,127.59,609,4,0.0,month-to-month,1,1,10.0,partner,A,yellow,96,0
CUST104491,37,85.87,349,4,10.6,month-to-month,0,1,7.6,partner,A,blue,29,0
CUST104492,14,82.26,433,3,12.1,month-to-month,1,2,2.3,ads,A,green,92,1
CUST104493,24,28.58,445,3,1.1,month-to-month,0,3,3.5,organic,B,blue,74,1
CUST104494,49,129.52,221,1,0.0,month-to-month,1,3,6.4,ads,B,red,71,0
CUST104495,47,123.6,225,0,0.0,one-year,1,5,6.9,organic,C,blue,77,0
CUST104496,35,127.62,235,3,0.0,month-to-month,0,4,2.3,partner,C,white,2,0
CUST104497,60,50.55,470,2,9.1,month-to-month,0,3,8.1,ads,A,blue,57,0
CUST104498,18,92.14,580,8,10.3,month-to-month,0,1,4.5,partner,A,yellow,22,0
CUST104499,37,127.44,647,2,7.7,month-to-month,1,2,6.4,ads,A,black,22,0
CUST104500,11,58.1,402,3,8.3,month-to-month,0,2,4.2,organic,C,green,27,1
CUST104501,34,132.84,562,4,7.0,month-to-month,0,3,4.0,partner,A,yellow,51,1
CUST104502,7,102.56,368,6,6.7,month-to-month,1,2,4.8,ads,B,blue,94,1
CUST104503,27,76.12,263,3,0.0,month-to-month,0,5,6.9,organic,B,blue,26,0
CUST104504,41,71.2,307,4,0.0,month-to-month,0,3,7.6,organic,A,white,54,0
CUST104505,59,123.39,364,1,4.5,two-year,1,2,7.8,ads,B,red,63,0
CUST104506,52,141.0,415,3,7.3,month-to-month,0,3,6.9,ads,A,white,94,0
CUST104507,39,23.13,411,2,7.0,two-year,0,3,3.6,partner,B,blue,72,0
CUST104508,49,30.57,500,1,0.9,one-year,1,3,10.0,organic,C,green,89,0
CUST104509,37,140.94,395,2,3.4,one-year,1,3,5.2,ads,B,black,15,0
CUST104510,5,138.13,542,3,14.0,month-to-month,1,1,5.4,ads,C,yellow,15,0
CUST104511,30,137.63,336,3,0.0,month-to-month,1,3,4.6,partner,A,yellow,34,0
CUST104512,28,148.0,367,6,0.0,one-year,1,4,5.6,organic,A,red,55,0
CUST104513,26,130.67,634,5,7.8,month-to-month,0,2,5.3,partner,B,black,65,1
CUST104514,34,30.45,152,4,7.9,month-to-month,0,1,6.5,referral,A,yellow,1,0
CUST104515,35,84.44,737,2,0.0,month-to-month,1,3,10.0,partner,A,black,82,0
CUST104516,28,91.29,485,2,6.8,month-to-month,0,4,4.7,organic,B,black,37,1
CUST104517,49,131.47,816,5,0.0,month-to-month,0,5,8.5,organic,B,black,71,0
CUST104518,38,116.76,597,4,0.0,two-year,1,4,8.0,referral,C,green,99,0
CUST104519,53,142.79,392,3,5.5,one-year,1,4,3.9,organic,B,blue,49,0
CUST104520,31,26.46,255,5,0.8,month-to-month,0,4,7.2,ads,B,black,48,0
CUST104521,72,25.24,622,3,0.0,two-year,1,4,7.8,referral,B,red,42,0
CUST104522,47,141.27,205,4,2.9,month-to-month,1,2,8.8,partner,C,green,53,0
CUST104523,58,127.23,482,2,0.0,one-year,1,4,10.0,organic,B,red,61,0
CUST104524,37,133.43,297,1,0.0,one-year,1,5,8.5,referral,B,green,3,0
CUST104525,28,140.05,545,2,0.0,one-year,1,4,7.7,organic,A,red,3,0
CUST104526,4,114.87,211,4,10.0,one-year,0,4,6.3,ads,C,blue,29,0
CUST104527,32,107.47,521,3,3.8,one-year,0,4,10.0,organic,A,yellow,97,0
CUST104528,41,45.9,484,3,0.0,one-year,0,3,4.8,organic,C,blue,20,0
CUST104529,21,80.81,450,3,0.6,two-year,1,3,4.9,partner,B,black,81,0
CUST104530,41,141.66,470,4,3.2,one-year,1,2,8.0,referral,C,green,70,0
CUST104531,67,63.21,448,2,2.9,month-to-month,1,4,7.7,organic,C,red,69,0
CUST104532,41,69.24,322,3,4.1,one-year,1,3,5.5,referral,C,green,90,0
CUST104533,57,38.76,261,4,9.0,one-year,1,1,6.2,ads,A,red,91,0
CUST104534,27,93.54,404,4,0.0,two-year,0,4,8.8,ads,B,black,51,0
CUST104535,26,46.04,684,2,6.6,month-to-month,0,1,4.9,referral,B,blue,21,0
CUST104536,31,112.03,494,1,1.8,month-to-month,1,3,6.9,organic,C,white,47,0
CUST104537,46,136.33,327,3,2.7,month-to-month,0,2,5.0,partner,B,black,35,0
CUST104538,1,144.49,515,7,0.0,two-year,0,3,4.2,ads,A,black,92,0
CUST104539,24,95.87,383,5,2.9,two-year,1,4,6.8,referral,B,green,51,0
CUST104540,22,46.11,309,2,0.5,month-to-month,1,2,5.1,ads,C,yellow,16,1
CUST104541,72,122.85,579,0,0.0,two-year,1,4,6.8,referral,B,red,24,0
CUST104542,18,29.69,513,5,12.2,month-to-month,0,2,3.0,organic,B,yellow,29,0
CUST104543,9,111.57,417,3,5.1,month-to-month,1,4,5.8,organic,B,yellow,44,0
CUST104544,22,102.53,614,1,7.1,month-to-month,1,5,9.2,referral,C,green,48,0
CUST104545,68,58.91,485,7,0.9,two-year,1,2,6.8,referral,B,blue,98,0
CUST104546,25,129.38,449,3,2.1,month-to-month,0,2,4.1,referral,A,yellow,53,1
CUST104547,21,42.11,188,1,8.8,one-year,1,1,6.0,partner,A,red,67,0
CUST104548,63,139.46,588,2,1.2,one-year,1,2,6.1,ads,C,blue,10,0
CUST104549,48,45.33,218,2,5.8,one-year,1,2,7.1,referral,A,yellow,84,0
CUST104550,72,82.65,443,3,0.0,one-year,1,1,8.0,referral,A,yellow,62,0
CUST104551,32,130.43,460,0,2.0,month-to-month,1,2,2.9,ads,A,white,52,1
CUST104552,24,64.17,354,4,0.5,one-year,0,3,10.0,ads,C,green,38,0
CUST104553,26,145.04,278,5,10.4,one-year,0,2,5.3,partner,A,black,14,1
CUST104554,40,86.53,437,2,4.5,month-to-month,0,2,6.5,ads,A,black,99,1
CUST104555,38,70.32,500,2,3.6,one-year,0,2,3.3,ads,B,green,50,1
CUST104556,46,74.7,332,1,8.0,one-year,0,6,2.4,ads,A,green,80,0
CUST104557,14,31.99,345,1,0.0,month-to-month,1,4,6.9,ads,B,blue,5,0
CUST104558,42,64.02,272,1,9.7,one-year,0,3,6.3,referral,A,yellow,61,0
CUST104559,27,54.52,207,2,0.0,one-year,1,5,8.7,partner,B,black,7,1
CUST104560,36,25.16,400,3,4.6,one-year,1,2,5.3,ads,A,blue,21,0
CUST104561,50,143.67,324,2,0.0,month-to-month,1,2,6.9,referral,B,black,78,0
CUST104562,13,63.85,506,6,7.7,one-year,1,2,1.0,ads,A,yellow,19,1
CUST104563,29,51.86,507,5,9.8,one-year,1,5,6.6,ads,C,yellow,29,0
CUST104564,24,126.76,498,1,5.7,one-year,0,3,6.7,ads,B,black,11,0
CUST104565,30,36.84,327,1,0.0,month-to-month,0,1,3.4,ads,A,blue,89,0
CUST104566,35,118.71,544,1,0.0,one-year,0,4,9.3,organic,B,yellow,61,0
CUST104567,33,136.12,296,5,2.1,one-year,1,3,1.8,organic,C,black,64,1
CUST104568,63,59.72,527,0,0.0,two-year,1,3,9.8,referral,B,black,44,0
CUST104569,61,104.13,485,3,1.6,month-to-month,1,3,4.0,ads,C,blue,34,0
CUST104570,34,61.04,509,3,11.0,month-to-month,0,4,5.8,referral,C,blue,67,0
CUST104571,40,87.53,238,7,3.9,month-to-month,0,4,7.7,ads,A,black,1,1
CUST104572,67,57.03,582,2,1.1,month-to-month,1,3,7.1,ads,B,white,45,0
CUST104573,20,73.89,442,3,6.7,month-to-month,0,4,8.7,ads,A,red,67,1
CUST104574,5,105.43,416,2,2.5,month-to-month,0,4,8.8,ads,A,red,5,1
CUST104575,36,97.94,296,2,4.4,one-year,1,2,6.6,referral,C,blue,49,0
CUST104576,1,26.58,343,6,8.5,month-to-month,0,5,5.7,partner,B,green,53,1
CUST104577,72,80.55,393,1,8.4,two-year,1,4,10.0,organic,A,blue,43,0
CUST104578,51,35.26,393,2,9.4,month-to-month,0,3,6.6,ads,C,red,52,0
CUST104579,72,65.1,636,0,8.1,two-year,1,4,8.5,organic,A,red,60,0
CUST104580,39,136.28,411,3,3.5,month-to-month,1,4,5.9,ads,A,yellow,56,0
CUST104581,32,21.44,381,4,9.1,one-year,1,3,2.0,ads,A,green,59,1
CUST104582,29,55.24,390,3,5.1,two-year,0,2,4.0,referral,A,black,6,0
CUST104583,59,92.58,470,1,0.0,one-year,1,4,10.0,organic,B,green,96,0
CUST104584,16,61.58,450,5,0.0,two-year,0,4,6.8,ads,A,black,28,1
CUST104585,12,98.57,284,1,0.0,month-to-month,1,3,7.8,ads,C,green,51,0
CUST104586,36,81.58,660,0,5.9,month-to-month,1,5,10.0,referral,C,red,3,0
CUST104587,25,77.49,389,2,0.0,one-year,1,2,6.5,organic,A,green,29,0
CUST104588,53,120.94,249,1,8.5,one-year,1,4,6.9,ads,B,red,80,0
CUST104589,50,41.54,336,1,12.5,month-to-month,0,6,5.0,partner,A,red,30,0
CUST104590,8,109.55,414,4,0.7,month-to-month,1,3,6.4,ads,C,black,55,1
CUST104591,58,105.81,637,5,9.3,month-to-month,1,2,6.2,referral,C,green,19,0
CUST104592,57,130.08,388,3,0.0,two-year,1,4,5.6,ads,B,blue,20,0
CUST104593,1,62.56,310,6,9.7,month-to-month,0,4,1.8,ads,C,red,36,1
CUST104594,30,109.62,376,1,0.0,month-to-month,0,4,5.1,ads,A,red,60,1
CUST104595,29,110.6,403,6,4.5,two-year,0,3,6.7,organic,A,red,30,0
CUST104596,44,82.1,401,7,4.2,one-year,1,2,3.3,ads,A,yellow,96,0
CUST104597,33,77.26,192,1,3.3,two-year,0,4,6.2,referral,A,blue,80,0
CUST104598,40,111.9,290,0,6.7,month-to-month,1,4,7.4,ads,C,blue,40,0
CUST104599,41,80.88,526,6,6.4,two-year,1,2,8.2,referral,A,yellow,54,0
CUST104600,41,42.92,471,9,7.7,one-year,1,4,6.5,organic,B,green,55,0
CUST104601,44,125.96,465,1,4.4,one-year,1,1,7.8,referral,B,blue,23,0
CUST104602,48,46.48,342,1,0.0,one-year,1,5,10.0,referral,A,red,12,0
CUST104603,49,44.05,225,0,0.0,one-year,1,5,8.7,referral,B,white,16,0
CUST104604,53,115.86,432,3,8.5,month-to-month,0,4,4.2,ads,A,white,43,1
CUST104605,27,50.04,474,1,0.0,month-to-month,0,1,6.3,ads,A,yellow,21,1
CUST104606,16,50.18,658,2,9.5,one-year,1,4,7.8,organic,A,black,12,0
CUST104607,51,107.85,312,1,2.0,one-year,0,6,7.1,organic,C,black,37,0
CUST104608,42,27.51,504,3,2.7,two-year,0,3,8.8,referral,C,white,10,0
CUST104609,5,48.87,493,6,0.4,month-to-month,0,3,6.0,partner,C,green,20,1
CUST104610,70,76.98,180,3,2.3,month-to-month,1,1,6.1,referral,A,yellow,55,0
CUST104611,6,57.15,461,3,13.5,one-year,0,1,3.7,ads,B,green,61,1
CUST104612,48,103.58,307,1,1.4,month-to-month,0,4,10.0,referral,B,yellow,51,0
CUST104613,32,31.3,494,5,8.9,one-year,0,1,6.2,referral,A,green,93,0
CUST104614,63,72.58,516,3,2.5,one-year,0,2,4.8,referral,A,blue,45,0
CUST104615,7,109.26,334,5,5.4,month-to-month,0,2,5.5,ads,A,green,18,0
CUST104616,54,120.35,473,4,0.1,month-to-month,0,4,4.4,referral,B,red,33,0
CUST104617,33,121.43,663,7,15.2,month-to-month,0,1,2.5,ads,C,green,71,1
CUST104618,38,76.23,463,4,5.1,month-to-month,1,3,8.8,organic,C,blue,10,0
CUST104619,16,60.69,379,2,2.8,month-to-month,1,1,3.9,ads,A,red,49,1
CUST104620,21,108.15,447,6,0.0,month-to-month,0,3,6.1,partner,C,yellow,18,0
CUST104621,60,51.78,346,5,0.0,month-to-month,1,6,10.0,partner,C,yellow,52,0
CUST104622,45,138.26,310,4,0.0,two-year,0,3,7.1,organic,B,white,54,0
CUST104623,40,45.97,550,2,4.4,one-year,0,5,10.0,organic,B,white,37,0
CUST104624,53,64.67,398,1,6.3,two-year,1,3,3.7,organic,B,white,59,0
CUST104625,30,25.73,501,3,0.0,two-year,1,4,9.3,organic,C,white,51,0
CUST104626,6,23.54,357,4,7.2,month-to-month,1,2,2.8,ads,C,black,88,1
CUST104627,20,113.89,538,5,7.3,two-year,0,3,3.6,ads,C,white,58,1
CUST104628,71,124.29,494,0,2.2,month-to-month,1,3,9.6,organic,B,white,72,0
CUST104629,42,38.12,645,1,0.0,month-to-month,0,2,7.4,referral,A,blue,28,1
CUST104630,22,55.56,448,10,10.5,month-to-month,0,2,5.5,partner,A,green,84,1
CUST104631,34,41.21,417,2,0.6,month-to-month,0,1,4.0,ads,A,green,85,0
CUST104632,57,52.02,374,6,5.6,month-to-month,1,4,9.7,organic,A,blue,97,0
CUST104633,37,54.73,457,1,3.2,two-year,0,6,9.0,organic,C,yellow,20,0
CUST104634,38,122.92,416,1,4.7,month-to-month,1,2,7.1,ads,B,black,31,0
CUST104635,1,35.89,476,6,14.4,month-to-month,0,1,1.0,ads,A,green,3,1
CUST104636,72,98.0,308,2,0.0,month-to-month,1,4,9.4,ads,B,green,81,0
CUST104637,9,54.99,460,4,5.4,month-to-month,0,3,4.1,ads,A,red,32,1
CUST104638,1,82.85,418,5,14.7,month-to-month,0,2,2.4,ads,B,red,24,1
CUST104639,10,57.27,460,5,17.0,month-to-month,0,1,3.4,ads,A,yellow,36,1
CUST104640,47,108.74,179,3,0.0,one-year,1,5,8.8,partner,B,red,46,0
CUST104641,42,103.5,372,1,1.1,month-to-month,0,4,5.2,organic,A,black,15,0
CUST104642,37,55.82,598,5,2.5,two-year,1,1,9.9,partner,B,green,44,0
CUST104643,36,95.3,344,3,0.1,one-year,1,1,10.0,organic,C,green,12,0
CUST104644,68,37.31,386,2,1.6,two-year,0,6,8.5,referral,C,red,73,0
CUST104645,69,139.45,357,1,4.3,month-to-month,1,3,9.7,ads,A,black,95,0
CUST104646,40,143.66,260,3,14.3,month-to-month,0,1,5.0,partner,C,red,3,0
CUST104647,28,145.19,319,3,11.3,month-to-month,1,1,3.7,organic,B,blue,13,0
CUST104648,23,110.78,350,2,17.5,one-year,0,1,4.3,partner,C,white,21,1
CUST104649,36,82.35,499,1,0.0,month-to-month,1,4,6.3,ads,B,green,96,0
CUST104650,50,142.22,390,2,4.0,month-to-month,0,5,5.1,referral,C,white,20,0
CUST104651,61,26.19,532,1,0.0,month-to-month,1,3,6.9,ads,C,black,70,0
CUST104652,39,81.71,442,2,0.3,one-year,0,1,2.3,organic,C,blue,95,0
CUST104653,21,126.5,322,2,7.8,month-to-month,0,4,5.5,partner,C,red,29,0
CUST104654,71,78.93,105,4,3.6,one-year,1,4,9.2,organic,A,black,29,0
CUST104655,70,127.81,651,1,0.0,month-to-month,1,3,10.0,ads,C,blue,47,0
CUST104656,23,145.75,493,4,15.3,month-to-month,0,2,4.3,organic,B,yellow,61,1
CUST104657,31,52.18,331,0,0.0,month-to-month,0,3,5.4,organic,A,yellow,60,0
CUST104658,16,43.5,592,3,1.8,month-to-month,0,4,8.8,organic,C,green,95,1
CUST104659,42,143.2,430,4,6.8,month-to-month,1,3,4.4,ads,A,green,45,1
CUST104660,32,49.06,403,0,0.0,one-year,1,4,9.9,referral,B,red,1,0
CUST104661,29,101.67,687,1,7.1,two-year,0,3,6.0,partner,B,yellow,5,0
CUST104662,33,77.29,492,5,3.2,month-to-month,0,5,7.8,ads,B,red,84,1
CUST104663,46,66.51,609,3,8.7,two-year,1,3,3.5,ads,C,white,67,0
CUST104664,46,36.9,606,4,3.4,one-year,0,5,5.6,ads,A,blue,54,1
CUST104665,44,94.29,369,3,0.0,one-year,1,4,6.8,organic,B,red,7,0
CUST104666,28,60.25,334,2,0.0,one-year,0,3,5.7,ads,B,red,48,0
CUST104667,56,78.46,546,0,2.4,two-year,0,6,8.9,ads,A,red,71,0
CUST104668,27,104.27,533,6,8.2,month-to-month,1,2,6.3,organic,A,yellow,62,0
CUST104669,34,148.49,451,4,0.0,one-year,0,4,4.9,ads,A,green,54,1
CUST104670,19,65.05,483,4,0.0,month-to-month,0,2,5.0,partner,B,green,24,1
CUST104671,5,70.89,382,6,8.5,month-to-month,0,2,3.2,organic,A,red,69,1
CUST104672,45,70.28,347,3,0.0,two-year,1,1,6.5,ads,C,black,9,0
CUST104673,20,78.8,327,3,16.3,month-to-month,0,1,4.4,organic,C,red,53,1
CUST104674,44,89.54,599,6,0.0,month-to-month,1,3,10.0,referral,A,white,46,0
CUST104675,20,23.97,740,4,7.0,one-year,1,5,6.4,ads,A,red,39,1
CUST104676,31,129.4,380,6,8.6,one-year,1,3,8.5,organic,B,red,96,0
CUST104677,42,96.17,479,3,0.0,month-to-month,0,5,8.6,referral,B,red,21,1
CUST104678,42,75.21,432,3,2.7,one-year,1,5,7.0,ads,C,white,79,0
CUST104679,39,20.2,487,3,0.0,two-year,1,3,5.3,ads,B,black,27,0
CUST104680,39,57.82,342,0,2.5,month-to-month,0,5,4.0,organic,B,black,86,0
CUST104681,26,57.78,417,4,2.0,month-to-month,0,3,4.4,ads,B,green,36,1
CUST104682,38,110.03,305,2,4.7,month-to-month,1,3,8.6,referral,C,red,37,0
CUST104683,7,40.8,413,1,3.4,month-to-month,1,4,3.4,partner,C,white,84,0
CUST104684,63,32.63,462,4,4.1,month-to-month,0,3,5.2,organic,A,black,28,0
CUST104685,27,115.49,653,1,0.0,one-year,1,3,7.1,referral,C,white,94,0
CUST104686,19,82.54,349,10,7.9,one-year,0,1,4.6,ads,B,black,36,1
CUST104687,32,119.37,483,7,9.2,month-to-month,0,4,7.2,ads,C,blue,2,0
CUST104688,24,47.72,678,5,0.3,month-to-month,0,1,1.0,organic,C,green,78,1
CUST104689,38,39.38,421,1,5.7,month-to-month,0,1,5.1,organic,C,yellow,59,1
CUST104690,28,28.83,142,6,5.5,month-to-month,0,4,2.1,partner,B,white,58,1
CUST104691,42,72.46,216,1,8.9,one-year,1,4,7.3,referral,B,yellow,50,0
CUST104692,48,85.67,455,3,0.0,one-year,0,4,9.3,organic,B,yellow,3,0
CUST104693,38,79.91,380,2,0.0,month-to-month,1,3,4.9,referral,A,blue,76,0
CUST104694,37,118.14,353,2,7.1,month-to-month,0,4,4.0,ads,A,blue,87,1
CUST104695,49,102.75,696,5,4.4,month-to-month,1,2,3.1,referral,A,green,29,1
CUST104696,42,63.85,457,2,8.0,month-to-month,1,4,7.4,organic,C,red,25,1
CUST104697,51,84.58,484,0,4.6,month-to-month,1,6,7.8,partner,B,red,5,0
CUST104698,54,53.62,497,3,4.7,one-year,1,3,6.2,organic,C,black,30,0
CUST104699,45,95.03,347,5,5.1,one-year,1,3,5.1,ads,C,yellow,56,0
CUST104700,48,34.54,483,6,6.3,one-year,0,1,3.3,organic,A,green,98,0
CUST104701,1,28.17,313,12,8.2,month-to-month,0,2,6.4,partner,A,black,88,1
CUST104702,58,113.32,421,1,2.2,two-year,1,3,8.0,organic,B,green,60,0
CUST104703,52,111.55,369,0,8.0,one-year,1,5,5.2,referral,C,blue,18,0
CUST104704,30,96.41,258,3,0.0,one-year,1,6,6.1,organic,B,yellow,62,0
CUST104705,38,59.14,386,3,2.7,two-year,0,3,4.7,referral,A,red,34,0
CUST104706,69,41.49,390,2,0.6,month-to-month,1,2,10.0,organic,C,white,55,0
CUST104707,18,78.41,335,5,3.0,one-year,1,1,7.1,organic,A,blue,46,0
CUST104708,54,34.53,416,2,0.0,one-year,1,5,7.7,ads,A,yellow,17,0
CUST104709,49,103.72,237,2,2.4,month-to-month,1,2,9.5,ads,B,blue,39,0
CUST104710,13,89.09,64,3,11.0,one-year,0,4,8.2,organic,B,black,1,0
CUST104711,41,76.75,80,1,0.5,month-to-month,0,4,7.0,referral,A,green,28,0
CUST104712,45,23.84,401,2,0.0,month-to-month,0,3,6.4,organic,C,black,15,1
CUST104713,28,111.07,484,1,6.1,one-year,1,4,6.4,referral,B,green,29,0
CUST104714,24,134.06,450,0,1.6,month-to-month,0,3,4.9,ads,B,white,20,0
CUST104715,34,110.46,567,4,3.4,month-to-month,1,1,9.6,referral,A,green,14,0
CUST104716,72,90.34,478,1,0.0,two-year,1,4,8.3,referral,B,yellow,96,0
CUST104717,60,117.06,372,1,0.0,month-to-month,0,6,9.8,referral,A,green,73,0
CUST104718,32,115.52,343,5,1.7,one-year,1,2,8.8,referral,C,red,42,0
CUST104719,47,116.3,589,7,0.0,month-to-month,1,2,6.1,referral,B,white,2,0
CUST104720,36,49.12,713,1,0.6,one-year,1,3,10.0,referral,A,red,43,0
CUST104721,18,37.16,455,1,4.5,month-to-month,0,6,4.5,referral,A,white,89,1
CUST104722,31,36.04,507,3,0.0,month-to-month,0,2,6.4,ads,A,red,37,0
CUST104723,49,31.23,260,5,2.3,month-to-month,1,2,5.2,ads,B,black,14,0
CUST104724,45,134.59,210,3,14.5,month-to-month,1,2,8.1,ads,A,white,98,0
CUST104725,1,85.58,600,5,12.7,month-to-month,0,1,2.4,organic,B,white,38,1
CUST104726,32,43.95,216,4,7.9,month-to-month,1,3,3.7,referral,B,blue,4,0
CUST104727,24,74.78,523,3,5.4,one-year,0,3,8.0,ads,C,white,26,0
CUST104728,57,29.65,669,0,0.0,one-year,1,2,9.8,referral,C,black,89,0
CUST104729,20,44.28,631,1,7.7,month-to-month,0,3,4.7,partner,C,green,43,1
CUST104730,17,117.47,394,2,12.4,month-to-month,0,1,4.1,organic,B,blue,48,0
CUST104731,32,96.4,367,1,0.6,one-year,0,4,4.1,ads,C,blue,49,0
CUST104732,3,40.65,448,8,2.7,month-to-month,0,1,4.6,organic,C,yellow,69,1
CUST104733,29,96.33,277,3,0.0,one-year,0,3,7.5,organic,B,yellow,47,0
CUST104734,46,91.07,407,1,0.0,month-to-month,0,2,6.3,partner,B,yellow,22,0
CUST104735,48,105.98,558,3,5.7,two-year,1,4,7.1,referral,C,black,84,0
CUST104736,22,143.13,713,8,6.5,one-year,0,4,2.4,partner,A,red,72,1
CUST104737,23,39.16,572,3,8.6,one-year,1,4,7.2,organic,B,red,7,0
CUST104738,43,136.28,570,5,4.0,month-to-month,0,3,1.0,partner,B,black,45,1
CUST104739,32,55.5,611,1,0.0,month-to-month,1,3,7.6,ads,A,yellow,7,0
CUST104740,46,62.83,134,4,0.9,two-year,1,3,4.0,partner,B,yellow,92,1
CUST104741,35,81.25,433,5,3.7,month-to-month,0,3,7.3,organic,C,white,92,0
CUST104742,37,120.24,224,2,3.4,one-year,1,3,6.5,ads,C,red,29,0
CUST104743,48,112.5,279,2,5.5,month-to-month,1,2,7.8,ads,A,green,24,0
CUST104744,35,82.43,398,1,0.8,two-year,1,3,10.0,organic,A,blue,7,0
CUST104745,32,125.82,617,4,6.8,two-year,0,2,8.0,partner,A,white,18,1
CUST104746,56,99.76,380,4,6.3,month-to-month,1,3,3.8,referral,A,white,78,0
CUST104747,49,142.27,346,3,11.6,one-year,0,1,4.8,partner,B,green,89,0
CUST104748,24,80.3,405,5,0.0,month-to-month,0,3,8.8,organic,C,blue,37,0
CUST104749,38,118.02,414,4,3.7,one-year,1,1,6.9,organic,A,green,35,0
CUST104750,72,28.48,220,1,4.1,one-year,1,4,6.7,referral,C,blue,11,0
CUST104751,50,61.77,578,2,14.9,month-to-month,1,3,6.0,organic,C,red,3,0
CUST104752,24,139.12,397,2,4.3,month-to-month,0,5,5.5,referral,C,blue,35,1
CUST104753,22,87.16,312,3,0.0,one-year,0,4,3.8,ads,C,blue,25,1
CUST104754,44,143.69,536,5,11.3,month-to-month,0,1,7.3,partner,A,red,52,1
CUST104755,24,20.84,292,4,0.0,one-year,0,3,8.0,ads,A,blue,4,1
CUST104756,34,81.26,511,4,10.3,one-year,1,2,1.9,partner,C,black,53,1
CUST104757,56,114.47,423,4,2.3,month-to-month,1,3,8.3,organic,A,blue,1,0
CUST104758,36,62.63,224,3,6.5,month-to-month,0,2,4.5,partner,A,green,39,0
CUST104759,41,80.37,495,5,0.0,month-to-month,1,4,4.7,partner,A,red,12,0
CUST104760,11,41.66,224,5,6.4,month-to-month,0,3,2.0,partner,A,yellow,29,1
CUST104761,66,76.28,400,3,0.0,two-year,0,3,5.2,ads,C,red,69,0
CUST104762,40,85.89,230,0,3.8,one-year,1,3,7.4,organic,B,white,97,0
CUST104763,34,98.04,522,3,0.0,month-to-month,1,3,6.3,ads,C,yellow,18,0
CUST104764,23,80.1,307,5,0.0,one-year,0,1,3.3,ads,C,yellow,9,0
CUST104765,42,47.61,419,2,6.1,month-to-month,1,4,6.2,referral,A,black,78,0
CUST104766,6,144.96,533,5,2.5,one-year,1,3,6.1,referral,C,red,27,0
CUST104767,24,120.78,256,4,5.3,month-to-month,0,3,6.8,partner,C,yellow,82,0
CUST104768,39,125.6,299,3,0.0,one-year,0,4,9.8,referral,A,black,23,0
CUST104769,58,102.83,260,2,5.1,one-year,1,6,7.3,ads,A,yellow,38,0
CUST104770,23,129.21,276,2,7.3,month-to-month,0,5,9.4,ads,B,white,88,0
CUST104771,1,96.37,572,3,7.9,month-to-month,0,3,5.7,organic,B,blue,87,1
CUST104772,14,125.68,430,1,1.6,one-year,0,3,6.6,referral,C,black,52,0
CUST104773,14,141.22,365,2,2.2,one-year,1,4,6.7,referral,B,green,61,0
CUST104774,29,31.78,275,7,6.1,one-year,0,1,1.0,ads,A,green,25,1
CUST104775,46,112.1,359,1,0.0,one-year,1,4,7.1,referral,A,blue,95,0
CUST104776,43,66.0,369,1,6.0,one-year,1,4,7.2,organic,B,black,69,0
CUST104777,58,63.72,309,5,8.2,month-to-month,1,4,9.4,organic,B,black,56,0
CUST104778,24,38.71,468,7,9.6,one-year,0,3,4.1,organic,C,blue,53,1
CUST104779,1,145.19,302,6,16.4,one-year,1,2,6.7,partner,A,blue,86,1
CUST104780,55,117.02,235,4,2.7,month-to-month,1,4,6.6,ads,B,blue,36,0
CUST104781,42,28.48,258,2,5.2,one-year,0,2,3.9,referral,B,blue,58,1
CUST104782,37,79.29,355,4,0.5,month-to-month,0,3,6.1,partner,C,green,11,0
CUST104783,34,76.65,595,5,4.0,month-to-month,0,1,6.1,ads,B,red,71,0
CUST104784,60,32.41,608,1,0.0,month-to-month,0,5,10.0,organic,B,blue,81,0
CUST104785,25,107.4,226,1,7.8,one-year,0,1,5.2,ads,C,green,2,0
CUST104786,34,41.21,296,2,0.0,one-year,1,3,8.3,organic,C,green,84,0
CUST104787,46,38.81,128,1,0.7,two-year,1,3,8.4,organic,C,green,70,0
CUST104788,5,70.34,395,3,10.0,month-to-month,0,2,3.7,ads,A,white,87,1
CUST104789,22,47.93,328,3,2.8,month-to-month,1,4,3.6,ads,B,red,64,1
CUST104790,38,134.97,454,6,8.6,month-to-month,1,2,1.0,organic,A,white,95,1
CUST104791,30,119.76,300,5,8.0,month-to-month,1,2,6.6,ads,A,blue,19,1
CUST104792,39,118.37,538,3,10.5,one-year,1,3,4.6,organic,B,red,74,0
CUST104793,68,90.06,470,3,7.6,one-year,0,2,6.7,organic,B,black,67,0
CUST104794,48,85.19,393,2,3.4,month-to-month,0,2,4.8,ads,B,black,42,0
CUST104795,21,119.05,307,7,9.2,month-to-month,1,3,3.0,partner,C,red,77,1
CUST104796,21,118.2,708,5,10.7,one-year,0,4,5.9,organic,B,green,69,0
CUST104797,5,61.46,419,7,8.2,month-to-month,0,1,2.4,ads,B,black,66,1
CUST104798,22,55.47,380,4,10.9,month-to-month,0,3,4.8,ads,C,red,84,1
CUST104799,27,51.53,449,3,1.8,one-year,1,2,8.6,referral,C,black,16,0
CUST104800,72,128.57,165,1,2.5,two-year,1,3,5.1,ads,B,black,11,0
CUST104801,36,68.33,330,5,0.7,month-to-month,0,2,4.5,ads,B,white,66,0
CUST104802,20,115.07,508,1,13.4,month-to-month,0,2,5.1,ads,B,yellow,27,1
CUST104803,18,73.4,529,2,2.5,month-to-month,0,3,7.3,ads,C,blue,22,1
CUST104804,40,74.84,486,4,12.2,month-to-month,0,5,8.0,ads,B,yellow,97,0
CUST104805,1,95.07,137,4,15.3,month-to-month,0,4,2.3,partner,A,blue,50,1
CUST104806,60,113.84,396,5,7.2,one-year,1,2,7.2,ads,A,green,65,0
CUST104807,64,56.5,306,3,2.1,month-to-month,0,3,4.3,ads,C,red,44,0
CUST104808,68,132.21,480,1,0.0,month-to-month,1,3,8.3,organic,B,black,87,0
CUST104809,10,76.0,439,2,5.5,month-to-month,0,2,6.7,organic,B,blue,90,0
CUST104810,48,66.22,523,3,6.1,month-to-month,1,2,3.9,referral,B,green,49,0
CUST104811,31,53.41,371,4,7.0,month-to-month,1,3,7.4,ads,A,yellow,20,0
CUST104812,53,61.38,431,1,7.9,month-to-month,0,3,9.9,partner,C,red,35,0
CUST104813,11,122.55,607,5,10.5,month-to-month,0,2,6.5,ads,C,white,80,1
CUST104814,30,30.8,621,1,2.7,month-to-month,0,3,5.2,ads,C,white,20,0
CUST104815,26,39.86,549,2,7.9,one-year,1,2,6.0,organic,C,red,53,0
CUST104816,43,67.55,190,0,0.0,two-year,0,3,9.9,ads,A,green,78,0
CUST104817,48,41.57,360,1,6.2,month-to-month,0,3,3.2,ads,C,yellow,8,0
CUST104818,15,96.72,592,0,11.0,month-to-month,1,3,7.1,ads,B,white,54,0
CUST104819,42,119.63,415,4,9.6,two-year,0,2,7.7,ads,C,black,54,0
CUST104820,15,40.13,329,2,6.5,one-year,0,3,3.6,organic,A,red,41,1
CUST104821,19,66.46,440,2,4.8,month-to-month,0,3,6.8,ads,B,green,52,1
CUST104822,1,146.22,339,3,6.2,month-to-month,0,2,2.1,organic,B,white,7,1
CUST104823,28,53.53,440,7,3.9,month-to-month,0,4,4.8,organic,A,red,53,1
CUST104824,58,53.43,441,3,1.1,two-year,1,3,5.5,ads,C,yellow,13,0
CUST104825,43,37.93,345,1,5.9,two-year,1,5,7.8,organic,C,blue,70,0
CUST104826,19,24.11,446,2,7.9,month-to-month,1,2,5.4,organic,A,yellow,81,1
CUST104827,61,39.06,360,1,0.6,month-to-month,1,6,7.9,ads,B,yellow,20,0
CUST104828,66,57.73,355,3,3.1,month-to-month,1,4,6.6,ads,B,blue,58,0
CUST104829,25,115.87,459,5,4.2,month-to-month,0,2,4.0,organic,A,yellow,15,1
CUST104830,72,100.29,498,8,1.1,two-year,1,2,10.0,organic,C,green,31,0
CUST104831,34,39.37,426,0,4.2,month-to-month,0,2,2.7,ads,B,green,67,0
CUST104832,53,92.99,279,1,1.3,month-to-month,1,4,8.7,organic,B,yellow,42,1
CUST104833,31,110.78,297,1,2.6,month-to-month,1,2,7.4,referral,A,green,60,1
CUST104834,22,131.52,588,3,12.2,month-to-month,0,2,2.6,referral,B,black,48,1
CUST104835,40,145.06,390,1,1.3,month-to-month,1,5,4.4,referral,A,red,26,0
CUST104836,38,111.26,332,2,7.3,month-to-month,0,3,3.7,partner,B,black,59,1
CUST104837,17,136.8,677,7,2.5,two-year,0,3,4.0,ads,B,yellow,99,0
CUST104838,54,59.34,591,0,1.2,month-to-month,1,3,8.3,referral,B,green,35,0
CUST104839,16,105.28,560,3,14.8,month-to-month,1,3,6.6,ads,A,red,20,0
CUST104840,1,96.05,421,2,4.9,month-to-month,1,1,4.8,referral,A,yellow,84,1
CUST104841,52,63.93,390,6,0.0,one-year,0,1,6.2,partner,C,green,52,0
CUST104842,22,49.64,392,5,5.5,one-year,0,4,7.4,referral,C,yellow,91,1
CUST104843,36,22.02,379,4,5.6,month-to-month,1,3,7.1,organic,C,black,24,0
CUST104844,55,32.52,478,3,2.3,one-year,1,5,9.4,organic,B,black,91,0
CUST104845,47,54.95,532,5,7.5,month-to-month,1,1,4.8,organic,B,blue,35,0
CUST104846,6,141.68,81,4,7.7,one-year,1,3,2.7,partner,A,green,85,1
CUST104847,34,58.65,300,5,2.9,month-to-month,0,2,7.9,ads,A,red,47,1
CUST104848,36,99.83,339,3,7.9,month-to-month,0,4,3.3,organic,A,red,98,0
CUST104849,53,20.57,200,3,6.7,one-year,0,2,7.4,ads,C,black,63,0
CUST104850,31,102.75,447,3,12.8,month-to-month,0,2,2.3,partner,A,yellow,38,1
CUST104851,70,119.63,266,1,0.0,two-year,1,3,9.3,referral,A,yellow,58,0
CUST104852,43,132.01,574,2,3.7,month-to-month,1,5,10.0,referral,B,white,85,0
CUST104853,24,45.84,401,5,6.5,one-year,1,2,6.8,referral,B,white,33,0
CUST104854,57,34.85,433,1,0.0,two-year,0,3,10.0,referral,C,white,65,0
CUST104855,72,81.83,523,0,0.0,month-to-month,0,5,10.0,ads,A,white,34,0
CUST104856,44,100.43,460,1,1.0,month-to-month,1,2,8.6,partner,C,blue,47,0
CUST104857,56,70.2,434,1,3.9,one-year,0,4,6.9,referral,A,black,8,0
CUST104858,33,42.16,372,2,12.3,month-to-month,1,4,5.7,referral,A,green,17,0
CUST104859,44,122.78,393,1,4.0,month-to-month,1,1,7.0,ads,B,white,34,0
CUST104860,44,96.8,328,6,6.4,month-to-month,1,2,6.6,organic,B,green,73,0
CUST104861,40,120.36,540,5,3.8,month-to-month,0,2,6.3,ads,B,red,96,0
CUST104862,30,125.08,486,3,8.7,month-to-month,1,1,6.1,partner,A,green,13,0
CUST104863,4,118.16,686,6,3.7,month-to-month,0,2,2.1,partner,C,green,65,1
CUST104864,26,43.19,488,2,4.2,month-to-month,0,3,4.9,ads,A,green,64,0
CUST104865,25,23.28,442,5,5.3,month-to-month,0,1,5.5,ads,B,green,12,1
CUST104866,72,45.45,456,1,0.0,month-to-month,1,5,3.3,organic,C,blue,73,0
CUST104867,30,146.44,330,4,14.9,month-to-month,0,3,7.0,referral,A,white,96,0
CUST104868,45,107.25,576,0,6.8,one-year,0,3,6.5,ads,A,blue,20,1
CUST104869,21,148.97,399,5,8.8,month-to-month,1,3,7.2,referral,A,black,69,0
CUST104870,58,37.82,150,1,0.0,one-year,0,3,10.0,ads,B,black,44,0
CUST104871,42,129.17,241,1,5.6,month-to-month,1,2,7.3,organic,B,green,95,0
CUST104872,1,88.9,398,2,8.4,month-to-month,0,4,3.4,referral,A,red,53,1
CUST104873,59,134.96,223,4,6.8,month-to-month,0,5,5.9,ads,B,white,68,1
CUST104874,1,94.82,292,2,3.8,month-to-month,0,4,6.6,organic,B,black,93,0
CUST104875,20,106.25,522,6,6.4,two-year,0,2,1.0,ads,B,green,10,0
CUST104876,2,106.18,531,3,1.9,month-to-month,0,1,4.8,ads,B,blue,73,1
CUST104877,28,137.21,502,2,3.5,one-year,0,3,5.6,organic,B,red,26,0
CUST104878,48,56.92,521,2,3.9,month-to-month,0,1,5.8,ads,C,red,2,0
CUST104879,51,65.81,504,0,0.6,one-year,1,3,8.6,referral,A,blue,67,0
CUST104880,33,29.68,517,3,4.3,one-year,1,3,5.0,ads,A,green,3,0
CUST104881,44,89.38,470,3,1.1,two-year,1,4,8.2,ads,B,white,53,0
CUST104882,14,71.05,496,4,10.7,one-year,0,2,5.5,partner,C,black,85,1
CUST104883,41,95.6,633,1,0.2,one-year,0,4,7.4,partner,B,red,32,0
CUST104884,46,142.07,389,3,3.6,month-to-month,0,5,7.2,referral,A,yellow,9,0
CUST104885,59,46.48,717,3,2.9,one-year,0,2,3.6,organic,B,white,74,0
CUST104886,1,97.88,373,4,5.6,month-to-month,1,2,3.4,ads,A,blue,22,1
CUST104887,55,41.05,358,0,0.0,one-year,1,1,6.4,ads,C,blue,89,0
CUST104888,34,57.59,460,2,0.0,one-year,1,5,7.8,organic,A,red,67,0
CUST104889,58,96.96,367,5,0.4,month-to-month,1,3,7.2,organic,A,white,89,0
CUST104890,31,69.81,136,6,8.8,month-to-month,1,3,5.2,ads,B,white,23,0
CUST104891,30,65.08,303,2,4.0,month-to-month,0,2,1.6,ads,A,green,93,1
CUST104892,34,131.67,343,2,3.1,one-year,0,3,5.6,ads,A,red,82,0
CUST104893,21,133.12,368,3,9.3,two-year,0,4,7.5,ads,C,red,47,1
CUST104894,41,92.03,190,7,12.9,month-to-month,0,2,1.6,ads,C,white,30,1
CUST104895,48,134.11,326,4,7.4,month-to-month,0,4,5.5,partner,A,yellow,26,0
CUST104896,29,83.9,339,5,15.9,two-year,0,1,1.1,ads,B,red,71,1
CUST104897,42,127.16,325,2,12.8,month-to-month,1,3,4.1,ads,B,yellow,30,0
CUST104898,50,140.83,372,1,1.6,month-to-month,1,2,5.9,partner,B,yellow,10,0
CUST104899,65,72.62,528,2,10.1,two-year,1,4,8.1,ads,B,green,37,0
CUST104900,37,38.92,538,2,11.4,month-to-month,1,3,6.2,organic,C,blue,50,0
CUST104901,21,31.36,453,4,6.8,month-to-month,0,6,7.3,organic,C,green,44,0
CUST104902,24,72.53,556,4,8.1,month-to-month,0,3,4.9,ads,A,black,39,1
CUST104903,31,113.5,427,8,2.5,month-to-month,1,4,6.5,partner,A,red,99,1
CUST104904,36,24.22,567,7,1.7,one-year,1,4,6.5,ads,A,red,3,0
CUST104905,72,63.25,471,2,0.0,month-to-month,0,4,5.9,ads,A,yellow,4,0
CUST104906,34,117.78,333,5,3.1,month-to-month,0,1,7.3,organic,B,white,37,1
CUST104907,24,62.85,338,2,10.6,one-year,0,4,7.0,organic,A,black,43,0
CUST104908,45,74.78,493,3,0.0,one-year,1,6,8.2,referral,A,yellow,47,0
CUST104909,71,23.56,519,2,5.2,one-year,0,2,5.5,organic,C,green,85,0
CUST104910,13,126.59,289,2,7.8,month-to-month,0,2,4.0,organic,C,green,11,1
CUST104911,39,98.91,686,4,0.0,one-year,1,3,10.0,ads,B,black,57,0
CUST104912,25,148.3,538,5,6.1,month-to-month,1,3,8.8,ads,A,white,58,0
CUST104913,34,100.52,367,2,8.3,month-to-month,0,2,10.0,ads,B,white,99,0
CUST104914,24,67.34,287,6,5.3,month-to-month,0,3,2.5,ads,B,yellow,43,1
CUST104915,32,148.57,222,2,1.6,month-to-month,0,4,8.4,ads,B,green,83,0
CUST104916,41,66.99,600,1,1.0,one-year,1,3,9.1,ads,A,white,3,0
CUST104917,34,109.95,526,3,2.5,month-to-month,0,3,5.3,partner,C,white,83,0
CUST104918,45,50.37,425,6,6.5,two-year,1,5,10.0,referral,B,black,56,0
CUST104919,56,148.21,466,3,0.0,month-to-month,1,3,9.2,organic,C,black,84,0
CUST104920,72,98.4,130,1,2.7,month-to-month,1,6,7.3,partner,A,white,12,0
CUST104921,50,137.93,121,3,0.0,month-to-month,0,6,6.7,ads,B,yellow,85,0
CUST104922,56,40.32,482,5,0.0,one-year,1,5,5.7,organic,A,red,62,0
CUST104923,69,99.0,454,0,0.0,one-year,1,4,7.8,organic,B,white,4,0
CUST104924,46,102.35,438,2,0.0,one-year,1,2,8.4,partner,A,blue,56,0
CUST104925,28,124.21,619,3,3.4,one-year,1,3,7.5,partner,B,black,14,0
CUST104926,19,27.22,513,5,6.8,month-to-month,0,3,6.2,ads,C,green,6,0
CUST104927,33,130.28,355,2,9.4,one-year,0,5,5.5,organic,C,black,67,1
CUST104928,13,108.46,356,4,7.1,month-to-month,0,2,5.3,organic,C,red,6,1
CUST104929,45,23.66,496,6,4.8,month-to-month,0,2,7.6,organic,A,red,83,0
CUST104930,54,60.83,491,2,2.1,one-year,0,6,4.6,ads,B,green,45,0
CUST104931,20,74.3,662,5,7.7,month-to-month,0,1,3.4,organic,A,green,39,1
CUST104932,37,139.56,328,2,0.0,month-to-month,1,4,8.5,referral,A,white,93,0
CUST104933,71,61.34,295,4,9.0,one-year,1,3,9.9,referral,C,yellow,55,0
CUST104934,24,77.74,441,4,6.9,month-to-month,0,3,6.5,organic,C,blue,95,1
CUST104935,26,81.09,426,2,10.7,month-to-month,1,3,8.2,organic,B,blue,67,0
CUST104936,29,27.13,569,2,4.1,month-to-month,0,3,5.6,organic,B,black,14,0
CUST104937,72,78.56,439,4,0.0,one-year,0,4,8.3,referral,B,white,41,0
CUST104938,42,68.84,478,2,5.2,one-year,1,4,9.7,ads,B,blue,65,0
CUST104939,14,50.33,195,7,13.3,month-to-month,0,1,4.3,organic,B,yellow,8,1
CUST104940,40,37.86,584,2,0.3,one-year,1,5,7.7,organic,C,yellow,86,0
CUST104941,31,89.7,420,4,6.1,month-to-month,0,4,3.4,ads,C,white,45,1
CUST104942,25,90.23,197,3,3.5,one-year,0,4,6.5,referral,B,black,38,1
CUST104943,29,106.73,473,1,0.7,two-year,0,2,1.8,referral,A,yellow,66,0
CUST104944,72,97.96,327,2,0.0,two-year,1,5,8.2,organic,B,blue,30,0
CUST104945,53,128.65,295,2,0.1,one-year,1,4,8.2,referral,C,red,46,0
CUST104946,10,95.61,460,5,10.8,month-to-month,0,2,6.8,referral,C,red,55,1
CUST104947,15,54.27,286,6,11.4,one-year,0,2,2.7,organic,A,red,34,1
CUST104948,23,136.39,490,5,1.5,month-to-month,0,3,6.6,organic,C,blue,62,0
CUST104949,42,45.92,370,0,0.0,one-year,1,2,9.8,organic,A,red,81,0
CUST104950,59,24.63,407,5,0.0,month-to-month,1,4,5.7,ads,B,red,4,0
CUST104951,49,137.65,474,2,0.0,month-to-month,1,4,5.6,organic,C,white,8,0
CUST104952,44,55.05,246,2,0.0,month-to-month,1,5,8.2,ads,A,black,17,0
CUST104953,72,37.63,429,2,0.0,month-to-month,0,3,5.8,ads,B,white,27,0
CUST104954,53,78.94,606,2,0.0,month-to-month,1,4,5.5,organic,A,blue,90,0
CUST104955,28,122.24,476,4,0.0,one-year,0,2,6.1,organic,B,yellow,80,1
CUST104956,63,57.34,505,3,0.0,one-year,0,2,9.6,ads,A,blue,90,1
CUST104957,56,50.57,486,4,5.5,one-year,1,4,6.3,referral,C,green,98,0
CUST104958,6,108.4,220,1,18.6,one-year,0,4,5.1,organic,A,white,38,1
CUST104959,55,105.1,473,5,10.6,month-to-month,0,3,6.5,organic,B,black,88,1
CUST104960,8,123.62,416,2,6.0,month-to-month,1,5,5.0,partner,A,green,45,0
CUST104961,30,130.75,356,2,4.0,month-to-month,1,2,8.4,partner,A,yellow,88,1
CUST104962,9,85.17,662,6,2.6,two-year,0,6,5.4,ads,A,white,77,0
CUST104963,33,131.48,68,1,3.6,one-year,0,2,6.3,partner,A,yellow,41,0
CUST104964,23,143.61,853,3,14.2,month-to-month,1,2,8.4,ads,B,yellow,29,0
CUST104965,22,121.08,538,1,0.7,month-to-month,1,1,7.2,ads,C,red,11,0
CUST104966,19,69.02,533,4,6.8,month-to-month,0,2,6.9,ads,B,blue,4,0
CUST104967,65,80.98,227,3,1.0,one-year,1,5,6.5,referral,A,black,20,0
CUST104968,22,65.01,375,2,4.5,one-year,1,2,5.1,ads,B,yellow,50,0
CUST104969,62,25.14,131,2,0.0,one-year,1,5,6.8,referral,A,black,76,0
CUST104970,40,71.43,326,1,0.0,month-to-month,1,3,10.0,organic,A,red,19,0
CUST104971,32,126.01,372,3,0.0,one-year,0,3,8.6,referral,B,blue,2,0
CUST104972,29,57.34,462,5,16.2,month-to-month,1,3,3.9,partner,C,blue,14,1
CUST104973,1,79.57,367,5,12.5,month-to-month,0,4,2.7,referral,A,green,5,1
CUST104974,1,126.4,392,5,12.9,month-to-month,0,4,3.7,organic,B,green,98,1
CUST104975,27,120.19,427,7,4.6,month-to-month,0,2,1.7,ads,C,black,78,1
CUST104976,69,80.51,282,2,0.0,one-year,1,2,7.4,organic,A,green,68,0
CUST104977,36,20.65,368,4,11.8,month-to-month,1,4,8.1,referral,B,black,41,0
CUST104978,34,87.01,303,4,6.9,month-to-month,1,5,5.5,partner,B,blue,95,0
CUST104979,12,86.57,343,5,12.3,month-to-month,1,2,3.3,organic,A,green,62,1
CUST104980,22,40.01,377,6,13.0,month-to-month,0,2,2.3,ads,B,black,30,1
CUST104981,50,94.06,455,0,9.2,month-to-month,1,4,7.6,referral,A,red,81,0
CUST104982,2,131.92,388,1,9.2,month-to-month,0,3,5.9,ads,A,white,10,0
CUST104983,18,137.42,366,1,8.6,one-year,1,3,4.1,partner,A,white,5,0
CUST104984,30,98.82,264,3,6.9,two-year,1,4,8.8,referral,A,white,45,0
CUST104985,58,56.97,235,1,0.0,one-year,0,5,10.0,organic,C,white,69,0
CUST104986,36,96.05,409,4,5.4,one-year,1,2,4.4,ads,B,black,28,0
CUST104987,46,97.98,372,3,6.5,month-to-month,1,1,6.2,referral,A,green,92,0
CUST104988,42,84.33,470,2,4.7,one-year,1,2,6.9,partner,B,yellow,10,0
CUST104989,45,136.02,204,0,0.0,one-year,1,3,6.8,referral,B,yellow,77,0
CUST104990,33,106.61,509,7,9.7,month-to-month,1,4,1.0,ads,B,blue,64,0
CUST104991,63,65.17,322,1,0.0,two-year,0,3,9.8,referral,C,black,58,0
CUST104992,16,67.86,366,8,7.1,month-to-month,0,4,4.4,organic,C,green,65,1
CUST104993,48,43.7,449,1,2.7,month-to-month,0,3,9.6,organic,C,blue,7,0
CUST104994,19,69.26,330,2,6.5,month-to-month,0,2,3.1,organic,A,white,72,1
CUST104995,37,74.61,227,4,13.0,one-year,1,4,7.6,organic,B,blue,70,0
CUST104996,60,66.88,379,1,3.3,one-year,0,1,7.0,referral,B,yellow,61,0
CUST104997,72,66.23,250,1,0.0,one-year,1,6,10.0,organic,C,green,21,0
CUST104998,57,27.26,222,1,4.3,two-year,1,3,10.0,referral,C,black,11,0
CUST104999,30,86.28,504,6,6.9,two-year,1,3,3.0,ads,A,red,6,1
CUST105000,26,76.11,424,2,9.7,month-to-month,1,4,6.9,ads,A,yellow,30,0
CUST105001,33,101.83,455,6,3.0,month-to-month,1,4,6.8,referral,C,black,3,0
CUST105002,35,99.95,493,3,6.1,month-to-month,0,1,9.8,partner,B,red,81,0
CUST105003,31,72.47,461,4,2.8,one-year,0,1,4.1,referral,B,green,78,1
CUST105004,32,73.29,331,1,0.0,month-to-month,1,1,6.5,ads,A,white,39,0
CUST105005,1,112.73,394,1,6.1,month-to-month,0,2,6.1,ads,C,green,10,1
CUST105006,56,111.32,320,3,7.2,month-to-month,1,3,7.7,ads,A,green,9,0
CUST105007,46,103.45,463,0,0.0,two-year,1,2,6.4,ads,B,red,65,0
CUST105008,18,20.14,250,4,0.8,two-year,1,3,7.1,referral,B,white,23,0
CUST105009,50,72.32,307,3,2.3,month-to-month,1,4,5.8,ads,B,yellow,48,0
CUST105010,49,88.43,427,5,0.1,two-year,0,4,7.3,organic,A,red,77,0
CUST105011,43,44.41,386,1,0.0,two-year,1,3,8.9,organic,B,blue,24,0
CUST105012,36,79.89,282,1,4.3,one-year,1,3,7.2,referral,C,black,18,0
CUST105013,28,53.93,43,5,5.7,month-to-month,1,1,5.6,referral,A,green,56,1
CUST105014,40,144.08,368,1,3.8,month-to-month,0,4,6.0,ads,C,red,47,0
CUST105015,47,107.27,412,3,5.2,month-to-month,1,4,4.1,organic,A,yellow,85,0
CUST105016,1,28.4,495,8,17.4,month-to-month,0,3,4.6,organic,B,blue,79,1
CUST105017,68,60.43,369,1,0.0,two-year,1,2,8.9,referral,B,green,61,0
CUST105018,40,51.72,539,3,0.4,month-to-month,0,4,5.3,referral,B,red,49,0
CUST105019,43,71.67,524,6,5.8,one-year,0,4,4.8,partner,A,white,36,0
CUST105020,48,20.58,392,5,3.9,one-year,0,5,7.1,referral,C,blue,19,0
CUST105021,28,120.35,505,2,6.5,month-to-month,0,2,4.5,ads,C,black,12,0
CUST105022,41,100.36,527,3,8.6,month-to-month,0,3,2.6,organic,B,black,96,1
CUST105023,28,95.01,354,4,14.2,month-to-month,0,2,1.9,organic,C,red,69,1
CUST105024,56,105.88,351,1,0.0,month-to-month,1,4,9.5,organic,A,red,42,0
CUST105025,26,109.91,447,6,14.6,one-year,1,1,4.3,partner,C,white,59,0
CUST105026,20,126.36,371,8,6.8,one-year,0,1,4.5,ads,A,black,6,1
CUST105027,29,126.7,667,0,5.1,two-year,1,2,5.2,referral,C,yellow,72,0
CUST105028,47,143.04,512,1,0.0,two-year,1,4,5.8,referral,B,blue,49,0
CUST105029,43,29.33,459,1,6.9,one-year,0,2,4.9,organic,B,yellow,96,0
CUST105030,22,65.81,347,3,2.0,month-to-month,1,3,6.8,partner,C,black,66,0
CUST105031,57,108.18,642,2,2.4,one-year,1,4,10.0,referral,B,blue,40,0
CUST105032,45,90.33,360,3,8.4,month-to-month,1,4,8.6,referral,B,red,99,0
CUST105033,18,139.96,472,3,1.1,one-year,0,4,8.2,referral,A,green,47,0
CUST105034,45,136.07,559,1,6.2,two-year,0,3,9.2,organic,B,red,84,1
CUST105035,66,131.87,479,2,0.0,two-year,1,6,8.1,ads,B,white,64,0
CUST105036,66,45.09,329,2,0.0,two-year,1,6,9.8,organic,C,green,69,0
CUST105037,19,47.42,448,2,6.5,two-year,1,1,3.5,partner,B,green,71,0
CUST105038,38,110.69,393,0,0.0,one-year,1,3,7.0,ads,A,white,90,0
CUST105039,50,144.41,345,6,6.4,one-year,0,3,7.7,ads,A,blue,85,0
CUST105040,38,63.58,591,3,1.0,month-to-month,0,5,9.0,organic,B,blue,18,0
CUST105041,18,139.27,465,3,11.1,month-to-month,0,4,3.6,ads,A,blue,76,1
CUST105042,30,141.58,523,0,0.3,one-year,1,3,9.2,organic,B,red,19,0
CUST105043,26,85.19,356,3,8.2,one-year,0,4,5.7,ads,B,white,39,0
CUST105044,39,120.34,374,2,1.6,two-year,0,3,6.3,ads,A,yellow,44,0
CUST105045,34,42.0,412,2,0.3,month-to-month,1,5,6.2,referral,B,blue,21,0
CUST105046,18,111.13,468,5,10.3,month-to-month,0,3,5.2,ads,C,yellow,89,1
CUST105047,27,119.47,612,6,2.9,month-to-month,0,3,6.7,partner,A,black,64,1
CUST105048,52,54.87,415,0,1.2,one-year,1,4,9.4,ads,A,blue,39,0
CUST105049,40,93.75,273,4,3.8,month-to-month,0,4,1.4,ads,B,blue,29,1
CUST105050,36,121.47,501,0,0.0,month-to-month,1,3,8.0,organic,A,white,5,0
CUST105051,22,33.06,356,3,0.0,two-year,1,2,6.1,partner,B,white,51,0
CUST105052,72,23.72,395,0,1.0,month-to-month,1,4,4.5,referral,A,blue,35,0
CUST105053,25,41.3,630,2,3.5,two-year,0,3,6.0,ads,B,green,30,0
CUST105054,31,54.46,345,3,0.0,month-to-month,1,2,6.6,organic,B,yellow,30,0
CUST105055,52,95.26,352,1,7.4,month-to-month,1,4,8.9,organic,B,yellow,81,0
CUST105056,56,138.41,327,4,10.7,one-year,0,2,8.0,referral,C,red,38,0
CUST105057,32,76.92,295,3,6.7,two-year,1,4,5.3,partner,A,blue,86,0
CUST105058,33,71.32,340,3,3.7,one-year,1,3,4.9,referral,C,black,50,0
CUST105059,18,111.47,451,1,2.0,month-to-month,1,1,7.6,organic,C,green,36,0
CUST105060,46,23.17,117,7,0.0,month-to-month,1,1,4.2,referral,A,yellow,71,0
CUST105061,57,129.5,316,1,4.4,month-to-month,0,1,9.2,referral,A,blue,51,0
CUST105062,24,74.31,380,4,6.7,one-year,1,2,6.5,ads,A,black,73,0
CUST105063,4,35.65,548,3,3.1,month-to-month,0,1,4.8,ads,B,red,1,1
CUST105064,25,86.23,676,2,5.6,one-year,1,3,4.8,referral,B,blue,63,0
CUST105065,48,87.98,295,3,8.0,month-to-month,1,3,5.6,ads,A,yellow,14,0
CUST105066,38,69.03,496,3,1.2,one-year,1,1,3.9,organic,B,green,50,0
CUST105067,59,118.95,491,0,0.0,one-year,1,1,7.9,organic,A,red,7,0
CUST105068,23,41.42,411,4,5.1,one-year,0,4,8.1,organic,A,white,91,0
CUST105069,18,146.06,648,3,5.3,one-year,1,3,9.1,organic,A,red,52,0
CUST105070,36,136.7,404,4,3.2,month-to-month,0,1,5.1,ads,B,white,22,0
CUST105071,34,114.7,506,5,6.9,one-year,1,3,5.1,ads,C,blue,56,0
CUST105072,57,48.04,568,0,2.4,month-to-month,1,4,10.0,ads,C,black,75,0
CUST105073,12,97.61,396,6,13.1,month-to-month,0,3,3.1,ads,C,green,81,1
CUST105074,35,96.56,278,1,6.4,one-year,1,3,4.8,ads,C,black,67,1
CUST105075,48,65.65,210,3,3.9,one-year,1,3,7.9,referral,B,blue,59,0
CUST105076,47,79.24,478,2,7.5,month-to-month,1,4,7.4,referral,A,green,92,0
CUST105077,60,41.4,423,2,0.0,two-year,1,5,7.1,organic,A,green,93,0
CUST105078,36,55.22,369,0,1.5,month-to-month,1,5,7.2,ads,C,blue,99,0
CUST105079,63,54.89,431,3,0.0,two-year,1,2,9.5,ads,B,blue,88,0
CUST105080,41,41.63,557,9,4.8,month-to-month,1,1,5.4,ads,C,blue,15,1
CUST105081,36,53.63,520,1,1.3,month-to-month,0,2,7.5,organic,B,yellow,6,0
CUST105082,29,104.74,375,3,0.0,month-to-month,1,4,5.7,referral,B,red,6,0
CUST105083,43,123.37,403,5,11.0,month-to-month,1,2,5.8,ads,C,white,60,0
CUST105084,38,146.44,561,3,4.1,month-to-month,1,5,8.0,referral,B,yellow,61,0
CUST105085,72,52.46,337,0,0.0,one-year,1,3,9.1,referral,A,white,96,0
CUST105086,35,21.87,398,6,0.0,month-to-month,0,2,6.0,referral,A,green,11,0
CUST105087,14,84.66,526,1,0.5,two-year,0,4,7.1,ads,C,green,83,0
CUST105088,54,144.35,544,3,3.6,one-year,0,3,4.0,partner,A,black,25,0
CUST105089,1,101.41,407,5,11.6,month-to-month,0,3,4.3,organic,C,blue,93,1
CUST105090,1,146.67,681,5,7.2,two-year,0,2,3.9,ads,C,blue,43,1
CUST105091,35,111.95,438,4,10.0,two-year,0,2,3.0,ads,A,blue,62,1
CUST105092,27,88.32,251,3,6.2,month-to-month,0,4,3.3,organic,C,white,51,1
CUST105093,47,48.72,564,2,1.2,one-year,0,4,10.0,partner,A,yellow,20,0
CUST105094,37,37.34,351,5,7.6,two-year,0,4,4.3,ads,B,white,25,0
CUST105095,1,125.8,509,3,7.4,one-year,0,3,5.3,ads,B,green,60,1
CUST105096,57,67.08,445,3,0.0,one-year,1,5,6.3,partner,C,black,36,0
CUST105097,26,58.89,772,6,5.9,month-to-month,1,2,4.6,partner,C,green,18,0
CUST105098,26,90.16,368,5,8.6,one-year,1,2,3.9,ads,B,green,64,1
CUST105099,37,141.59,416,4,0.0,one-year,1,3,6.2,ads,B,blue,62,0
CUST105100,56,60.71,412,2,4.1,two-year,0,5,6.7,organic,A,white,64,0
CUST105101,42,21.03,390,3,0.0,one-year,1,2,9.2,ads,B,blue,10,0
CUST105102,11,129.47,263,1,0.0,one-year,0,3,7.0,organic,A,white,63,0
CUST105103,70,132.42,254,1,1.6,one-year,0,4,4.8,ads,B,green,69,0
CUST105104,59,30.12,376,2,0.1,month-to-month,1,3,8.6,referral,A,yellow,84,0
CUST105105,19,101.87,424,2,4.1,month-to-month,1,2,5.1,ads,C,black,61,0
CUST105106,18,71.54,364,4,8.2,month-to-month,0,2,2.1,ads,C,green,98,1
CUST105107,33,130.31,369,4,4.1,one-year,1,4,6.6,organic,A,white,80,0
CUST105108,39,97.3,505,5,3.3,month-to-month,0,4,8.3,ads,C,green,93,1
CUST105109,5,38.91,361,3,8.6,month-to-month,1,2,3.3,referral,B,yellow,48,1
CUST105110,23,90.99,232,2,5.7,month-to-month,0,5,3.4,organic,A,red,35,1
CUST105111,40,43.48,500,0,0.1,one-year,1,4,10.0,ads,C,red,94,0
CUST105112,31,61.07,561,5,0.0,month-to-month,0,3,5.3,referral,A,blue,16,0
CUST105113,12,94.1,492,8,10.4,month-to-month,0,1,5.5,ads,C,white,15,1
CUST105114,36,68.03,366,1,2.1,month-to-month,0,3,4.8,referral,C,white,49,0
CUST105115,33,93.35,400,6,5.5,one-year,0,3,7.5,ads,B,blue,64,0
CUST105116,45,96.17,370,0,6.1,two-year,1,3,10.0,ads,C,yellow,95,0
CUST105117,38,138.6,477,4,1.1,month-to-month,0,3,3.5,ads,A,yellow,40,1
CUST105118,24,49.14,574,4,12.2,month-to-month,0,2,6.0,ads,A,black,95,0
CUST105119,54,109.08,472,3,0.0,month-to-month,1,3,8.9,referral,A,green,32,0
CUST105120,17,94.35,416,5,0.7,one-year,1,2,1.7,ads,A,blue,96,0
CUST105121,22,59.41,428,1,9.0,one-year,0,3,6.9,referral,B,green,98,1
CUST105122,31,91.99,472,7,12.1,month-to-month,0,1,6.2,ads,A,yellow,11,1
CUST105123,43,50.19,656,5,12.7,two-year,0,3,6.6,referral,C,white,52,0
CUST105124,12,80.45,522,1,3.1,month-to-month,1,2,8.1,organic,B,blue,90,0
CUST105125,34,127.78,294,10,0.3,month-to-month,0,3,4.8,organic,A,green,30,1
CUST105126,37,34.97,295,3,4.0,one-year,0,4,6.2,referral,B,green,88,0
CUST105127,37,24.79,654,2,3.6,month-to-month,0,2,6.9,organic,A,white,41,0
CUST105128,36,25.86,513,0,7.9,two-year,1,2,8.1,referral,B,blue,64,0
CUST105129,1,79.7,286,3,3.6,month-to-month,0,5,3.9,referral,B,white,49,1
CUST105130,35,121.78,309,3,0.0,two-year,0,4,9.5,partner,C,red,20,0
CUST105131,72,28.44,416,4,4.0,two-year,0,3,5.7,organic,A,yellow,57,0
CUST105132,41,33.74,567,6,3.1,month-to-month,0,3,8.5,ads,B,white,2,0
CUST105133,37,42.42,301,1,6.3,one-year,0,2,7.3,referral,B,green,95,0
CUST105134,17,77.11,468,1,9.7,month-to-month,0,1,1.8,partner,A,white,99,1
CUST105135,42,132.7,601,1,6.6,one-year,0,3,7.5,ads,C,white,32,0
CUST105136,52,59.71,323,1,2.6,month-to-month,1,3,5.5,partner,B,white,94,0
CUST105137,41,91.53,376,5,2.9,one-year,1,4,9.5,ads,A,white,9,0
CUST105138,34,29.16,738,4,2.4,month-to-month,1,3,4.2,referral,B,yellow,87,1
CUST105139,53,48.46,406,4,7.4,month-to-month,1,2,2.8,ads,C,yellow,5,1
CUST105140,44,30.13,406,4,5.0,one-year,0,2,8.4,ads,B,red,90,0
CUST105141,72,36.87,431,1,4.4,two-year,0,1,7.6,ads,B,red,79,0
CUST105142,39,56.59,405,4,0.0,month-to-month,1,2,9.6,organic,B,green,35,0
CUST105143,56,32.72,522,2,10.8,one-year,1,1,4.4,partner,B,yellow,98,0
CUST105144,35,57.78,452,1,2.3,one-year,0,4,4.5,organic,B,yellow,15,1
CUST105145,43,34.91,354,3,6.8,month-to-month,1,4,9.7,ads,B,yellow,7,0
CUST105146,45,95.24,346,0,4.4,month-to-month,0,3,6.3,referral,A,yellow,44,0
CUST105147,26,20.89,461,2,7.0,month-to-month,1,5,7.1,ads,A,black,38,1
CUST105148,46,111.59,265,4,0.0,month-to-month,0,4,8.8,referral,B,red,36,0
CUST105149,54,54.02,531,2,2.6,month-to-month,1,3,6.4,referral,A,green,84,0
CUST105150,53,98.4,709,1,0.0,one-year,1,4,10.0,partner,C,black,84,0
CUST105151,51,81.89,447,9,5.1,month-to-month,0,2,8.1,partner,B,green,49,0
CUST105152,21,37.19,231,3,6.5,month-to-month,0,2,7.2,referral,C,blue,67,1
CUST105153,59,148.54,404,5,0.0,month-to-month,0,4,7.4,referral,C,white,60,0
CUST105154,41,86.84,360,6,9.6,month-to-month,0,3,1.6,ads,C,red,75,1
CUST105155,35,110.75,434,5,5.9,month-to-month,1,3,8.5,partner,B,black,56,1
CUST105156,32,135.54,417,3,8.7,month-to-month,1,3,4.0,organic,A,green,63,0
CUST105157,63,48.09,584,1,0.0,one-year,1,6,10.0,organic,C,red,11,0
CUST105158,32,60.64,357,5,6.9,two-year,1,4,6.9,organic,B,blue,96,0
CUST105159,22,26.86,413,1,8.4,one-year,0,1,4.6,organic,A,yellow,93,0
CUST105160,58,56.22,301,1,3.0,two-year,0,1,6.7,referral,A,green,56,0
CUST105161,41,112.68,464,4,16.0,month-to-month,0,1,2.9,organic,C,white,49,0
CUST105162,38,125.73,533,2,0.0,month-to-month,1,3,4.9,ads,C,red,89,0
CUST105163,24,39.65,600,2,4.5,month-to-month,0,1,6.2,referral,C,yellow,5,1
CUST105164,37,91.5,470,3,5.7,one-year,1,1,10.0,organic,B,blue,35,0
CUST105165,45,28.39,454,1,0.0,month-to-month,0,3,10.0,ads,A,red,26,1
CUST105166,15,111.19,320,2,7.9,one-year,0,4,4.2,referral,A,green,21,1
CUST105167,17,24.72,144,2,5.8,month-to-month,1,3,6.8,referral,C,white,65,0
CUST105168,58,127.35,348,4,0.0,month-to-month,1,3,5.5,ads,C,red,59,0
CUST105169,27,53.93,389,5,11.8,month-to-month,0,2,4.6,partner,C,yellow,17,1
CUST105170,27,134.26,405,3,0.0,month-to-month,1,4,5.2,organic,A,white,59,1
CUST105171,33,59.52,212,6,14.1,month-to-month,0,3,5.4,partner,B,white,67,1
CUST105172,13,54.03,384,2,7.5,two-year,0,5,7.4,referral,A,blue,62,0
CUST105173,8,51.24,142,2,8.2,one-year,0,2,3.5,organic,C,white,27,0
CUST105174,31,71.2,252,1,6.4,two-year,1,5,10.0,ads,A,blue,26,0
CUST105175,72,98.35,562,3,2.2,one-year,0,4,10.0,referral,B,green,40,0
CUST105176,17,64.83,591,6,0.1,month-to-month,0,2,5.5,partner,B,blue,16,1
CUST105177,1,29.27,400,3,2.7,month-to-month,0,2,1.5,partner,B,black,29,1
CUST105178,53,81.41,451,3,3.8,month-to-month,1,3,7.0,ads,B,green,21,0
CUST105179,32,60.81,471,3,0.0,one-year,0,2,7.0,organic,B,green,68,0
CUST105180,11,86.64,471,4,10.0,month-to-month,1,4,7.8,ads,A,black,21,0
CUST105181,26,62.85,304,3,1.4,one-year,0,2,8.7,partner,A,blue,38,0
CUST105182,41,68.66,441,6,5.0,month-to-month,0,5,5.9,ads,B,yellow,93,0
CUST105183,46,85.54,454,3,5.2,two-year,0,4,10.0,referral,C,red,35,0
CUST105184,72,39.91,449,2,10.7,one-year,1,4,8.8,ads,C,black,79,0
CUST105185,1,42.33,321,2,14.5,two-year,1,2,3.0,ads,A,red,54,1
CUST105186,32,40.19,272,2,2.5,month-to-month,1,5,10.0,organic,A,green,68,0
CUST105187,28,63.39,394,3,5.5,month-to-month,0,5,8.3,referral,C,yellow,54,0
CUST105188,2,45.62,241,3,9.5,month-to-month,0,4,4.3,ads,B,green,89,1
CUST105189,70,101.43,316,1,1.3,one-year,1,6,9.2,referral,A,green,49,0
CUST105190,35,21.74,480,9,2.0,month-to-month,1,3,6.7,partner,A,black,43,0
CUST105191,40,48.55,560,4,12.3,one-year,0,4,6.2,ads,A,blue,20,0
CUST105192,49,124.31,532,1,0.0,one-year,1,4,7.6,referral,B,white,15,0
CUST105193,19,107.2,334,5,8.5,month-to-month,1,4,4.1,ads,B,white,24,1
CUST105194,1,142.46,368,6,6.0,month-to-month,0,2,1.0,ads,B,white,13,1
CUST105195,31,50.49,359,6,6.8,month-to-month,0,3,6.0,referral,A,white,74,1
CUST105196,66,43.27,446,4,0.1,one-year,1,2,8.3,ads,A,red,75,0
CUST105197,56,54.26,307,1,0.0,two-year,1,1,6.9,ads,A,yellow,49,0
CUST105198,38,65.57,426,2,0.0,month-to-month,0,4,4.2,organic,A,yellow,28,0
CUST105199,48,22.26,405,5,4.8,two-year,0,4,5.5,ads,A,black,52,0
CUST105200,36,49.41,497,1,2.8,month-to-month,1,3,4.3,ads,A,green,15,0
CUST105201,30,23.17,274,4,6.1,month-to-month,1,3,7.6,ads,A,blue,20,0
CUST105202,22,143.04,295,1,10.8,month-to-month,0,2,5.5,organic,B,blue,34,1
CUST105203,46,149.44,459,3,4.2,two-year,0,2,6.9,referral,A,black,13,0
CUST105204,45,133.84,436,0,0.0,month-to-month,1,6,9.5,referral,A,green,39,0
CUST105205,44,87.78,270,3,0.0,month-to-month,0,4,6.6,ads,B,green,14,0
CUST105206,72,25.17,177,1,0.0,one-year,1,5,7.0,ads,B,red,1,0
CUST105207,42,132.99,488,1,2.2,month-to-month,1,1,4.2,referral,B,white,12,0
CUST105208,10,78.75,436,0,6.0,one-year,0,2,7.5,ads,A,white,22,0
CUST105209,36,55.95,388,2,14.0,month-to-month,0,4,7.8,ads,C,black,78,0
CUST105210,25,136.86,487,2,7.7,month-to-month,0,5,8.9,ads,A,white,31,0
CUST105211,22,20.34,315,5,8.7,month-to-month,1,3,7.5,ads,C,yellow,43,0
CUST105212,50,143.42,474,2,6.3,month-to-month,1,3,2.0,partner,B,yellow,37,0
CUST105213,51,67.99,559,5,4.7,two-year,1,2,7.7,referral,B,white,96,0
CUST105214,72,147.56,470,2,0.0,two-year,1,3,6.0,referral,A,white,37,0
CUST105215,60,76.12,245,3,0.0,two-year,1,2,9.3,partner,B,red,91,0
CUST105216,43,46.97,536,4,4.9,month-to-month,0,2,5.6,referral,C,green,68,1
CUST105217,40,137.01,276,3,5.5,one-year,1,4,3.8,partner,C,black,73,0
CUST105218,27,110.01,374,3,6.8,one-year,1,2,3.1,ads,B,green,71,0
CUST105219,5,148.14,475,3,14.0,month-to-month,0,2,4.2,ads,A,yellow,20,1
CUST105220,72,83.53,517,0,0.0,one-year,1,3,10.0,organic,B,red,13,0
CUST105221,51,145.48,414,3,2.5,one-year,0,3,7.0,referral,C,white,17,0
CUST105222,30,79.06,686,4,5.7,month-to-month,0,2,4.0,organic,A,yellow,38,0
CUST105223,29,149.12,264,3,0.0,month-to-month,1,3,9.0,partner,B,red,27,0
CUST105224,72,130.71,685,1,0.0,one-year,1,5,10.0,organic,B,white,86,0
CUST105225,36,62.79,189,2,12.7,one-year,0,2,6.3,partner,C,blue,16,0
CUST105226,9,77.75,414,2,4.1,one-year,0,1,8.2,ads,B,blue,57,0
CUST105227,45,127.12,219,5,0.8,month-to-month,1,2,4.2,organic,B,green,76,1
CUST105228,41,109.12,463,3,3.2,one-year,0,4,5.8,organic,B,red,47,0
CUST105229,64,55.46,219,0,0.0,two-year,1,2,9.4,referral,C,black,15,0
CUST105230,72,112.63,479,2,0.0,one-year,1,3,7.8,ads,A,green,35,0
CUST105231,62,66.91,339,3,0.2,one-year,1,3,6.8,partner,A,white,68,0
CUST105232,7,86.98,194,4,8.6,two-year,0,4,4.8,organic,C,blue,19,0
CUST105233,21,130.32,617,3,0.0,month-to-month,1,4,3.8,referral,A,red,8,0
CUST105234,56,92.25,509,2,0.0,one-year,0,3,6.3,organic,A,white,73,0
CUST105235,52,31.54,485,0,0.0,month-to-month,1,4,10.0,referral,A,white,30,0
CUST105236,1,28.0,658,4,6.3,month-to-month,0,2,5.7,ads,B,green,62,1
CUST105237,58,60.32,362,1,4.6,month-to-month,1,5,10.0,ads,C,blue,90,0
CUST105238,30,94.79,577,0,0.3,month-to-month,1,2,8.6,referral,C,red,85,0
CUST105239,72,117.83,288,2,13.8,two-year,0,2,8.5,referral,B,black,46,0
CUST105240,39,52.01,421,1,7.3,month-to-month,1,3,6.9,ads,A,red,68,0
CUST105241,28,103.68,208,4,4.6,month-to-month,0,3,5.7,organic,A,blue,87,0
CUST105242,39,67.46,662,2,4.2,month-to-month,0,2,6.5,referral,B,red,35,0
CUST105243,68,111.95,389,2,4.9,two-year,1,4,5.6,ads,B,yellow,6,0
CUST105244,53,97.64,322,5,0.0,two-year,1,5,6.7,referral,A,green,16,0
CUST105245,30,21.89,669,2,8.6,two-year,1,3,5.9,referral,B,blue,77,0
CUST105246,17,119.95,504,5,1.9,one-year,1,2,4.4,partner,B,black,84,0
CUST105247,16,105.8,321,7,11.0,month-to-month,0,2,4.9,ads,B,yellow,70,1
CUST105248,31,132.32,347,1,1.1,month-to-month,1,1,8.1,partner,C,white,10,0
CUST105249,57,114.76,447,5,3.9,two-year,1,1,7.7,partner,A,black,99,0
CUST105250,1,90.69,739,10,7.8,month-to-month,0,3,5.7,organic,A,red,55,1
CUST105251,27,72.86,315,5,5.7,month-to-month,0,1,7.8,referral,C,green,64,1
CUST105252,40,54.58,514,5,13.3,month-to-month,0,2,5.8,organic,B,green,45,1
CUST105253,23,141.0,381,3,6.1,one-year,0,2,6.1,partner,A,black,81,0
CUST105254,15,116.1,544,4,3.3,month-to-month,0,4,6.2,organic,A,yellow,4,0
CUST105255,32,139.99,380,3,7.0,month-to-month,0,3,6.8,partner,B,yellow,66,0
CUST105256,18,44.06,400,3,10.5,month-to-month,0,3,8.8,referral,A,yellow,94,1
CUST105257,27,107.0,208,4,6.4,month-to-month,1,3,6.4,organic,A,red,16,0
CUST105258,26,35.57,401,3,8.6,one-year,0,2,4.2,organic,C,white,75,0
CUST105259,67,76.36,762,0,0.0,one-year,1,4,9.7,partner,B,white,80,0
CUST105260,41,119.05,275,1,0.0,two-year,1,4,7.5,ads,A,green,35,0
CUST105261,45,126.99,392,2,10.6,month-to-month,1,4,4.4,ads,C,white,35,0
CUST105262,41,54.02,423,1,2.9,one-year,0,3,8.5,organic,B,yellow,92,0
CUST105263,52,76.3,552,3,3.8,month-to-month,1,3,5.4,referral,C,black,3,0
CUST105264,72,90.54,425,2,0.0,month-to-month,1,5,10.0,partner,B,red,12,0
CUST105265,43,62.31,586,5,9.6,month-to-month,1,3,5.0,ads,B,yellow,99,1
CUST105266,66,54.15,311,4,5.6,month-to-month,0,4,10.0,referral,C,black,83,0
CUST105267,32,131.9,419,7,1.9,one-year,1,1,4.4,organic,B,green,88,1
CUST105268,32,62.97,413,5,4.4,month-to-month,0,1,4.9,partner,A,yellow,34,0
CUST105269,48,76.68,344,2,0.0,two-year,1,4,7.0,referral,A,black,74,0
CUST105270,33,89.08,422,3,4.3,two-year,1,5,7.0,referral,A,red,23,0
CUST105271,72,77.34,320,0,0.0,one-year,1,5,10.0,referral,A,blue,92,0
CUST105272,25,132.12,522,3,6.2,month-to-month,0,1,2.7,ads,B,white,47,0
CUST105273,53,48.55,251,1,0.0,one-year,1,4,6.3,referral,A,yellow,30,0
CUST105274,29,41.94,219,4,12.0,two-year,1,4,6.9,organic,B,black,29,0
CUST105275,34,109.74,290,1,0.0,one-year,1,3,9.0,referral,C,yellow,63,0
CUST105276,28,130.47,429,6,15.1,month-to-month,1,1,1.8,organic,B,red,82,0
CUST105277,1,149.47,477,2,7.7,month-to-month,1,3,5.7,organic,B,green,26,1
CUST105278,49,122.25,335,2,4.4,one-year,0,4,5.6,ads,A,black,73,0
CUST105279,33,75.21,491,2,7.0,month-to-month,0,3,5.0,organic,A,red,10,1
CUST105280,32,90.36,64,2,5.8,month-to-month,0,1,4.1,ads,A,white,67,0
CUST105281,52,25.12,370,0,7.7,month-to-month,1,4,3.8,referral,A,white,89,0
CUST105282,57,129.46,350,0,0.1,one-year,1,4,10.0,referral,B,red,77,0
CUST105283,22,101.65,464,7,0.4,two-year,1,4,9.2,organic,C,green,86,0
CUST105284,68,52.59,554,2,0.0,one-year,1,3,6.6,partner,B,white,47,0
CUST105285,46,107.89,768,7,7.7,two-year,0,6,8.6,ads,A,blue,14,0
CUST105286,12,47.28,405,8,8.7,one-year,0,4,3.6,ads,A,yellow,62,1
CUST105287,41,116.92,0,0,0.0,two-year,0,4,10.0,referral,A,red,46,0
CUST105288,24,46.55,431,2,0.1,one-year,0,1,4.7,ads,A,red,68,0
CUST105289,27,61.92,387,3,2.1,one-year,0,3,7.2,referral,C,yellow,47,0
CUST105290,72,119.64,471,1,0.0,one-year,1,5,8.3,referral,B,black,65,0
CUST105291,64,140.49,480,4,0.0,two-year,0,4,6.0,ads,A,green,77,0
CUST105292,25,30.1,343,5,12.8,one-year,1,3,6.8,ads,A,black,96,0
CUST105293,22,117.51,258,4,1.8,month-to-month,1,3,6.7,ads,A,red,55,0
CUST105294,49,93.13,502,1,0.0,month-to-month,1,5,8.7,organic,B,green,24,0
CUST105295,45,96.01,573,2,4.0,month-to-month,1,2,8.1,organic,B,red,59,0
CUST105296,63,47.4,500,3,2.6,one-year,0,2,3.7,ads,A,white,40,0
CUST105297,37,65.14,488,1,0.0,month-to-month,1,4,5.4,organic,B,green,96,0
CUST105298,28,132.16,433,3,2.8,one-year,1,2,8.4,ads,A,yellow,86,0
CUST105299,63,47.27,541,2,2.0,one-year,1,1,8.2,referral,A,black,37,0
CUST105300,7,142.6,267,3,13.4,one-year,0,3,6.7,partner,A,white,54,0
CUST105301,17,73.59,468,5,4.2,one-year,1,2,2.6,ads,C,blue,84,1
CUST105302,43,95.72,314,0,0.0,two-year,0,4,5.9,referral,C,black,76,0
CUST105303,19,70.41,232,4,3.5,month-to-month,0,4,8.1,organic,A,red,19,0
CUST105304,50,78.12,571,3,6.3,one-year,0,2,10.0,organic,B,yellow,29,0
CUST105305,62,92.92,325,0,0.0,one-year,1,4,10.0,referral,B,blue,78,0
CUST105306,26,148.97,472,3,0.0,month-to-month,0,2,9.1,referral,B,yellow,62,0
CUST105307,45,147.26,523,4,12.7,month-to-month,1,1,5.8,ads,C,yellow,67,0
CUST105308,49,138.13,432,5,1.2,one-year,0,3,6.0,ads,C,white,79,0
CUST105309,23,21.38,308,4,10.5,month-to-month,0,4,3.2,ads,B,green,47,0
CUST105310,26,98.04,617,3,9.7,month-to-month,0,3,7.8,ads,A,green,69,0
CUST105311,72,142.25,207,0,0.0,two-year,1,5,8.2,ads,C,white,19,0
CUST105312,37,67.21,447,4,9.9,month-to-month,1,3,6.5,ads,A,green,67,0
CUST105313,42,89.0,678,3,7.3,month-to-month,1,2,6.8,ads,B,green,80,0
CUST105314,49,84.76,627,4,1.7,one-year,0,3,6.0,organic,B,white,14,0
CUST105315,37,61.12,331,2,10.7,month-to-month,1,5,6.0,ads,A,green,14,1
CUST105316,10,49.07,584,8,9.8,month-to-month,0,1,4.6,organic,A,red,87,1
CUST105317,35,45.54,296,1,0.0,month-to-month,1,3,8.0,referral,B,white,70,0
CUST105318,49,126.79,320,4,5.4,one-year,0,4,3.9,organic,A,black,40,0
CUST105319,13,96.94,495,2,0.1,month-to-month,1,4,4.6,ads,C,white,62,1
CUST105320,34,86.66,285,4,5.1,two-year,0,2,7.6,organic,B,red,75,0
CUST105321,42,37.93,320,3,5.0,month-to-month,1,5,7.3,ads,B,red,16,0
CUST105322,41,95.84,386,3,0.0,one-year,1,4,10.0,ads,B,blue,64,0
CUST105323,62,30.95,449,2,0.0,month-to-month,1,3,4.6,referral,B,blue,42,1
CUST105324,60,22.86,399,7,4.3,month-to-month,1,2,6.1,ads,A,green,63,0
CUST105325,35,110.01,378,3,6.1,two-year,1,5,3.8,ads,B,yellow,7,0
CUST105326,21,138.19,296,2,5.5,one-year,0,1,4.7,ads,A,yellow,10,0
CUST105327,34,60.83,168,2,2.2,month-to-month,0,3,8.8,partner,C,yellow,17,0
CUST105328,72,98.76,272,2,3.0,month-to-month,1,5,7.2,ads,B,yellow,65,0
CUST105329,43,54.17,579,7,13.5,month-to-month,1,3,3.2,partner,B,black,91,1
CUST105330,31,52.18,450,2,1.5,month-to-month,0,5,6.7,partner,C,yellow,17,0
CUST105331,24,58.06,456,5,0.0,month-to-month,1,4,4.7,organic,A,green,99,1
CUST105332,41,123.02,546,2,0.0,two-year,1,2,9.8,organic,A,red,76,0
CUST105333,54,71.52,384,2,0.0,one-year,0,4,8.3,referral,B,white,80,0
CUST105334,8,129.23,518,0,2.3,month-to-month,1,1,4.6,ads,C,black,85,0
CUST105335,31,131.51,520,4,10.1,month-to-month,0,3,6.8,partner,C,red,96,0
CUST105336,50,78.67,320,1,0.0,month-to-month,0,1,7.4,ads,C,blue,92,0
CUST105337,1,87.1,521,2,5.4,month-to-month,1,3,8.2,organic,B,green,42,1
CUST105338,44,79.66,460,5,7.7,one-year,1,1,5.6,organic,C,red,32,0
CUST105339,66,42.83,309,2,1.7,month-to-month,1,3,9.6,referral,C,white,90,0
CUST105340,15,109.27,655,5,10.7,two-year,0,2,5.1,ads,B,yellow,63,0
CUST105341,67,133.91,535,1,0.4,one-year,1,3,6.0,referral,B,black,43,0
CUST105342,5,110.64,291,8,7.1,month-to-month,0,3,2.5,ads,B,red,57,1
CUST105343,36,142.8,412,4,4.1,one-year,0,2,3.7,ads,A,white,1,0
CUST105344,27,95.49,336,2,7.2,month-to-month,0,1,4.7,referral,B,red,78,1
CUST105345,51,101.19,615,0,9.9,one-year,1,4,10.0,ads,B,red,82,0
CUST105346,23,146.03,324,0,4.8,one-year,0,4,7.4,referral,B,white,65,0
CUST105347,20,100.82,495,7,9.7,one-year,0,1,1.0,partner,A,black,82,1
CUST105348,25,147.2,302,3,6.1,month-to-month,0,3,1.0,partner,A,green,67,1
CUST105349,35,105.01,640,7,10.9,one-year,0,3,4.5,partner,A,blue,56,1
CUST105350,23,82.33,502,1,0.6,month-to-month,0,3,6.0,ads,B,black,43,1
CUST105351,47,85.19,498,0,0.4,one-year,0,4,6.5,partner,B,yellow,17,0
CUST105352,44,77.19,457,1,2.7,month-to-month,0,5,8.9,ads,B,white,24,1
CUST105353,47,34.49,429,2,7.8,one-year,1,4,7.3,partner,C,red,99,0
CUST105354,58,23.73,129,1,3.4,one-year,0,3,8.7,ads,C,blue,48,0
CUST105355,23,131.57,495,4,1.2,month-to-month,1,2,4.8,partner,A,white,90,1
CUST105356,1,100.47,435,2,0.0,month-to-month,0,2,3.4,partner,A,black,44,1
CUST105357,14,132.82,252,2,10.6,one-year,0,1,6.6,partner,A,green,6,0
CUST105358,25,44.36,447,6,8.3,month-to-month,0,2,5.3,ads,B,black,6,1
CUST105359,17,111.36,266,2,8.5,one-year,0,2,5.5,organic,A,blue,47,0
CUST105360,21,138.11,646,2,6.7,one-year,0,5,8.2,referral,C,yellow,8,0
CUST105361,52,42.21,429,4,4.3,two-year,0,5,8.1,organic,B,blue,58,0
CUST105362,44,58.08,420,4,2.0,one-year,0,4,5.4,organic,A,red,56,0
CUST105363,31,78.54,497,7,7.0,month-to-month,1,1,5.7,ads,A,black,27,0
CUST105364,45,50.36,362,4,0.0,month-to-month,1,2,7.5,partner,C,black,24,0
CUST105365,12,126.48,399,3,9.4,month-to-month,0,3,3.2,ads,B,blue,88,1
CUST105366,47,100.66,370,0,2.1,two-year,1,4,10.0,organic,A,yellow,73,0
CUST105367,45,36.95,317,4,5.2,month-to-month,1,3,4.5,ads,C,blue,99,0
CUST105368,10,23.17,326,2,5.6,month-to-month,1,1,6.0,organic,A,white,16,0
CUST105369,23,128.84,416,1,0.0,one-year,0,2,6.6,partner,A,black,96,1
CUST105370,15,27.4,377,5,7.1,one-year,1,2,4.8,ads,A,blue,83,0
CUST105371,36,46.36,462,2,3.0,month-to-month,0,3,2.9,partner,A,yellow,80,1
CUST105372,27,105.68,254,3,5.1,month-to-month,0,1,4.3,partner,C,blue,5,1
CUST105373,48,120.83,300,4,12.5,month-to-month,0,4,3.5,partner,B,black,88,0
CUST105374,11,138.28,432,2,3.1,month-to-month,0,4,8.6,ads,B,red,70,0
CUST105375,50,31.89,513,3,3.7,two-year,1,5,8.3,organic,A,red,80,0
CUST105376,72,148.09,385,0,0.0,month-to-month,1,4,10.0,partner,B,white,69,0
CUST105377,1,59.86,384,4,11.0,two-year,0,3,2.5,referral,C,green,30,1
CUST105378,56,36.13,420,4,2.7,two-year,1,2,9.5,ads,A,black,96,0
CUST105379,28,89.32,432,8,4.7,month-to-month,0,1,5.7,ads,B,red,4,1
CUST105380,72,148.19,629,1,8.1,two-year,1,3,5.8,organic,C,yellow,45,0
CUST105381,1,80.65,489,5,3.0,one-year,1,4,9.4,partner,A,blue,18,0
CUST105382,46,128.94,338,2,0.8,one-year,1,2,4.3,ads,B,white,74,0
CUST105383,50,53.82,452,2,0.0,two-year,1,4,10.0,organic,B,white,55,0
CUST105384,22,45.0,442,3,5.9,two-year,1,5,8.6,ads,C,blue,19,0
CUST105385,28,24.42,215,1,1.3,one-year,1,5,5.5,ads,A,red,77,0
CUST105386,56,57.93,114,0,3.1,one-year,1,5,6.2,organic,C,white,83,0
CUST105387,33,63.61,514,5,11.2,month-to-month,0,2,2.4,partner,A,white,67,1
CUST105388,46,54.26,297,4,14.2,month-to-month,0,2,6.5,organic,A,white,18,0
CUST105389,31,46.47,570,5,18.0,month-to-month,0,1,6.4,ads,A,blue,58,0
CUST105390,13,123.33,467,1,8.4,month-to-month,1,3,5.6,partner,C,red,47,0
CUST105391,55,96.49,409,1,3.0,month-to-month,1,4,7.0,organic,A,yellow,43,0
CUST105392,43,57.21,405,1,0.0,month-to-month,1,2,8.1,ads,A,yellow,34,0
CUST105393,28,122.54,373,4,7.5,two-year,1,2,6.9,ads,A,blue,14,0
CUST105394,16,52.06,244,2,12.8,month-to-month,0,3,6.4,partner,A,yellow,88,0
CUST105395,35,48.54,362,2,0.6,month-to-month,1,3,8.2,referral,A,blue,50,1
CUST105396,39,122.68,235,6,4.7,one-year,0,3,7.1,ads,A,blue,2,1
CUST105397,34,147.25,534,3,0.0,one-year,0,4,6.3,referral,C,green,43,1
CUST105398,1,144.14,481,1,7.3,month-to-month,1,2,2.0,ads,B,black,70,1
CUST105399,47,118.66,394,2,0.0,month-to-month,0,2,1.3,ads,B,green,79,0
CUST105400,31,147.4,461,5,8.6,one-year,0,4,6.9,partner,A,red,52,1
CUST105401,28,124.67,555,0,3.6,month-to-month,0,3,5.6,referral,C,red,64,0
CUST105402,63,43.02,136,1,7.4,month-to-month,1,4,6.6,ads,A,black,56,1
CUST105403,33,147.2,393,7,4.7,two-year,0,3,3.1,ads,A,black,98,0
CUST105404,21,128.0,388,3,8.0,one-year,0,3,4.1,organic,A,red,71,1
CUST105405,46,60.17,421,5,4.0,month-to-month,1,4,5.1,referral,C,red,90,0
CUST105406,16,104.83,343,7,14.9,month-to-month,0,2,2.8,ads,A,black,36,1
CUST105407,51,21.0,502,3,6.4,month-to-month,1,4,8.8,organic,C,red,19,0
CUST105408,1,105.72,540,4,3.9,one-year,0,2,6.4,referral,B,black,17,0
CUST105409,50,105.96,398,4,1.8,one-year,1,1,5.7,ads,C,blue,34,0
CUST105410,2,116.39,552,3,11.2,month-to-month,0,5,3.4,ads,B,white,7,0
CUST105411,11,132.52,478,4,0.9,one-year,1,3,3.4,ads,B,blue,98,1
CUST105412,7,84.83,385,6,7.5,one-year,0,5,8.6,ads,A,black,99,0
CUST105413,31,135.18,441,1,0.0,month-to-month,1,4,10.0,referral,B,red,67,0
CUST105414,19,143.7,375,5,12.0,month-to-month,0,2,3.9,ads,A,black,7,1
CUST105415,36,58.54,488,0,4.2,month-to-month,1,3,3.9,referral,A,green,99,0
CUST105416,41,122.27,554,0,0.0,one-year,1,5,6.2,partner,A,black,87,0
CUST105417,16,47.76,530,5,8.3,month-to-month,1,4,3.6,partner,A,yellow,63,1
CUST105418,1,72.0,458,4,11.3,month-to-month,0,4,6.2,referral,C,black,41,1
CUST105419,23,34.75,582,4,11.1,month-to-month,0,1,6.1,ads,B,green,91,1
CUST105420,41,98.39,401,2,0.0,two-year,1,1,7.4,organic,C,red,83,0
CUST105421,17,102.14,520,6,3.7,two-year,1,4,2.7,ads,C,green,97,0
CUST105422,46,46.49,298,3,1.5,one-year,1,4,8.4,ads,B,blue,5,0
CUST105423,38,94.53,496,2,4.1,month-to-month,0,5,7.9,referral,A,green,73,0
CUST105424,45,132.95,493,4,3.5,two-year,1,3,4.9,referral,A,white,4,0
CUST105425,20,66.68,383,1,0.4,month-to-month,0,2,8.0,ads,A,red,63,1
CUST105426,44,67.13,484,3,0.0,month-to-month,1,4,7.0,organic,B,red,63,0
CUST105427,58,141.85,416,3,13.1,one-year,0,4,10.0,referral,A,yellow,37,0
CUST105428,48,83.96,647,2,4.9,month-to-month,0,2,3.0,organic,C,yellow,74,0
CUST105429,27,128.91,453,4,6.7,month-to-month,0,1,5.9,organic,A,red,93,0
CUST105430,36,137.83,69,6,8.1,month-to-month,0,3,2.5,partner,C,yellow,34,1
CUST105431,53,84.72,261,2,5.4,two-year,0,2,8.8,partner,C,black,46,0
CUST105432,66,135.04,420,3,0.0,one-year,1,5,4.6,ads,A,white,58,0
CUST105433,30,124.56,224,0,4.0,two-year,0,5,6.3,ads,B,blue,29,0
CUST105434,30,58.89,399,2,1.7,month-to-month,0,4,4.6,ads,A,black,33,1
CUST105435,25,44.6,531,5,7.6,month-to-month,1,5,3.2,ads,B,black,19,1
CUST105436,72,97.29,530,3,5.4,one-year,0,4,8.0,ads,B,yellow,45,0
CUST105437,27,84.91,516,0,0.0,month-to-month,0,3,10.0,ads,A,green,23,0
CUST105438,33,124.25,184,1,5.4,two-year,1,5,7.4,referral,A,yellow,59,0
CUST105439,14,137.97,530,2,7.7,two-year,0,4,7.7,ads,C,black,3,0
CUST105440,31,108.72,451,3,1.5,one-year,0,2,7.5,ads,B,red,35,0
CUST105441,10,148.34,727,6,2.8,month-to-month,1,1,4.3,referral,A,red,37,1
CUST105442,24,52.81,352,5,5.8,one-year,0,2,2.7,ads,B,black,78,0
CUST105443,1,54.75,517,4,6.5,month-to-month,1,4,5.7,ads,B,black,43,1
CUST105444,54,26.07,343,1,2.8,month-to-month,1,3,6.6,referral,B,red,92,0
CUST105445,52,41.96,333,1,4.5,month-to-month,0,5,6.9,organic,C,yellow,83,0
CUST105446,14,111.47,516,5,2.3,month-to-month,1,3,5.5,ads,C,green,55,1
CUST105447,55,85.84,224,0,2.7,one-year,0,5,7.9,referral,A,red,16,0
CUST105448,37,68.34,284,4,0.0,month-to-month,1,2,8.2,ads,B,green,95,0
CUST105449,22,119.68,444,4,13.6,month-to-month,0,2,5.6,partner,B,black,5,1
CUST105450,30,112.06,355,4,10.0,two-year,1,1,7.1,ads,C,yellow,37,0
CUST105451,49,32.83,452,6,0.0,two-year,1,2,5.9,organic,A,white,20,0
CUST105452,72,112.23,442,1,0.3,month-to-month,1,3,10.0,referral,B,yellow,43,0
CUST105453,10,77.93,388,3,12.8,month-to-month,0,2,5.8,ads,A,green,10,0
CUST105454,43,44.3,152,1,3.4,month-to-month,1,6,9.1,organic,A,white,11,0
CUST105455,66,103.45,441,0,0.0,two-year,1,3,10.0,referral,C,blue,98,0
CUST105456,7,37.66,530,3,5.7,month-to-month,0,4,6.1,organic,B,blue,98,1
CUST105457,3,148.97,480,6,8.2,two-year,1,2,5.0,ads,C,black,78,1
CUST105458,27,134.55,184,7,13.8,month-to-month,0,2,2.9,partner,B,red,65,1
CUST105459,41,50.66,339,5,4.1,month-to-month,0,3,8.2,ads,A,white,41,0
CUST105460,25,96.91,530,0,0.0,two-year,1,4,7.1,referral,C,white,37,0
CUST105461,35,143.76,596,4,10.8,month-to-month,0,3,10.0,ads,C,blue,43,0
CUST105462,38,135.35,419,2,0.2,month-to-month,1,3,4.5,referral,B,white,11,0
CUST105463,14,68.4,199,5,12.0,month-to-month,0,3,7.0,partner,A,green,15,1
CUST105464,23,100.74,320,4,8.9,month-to-month,1,2,3.1,organic,C,white,23,1
CUST105465,18,113.84,316,3,6.3,one-year,1,1,5.8,ads,A,red,46,0
CUST105466,36,36.66,436,3,0.4,one-year,1,5,5.6,ads,A,red,35,0
CUST105467,25,86.44,419,1,0.6,month-to-month,1,4,8.5,referral,A,black,79,0
CUST105468,10,116.41,355,6,12.2,one-year,0,3,7.1,partner,B,red,91,0
CUST105469,51,24.35,166,5,7.4,month-to-month,1,3,4.6,ads,A,yellow,77,0
CUST105470,46,47.41,277,1,0.0,month-to-month,1,2,9.1,organic,A,yellow,26,0
CUST105471,43,81.65,464,3,6.6,one-year,1,1,8.3,ads,C,red,56,0
CUST105472,9,106.98,376,3,2.4,month-to-month,1,5,6.3,referral,B,red,98,0
CUST105473,19,149.02,381,4,5.5,month-to-month,1,2,7.7,ads,A,green,17,0
CUST105474,45,135.41,257,3,4.9,one-year,0,3,5.7,organic,A,red,87,1
CUST105475,72,113.31,584,1,0.0,two-year,1,4,4.9,ads,C,green,86,0
CUST105476,4,59.37,97,5,1.0,one-year,1,3,6.6,organic,A,blue,9,0
CUST105477,33,145.3,624,3,0.0,one-year,1,2,6.8,organic,C,white,89,0
CUST105478,36,116.76,476,2,1.6,one-year,1,2,6.3,organic,B,green,2,0
CUST105479,40,107.99,343,4,8.0,one-year,1,3,10.0,referral,A,red,84,0
CUST105480,72,132.15,374,0,0.0,one-year,1,5,5.9,ads,A,blue,29,0
CUST105481,28,91.81,392,0,2.5,two-year,0,4,6.7,partner,C,black,47,0
CUST105482,39,82.67,495,1,4.4,month-to-month,1,3,5.0,organic,C,black,3,0
CUST105483,29,23.49,399,3,2.9,month-to-month,0,1,4.4,referral,A,black,86,1
CUST105484,26,92.27,596,3,14.7,month-to-month,1,3,2.8,ads,A,yellow,87,1
CUST105485,35,118.12,260,2,0.7,two-year,1,4,8.9,organic,C,red,75,0
CUST105486,32,28.51,514,4,7.4,month-to-month,1,1,7.2,referral,C,red,84,1
CUST105487,55,138.42,533,3,4.9,one-year,0,3,5.9,referral,B,red,94,0
CUST105488,12,115.62,286,5,0.7,one-year,0,2,5.2,referral,A,red,62,0
CUST105489,32,103.42,449,6,9.8,two-year,0,4,7.6,ads,B,red,30,0
CUST105490,4,134.54,423,4,4.0,one-year,0,4,7.1,ads,A,yellow,46,0
CUST105491,32,49.94,482,1,0.0,month-to-month,0,2,7.0,ads,A,yellow,64,1
CUST105492,37,93.21,444,1,7.0,month-to-month,0,5,4.8,ads,C,yellow,13,0
CUST105493,46,91.33,404,0,0.0,two-year,1,4,6.5,referral,A,green,28,0
CUST105494,33,35.34,393,2,9.2,one-year,1,4,6.4,referral,B,black,25,0
CUST105495,28,74.15,403,4,12.2,month-to-month,1,2,1.5,ads,A,red,6,0
CUST105496,26,131.17,323,6,0.8,one-year,1,2,10.0,organic,C,red,63,0
CUST105497,41,131.98,332,2,9.8,month-to-month,1,2,4.0,ads,C,black,90,0
CUST105498,13,129.83,389,5,7.8,two-year,0,1,5.2,ads,B,blue,73,1
CUST105499,62,31.25,511,1,0.0,one-year,1,2,10.0,ads,B,yellow,4,0
CUST105500,63,58.23,309,0,0.0,one-year,0,3,7.9,ads,B,black,68,0
CUST105501,47,109.78,498,1,0.0,one-year,1,3,7.1,referral,A,yellow,4,0
CUST105502,61,22.92,158,2,3.4,one-year,0,3,4.4,referral,C,green,30,0
CUST105503,33,55.2,322,3,15.9,one-year,0,1,3.5,partner,C,green,63,0
CUST105504,22,61.29,479,9,5.8,month-to-month,0,5,8.7,ads,C,white,30,1
CUST105505,65,133.52,603,5,3.3,two-year,1,4,8.4,ads,A,black,29,0
CUST105506,27,148.84,490,4,3.1,month-to-month,0,2,5.0,partner,B,black,33,0
CUST105507,1,73.95,344,7,9.4,month-to-month,0,3,5.1,ads,B,yellow,19,1
CUST105508,37,102.25,576,2,6.9,month-to-month,1,5,7.4,ads,A,yellow,42,0
CUST105509,51,92.48,458,2,4.2,month-to-month,0,1,6.0,ads,B,black,88,0
CUST105510,44,146.32,394,2,0.7,one-year,1,4,7.1,referral,A,red,5,0
CUST105511,72,137.7,391,2,5.8,month-to-month,1,3,6.2,organic,B,white,99,0
CUST105512,60,82.52,472,1,2.6,month-to-month,1,4,6.4,organic,A,blue,41,0
CUST105513,47,101.7,477,1,11.4,one-year,1,3,6.5,referral,C,black,29,0
CUST105514,35,22.68,265,4,3.1,month-to-month,1,3,9.3,ads,A,white,17,0
CUST105515,15,75.85,374,3,4.0,month-to-month,0,3,2.0,organic,A,black,47,1
CUST105516,43,82.39,395,0,2.9,one-year,0,3,7.4,ads,B,red,33,0
CUST105517,54,21.88,340,2,0.0,one-year,0,4,6.7,partner,B,yellow,98,0
CUST105518,31,38.54,584,4,15.7,month-to-month,0,3,3.0,organic,C,black,70,0
CUST105519,21,90.54,500,5,4.6,month-to-month,1,3,3.6,ads,A,white,76,1
CUST105520,29,119.67,279,4,10.7,month-to-month,0,2,1.2,partner,C,red,9,0
CUST105521,39,137.73,601,5,9.8,two-year,0,2,4.1,organic,B,blue,78,0
CUST105522,32,31.14,519,1,0.0,two-year,0,3,5.7,organic,A,blue,67,0
CUST105523,54,74.43,321,4,7.2,month-to-month,0,1,5.1,ads,A,green,66,1
CUST105524,1,112.46,294,6,7.6,month-to-month,0,2,1.1,ads,C,red,19,1
CUST105525,50,116.83,395,3,9.2,month-to-month,0,3,5.9,partner,B,red,52,0
CUST105526,49,30.31,231,1,1.4,month-to-month,1,2,9.8,organic,B,white,8,0
CUST105527,51,65.68,567,5,1.3,one-year,0,3,6.3,referral,B,black,64,0
CUST105528,39,34.18,349,2,6.8,month-to-month,0,4,7.1,ads,B,white,32,0
CUST105529,40,95.53,507,1,6.6,month-to-month,0,4,5.4,partner,C,red,54,1
CUST105530,60,89.56,404,0,0.0,one-year,0,2,5.6,ads,B,black,41,0
CUST105531,39,20.73,356,2,0.0,month-to-month,0,1,5.4,referral,C,blue,28,0
CUST105532,47,69.9,461,4,2.4,month-to-month,1,4,9.7,referral,B,red,14,0
CUST105533,54,55.55,438,7,4.9,month-to-month,0,3,4.4,referral,C,black,45,1
CUST105534,18,125.83,382,1,6.2,month-to-month,1,1,5.4,referral,B,green,27,0
CUST105535,66,139.86,399,1,1.8,two-year,1,4,9.8,ads,A,yellow,90,0
CUST105536,36,70.13,523,6,10.7,month-to-month,0,2,10.0,organic,A,blue,6,1
CUST105537,47,51.26,310,4,10.2,month-to-month,1,2,6.4,ads,B,white,50,1
CUST105538,28,122.55,666,5,10.8,one-year,0,1,1.2,ads,A,green,69,1
CUST105539,42,147.58,441,2,1.7,month-to-month,1,4,4.1,referral,C,yellow,43,0
CUST105540,70,61.68,421,0,0.0,month-to-month,1,1,10.0,referral,C,red,5,0
CUST105541,46,26.46,470,0,5.2,two-year,0,4,10.0,organic,B,red,84,0
CUST105542,72,114.39,389,0,0.0,one-year,0,6,7.8,referral,A,yellow,51,0
CUST105543,32,115.11,299,4,2.2,month-to-month,0,4,5.6,ads,C,blue,93,0
CUST105544,9,63.39,477,9,7.6,two-year,0,2,6.7,ads,C,white,68,1
CUST105545,1,93.29,421,4,1.7,month-to-month,0,3,2.6,ads,C,red,86,1
CUST105546,61,30.62,509,2,0.0,two-year,1,6,5.0,referral,A,black,49,0
CUST105547,44,107.69,425,4,0.1,month-to-month,0,4,9.1,ads,B,red,42,0
CUST105548,60,112.3,332,3,2.8,month-to-month,0,1,4.7,ads,A,red,75,0
CUST105549,36,46.57,381,2,7.8,one-year,1,3,10.0,organic,C,blue,27,0
CUST105550,25,123.07,521,4,6.6,two-year,0,1,3.7,ads,A,white,82,0
CUST105551,25,24.2,380,4,0.2,month-to-month,1,1,7.3,referral,A,yellow,52,0
CUST105552,27,126.07,564,3,4.3,one-year,1,4,7.8,referral,B,black,54,0
CUST105553,69,132.48,341,1,5.5,month-to-month,1,6,9.4,organic,B,green,81,0
CUST105554,18,27.81,409,4,0.0,month-to-month,1,3,6.8,partner,A,black,90,0
CUST105555,27,134.94,605,1,8.8,month-to-month,0,1,4.7,ads,C,blue,95,1
CUST105556,43,114.69,464,2,2.0,one-year,0,4,7.7,referral,C,green,43,0
CUST105557,48,63.28,602,2,1.9,two-year,1,5,8.9,organic,B,red,11,0
CUST105558,43,23.79,565,4,0.0,two-year,0,2,4.1,referral,A,green,33,0
CUST105559,28,142.98,87,2,1.0,month-to-month,0,4,5.4,organic,C,green,32,1
CUST105560,48,69.4,331,3,6.6,one-year,0,1,1.1,organic,A,green,36,0
CUST105561,65,105.02,660,5,0.0,two-year,1,3,7.8,ads,C,red,8,0
CUST105562,29,52.02,332,1,13.3,one-year,0,1,4.9,referral,A,red,79,1
CUST105563,72,142.82,476,1,3.4,month-to-month,0,4,9.1,referral,B,white,26,0
CUST105564,30,45.2,557,1,7.6,one-year,0,2,7.3,ads,B,yellow,23,0
CUST105565,50,45.95,607,1,0.5,month-to-month,1,3,5.7,partner,A,red,43,0
CUST105566,71,133.46,367,2,1.6,one-year,1,6,7.9,partner,A,red,91,0
CUST105567,37,31.54,520,5,0.0,one-year,0,4,6.7,referral,B,white,75,0
CUST105568,19,130.15,538,5,0.6,one-year,1,4,5.8,organic,A,black,70,0
CUST105569,1,40.82,271,9,3.4,month-to-month,1,2,6.7,ads,A,white,2,0
CUST105570,67,110.63,551,2,5.2,month-to-month,0,1,10.0,ads,C,green,19,0
CUST105571,22,68.46,549,3,12.4,two-year,0,2,7.7,organic,A,yellow,58,0
CUST105572,29,64.87,435,2,8.6,one-year,0,2,5.9,partner,C,white,82,0
CUST105573,15,118.37,527,4,12.4,two-year,0,3,8.2,partner,A,black,64,0
CUST105574,38,112.94,576,4,10.1,one-year,0,3,8.1,organic,A,blue,69,0
CUST105575,1,66.38,343,9,11.6,month-to-month,0,2,1.1,organic,C,blue,53,1
CUST105576,21,37.94,585,3,2.3,one-year,0,4,7.7,ads,B,green,89,0
CUST105577,43,67.27,685,3,4.7,one-year,0,2,8.2,referral,A,yellow,47,0
CUST105578,4,103.86,732,8,6.1,month-to-month,0,5,6.6,partner,C,yellow,17,1
CUST105579,34,20.19,410,1,7.3,two-year,1,1,8.0,ads,B,yellow,70,0
CUST105580,72,131.5,576,0,0.0,two-year,1,3,8.9,ads,A,yellow,83,0
CUST105581,55,143.46,414,4,0.5,month-to-month,0,4,10.0,organic,A,white,5,0
CUST105582,58,134.06,269,0,0.0,one-year,1,3,9.6,organic,B,green,80,0
CUST105583,44,104.11,415,5,10.0,one-year,0,3,6.3,organic,A,black,28,1
CUST105584,44,79.41,471,0,0.0,month-to-month,0,3,9.2,referral,B,white,36,0
CUST105585,57,30.16,389,3,10.8,two-year,1,3,7.2,organic,A,black,66,0
CUST105586,16,113.94,298,1,9.2,month-to-month,0,3,5.7,ads,A,blue,3,0
CUST105587,6,71.54,491,9,11.2,one-year,0,1,3.1,ads,A,black,61,1
CUST105588,52,57.57,719,1,2.1,one-year,1,4,8.4,partner,A,green,67,0
CUST105589,70,62.96,386,1,0.0,month-to-month,0,6,7.6,referral,A,yellow,83,0
CUST105590,46,23.8,457,5,5.7,one-year,1,3,4.2,ads,C,yellow,3,0
CUST105591,32,90.93,422,2,7.8,month-to-month,0,1,3.6,organic,C,yellow,61,1
CUST105592,31,119.1,522,4,16.4,month-to-month,1,1,8.1,ads,B,red,77,0
CUST105593,46,126.76,423,4,6.7,one-year,1,2,6.7,referral,A,red,50,0
CUST105594,15,127.28,461,1,1.6,month-to-month,1,4,2.0,referral,B,white,92,0
CUST105595,1,29.45,565,7,14.9,month-to-month,1,4,4.6,partner,C,yellow,4,1
CUST105596,32,141.1,574,1,0.0,month-to-month,1,4,7.8,ads,B,yellow,15,0
CUST105597,24,132.15,660,3,3.2,month-to-month,1,2,2.7,ads,C,yellow,11,0
CUST105598,19,34.71,384,1,3.9,month-to-month,0,1,5.2,ads,A,green,72,0
CUST105599,53,30.08,346,3,0.0,one-year,1,3,5.6,referral,A,blue,33,0
CUST105600,34,133.28,170,4,2.4,month-to-month,1,3,4.9,ads,C,white,42,0
CUST105601,32,141.69,388,4,0.0,month-to-month,1,2,8.5,organic,B,red,2,0
CUST105602,15,89.42,340,4,0.0,month-to-month,0,4,5.9,organic,B,blue,3,0
CUST105603,47,77.19,446,0,0.1,one-year,0,2,7.2,referral,B,green,44,0
CUST105604,2,111.17,397,3,0.0,two-year,1,3,9.1,referral,A,white,99,0
CUST105605,36,111.21,144,3,5.0,month-to-month,0,3,7.7,ads,C,yellow,19,0
CUST105606,22,109.2,218,3,8.9,month-to-month,0,1,1.5,organic,A,white,29,1
CUST105607,35,135.87,320,4,6.6,month-to-month,1,3,4.8,partner,C,blue,25,0
CUST105608,23,96.23,387,1,0.0,one-year,1,5,8.4,organic,C,yellow,35,0
CUST105609,40,51.73,718,4,8.2,month-to-month,1,4,4.9,referral,B,red,22,0
CUST105610,28,120.39,422,5,4.0,month-to-month,1,3,10.0,ads,A,white,77,0
CUST105611,45,99.84,429,0,0.0,one-year,0,3,9.4,referral,B,black,18,0
CUST105612,59,107.55,363,2,1.8,one-year,1,3,6.7,organic,B,red,76,0
CUST105613,67,91.96,326,3,2.9,one-year,1,3,4.6,partner,B,yellow,99,0
CUST105614,31,92.91,503,5,10.8,month-to-month,0,3,7.4,referral,B,black,15,0
CUST105615,1,81.85,574,8,16.2,month-to-month,0,1,1.5,ads,A,yellow,99,1
CUST105616,37,61.75,686,4,3.0,one-year,0,3,6.9,ads,A,white,14,0
CUST105617,46,48.29,494,4,5.6,month-to-month,0,2,3.9,referral,B,black,43,1
CUST105618,50,43.53,369,5,1.2,two-year,1,3,7.2,ads,B,black,51,0
CUST105619,72,143.25,462,2,14.3,one-year,0,4,5.1,organic,B,green,38,1
CUST105620,21,143.7,533,2,3.9,month-to-month,0,1,5.5,ads,B,blue,68,1
CUST105621,18,140.18,516,5,14.1,month-to-month,0,2,2.4,ads,A,yellow,40,1
CUST105622,48,137.57,447,7,17.5,two-year,1,2,6.9,ads,C,black,5,1
CUST105623,64,33.21,462,3,3.8,one-year,1,2,6.3,organic,A,green,18,0
CUST105624,27,71.77,479,1,0.0,one-year,1,6,8.8,referral,B,green,94,0
CUST105625,35,137.3,327,3,10.3,month-to-month,1,2,6.2,organic,C,yellow,72,0
CUST105626,62,48.77,154,1,1.0,one-year,1,4,9.9,organic,C,red,2,0
CUST105627,72,139.18,428,0,0.0,one-year,1,4,9.5,referral,C,white,79,0
CUST105628,37,146.65,527,4,13.5,one-year,1,3,6.7,partner,C,yellow,55,0
CUST105629,35,140.75,233,3,0.0,one-year,1,2,4.2,ads,B,blue,69,0
CUST105630,12,85.43,333,2,12.0,two-year,0,3,4.2,organic,C,blue,10,1
CUST105631,72,100.16,122,1,0.5,month-to-month,1,3,9.9,organic,B,red,56,0
CUST105632,49,139.74,337,9,0.0,month-to-month,0,1,4.6,partner,A,green,22,1
CUST105633,27,108.73,232,0,6.6,month-to-month,0,3,7.1,ads,A,blue,75,0
CUST105634,24,143.55,84,8,0.0,month-to-month,1,3,3.4,partner,B,blue,72,1
CUST105635,49,92.79,297,2,1.7,month-to-month,0,4,5.8,ads,B,white,82,0
CUST105636,69,101.55,355,1,0.0,month-to-month,1,3,10.0,organic,C,blue,43,0
CUST105637,10,71.35,366,5,5.7,month-to-month,0,5,6.3,ads,C,yellow,70,1
CUST105638,23,52.02,357,3,7.8,month-to-month,0,3,7.8,ads,B,blue,88,0
CUST105639,14,22.27,404,2,5.0,month-to-month,1,4,8.3,organic,A,blue,83,0
CUST105640,61,53.96,640,5,2.5,month-to-month,1,4,7.4,referral,A,white,91,1
CUST105641,24,67.27,342,5,9.7,month-to-month,0,3,4.4,partner,A,red,84,1
CUST105642,9,110.52,612,8,12.5,month-to-month,0,3,1.5,partner,A,white,10,1
CUST105643,72,75.37,637,3,0.0,month-to-month,0,4,8.2,partner,B,green,25,0
CUST105644,48,44.95,366,2,2.9,month-to-month,0,4,10.0,ads,B,white,72,0
CUST105645,13,58.94,253,3,6.6,month-to-month,0,2,1.5,ads,B,blue,89,1
CUST105646,32,66.03,469,2,9.3,one-year,1,3,4.6,ads,A,white,31,1
CUST105647,56,58.41,627,2,0.0,one-year,0,3,7.2,ads,A,white,91,0
CUST105648,72,33.11,85,0,2.5,one-year,1,4,10.0,referral,B,green,21,0
CUST105649,52,58.19,386,0,0.5,month-to-month,0,5,10.0,ads,B,yellow,20,0
CUST105650,26,66.52,438,5,6.5,month-to-month,0,4,6.8,referral,A,red,42,0
CUST105651,53,137.26,644,4,6.4,one-year,1,4,7.3,organic,B,blue,92,0
CUST105652,53,31.43,184,3,0.0,one-year,1,2,6.5,ads,C,blue,90,0
CUST105653,29,21.43,470,1,0.0,one-year,1,3,9.0,referral,A,black,71,0
CUST105654,48,114.01,514,3,4.4,month-to-month,0,2,6.6,referral,A,black,64,0
CUST105655,32,64.06,309,5,5.9,month-to-month,1,4,6.1,organic,B,white,62,1
CUST105656,52,132.21,453,0,6.1,two-year,0,5,8.9,ads,A,yellow,91,0
CUST105657,51,53.97,461,6,5.9,month-to-month,1,1,7.8,organic,A,black,43,0
CUST105658,44,59.58,577,2,2.0,two-year,1,5,5.4,organic,A,blue,90,0
CUST105659,42,135.32,592,3,12.2,month-to-month,0,4,5.5,ads,B,red,90,0
CUST105660,30,81.0,463,8,9.7,two-year,0,3,7.0,ads,A,yellow,49,0
CUST105661,3,20.51,445,7,2.7,month-to-month,0,4,5.9,ads,B,green,24,1
CUST105662,21,53.86,254,2,8.9,month-to-month,1,2,6.2,referral,A,green,5,0
CUST105663,27,115.72,429,7,8.9,month-to-month,1,2,4.6,ads,C,white,25,0
CUST105664,16,108.58,427,1,3.4,month-to-month,1,4,4.5,ads,A,black,39,0
CUST105665,43,146.42,308,5,7.1,month-to-month,0,3,1.2,ads,A,blue,82,1
CUST105666,62,144.23,531,2,0.0,month-to-month,1,6,9.3,referral,A,blue,24,0
CUST105667,65,125.03,465,2,2.4,one-year,1,3,5.5,organic,A,green,90,0
CUST105668,17,120.86,456,4,8.9,month-to-month,0,1,3.6,ads,B,black,29,1
CUST105669,56,75.85,491,1,4.9,two-year,1,3,7.2,organic,C,blue,8,0
CUST105670,48,36.89,305,1,4.2,one-year,0,4,10.0,organic,B,white,37,0
CUST105671,51,137.59,229,2,2.2,two-year,1,6,6.4,referral,B,blue,22,0
CUST105672,34,127.42,496,1,0.7,month-to-month,0,2,5.0,organic,C,blue,32,1
CUST105673,72,94.48,228,0,0.0,two-year,1,4,10.0,organic,B,green,42,0
CUST105674,45,144.25,687,2,11.7,month-to-month,0,1,8.4,organic,C,yellow,53,0
CUST105675,27,141.11,405,5,5.5,month-to-month,1,2,7.3,ads,B,blue,5,0
CUST105676,36,103.39,393,4,0.0,month-to-month,1,3,6.1,partner,A,white,45,0
CUST105677,57,71.95,538,1,0.0,two-year,1,1,9.8,ads,B,blue,44,0
CUST105678,26,121.64,463,4,3.5,one-year,0,3,4.2,partner,B,yellow,83,1
CUST105679,27,116.16,646,2,3.0,month-to-month,0,2,5.8,organic,A,red,50,1
CUST105680,32,115.63,548,1,2.9,month-to-month,0,3,8.7,ads,A,blue,82,0
CUST105681,27,60.27,432,3,13.6,month-to-month,1,4,6.3,referral,A,black,32,0
CUST105682,44,93.14,353,8,3.0,one-year,0,2,5.2,partner,A,green,56,0
CUST105683,14,46.35,582,0,8.7,one-year,1,3,6.6,organic,B,red,7,0
CUST105684,46,139.14,273,7,7.3,month-to-month,1,2,4.9,organic,B,red,75,0
CUST105685,28,81.06,409,4,10.9,month-to-month,0,3,4.8,ads,B,yellow,12,1
CUST105686,43,145.03,412,2,4.8,one-year,1,3,9.8,referral,A,red,84,0
CUST105687,16,138.79,371,7,2.7,month-to-month,1,4,5.2,partner,B,blue,36,0
CUST105688,1,129.11,753,5,6.6,month-to-month,0,3,1.0,ads,A,white,17,1
CUST105689,22,95.77,638,1,6.4,month-to-month,1,5,7.1,organic,C,blue,73,0
CUST105690,53,109.96,534,3,0.0,one-year,0,4,10.0,referral,A,yellow,8,0
CUST105691,14,99.85,768,1,15.8,month-to-month,0,2,3.2,organic,C,green,60,1
CUST105692,57,30.25,578,2,3.5,two-year,1,4,4.3,partner,B,red,22,0
CUST105693,14,98.58,455,5,3.4,one-year,0,4,6.1,organic,A,white,29,1
CUST105694,67,42.39,371,2,3.2,month-to-month,1,6,10.0,partner,A,blue,38,0
CUST105695,32,106.48,283,3,2.8,one-year,1,6,8.2,ads,A,red,84,0
CUST105696,17,116.18,328,3,2.3,month-to-month,1,3,9.0,referral,C,green,43,0
CUST105697,25,99.87,431,4,10.0,one-year,1,3,6.8,organic,C,yellow,45,0
CUST105698,25,147.67,262,5,0.0,one-year,1,3,7.6,ads,A,yellow,97,0
CUST105699,20,51.61,220,4,3.8,month-to-month,0,2,6.5,organic,A,green,13,1
CUST105700,33,106.71,567,2,9.3,month-to-month,0,4,7.0,partner,A,blue,76,0
CUST105701,35,67.79,236,3,1.3,month-to-month,1,1,6.1,ads,A,green,59,0
CUST105702,56,56.56,413,5,0.0,one-year,0,4,6.5,referral,B,white,81,0
CUST105703,43,73.81,534,4,7.5,one-year,1,4,5.1,ads,C,green,6,0
CUST105704,50,149.46,410,7,2.3,month-to-month,0,4,6.4,ads,A,white,93,1
CUST105705,22,107.13,304,4,19.2,one-year,0,3,1.0,partner,B,white,20,1
CUST105706,53,104.91,531,2,0.0,month-to-month,0,1,9.4,ads,B,blue,22,0
CUST105707,21,76.63,287,1,2.3,two-year,1,5,5.4,organic,A,red,67,1
CUST105708,29,70.11,557,3,8.4,month-to-month,1,2,4.9,organic,A,black,90,0
CUST105709,68,80.41,374,2,0.0,two-year,1,5,9.9,organic,A,black,5,0
CUST105710,59,107.77,499,8,4.0,month-to-month,0,3,5.0,organic,B,black,16,1
CUST105711,34,56.63,455,1,11.6,month-to-month,1,2,1.4,partner,B,yellow,39,0
CUST105712,65,60.9,588,6,1.1,two-year,1,4,7.1,organic,A,green,26,0
CUST105713,25,129.59,354,5,0.0,one-year,1,5,4.5,referral,A,yellow,85,0
CUST105714,36,122.05,498,3,1.1,one-year,0,3,8.4,organic,B,white,97,0
CUST105715,37,125.99,318,5,0.0,month-to-month,0,3,3.8,organic,A,blue,43,1
CUST105716,59,125.58,275,4,1.5,month-to-month,1,2,9.8,referral,B,red,67,1
CUST105717,31,70.76,460,5,9.2,one-year,1,4,6.1,ads,B,white,49,0
CUST105718,41,85.7,520,1,0.0,month-to-month,1,1,7.4,organic,B,white,12,0
CUST105719,23,23.25,500,6,12.5,month-to-month,0,1,1.0,ads,A,white,16,1
CUST105720,14,95.24,481,6,0.0,month-to-month,0,1,6.1,organic,B,red,77,1
CUST105721,72,41.25,422,1,6.4,one-year,1,4,8.9,partner,B,red,79,0
CUST105722,14,67.27,567,3,10.8,two-year,0,2,3.0,ads,B,blue,2,0
CUST105723,1,132.82,322,2,3.8,two-year,1,3,5.8,partner,A,red,49,0
CUST105724,31,67.38,291,1,0.1,one-year,1,4,5.1,partner,B,white,92,0
CUST105725,47,82.67,492,2,5.6,month-to-month,0,2,4.3,ads,B,blue,21,0
CUST105726,18,61.47,347,4,11.8,month-to-month,0,2,3.2,ads,B,red,52,1
CUST105727,44,126.18,303,7,9.0,month-to-month,0,1,5.3,organic,A,red,81,1
CUST105728,38,52.54,503,0,0.0,two-year,0,4,7.1,organic,B,white,13,0
CUST105729,33,20.66,550,6,9.0,month-to-month,0,3,6.3,organic,A,red,20,0
CUST105730,11,40.83,440,5,5.5,month-to-month,0,3,7.1,referral,A,white,93,1
CUST105731,3,142.22,202,1,0.0,two-year,1,3,5.6,partner,B,black,87,0
CUST105732,51,53.14,703,1,0.0,one-year,0,3,6.1,referral,B,yellow,88,0
CUST105733,53,45.27,554,1,5.1,month-to-month,0,3,4.9,ads,B,red,43,0
CUST105734,34,79.65,130,3,6.6,month-to-month,1,4,8.2,referral,C,white,54,0
CUST105735,42,51.95,202,3,2.4,month-to-month,1,4,7.8,ads,A,red,95,0
CUST105736,67,71.06,449,1,5.9,month-to-month,1,4,9.6,referral,A,green,67,0
CUST105737,58,43.17,489,5,7.9,month-to-month,1,4,10.0,organic,A,black,48,0
CUST105738,27,134.03,330,3,4.3,month-to-month,0,2,4.7,ads,C,yellow,18,0
CUST105739,25,41.69,438,6,0.7,month-to-month,1,2,7.2,ads,B,yellow,47,0
CUST105740,70,39.48,515,2,9.9,month-to-month,0,5,7.1,organic,B,white,31,0
CUST105741,32,122.08,508,4,6.1,month-to-month,0,2,6.2,ads,A,red,35,1
CUST105742,22,107.56,291,3,6.6,one-year,0,1,6.0,partner,B,yellow,78,0
CUST105743,1,78.68,688,6,6.0,month-to-month,0,1,4.5,ads,A,yellow,88,1
CUST105744,34,74.55,630,6,13.9,month-to-month,0,1,4.0,partner,A,red,83,1
CUST105745,25,44.09,537,4,0.0,month-to-month,1,1,8.0,ads,C,red,41,0
CUST105746,59,127.88,299,2,5.7,month-to-month,1,2,7.1,ads,C,white,52,0
CUST105747,1,110.3,571,0,4.6,month-to-month,1,1,7.0,partner,B,yellow,28,1
CUST105748,57,98.36,303,3,3.3,month-to-month,0,3,6.7,ads,C,blue,20,0
CUST105749,32,45.11,512,7,4.4,one-year,0,2,5.4,organic,A,red,6,1
CUST105750,37,120.68,467,6,11.3,month-to-month,1,4,9.4,ads,C,black,66,0
CUST105751,19,75.25,528,6,10.9,month-to-month,1,3,1.5,partner,B,blue,48,1
CUST105752,72,118.65,366,0,0.0,two-year,1,6,6.8,organic,B,green,1,0
CUST105753,30,136.94,594,6,0.5,month-to-month,1,2,5.7,ads,B,yellow,29,0
CUST105754,20,84.97,463,8,10.5,one-year,1,2,6.7,ads,B,black,44,0
CUST105755,1,117.46,323,2,3.4,month-to-month,0,4,5.4,organic,A,black,50,1
CUST105756,46,54.54,512,2,2.5,two-year,0,4,8.6,organic,B,yellow,89,0
CUST105757,32,66.54,474,4,5.4,month-to-month,0,3,6.4,organic,A,green,93,0
CUST105758,7,124.59,534,5,6.7,two-year,1,4,4.7,ads,B,black,76,0
CUST105759,45,24.09,345,2,0.0,month-to-month,0,5,8.9,partner,C,yellow,53,1
CUST105760,28,120.43,387,3,2.5,one-year,0,1,6.6,referral,A,white,81,1
CUST105761,42,64.25,448,1,2.4,month-to-month,1,3,6.5,organic,B,white,11,0
CUST105762,35,148.25,343,1,6.7,month-to-month,0,3,6.3,ads,C,black,19,0
CUST105763,42,141.25,328,8,11.1,month-to-month,1,1,5.6,referral,A,green,33,1
CUST105764,51,89.6,254,1,4.3,two-year,1,2,7.0,ads,C,white,18,0
CUST105765,21,31.01,421,1,6.7,two-year,0,3,9.1,partner,C,black,31,0
CUST105766,49,112.43,337,0,0.0,month-to-month,1,5,9.8,organic,B,yellow,74,0
CUST105767,36,32.33,334,3,11.1,one-year,1,3,8.2,referral,B,yellow,85,0
CUST105768,18,34.33,343,1,2.2,month-to-month,1,2,10.0,ads,C,blue,88,0
CUST105769,22,64.72,236,3,10.2,month-to-month,0,2,3.8,organic,B,yellow,1,1
CUST105770,72,118.25,347,1,0.0,one-year,1,4,8.5,organic,C,blue,81,0
CUST105771,35,52.49,442,2,6.3,one-year,1,2,7.8,referral,A,yellow,36,0
CUST105772,20,139.54,336,4,6.7,month-to-month,1,2,7.1,ads,B,black,32,0
CUST105773,26,75.22,231,2,3.1,one-year,0,2,5.3,ads,A,red,81,0
CUST105774,21,117.16,541,2,6.4,month-to-month,1,1,5.2,organic,A,yellow,5,0
CUST105775,33,44.8,383,6,10.9,one-year,1,1,5.6,ads,C,green,23,1
CUST105776,49,62.62,401,2,3.3,month-to-month,0,3,4.5,organic,A,white,83,0
CUST105777,29,74.13,302,2,6.0,one-year,0,2,5.8,referral,C,blue,55,0
CUST105778,31,47.49,304,1,0.0,one-year,1,5,6.5,ads,C,red,72,0
CUST105779,41,138.33,436,3,0.5,two-year,1,3,6.8,referral,A,yellow,83,0
CUST105780,21,135.71,157,2,0.1,month-to-month,0,3,1.5,partner,C,red,89,0
CUST105781,16,72.55,176,2,4.8,month-to-month,1,3,2.3,organic,A,red,8,1
CUST105782,21,145.36,477,1,2.4,month-to-month,0,2,5.8,referral,C,white,50,0
CUST105783,72,33.87,462,2,0.0,one-year,1,3,10.0,referral,C,yellow,49,0
CUST105784,29,20.52,302,4,5.6,one-year,0,3,6.8,organic,B,black,13,0
CUST105785,46,123.98,372,1,7.1,two-year,0,3,7.4,referral,A,blue,61,0
CUST105786,39,47.99,339,4,5.2,month-to-month,0,3,4.7,ads,A,blue,32,0
CUST105787,64,119.22,249,2,0.0,one-year,1,3,10.0,referral,C,yellow,65,0
CUST105788,1,114.7,384,2,7.1,month-to-month,0,2,1.0,ads,A,black,24,1
CUST105789,12,139.59,377,4,5.2,month-to-month,1,4,2.3,ads,A,green,99,1
CUST105790,8,50.75,559,5,4.8,month-to-month,1,3,3.6,partner,A,red,56,1
CUST105791,12,144.5,258,9,1.9,month-to-month,0,2,1.8,partner,A,blue,24,1
CUST105792,29,31.61,759,3,9.4,two-year,0,3,8.8,referral,A,black,44,0
CUST105793,32,128.87,271,5,7.4,month-to-month,1,2,7.0,ads,C,green,56,0
CUST105794,64,71.9,485,2,0.5,one-year,0,4,9.0,referral,B,blue,78,0
CUST105795,7,24.22,426,1,0.0,one-year,1,1,5.4,referral,B,black,63,0
CUST105796,62,69.39,750,1,0.0,two-year,1,4,10.0,ads,C,white,14,0
CUST105797,61,130.58,522,3,5.0,month-to-month,1,2,5.7,ads,C,yellow,13,0
CUST105798,41,95.72,507,2,5.7,two-year,1,4,9.8,partner,C,white,74,0
CUST105799,18,20.41,583,5,4.6,month-to-month,0,5,5.2,organic,B,red,66,1
CUST105800,57,102.07,400,1,7.7,month-to-month,0,3,8.5,referral,A,black,28,0
CUST105801,34,32.78,353,9,3.8,two-year,0,5,4.2,ads,A,blue,3,1
CUST105802,26,77.58,491,0,10.1,month-to-month,0,2,5.1,partner,B,red,48,1
CUST105803,61,39.79,369,4,0.0,two-year,0,3,9.1,ads,A,white,70,0
CUST105804,40,105.15,403,3,0.0,one-year,1,3,10.0,referral,C,green,7,0
CUST105805,22,143.34,543,4,2.1,month-to-month,0,5,2.8,ads,B,yellow,24,0
CUST105806,7,23.03,240,7,13.5,month-to-month,0,3,2.4,ads,B,green,33,1
CUST105807,17,29.43,428,2,6.5,month-to-month,1,2,5.3,referral,A,green,63,0
CUST105808,69,120.79,398,0,0.0,month-to-month,1,5,6.8,organic,A,blue,74,0
CUST105809,39,32.92,380,1,0.5,month-to-month,0,2,5.3,partner,B,yellow,21,0
CUST105810,62,137.69,486,1,0.5,one-year,1,5,5.4,referral,A,blue,38,0
CUST105811,70,131.82,223,1,0.0,one-year,1,3,4.5,referral,C,white,98,0
CUST105812,33,149.88,309,1,0.6,month-to-month,0,4,6.4,ads,A,red,39,0
CUST105813,33,47.95,360,6,10.5,month-to-month,1,3,4.7,organic,A,red,54,1
CUST105814,14,119.55,247,8,8.2,month-to-month,0,2,2.4,partner,B,white,58,1
CUST105815,49,106.7,571,3,0.0,one-year,0,1,8.0,referral,A,black,67,0
CUST105816,19,75.59,335,3,7.7,month-to-month,1,3,3.7,ads,B,white,85,1
CUST105817,23,69.47,679,2,0.0,month-to-month,0,5,10.0,referral,C,black,7,0
CUST105818,29,117.51,357,3,5.5,two-year,0,3,4.6,ads,C,yellow,26,0
CUST105819,7,67.19,316,1,12.5,two-year,0,4,8.4,ads,A,blue,72,0
CUST105820,32,24.03,525,2,3.2,one-year,0,3,3.5,ads,C,black,69,1
CUST105821,1,93.05,302,2,5.9,two-year,1,2,5.4,ads,C,white,26,0
CUST105822,3,134.68,44,8,17.4,month-to-month,0,2,6.1,ads,B,white,81,1
CUST105823,37,25.35,487,1,1.2,two-year,1,6,7.9,referral,B,black,29,0
CUST105824,45,52.11,645,2,7.9,month-to-month,0,3,3.7,organic,C,white,22,1
CUST105825,26,36.54,207,2,10.3,month-to-month,0,1,1.0,organic,A,green,61,1
CUST105826,26,49.32,475,4,3.0,month-to-month,0,4,7.7,organic,C,red,42,0
CUST105827,47,32.39,563,2,4.4,month-to-month,1,4,7.7,organic,C,yellow,73,0
CUST105828,51,132.76,438,6,2.8,month-to-month,1,5,7.2,organic,A,white,49,0
CUST105829,50,45.42,588,2,0.0,month-to-month,0,2,7.7,partner,A,green,65,0
CUST105830,12,48.58,397,6,8.0,one-year,0,2,4.1,referral,A,white,26,1
CUST105831,31,94.25,312,2,0.0,month-to-month,1,5,6.2,organic,A,black,17,0
CUST105832,21,111.07,304,5,7.3,month-to-month,0,2,2.5,partner,B,blue,63,1
CUST105833,27,125.76,482,2,0.4,month-to-month,0,1,6.4,referral,A,blue,89,0
CUST105834,44,129.99,392,4,0.0,month-to-month,0,1,9.0,ads,C,blue,79,0
CUST105835,35,34.16,371,4,7.8,one-year,1,4,2.5,partner,C,white,19,0
CUST105836,20,50.13,526,6,5.6,month-to-month,0,1,4.9,partner,B,white,57,1
CUST105837,58,34.34,583,2,0.0,two-year,1,3,10.0,referral,B,white,53,0
CUST105838,32,126.36,384,3,10.6,month-to-month,0,4,6.1,partner,B,red,63,1
CUST105839,26,82.9,277,1,0.0,month-to-month,0,3,6.3,referral,B,yellow,54,0
CUST105840,43,111.98,569,1,7.2,month-to-month,0,4,6.2,ads,A,yellow,9,0
CUST105841,16,88.67,664,8,7.4,month-to-month,0,3,3.5,ads,A,yellow,2,1
CUST105842,9,45.28,262,3,7.2,one-year,0,2,1.0,organic,B,yellow,86,1
CUST105843,31,43.61,347,7,4.9,month-to-month,0,1,3.4,partner,B,green,18,1
CUST105844,14,30.69,670,4,2.2,month-to-month,1,3,6.9,referral,A,blue,96,0
CUST105845,43,86.89,389,4,5.7,one-year,0,2,4.4,organic,B,red,85,1
CUST105846,62,31.49,684,1,0.0,two-year,1,3,10.0,organic,C,blue,3,0
CUST105847,13,65.65,401,6,5.1,month-to-month,0,3,5.1,organic,A,yellow,75,1
CUST105848,29,93.67,470,5,2.9,one-year,1,2,4.0,ads,A,black,35,0
CUST105849,7,124.89,253,2,7.0,one-year,1,3,8.6,ads,A,black,13,0
CUST105850,27,142.31,148,1,1.0,month-to-month,0,3,8.2,referral,A,blue,67,0
CUST105851,18,51.34,388,1,7.4,two-year,0,2,7.4,partner,B,white,6,0
CUST105852,40,65.96,449,4,0.0,two-year,1,2,7.2,referral,A,blue,82,0
CUST105853,12,56.34,505,3,10.1,month-to-month,1,2,6.0,organic,C,yellow,29,0
CUST105854,43,28.53,611,6,14.1,month-to-month,0,2,2.8,ads,A,blue,83,0
CUST105855,41,95.13,376,2,8.7,one-year,0,2,5.0,organic,B,white,33,0
CUST105856,1,119.5,464,6,16.1,one-year,0,1,2.8,ads,C,yellow,73,1
CUST105857,38,134.75,412,7,8.6,one-year,0,3,3.9,organic,C,black,5,1
CUST105858,45,82.83,308,3,6.2,two-year,0,3,6.0,ads,C,black,82,0
CUST105859,37,46.7,446,4,5.8,month-to-month,0,4,5.0,organic,B,black,30,1
CUST105860,41,127.43,657,1,0.0,month-to-month,0,5,10.0,referral,C,black,81,0
CUST105861,47,112.69,538,2,5.1,one-year,1,5,9.1,referral,A,green,67,0
CUST105862,21,118.97,481,5,9.0,two-year,0,2,8.8,ads,A,red,73,0
CUST105863,8,33.58,335,4,5.2,month-to-month,0,2,5.8,organic,A,yellow,63,1
CUST105864,11,81.11,358,3,6.2,two-year,1,4,5.7,referral,C,black,25,1
CUST105865,27,21.58,446,4,2.5,month-to-month,1,2,4.8,ads,A,blue,56,1
CUST105866,6,141.67,493,6,7.9,one-year,1,4,2.4,ads,B,yellow,48,1
CUST105867,25,83.11,402,4,9.1,month-to-month,0,3,3.9,organic,C,white,80,1
CUST105868,9,36.05,420,3,0.0,one-year,0,1,6.7,partner,C,blue,83,0
CUST105869,34,98.76,275,5,4.8,month-to-month,0,5,5.4,ads,B,blue,53,1
CUST105870,18,125.35,380,10,7.6,month-to-month,1,4,6.2,ads,C,blue,1,1
CUST105871,43,45.34,448,2,3.7,two-year,1,4,3.2,ads,C,yellow,55,0
CUST105872,57,109.33,448,3,10.1,month-to-month,0,4,7.9,referral,A,black,82,0
CUST105873,49,35.43,591,7,0.4,month-to-month,1,3,7.1,referral,A,black,36,1
CUST105874,13,105.35,307,0,5.6,month-to-month,1,3,5.2,organic,A,yellow,9,1
CUST105875,12,111.08,388,5,3.4,month-to-month,0,3,5.7,partner,A,blue,34,0
CUST105876,12,98.35,658,7,0.3,month-to-month,0,2,6.5,organic,B,blue,41,1
CUST105877,47,140.5,262,3,4.1,month-to-month,1,2,10.0,partner,A,black,33,0
CUST105878,1,79.2,394,3,6.0,month-to-month,0,2,4.4,referral,C,red,10,1
CUST105879,25,83.13,632,3,3.4,month-to-month,0,1,8.4,referral,A,red,14,1
CUST105880,9,38.19,644,6,13.3,month-to-month,0,1,5.5,ads,B,blue,30,0
CUST105881,54,73.16,417,3,2.0,one-year,0,3,9.3,ads,A,white,1,0
CUST105882,50,119.65,305,2,0.0,two-year,0,3,9.8,ads,C,red,14,0
CUST105883,25,22.0,388,4,11.7,month-to-month,0,1,4.2,ads,A,red,75,0
CUST105884,23,53.33,427,2,0.4,month-to-month,0,1,5.0,ads,A,blue,50,1
CUST105885,59,64.99,418,1,0.0,two-year,0,6,7.9,referral,B,green,14,0
CUST105886,28,149.66,610,2,10.7,month-to-month,0,3,5.1,referral,B,red,14,0
CUST105887,36,148.71,339,2,7.6,month-to-month,0,2,6.0,organic,B,green,89,1
CUST105888,1,86.75,484,4,11.0,month-to-month,0,1,1.8,ads,B,red,16,1
CUST105889,55,107.96,421,3,3.7,month-to-month,0,3,5.6,ads,A,yellow,72,0
CUST105890,1,71.56,440,1,6.1,month-to-month,1,3,7.5,organic,C,white,7,0
CUST105891,28,22.28,454,3,0.7,month-to-month,0,3,10.0,organic,A,yellow,18,0
CUST105892,16,67.23,351,5,10.7,one-year,1,3,1.0,ads,B,yellow,51,0
CUST105893,28,32.07,551,11,6.5,one-year,0,3,7.8,ads,B,blue,91,0
CUST105894,1,35.88,497,4,8.7,month-to-month,0,1,6.7,ads,A,black,41,0
CUST105895,48,45.18,496,3,3.2,one-year,1,4,9.7,organic,A,black,91,0
CUST105896,29,141.32,319,14,16.0,month-to-month,0,3,6.2,ads,C,white,11,1
CUST105897,64,110.26,635,3,0.0,month-to-month,1,3,10.0,referral,A,blue,17,0
CUST105898,26,116.7,450,1,8.8,one-year,0,1,5.2,ads,B,white,14,0
CUST105899,45,45.65,373,1,0.0,month-to-month,1,3,7.7,referral,A,black,55,0
CUST105900,26,121.54,304,5,7.1,month-to-month,0,3,6.3,organic,B,blue,3,0
CUST105901,1,83.72,340,3,11.1,one-year,0,2,2.1,partner,C,white,67,0
CUST105902,19,132.04,400,3,4.9,month-to-month,1,4,8.6,referral,A,red,76,0
CUST105903,35,66.91,15,2,3.7,two-year,0,5,8.0,organic,C,blue,73,0
CUST105904,32,45.14,637,3,9.7,month-to-month,0,2,2.2,ads,B,red,48,1
CUST105905,33,146.27,510,1,8.5,one-year,1,3,4.8,partner,A,blue,12,1
CUST105906,41,121.9,580,5,5.9,month-to-month,0,3,3.4,ads,A,blue,96,0
CUST105907,4,147.76,405,13,14.9,month-to-month,0,2,1.7,ads,A,green,65,1
CUST105908,67,135.29,564,1,0.0,one-year,1,5,10.0,referral,A,black,60,0
CUST105909,38,110.31,513,1,4.1,month-to-month,0,3,4.0,ads,B,blue,79,0
CUST105910,16,69.95,466,2,3.1,two-year,1,3,6.5,referral,A,white,60,0
CUST105911,22,100.3,381,3,0.0,month-to-month,1,4,5.9,partner,A,white,38,1
CUST105912,48,97.07,487,0,1.9,two-year,1,4,8.6,ads,A,white,93,0
CUST105913,41,34.86,505,6,6.3,one-year,0,3,8.0,partner,A,yellow,76,1
CUST105914,23,90.06,516,7,7.2,month-to-month,1,3,7.6,ads,B,blue,24,0
CUST105915,39,113.35,403,4,4.2,month-to-month,0,2,9.2,organic,C,white,71,0
CUST105916,72,27.81,363,1,0.0,month-to-month,1,4,7.9,organic,C,blue,11,0
CUST105917,16,121.87,436,8,12.2,month-to-month,0,2,5.0,ads,B,red,62,1
CUST105918,45,39.5,462,0,0.0,month-to-month,0,3,4.6,partner,C,red,14,0
CUST105919,36,96.85,542,5,2.1,month-to-month,0,1,4.2,referral,B,red,50,1
CUST105920,23,21.58,287,1,4.0,two-year,0,4,7.9,referral,C,blue,13,0
CUST105921,38,90.68,266,1,0.0,month-to-month,1,3,4.9,organic,A,white,63,0
CUST105922,58,26.65,395,3,1.4,one-year,1,2,6.5,referral,A,black,43,0
CUST105923,27,22.32,392,2,10.9,month-to-month,0,4,6.4,ads,B,red,47,0
CUST105924,1,95.23,395,4,6.6,month-to-month,0,2,3.0,ads,B,red,46,1
CUST105925,23,47.8,687,2,2.3,month-to-month,0,1,9.9,organic,A,black,90,0
CUST105926,43,94.06,629,2,4.0,two-year,0,4,8.4,ads,B,blue,1,0
CUST105927,24,106.9,503,0,4.8,one-year,1,2,10.0,ads,C,black,45,0
CUST105928,72,85.01,343,1,0.0,month-to-month,0,2,10.0,organic,A,yellow,39,0
CUST105929,34,33.37,509,2,3.0,one-year,1,3,6.0,ads,C,black,30,0
CUST105930,7,117.8,374,10,11.6,month-to-month,0,1,5.1,referral,A,yellow,24,1
CUST105931,25,69.89,450,4,12.0,one-year,1,3,4.5,partner,C,black,12,0
CUST105932,51,114.37,422,2,2.6,month-to-month,1,5,6.4,ads,C,yellow,6,0
CUST105933,8,101.61,332,5,12.9,month-to-month,0,3,1.3,ads,B,blue,27,1
CUST105934,63,61.86,181,0,1.1,month-to-month,1,4,8.2,partner,C,black,46,0
CUST105935,28,143.46,209,3,6.7,one-year,0,3,7.8,referral,B,red,85,1
CUST105936,72,99.74,505,0,0.0,month-to-month,1,1,8.9,referral,C,yellow,71,0
CUST105937,25,45.39,439,3,13.9,month-to-month,0,1,4.6,organic,B,green,17,1
CUST105938,67,50.42,548,3,0.0,one-year,1,5,8.3,referral,B,green,82,0
CUST105939,68,53.17,498,2,0.4,one-year,1,6,10.0,organic,A,red,84,0
CUST105940,33,127.49,679,4,4.0,month-to-month,1,4,4.1,partner,A,white,84,1
CUST105941,32,108.99,446,4,0.0,two-year,1,2,10.0,referral,C,white,57,0
CUST105942,29,32.89,405,7,6.4,two-year,0,3,3.2,partner,B,red,89,1
CUST105943,38,81.92,287,4,20.5,month-to-month,0,1,5.4,partner,B,red,29,1
CUST105944,65,108.84,444,3,3.8,two-year,0,3,8.1,referral,A,white,8,0
CUST105945,29,87.05,481,2,0.7,two-year,1,5,6.5,partner,A,black,3,0
CUST105946,33,43.27,390,5,10.8,one-year,1,3,5.0,referral,C,red,70,0
CUST105947,44,38.62,473,1,0.0,month-to-month,1,3,9.1,referral,A,white,16,0
CUST105948,6,147.42,436,6,1.9,month-to-month,1,2,5.6,ads,A,blue,57,1
CUST105949,22,49.99,607,5,12.3,month-to-month,0,1,1.1,organic,A,blue,5,1
CUST105950,55,25.36,424,2,9.8,one-year,1,2,7.8,partner,B,black,56,0
CUST105951,43,75.63,423,4,4.4,month-to-month,1,4,5.7,referral,B,blue,35,0
CUST105952,23,130.41,477,9,7.4,month-to-month,1,4,7.5,ads,A,yellow,45,0
CUST105953,53,106.74,649,4,0.0,month-to-month,1,4,4.4,referral,C,blue,46,0
CUST105954,37,49.4,425,2,1.8,month-to-month,1,5,10.0,ads,B,black,67,0
CUST105955,52,73.21,353,2,2.3,one-year,0,5,6.2,organic,A,white,85,0
CUST105956,55,97.18,457,1,4.5,one-year,0,4,8.9,ads,C,black,20,0
CUST105957,12,100.26,389,0,2.3,month-to-month,1,3,7.3,referral,A,red,11,0
CUST105958,43,106.62,256,3,0.0,two-year,0,3,4.4,ads,C,red,66,0
CUST105959,38,110.3,516,0,0.0,month-to-month,1,3,10.0,organic,B,green,42,0
CUST105960,45,28.96,210,6,1.1,two-year,0,2,7.1,partner,B,yellow,23,0
CUST105961,52,35.67,296,2,0.0,one-year,1,2,6.9,organic,B,yellow,30,0
CUST105962,18,44.7,359,5,8.1,two-year,1,2,7.8,ads,A,white,33,0
CUST105963,30,53.95,543,3,10.4,one-year,0,3,4.4,ads,B,black,25,1
CUST105964,58,66.63,485,6,0.0,one-year,1,4,9.6,organic,A,blue,29,0
CUST105965,23,116.05,612,6,0.3,one-year,1,5,6.7,ads,A,yellow,34,0
CUST105966,27,108.13,483,5,1.2,one-year,1,2,6.7,organic,A,black,58,0
CUST105967,48,145.87,393,1,3.7,two-year,1,6,6.3,referral,A,yellow,5,0
CUST105968,22,90.61,210,3,7.0,one-year,0,4,8.2,organic,C,red,8,0
CUST105969,13,62.41,379,2,7.2,month-to-month,0,3,6.8,organic,C,green,69,1
CUST105970,49,105.5,504,2,0.0,one-year,1,5,9.2,ads,A,black,39,0
CUST105971,22,88.96,263,2,8.7,month-to-month,0,4,7.3,referral,B,blue,61,0
CUST105972,51,65.39,484,2,1.8,month-to-month,1,1,9.2,ads,B,yellow,63,0
CUST105973,33,37.57,442,6,8.9,one-year,0,4,5.8,ads,A,yellow,41,0
CUST105974,39,37.68,404,2,0.7,month-to-month,1,3,3.8,ads,A,red,58,0
CUST105975,30,62.41,400,4,0.0,one-year,0,2,1.3,ads,A,blue,12,1
CUST105976,72,73.34,353,1,3.4,one-year,0,5,10.0,organic,A,black,54,0
CUST105977,26,139.31,249,1,1.6,one-year,1,2,5.0,ads,B,blue,93,0
CUST105978,57,74.46,40,4,0.5,month-to-month,1,4,4.9,partner,A,black,99,0
CUST105979,58,75.9,567,3,5.0,one-year,0,1,6.7,ads,A,yellow,24,0
CUST105980,37,92.11,450,4,10.1,month-to-month,1,2,2.0,organic,A,white,36,1
CUST105981,72,78.06,491,1,0.0,two-year,1,4,8.2,organic,A,blue,47,0
CUST105982,64,72.14,475,1,4.2,month-to-month,1,3,7.8,organic,C,red,71,0
CUST105983,32,127.21,467,3,11.7,one-year,1,2,6.7,ads,A,yellow,36,0
CUST105984,72,100.3,725,1,0.0,month-to-month,1,5,9.4,referral,A,red,58,0
CUST105985,46,100.42,467,1,6.7,month-to-month,0,3,5.0,organic,A,yellow,30,0
CUST105986,43,68.37,563,2,16.0,month-to-month,0,2,4.6,organic,C,yellow,24,1
CUST105987,37,72.65,321,2,0.0,month-to-month,0,4,7.0,partner,A,black,95,0
CUST105988,30,94.85,475,4,0.6,month-to-month,1,2,9.0,ads,B,yellow,37,0
CUST105989,34,23.82,691,3,7.5,one-year,1,1,8.8,organic,A,red,50,0
CUST105990,57,92.36,480,3,7.0,month-to-month,1,1,6.9,ads,A,green,97,0
CUST105991,55,20.33,379,0,3.2,one-year,0,3,10.0,ads,C,red,46,0
CUST105992,18,146.57,419,3,3.7,month-to-month,0,2,6.6,organic,C,blue,47,1
CUST105993,47,120.19,186,4,7.6,one-year,0,3,5.1,ads,B,white,38,0
CUST105994,27,77.15,307,0,1.4,month-to-month,0,4,5.5,referral,C,black,74,0
CUST105995,53,74.08,494,3,3.5,month-to-month,1,1,5.7,ads,B,yellow,85,0
CUST105996,38,122.69,502,1,4.3,one-year,1,4,10.0,referral,A,green,83,0
CUST105997,33,119.62,479,3,13.7,month-to-month,1,1,3.8,organic,A,green,96,0
CUST105998,24,65.29,330,0,3.6,two-year,0,3,3.8,organic,A,green,60,0
CUST105999,37,98.7,451,4,9.4,one-year,1,3,4.3,ads,B,green,6,0
CUST106000,27,137.64,604,8,11.5,one-year,1,4,1.3,ads,B,green,36,0
CUST106001,17,143.35,210,3,5.0,one-year,1,1,3.7,ads,A,yellow,94,1
CUST106002,35,139.59,387,1,4.6,two-year,0,4,4.0,ads,C,white,72,0
CUST106003,21,30.89,370,5,4.2,one-year,0,3,5.9,organic,A,green,52,0
CUST106004,45,104.16,459,2,1.0,one-year,1,3,8.0,ads,A,green,80,0
CUST106005,42,50.78,283,0,0.0,month-to-month,1,4,9.0,ads,A,white,26,0
CUST106006,6,95.08,306,6,13.8,month-to-month,1,2,3.9,partner,B,red,54,1
CUST106007,2,24.49,495,6,5.2,month-to-month,0,1,3.5,organic,B,blue,9,1
CUST106008,43,132.69,364,0,1.7,month-to-month,0,5,8.3,referral,B,black,38,0
CUST106009,46,121.7,515,3,6.2,month-to-month,1,2,4.8,ads,B,white,89,0
CUST106010,49,55.31,470,5,8.4,month-to-month,1,5,5.9,referral,A,yellow,76,0
CUST106011,66,96.69,534,1,3.1,month-to-month,1,5,4.1,referral,B,black,65,0
CUST106012,63,145.98,289,2,8.9,month-to-month,0,2,4.7,organic,B,blue,97,0
CUST106013,41,144.07,600,3,0.2,one-year,1,6,7.4,partner,A,yellow,99,0
CUST106014,39,112.25,464,4,3.5,month-to-month,1,3,1.7,organic,C,green,79,0
CUST106015,19,51.21,547,2,9.6,month-to-month,0,3,6.4,ads,C,white,41,1
CUST106016,52,98.89,239,1,0.0,two-year,1,5,7.3,partner,A,green,50,0
CUST106017,11,82.24,401,3,5.5,month-to-month,1,2,8.0,referral,B,white,7,1
CUST106018,34,105.44,426,1,5.6,month-to-month,1,2,7.4,ads,C,blue,52,0
CUST106019,28,135.71,482,0,0.0,two-year,1,5,7.0,organic,A,green,78,0
CUST106020,38,113.78,583,0,6.3,month-to-month,1,4,8.7,organic,A,white,55,0
CUST106021,72,21.72,377,2,7.5,one-year,0,2,8.4,partner,A,red,6,0
CUST106022,58,73.83,237,0,0.0,two-year,0,6,9.7,referral,C,blue,65,0
CUST106023,36,31.66,162,3,4.0,month-to-month,1,1,5.3,partner,C,yellow,25,0
CUST106024,46,27.84,380,5,6.1,two-year,1,4,8.0,ads,C,red,49,0
CUST106025,42,44.59,510,2,11.4,one-year,0,5,7.1,referral,C,blue,3,0
CUST106026,53,135.08,484,1,0.0,one-year,0,2,10.0,partner,B,black,30,0
CUST106027,12,125.99,417,4,11.0,month-to-month,1,3,1.0,partner,A,red,82,1
CUST106028,9,91.24,514,2,9.2,month-to-month,1,3,3.7,ads,B,white,50,1
CUST106029,15,128.73,657,3,8.2,month-to-month,0,5,2.8,ads,B,white,41,1
CUST106030,29,137.04,656,7,3.8,one-year,1,1,4.0,organic,B,black,96,1
CUST106031,5,31.21,586,4,12.5,two-year,0,1,7.1,partner,B,green,98,0
CUST106032,57,137.54,515,5,4.0,month-to-month,0,3,10.0,organic,B,black,8,0
CUST106033,4,22.88,338,5,5.6,month-to-month,0,1,3.5,ads,A,red,37,1
CUST106034,33,129.42,678,4,7.3,month-to-month,0,5,3.4,organic,A,yellow,98,0
CUST106035,32,94.91,579,3,4.9,month-to-month,0,3,6.4,referral,A,white,7,1
CUST106036,28,23.21,448,3,9.4,one-year,1,4,6.0,referral,A,blue,9,0
CUST106037,24,67.12,281,3,15.3,month-to-month,1,4,5.7,partner,C,green,63,0
CUST106038,60,33.26,516,2,0.5,one-year,1,3,7.6,referral,A,black,73,0
CUST106039,39,87.53,542,2,1.9,two-year,0,4,7.9,referral,B,yellow,78,0
CUST106040,58,73.03,428,2,1.7,month-to-month,0,2,9.0,ads,C,red,82,0
CUST106041,16,44.02,229,1,0.0,two-year,1,3,8.2,referral,A,yellow,30,0
CUST106042,43,124.65,362,0,0.0,one-year,1,6,8.3,referral,A,green,59,0
CUST106043,51,93.34,476,1,5.9,month-to-month,1,4,5.9,ads,A,blue,94,0
CUST106044,34,119.91,579,2,0.0,month-to-month,0,4,5.1,referral,C,blue,79,0
CUST106045,3,67.42,426,2,12.2,month-to-month,0,3,6.1,ads,B,red,45,1
CUST106046,26,84.01,324,1,0.0,month-to-month,0,3,8.3,ads,B,yellow,52,1
CUST106047,41,51.76,137,1,0.0,one-year,1,4,6.7,ads,B,black,17,0
CUST106048,17,20.72,675,3,10.8,month-to-month,0,1,1.7,ads,C,black,73,1
CUST106049,20,143.44,424,2,7.7,month-to-month,0,4,5.3,organic,A,black,96,1
CUST106050,55,134.58,325,1,0.0,one-year,1,2,7.2,referral,B,black,34,0
CUST106051,47,30.19,181,3,5.0,month-to-month,1,2,8.1,ads,A,white,21,0
CUST106052,52,45.32,357,6,6.1,month-to-month,1,1,6.5,ads,C,blue,73,0
CUST106053,53,113.16,621,1,8.8,two-year,0,4,3.9,referral,A,green,48,0
CUST106054,47,55.0,259,4,0.0,month-to-month,1,6,8.3,referral,B,yellow,48,0
CUST106055,71,108.16,537,4,0.0,month-to-month,1,2,6.6,referral,A,green,69,0
CUST106056,31,56.07,300,3,10.4,month-to-month,0,2,6.6,organic,B,red,49,0
CUST106057,29,50.6,426,0,2.8,month-to-month,1,3,6.9,referral,B,yellow,42,0
CUST106058,72,36.84,539,0,0.0,two-year,1,4,9.5,ads,B,green,72,0
CUST106059,45,40.59,252,1,0.6,month-to-month,1,3,10.0,referral,A,red,89,0
CUST106060,39,131.5,534,4,5.3,two-year,1,3,7.1,organic,C,white,95,0
CUST106061,35,138.24,461,5,0.0,month-to-month,1,4,9.2,referral,A,green,75,0
CUST106062,22,108.84,461,2,0.0,one-year,1,3,6.2,partner,B,yellow,51,0
CUST106063,72,116.0,414,2,0.0,month-to-month,1,3,10.0,ads,C,yellow,29,0
CUST106064,53,140.69,501,1,6.9,two-year,0,5,7.5,ads,A,white,1,0
CUST106065,44,94.38,400,4,8.6,two-year,1,5,6.5,partner,A,yellow,67,0
CUST106066,38,33.24,222,5,4.8,one-year,0,2,7.2,ads,A,yellow,22,0
CUST106067,58,148.88,408,2,0.0,two-year,0,5,8.4,partner,B,green,50,0
CUST106068,48,106.7,668,1,1.4,one-year,1,5,10.0,referral,A,black,79,0
CUST106069,27,139.99,398,2,1.5,two-year,1,3,7.5,organic,B,black,61,0
CUST106070,61,44.58,405,6,4.9,month-to-month,0,3,5.3,organic,A,blue,56,1
CUST106071,12,145.26,265,3,7.3,month-to-month,0,4,3.9,partner,A,white,1,1
CUST106072,44,140.69,766,3,3.2,month-to-month,1,3,7.5,organic,C,white,85,0
CUST106073,29,29.07,190,1,1.9,one-year,1,5,7.3,referral,B,green,54,0
CUST106074,47,27.38,407,1,0.9,month-to-month,1,6,10.0,referral,B,green,52,0
CUST106075,23,41.0,352,2,7.5,one-year,0,4,6.8,ads,B,white,19,1
CUST106076,9,44.45,361,5,15.5,month-to-month,0,1,2.1,ads,A,black,31,1
CUST106077,37,58.59,305,1,5.1,one-year,1,1,7.5,organic,A,red,23,0
CUST106078,1,122.28,422,3,15.2,month-to-month,0,1,3.6,ads,C,black,88,1
CUST106079,54,35.54,318,2,0.0,month-to-month,1,4,7.4,partner,C,blue,19,0
CUST106080,57,29.19,280,0,1.3,two-year,1,2,7.7,organic,B,yellow,34,0
CUST106081,13,91.75,85,4,0.0,month-to-month,1,3,8.4,organic,A,yellow,9,0
CUST106082,44,91.6,276,2,0.0,two-year,0,3,7.9,referral,C,yellow,35,0
CUST106083,41,100.87,456,2,0.0,two-year,0,1,5.5,referral,B,yellow,44,0
CUST106084,41,118.9,604,5,0.1,month-to-month,1,3,5.6,ads,B,blue,52,0
CUST106085,29,31.8,307,1,2.6,one-year,0,1,2.8,ads,A,black,51,0
CUST106086,42,95.97,500,4,13.7,two-year,0,2,4.5,ads,A,red,2,0
CUST106087,16,82.83,395,6,5.1,month-to-month,0,3,1.9,ads,C,white,32,1
CUST106088,39,67.5,348,2,0.0,one-year,0,3,6.4,organic,B,blue,25,0
CUST106089,39,32.27,371,2,6.1,month-to-month,0,4,7.6,organic,A,green,7,0
CUST106090,59,88.95,292,3,2.7,two-year,1,4,8.6,referral,C,green,47,0
CUST106091,27,24.51,310,2,12.6,month-to-month,1,4,8.9,referral,A,blue,72,0
CUST106092,27,146.34,348,3,4.3,month-to-month,0,4,8.1,organic,B,red,95,0
CUST106093,16,134.87,419,1,0.0,month-to-month,0,2,4.2,ads,B,yellow,29,0
CUST106094,32,136.55,269,3,2.1,month-to-month,1,3,6.6,ads,B,blue,6,0
CUST106095,66,58.1,437,4,0.0,two-year,0,2,7.5,organic,C,white,36,0
CUST106096,31,42.44,334,4,2.5,month-to-month,1,3,1.0,ads,A,green,2,1
CUST106097,20,32.59,474,7,1.5,month-to-month,1,3,4.4,ads,A,red,6,0
CUST106098,30,78.39,545,2,2.7,month-to-month,1,2,6.5,organic,B,red,67,1
CUST106099,33,25.55,448,2,5.9,month-to-month,0,3,5.1,ads,B,red,94,0
CUST106100,15,118.85,112,6,0.2,month-to-month,1,4,6.5,referral,A,green,51,0
CUST106101,28,85.37,349,2,5.7,one-year,1,3,7.7,referral,B,yellow,42,0
CUST106102,43,112.01,342,2,13.9,month-to-month,0,2,1.6,partner,B,yellow,92,1
CUST106103,31,112.34,413,3,4.1,one-year,0,4,8.0,organic,B,black,69,0
CUST106104,40,86.49,350,4,11.1,month-to-month,0,3,5.5,referral,A,white,35,1
CUST106105,68,116.27,400,0,1.5,one-year,1,4,9.2,ads,B,black,49,0
CUST106106,53,142.34,417,0,0.0,two-year,0,4,10.0,referral,B,red,95,0
CUST106107,12,21.07,526,4,7.7,one-year,1,1,5.0,ads,A,blue,99,0
CUST106108,38,51.17,361,3,0.4,month-to-month,1,3,9.5,ads,A,black,78,0
CUST106109,11,137.49,126,1,1.7,one-year,0,2,3.8,partner,B,blue,50,1
CUST106110,50,111.13,509,2,0.6,month-to-month,1,5,6.4,ads,A,green,86,0
CUST106111,18,93.82,426,7,11.1,month-to-month,0,1,5.4,organic,A,black,45,1
CUST106112,47,90.98,320,3,1.2,two-year,0,5,6.6,partner,B,green,40,0
CUST106113,46,72.16,294,4,14.4,month-to-month,0,3,5.7,ads,C,red,15,0
CUST106114,46,97.79,434,2,8.4,month-to-month,0,4,9.8,ads,A,blue,8,0
CUST106115,31,101.66,362,4,4.9,month-to-month,0,2,5.7,ads,B,blue,54,1
CUST106116,16,67.52,663,3,0.0,two-year,0,2,8.1,partner,B,black,82,0
CUST106117,33,69.67,535,5,15.1,month-to-month,0,4,3.7,referral,B,yellow,80,1
CUST106118,68,49.82,448,4,1.0,month-to-month,1,2,4.3,organic,A,green,68,0
CUST106119,1,94.69,551,5,6.5,month-to-month,1,2,5.9,ads,A,black,65,1
CUST106120,45,86.16,441,2,6.0,month-to-month,1,1,8.2,partner,A,red,14,0
CUST106121,35,79.91,348,3,0.0,two-year,1,1,6.1,ads,B,red,1,0
CUST106122,14,99.5,283,5,0.0,month-to-month,0,3,6.1,organic,B,yellow,79,0
CUST106123,51,104.47,558,8,6.8,month-to-month,1,5,9.4,ads,B,yellow,54,0
CUST106124,72,72.08,332,3,0.0,one-year,1,4,10.0,referral,A,white,38,0
CUST106125,38,123.55,563,0,6.4,month-to-month,0,3,6.1,partner,C,blue,65,0
CUST106126,44,30.11,510,2,0.0,two-year,1,5,8.6,ads,C,yellow,35,0
CUST106127,40,72.05,454,2,0.0,one-year,0,1,6.0,referral,B,black,41,0
CUST106128,28,97.68,480,3,7.3,month-to-month,0,3,4.1,ads,A,green,50,1
CUST106129,32,39.45,366,5,0.1,month-to-month,0,3,3.8,ads,B,red,81,1
CUST106130,34,49.49,416,3,3.3,one-year,0,2,5.4,referral,C,red,98,0
CUST106131,25,100.75,385,2,6.1,month-to-month,0,3,6.1,ads,B,yellow,56,0
CUST106132,72,89.91,420,1,0.0,one-year,0,4,10.0,referral,A,green,87,0
CUST106133,53,47.44,290,2,0.0,month-to-month,0,3,9.3,referral,B,yellow,38,0
CUST106134,44,74.36,480,4,4.9,month-to-month,0,5,5.7,organic,A,green,9,0
CUST106135,1,123.62,571,3,5.9,month-to-month,0,4,6.2,organic,C,black,63,1
CUST106136,38,90.9,440,3,8.4,month-to-month,1,4,6.8,organic,A,blue,72,1
CUST106137,30,121.42,617,2,5.2,month-to-month,0,3,8.3,ads,C,yellow,2,0
CUST106138,22,54.37,572,5,2.0,two-year,0,2,3.8,ads,C,blue,80,0
CUST106139,71,31.91,617,0,0.6,one-year,1,3,9.6,referral,A,yellow,23,0
CUST106140,51,58.24,372,3,7.1,month-to-month,0,3,6.7,partner,C,white,13,0
CUST106141,27,29.38,271,0,5.7,one-year,1,2,5.1,partner,B,yellow,73,0
CUST106142,63,63.97,562,5,5.8,month-to-month,1,2,6.1,ads,B,black,51,0
CUST106143,44,101.19,557,2,4.4,two-year,0,3,5.5,referral,C,green,88,0
CUST106144,72,61.36,456,2,0.0,month-to-month,1,6,5.4,referral,A,yellow,98,0
CUST106145,36,43.74,243,8,6.7,two-year,0,4,3.3,referral,B,white,50,1
CUST106146,45,28.9,448,2,4.5,month-to-month,1,3,8.0,referral,A,blue,48,1
CUST106147,53,70.11,376,3,2.6,two-year,0,1,8.1,referral,A,blue,26,0
CUST106148,37,145.66,539,4,8.9,month-to-month,0,2,1.0,organic,C,yellow,93,1
CUST106149,47,105.2,518,2,2.8,one-year,0,3,10.0,organic,A,yellow,19,1
CUST106150,57,124.03,371,0,0.0,one-year,1,6,9.3,organic,A,green,66,0
CUST106151,33,104.37,320,1,7.3,month-to-month,0,4,5.7,ads,B,black,83,0
CUST106152,14,110.38,302,3,0.0,two-year,0,1,2.7,ads,C,red,76,1
CUST106153,28,95.65,353,5,7.7,two-year,1,3,7.6,organic,A,green,50,1
CUST106154,28,93.46,431,0,4.4,one-year,1,3,7.9,organic,C,yellow,81,0
CUST106155,15,89.22,393,5,3.6,two-year,1,2,9.2,referral,A,green,41,0
CUST106156,35,70.03,199,5,1.6,one-year,1,4,8.5,ads,B,white,24,0
CUST106157,44,100.69,601,4,3.3,month-to-month,1,3,7.5,ads,B,yellow,17,0
CUST106158,51,124.59,238,3,4.5,two-year,0,6,5.5,ads,B,yellow,64,0
CUST106159,16,103.07,299,5,11.9,month-to-month,0,2,3.8,partner,A,red,1,1
CUST106160,64,45.67,375,2,8.8,two-year,0,2,5.6,referral,C,blue,6,0
CUST106161,38,56.87,333,0,4.4,one-year,1,3,9.4,partner,C,green,5,0
CUST106162,1,110.77,382,4,9.8,one-year,0,2,5.2,partner,A,white,67,1
CUST106163,1,31.16,426,3,0.0,month-to-month,1,1,6.1,ads,B,blue,25,0
CUST106164,37,99.24,405,1,0.0,two-year,1,3,10.0,organic,C,green,89,0
CUST106165,41,98.13,264,3,7.1,month-to-month,0,1,2.5,ads,A,white,81,1
CUST106166,40,35.23,355,1,0.0,two-year,0,3,10.0,referral,A,black,95,0
CUST106167,41,59.97,357,3,0.7,one-year,0,2,8.0,ads,A,blue,32,0
CUST106168,59,45.26,258,2,0.2,one-year,1,3,5.6,referral,A,blue,14,1
CUST106169,25,116.24,226,5,9.7,month-to-month,1,3,7.8,partner,A,white,93,0
CUST106170,33,136.62,344,8,1.5,month-to-month,1,2,5.0,organic,A,white,88,0
CUST106171,46,126.56,369,6,2.8,month-to-month,0,2,7.8,referral,C,white,79,0
CUST106172,19,80.42,770,5,2.2,month-to-month,0,1,5.3,partner,B,black,49,1
CUST106173,40,49.88,526,2,4.5,one-year,0,1,5.4,ads,B,green,12,1
CUST106174,36,97.99,533,5,4.6,one-year,1,5,7.1,partner,B,green,17,0
CUST106175,27,64.48,370,2,8.1,two-year,0,1,5.3,referral,A,red,28,0
CUST106176,66,25.97,684,8,0.0,one-year,1,2,6.6,referral,C,green,40,0
CUST106177,29,79.71,473,9,7.8,month-to-month,0,1,9.6,partner,A,black,27,1
CUST106178,69,86.73,484,2,0.0,one-year,1,4,7.7,ads,A,green,41,0
CUST106179,67,141.16,474,2,0.0,two-year,0,3,7.4,referral,C,white,47,0
CUST106180,38,77.3,538,0,0.0,month-to-month,0,4,6.7,ads,B,white,37,1
CUST106181,51,53.23,455,3,9.4,month-to-month,1,4,5.0,organic,B,red,71,0
CUST106182,8,89.1,452,4,5.1,month-to-month,1,2,5.4,organic,A,green,77,0
CUST106183,51,46.03,548,2,0.0,month-to-month,0,3,10.0,referral,A,blue,30,0
CUST106184,31,117.41,412,0,8.6,month-to-month,1,5,6.4,organic,B,blue,7,0
CUST106185,18,92.36,137,5,7.0,one-year,1,2,7.2,organic,A,green,74,1
CUST106186,53,33.64,457,3,0.0,two-year,0,4,8.6,referral,A,green,40,0
CUST106187,54,91.24,152,1,0.2,one-year,1,3,8.0,referral,A,red,51,0
CUST106188,28,57.08,375,5,1.6,month-to-month,0,4,3.7,ads,A,white,40,1
CUST106189,61,44.97,466,0,6.1,one-year,1,5,9.9,partner,A,black,32,0
CUST106190,45,31.3,463,1,0.0,month-to-month,1,6,8.4,referral,C,blue,36,0
CUST106191,18,139.25,341,8,9.4,month-to-month,0,2,4.9,ads,B,white,45,1
CUST106192,29,123.71,198,6,5.9,one-year,0,4,4.7,referral,B,green,25,0
CUST106193,54,127.18,269,0,6.9,month-to-month,0,4,9.3,referral,C,black,80,0
CUST106194,9,29.05,130,4,13.0,month-to-month,0,1,3.1,organic,A,red,37,1
CUST106195,29,148.67,236,1,9.1,one-year,1,2,5.8,organic,B,red,86,0
CUST106196,32,146.23,310,10,10.5,two-year,0,1,2.1,ads,C,green,67,1
CUST106197,27,115.85,398,4,3.2,month-to-month,0,2,7.7,partner,A,white,63,1
CUST106198,23,139.78,492,3,4.9,month-to-month,0,2,7.1,referral,A,blue,46,1
CUST106199,10,130.56,366,6,4.2,month-to-month,0,3,6.4,ads,A,yellow,71,1
CUST106200,44,112.85,458,4,3.4,two-year,1,2,1.0,partner,A,yellow,71,0
CUST106201,23,72.27,399,5,3.0,month-to-month,0,3,4.8,partner,A,black,29,1
CUST106202,67,103.82,689,0,2.6,two-year,1,4,9.5,ads,A,green,65,0
CUST106203,72,116.75,235,4,0.0,month-to-month,0,4,8.2,partner,B,black,31,0
CUST106204,15,60.4,691,5,12.8,month-to-month,0,1,6.1,referral,B,white,83,0
CUST106205,34,78.21,315,2,0.0,one-year,1,4,10.0,organic,C,black,75,0
CUST106206,32,148.57,497,4,7.4,month-to-month,0,4,6.7,partner,B,blue,27,1
CUST106207,42,112.2,324,4,1.3,two-year,0,3,8.6,ads,A,black,71,0
CUST106208,31,91.48,336,1,0.0,month-to-month,1,1,4.6,organic,A,red,30,0
CUST106209,50,33.16,435,2,10.6,month-to-month,0,2,4.7,organic,C,yellow,97,1
CUST106210,11,83.39,279,1,0.0,month-to-month,0,5,8.1,referral,B,white,44,0
CUST106211,54,27.85,402,2,6.8,month-to-month,1,1,5.6,ads,C,green,63,0
CUST106212,42,117.52,447,2,5.9,one-year,0,1,7.1,ads,A,yellow,77,0
CUST106213,27,29.82,131,5,12.1,one-year,0,2,3.6,partner,C,white,54,1
CUST106214,1,113.36,259,3,9.2,one-year,1,1,7.5,partner,A,blue,55,0
CUST106215,36,67.92,315,4,11.4,month-to-month,1,1,2.4,organic,B,yellow,80,1
CUST106216,21,26.66,702,4,7.6,two-year,1,3,10.0,ads,A,yellow,98,0
CUST106217,14,45.84,304,9,10.9,month-to-month,0,4,8.4,organic,B,red,67,1
CUST106218,30,100.42,448,3,6.6,month-to-month,0,2,5.9,ads,A,red,68,0
CUST106219,59,112.28,554,2,0.0,month-to-month,1,2,10.0,ads,C,green,2,0
CUST106220,60,112.0,348,2,0.0,one-year,1,1,7.6,referral,A,black,72,0
CUST106221,49,100.33,327,4,4.5,month-to-month,1,3,8.3,organic,C,white,67,0
CUST106222,47,77.29,453,7,3.2,month-to-month,0,3,6.1,referral,B,green,53,0
CUST106223,62,79.29,307,0,7.1,month-to-month,1,4,7.0,ads,A,green,76,0
CUST106224,48,21.81,509,2,2.1,two-year,1,4,1.0,organic,C,red,34,0
CUST106225,16,52.84,541,5,0.4,one-year,0,4,5.5,referral,C,green,59,0
CUST106226,8,108.81,444,2,7.8,month-to-month,0,1,4.9,partner,A,black,5,1
CUST106227,54,94.87,555,1,0.0,month-to-month,1,5,9.5,organic,A,red,31,0
CUST106228,59,116.87,533,1,9.3,two-year,0,4,7.8,ads,C,black,10,0
CUST106229,39,30.61,304,0,6.3,month-to-month,0,2,7.4,ads,C,blue,15,0
CUST106230,32,104.2,136,7,5.7,one-year,0,2,6.1,ads,A,blue,1,0
CUST106231,45,26.93,99,2,7.2,two-year,1,2,5.3,organic,C,yellow,2,0
CUST106232,16,43.31,499,3,8.3,one-year,1,2,8.1,ads,B,red,93,0
CUST106233,22,149.7,324,7,12.4,month-to-month,0,3,1.0,ads,C,white,39,1
CUST106234,29,121.86,389,5,3.1,month-to-month,1,2,6.2,partner,A,green,49,0
CUST106235,72,96.9,556,1,1.3,month-to-month,0,4,7.2,referral,A,green,61,0
CUST106236,6,88.46,364,1,1.0,month-to-month,1,1,8.0,ads,A,red,65,1
CUST106237,63,126.28,375,2,3.2,month-to-month,1,2,5.6,organic,A,green,35,0
CUST106238,22,66.09,373,4,13.4,month-to-month,0,2,6.3,ads,A,blue,14,0
CUST106239,35,31.84,317,1,5.9,one-year,0,6,8.7,organic,A,white,1,0
CUST106240,36,124.47,357,3,4.2,month-to-month,1,3,3.5,organic,A,green,49,0
CUST106241,14,80.96,578,2,14.9,one-year,0,2,4.8,organic,B,black,60,1
CUST106242,51,137.03,297,2,0.0,month-to-month,1,2,7.7,ads,A,green,32,1
CUST106243,36,80.65,465,4,2.6,month-to-month,1,3,9.6,organic,A,green,80,0
CUST106244,18,88.92,520,3,4.6,one-year,1,2,6.8,organic,B,yellow,95,0
CUST106245,49,116.27,573,2,1.7,month-to-month,0,5,6.8,partner,B,blue,34,0
CUST106246,29,40.09,630,4,4.0,one-year,0,1,5.4,referral,C,white,70,0
CUST106247,32,31.26,392,3,4.4,one-year,0,1,9.3,organic,A,black,67,0
CUST106248,1,54.02,495,5,8.3,month-to-month,0,2,3.8,ads,A,blue,6,1
CUST106249,41,135.02,459,2,0.0,month-to-month,0,4,5.1,organic,C,green,59,0
CUST106250,49,131.08,597,7,13.0,month-to-month,1,1,2.9,partner,C,yellow,23,1
CUST106251,19,35.5,416,5,5.5,month-to-month,0,4,6.8,referral,A,black,75,1
CUST106252,57,146.47,613,1,0.0,one-year,1,4,8.2,referral,C,green,47,0
CUST106253,43,52.39,529,4,0.0,one-year,0,2,10.0,referral,A,black,54,0
CUST106254,26,125.14,366,2,13.1,one-year,1,1,4.2,ads,B,blue,25,1
CUST106255,43,117.31,300,8,20.5,month-to-month,0,2,3.2,partner,C,blue,19,1
CUST106256,50,130.06,365,1,1.2,two-year,0,4,8.9,referral,A,red,43,0
CUST106257,25,135.85,381,4,5.6,one-year,0,1,3.2,organic,A,white,69,1
CUST106258,38,46.51,266,2,8.3,month-to-month,1,2,1.0,organic,C,red,69,1
CUST106259,46,96.96,428,3,3.8,one-year,0,1,6.3,ads,C,yellow,36,0
CUST106260,56,30.57,408,1,2.0,month-to-month,1,4,7.3,referral,A,blue,43,0
CUST106261,43,31.26,231,4,3.1,one-year,0,3,7.9,organic,B,green,78,0
CUST106262,64,109.51,220,3,4.3,month-to-month,0,2,6.0,ads,A,white,6,0
CUST106263,38,97.71,480,5,2.7,one-year,0,6,7.4,organic,B,yellow,26,0
CUST106264,22,108.06,468,1,4.9,month-to-month,0,4,8.4,partner,B,white,15,0
CUST106265,28,20.29,352,4,7.4,month-to-month,0,4,5.7,ads,A,black,72,1
CUST106266,11,31.76,305,1,3.0,month-to-month,1,2,5.8,ads,A,green,44,0
CUST106267,60,32.41,523,3,9.3,month-to-month,0,3,5.0,organic,B,white,92,0
CUST106268,12,47.54,305,3,9.7,month-to-month,1,5,7.6,ads,A,yellow,63,1
CUST106269,42,84.35,515,1,1.0,one-year,0,2,8.0,referral,C,white,92,0
CUST106270,29,96.01,610,3,3.6,two-year,1,3,5.1,referral,A,green,34,0
CUST106271,72,89.46,538,0,1.6,one-year,1,6,8.4,referral,B,green,81,0
CUST106272,7,67.94,255,1,1.7,one-year,1,1,6.0,referral,A,black,36,0
CUST106273,10,88.72,312,2,10.7,month-to-month,1,4,2.5,ads,B,red,54,1
CUST106274,29,74.56,356,0,9.9,one-year,1,4,6.5,partner,B,white,17,1
CUST106275,34,110.21,432,3,8.9,two-year,0,3,6.3,organic,C,blue,39,0
CUST106276,39,133.5,441,1,0.4,two-year,1,4,8.1,organic,B,red,22,0
CUST106277,33,91.56,286,1,3.7,two-year,1,3,5.2,partner,B,green,3,0
CUST106278,3,102.49,548,4,0.0,month-to-month,0,3,3.5,organic,C,red,22,1
CUST106279,42,122.33,499,1,1.2,month-to-month,0,2,6.9,ads,B,black,34,0
CUST106280,3,121.29,402,1,0.0,one-year,0,4,6.3,ads,B,yellow,94,0
CUST106281,38,127.18,360,3,0.0,one-year,0,3,9.9,referral,B,yellow,61,0
CUST106282,38,56.44,464,2,0.0,month-to-month,1,3,9.3,partner,A,green,85,0
CUST106283,63,49.46,388,4,0.0,month-to-month,0,3,9.0,partner,A,green,30,0
CUST106284,55,122.86,428,7,5.7,month-to-month,1,2,5.3,partner,B,green,69,0
CUST106285,24,116.66,447,2,11.3,one-year,0,5,1.9,referral,A,white,64,1
CUST106286,44,42.15,312,5,11.8,one-year,0,4,3.5,ads,B,yellow,81,1
CUST106287,40,40.74,699,1,0.0,one-year,1,4,6.4,ads,C,yellow,8,0
CUST106288,39,33.11,341,1,1.4,month-to-month,1,2,8.2,referral,C,red,61,0
CUST106289,58,56.12,343,5,1.7,month-to-month,1,2,6.0,referral,A,blue,99,0
CUST106290,41,112.14,277,2,5.3,month-to-month,1,5,7.3,ads,A,white,67,0
CUST106291,54,132.82,391,2,4.8,month-to-month,1,2,9.2,referral,A,green,59,0
CUST106292,52,149.6,614,2,0.5,one-year,1,4,9.3,organic,A,yellow,44,0
CUST106293,45,130.91,292,1,0.0,one-year,1,3,6.6,ads,C,blue,53,0
CUST106294,21,147.65,438,11,7.8,month-to-month,0,3,5.2,ads,A,blue,3,1
CUST106295,24,39.06,550,3,7.2,two-year,1,4,8.1,partner,C,black,40,0
CUST106296,21,67.64,241,3,14.8,month-to-month,0,3,5.5,partner,A,green,71,1
CUST106297,32,46.45,442,4,4.9,month-to-month,0,1,7.1,ads,B,green,85,0
CUST106298,30,57.16,467,1,5.6,one-year,1,3,7.4,partner,A,green,70,0
CUST106299,43,34.26,587,7,6.9,month-to-month,0,3,3.2,ads,B,green,34,0
CUST106300,39,132.13,436,3,0.0,one-year,1,3,6.0,ads,B,blue,79,0
CUST106301,6,27.44,470,2,2.4,month-to-month,1,1,4.3,ads,A,white,26,0
CUST106302,28,74.99,211,3,2.4,one-year,1,3,10.0,ads,B,yellow,60,0
CUST106303,47,35.37,515,3,0.0,month-to-month,1,2,7.6,referral,B,yellow,77,0
CUST106304,5,78.8,632,3,4.2,month-to-month,0,1,1.8,partner,B,white,28,0
CUST106305,53,54.15,554,0,3.8,month-to-month,1,4,8.8,referral,B,green,91,0
CUST106306,16,107.29,383,4,6.7,two-year,0,1,6.2,ads,C,black,64,0
CUST106307,37,137.32,403,4,1.5,month-to-month,0,3,7.7,ads,B,black,77,0
CUST106308,51,32.82,419,3,0.0,one-year,1,2,6.0,referral,A,black,4,0
CUST106309,39,23.62,679,2,0.0,month-to-month,1,5,8.3,referral,B,blue,73,0
CUST106310,23,80.71,617,3,2.2,one-year,0,2,4.7,referral,A,yellow,46,0
CUST106311,51,28.59,321,0,0.6,two-year,0,4,7.7,ads,C,yellow,53,1
CUST106312,42,38.13,307,6,4.9,month-to-month,0,3,3.7,partner,C,blue,86,1
CUST106313,48,106.31,572,3,0.0,month-to-month,1,5,9.4,referral,B,black,11,0
CUST106314,58,120.44,392,1,0.0,month-to-month,1,4,8.7,referral,A,blue,38,0
CUST106315,33,78.63,478,3,2.0,one-year,1,6,5.7,referral,B,red,34,0
CUST106316,72,102.76,466,0,2.7,two-year,1,6,8.3,referral,A,yellow,45,0
CUST106317,64,138.46,611,4,6.2,month-to-month,1,3,9.1,ads,B,white,45,0
CUST106318,36,81.82,283,0,0.0,month-to-month,0,1,9.9,referral,C,blue,49,0
CUST106319,17,148.65,476,6,0.0,month-to-month,1,2,7.9,partner,A,green,61,0
CUST106320,53,24.13,611,1,0.0,one-year,1,5,8.4,referral,A,yellow,2,0
CUST106321,49,42.75,716,6,5.4,month-to-month,0,1,9.2,organic,C,yellow,77,0
CUST106322,30,59.09,493,4,1.0,one-year,0,1,3.9,organic,A,red,73,1
CUST106323,36,105.75,323,2,2.1,one-year,1,4,9.8,referral,A,black,79,0
CUST106324,28,32.2,407,3,10.2,one-year,0,1,5.0,partner,B,white,37,0
CUST106325,28,98.72,378,7,10.6,month-to-month,1,2,3.9,organic,B,green,57,1
CUST106326,24,82.63,567,9,4.6,month-to-month,0,2,7.0,partner,B,white,99,0
CUST106327,53,35.7,494,3,9.5,one-year,1,2,7.2,referral,A,yellow,84,0
CUST106328,70,109.39,523,3,0.0,two-year,1,6,7.8,ads,C,black,16,0
CUST106329,41,71.71,437,2,0.1,one-year,1,2,5.8,organic,C,red,47,0
CUST106330,51,132.33,465,1,1.4,month-to-month,0,5,4.9,organic,C,blue,99,1
CUST106331,32,27.09,407,8,11.2,month-to-month,1,4,5.8,ads,A,blue,97,0
CUST106332,18,39.79,405,1,0.0,two-year,1,2,4.0,partner,A,blue,34,1
CUST106333,18,89.85,217,0,9.3,one-year,0,5,9.4,organic,C,blue,75,0
CUST106334,31,137.23,433,5,0.0,one-year,0,2,5.8,partner,C,black,48,1
CUST106335,30,136.29,527,0,0.0,two-year,0,3,9.0,referral,B,black,62,0
CUST106336,32,26.61,506,5,0.6,one-year,0,4,4.3,ads,B,white,11,0
CUST106337,58,46.97,449,4,1.1,one-year,1,1,7.1,organic,A,yellow,64,0
CUST106338,70,120.9,420,1,5.2,month-to-month,1,3,8.5,referral,C,yellow,45,0
CUST106339,30,59.94,347,4,5.6,month-to-month,1,4,8.8,ads,A,yellow,63,0
CUST106340,26,122.74,385,5,8.0,month-to-month,0,3,2.4,partner,A,blue,69,1
CUST106341,32,121.11,570,4,9.2,month-to-month,0,5,5.1,organic,B,black,40,0
CUST106342,51,95.27,499,3,3.2,month-to-month,1,1,7.3,ads,A,blue,2,0
CUST106343,54,121.06,418,5,6.0,one-year,1,3,6.5,ads,C,black,70,0
CUST106344,10,114.91,549,3,0.0,month-to-month,1,2,7.1,referral,B,yellow,88,1
CUST106345,44,106.95,618,4,7.6,one-year,0,2,6.0,referral,C,yellow,55,0
CUST106346,11,106.48,507,2,3.3,one-year,0,2,8.6,referral,A,red,38,0
CUST106347,72,118.41,503,1,0.0,month-to-month,1,4,10.0,ads,B,black,57,0
CUST106348,29,46.18,327,2,6.1,one-year,1,1,4.9,ads,B,yellow,22,0
CUST106349,15,55.22,518,3,5.8,month-to-month,0,2,6.2,organic,B,black,12,1
CUST106350,66,44.48,421,0,0.0,month-to-month,1,5,10.0,organic,C,white,24,0
CUST106351,19,38.94,407,2,0.0,month-to-month,0,4,7.3,ads,A,white,49,0
CUST106352,28,125.31,543,7,13.0,month-to-month,0,4,6.0,organic,A,yellow,4,1
CUST106353,60,146.66,391,1,0.0,month-to-month,1,4,5.7,referral,C,white,60,0
CUST106354,1,24.54,299,4,8.7,month-to-month,1,1,2.3,ads,B,blue,26,1
CUST106355,61,103.86,569,4,3.9,month-to-month,1,2,4.3,ads,C,white,57,0
CUST106356,72,92.13,449,2,0.0,two-year,1,4,10.0,referral,C,white,12,0
CUST106357,4,42.18,329,5,6.7,month-to-month,0,1,5.3,partner,B,blue,38,0
CUST106358,13,58.4,426,4,14.2,one-year,0,2,2.5,organic,A,blue,22,1
CUST106359,44,34.45,469,3,16.0,month-to-month,0,1,3.0,partner,C,blue,41,1
CUST106360,65,101.95,311,1,7.8,one-year,0,4,9.3,ads,B,black,25,0
CUST106361,44,131.83,391,1,1.6,two-year,1,2,9.8,organic,C,yellow,25,0
CUST106362,42,121.66,417,4,3.2,month-to-month,1,4,7.2,ads,B,white,31,0
CUST106363,72,43.93,161,1,0.0,one-year,1,3,6.8,ads,A,black,7,0
CUST106364,54,24.05,645,2,0.0,month-to-month,1,4,9.1,organic,A,yellow,38,0
CUST106365,48,86.96,635,0,0.0,two-year,1,4,9.4,ads,B,black,38,0
CUST106366,36,94.79,439,3,6.4,one-year,1,1,4.4,organic,A,green,74,0
CUST106367,12,48.2,453,5,10.0,month-to-month,1,2,1.4,ads,C,blue,32,1
CUST106368,18,35.79,456,5,6.4,month-to-month,0,2,6.0,referral,B,green,65,0
CUST106369,38,134.89,302,6,4.0,two-year,0,2,6.2,organic,A,blue,39,0
CUST106370,14,59.02,490,2,6.6,month-to-month,1,1,7.1,ads,A,yellow,97,1
CUST106371,24,85.82,317,4,5.6,month-to-month,1,2,7.6,organic,C,black,16,1
CUST106372,61,81.01,178,1,0.0,one-year,1,3,10.0,organic,A,blue,57,0
CUST106373,25,143.29,412,4,0.0,two-year,1,3,7.0,organic,A,red,78,0
CUST106374,47,70.95,399,4,3.9,month-to-month,0,3,7.4,organic,B,yellow,31,0
CUST106375,19,138.54,636,7,3.4,two-year,0,4,9.5,referral,A,green,63,0
CUST106376,14,64.96,335,6,0.0,month-to-month,0,6,6.5,ads,A,black,73,0
CUST106377,29,138.53,393,1,1.9,month-to-month,0,4,6.8,organic,A,white,66,0
CUST106378,51,20.18,374,0,0.0,two-year,1,6,7.3,organic,B,white,5,0
CUST106379,57,48.51,344,3,0.0,month-to-month,0,2,10.0,referral,C,white,33,0
CUST106380,62,70.19,308,2,0.0,one-year,1,4,9.8,referral,C,yellow,85,0
CUST106381,15,132.45,331,5,6.6,month-to-month,0,4,5.2,partner,C,white,50,1
CUST106382,39,129.22,452,3,0.0,one-year,0,3,5.3,organic,C,yellow,3,1
CUST106383,21,58.14,312,1,6.5,one-year,0,3,5.4,referral,B,blue,32,0
CUST106384,43,85.86,717,3,0.0,month-to-month,0,4,4.8,referral,C,black,11,0
CUST106385,33,90.98,401,0,0.0,one-year,1,2,10.0,ads,A,blue,86,0
CUST106386,37,147.89,734,6,5.5,two-year,1,5,7.8,ads,B,red,81,0
CUST106387,17,64.73,343,9,11.6,one-year,0,1,3.8,ads,B,red,88,1
CUST106388,34,144.03,190,2,0.0,month-to-month,1,3,6.1,referral,A,yellow,8,0
CUST106389,48,85.51,486,3,4.5,month-to-month,1,2,8.0,referral,A,green,98,0
CUST106390,15,105.06,338,9,9.0,month-to-month,0,2,2.7,ads,B,yellow,7,1
CUST106391,54,107.86,309,1,3.0,two-year,1,3,6.1,organic,B,blue,60,0
CUST106392,1,96.45,203,3,4.3,month-to-month,0,2,1.8,ads,B,blue,2,1
CUST106393,27,101.9,379,2,5.4,month-to-month,0,1,5.9,ads,A,blue,46,1
CUST106394,14,136.71,589,1,6.3,one-year,1,1,5.6,ads,A,black,19,0
CUST106395,59,74.15,443,3,10.6,two-year,1,3,9.7,organic,A,yellow,90,0
CUST106396,49,106.76,405,0,5.7,month-to-month,1,4,6.4,partner,C,white,73,0
CUST106397,28,52.34,382,2,7.8,month-to-month,0,1,4.0,ads,A,blue,78,0
CUST106398,36,113.88,608,2,6.1,month-to-month,0,5,5.0,referral,C,red,25,0
CUST106399,32,148.61,393,5,11.8,one-year,0,1,6.3,ads,B,black,21,1
CUST106400,17,125.38,299,1,0.0,two-year,1,4,8.6,partner,B,blue,41,0
CUST106401,1,33.15,388,7,9.1,two-year,1,3,5.3,ads,A,green,61,1
CUST106402,12,103.88,437,4,5.5,one-year,0,2,3.6,organic,C,white,41,1
CUST106403,42,72.32,353,4,0.0,month-to-month,1,4,5.1,organic,C,yellow,85,1
CUST106404,52,71.24,133,4,0.0,one-year,0,1,6.3,referral,A,white,45,0
CUST106405,7,71.26,381,1,0.0,one-year,0,4,10.0,referral,A,blue,50,0
CUST106406,55,109.65,505,0,4.2,month-to-month,0,1,6.9,referral,C,black,94,0
CUST106407,42,26.94,351,2,7.7,month-to-month,1,3,4.3,ads,C,red,40,0
CUST106408,7,71.07,352,4,0.0,one-year,0,4,6.6,ads,A,blue,99,1
CUST106409,40,29.71,533,4,0.0,two-year,1,2,5.3,ads,A,black,84,0
CUST106410,58,138.49,518,3,3.5,month-to-month,1,6,6.2,organic,C,red,34,0
CUST106411,44,27.32,378,7,3.7,two-year,0,4,8.1,ads,A,yellow,30,0
CUST106412,31,37.6,358,6,9.9,month-to-month,0,3,5.2,partner,B,red,85,0
CUST106413,19,65.78,221,3,1.2,two-year,0,3,9.0,ads,A,green,56,1
CUST106414,34,101.47,446,0,3.9,one-year,1,3,7.0,ads,C,white,5,0
CUST106415,14,88.04,374,6,0.0,month-to-month,0,4,7.1,partner,C,red,98,0
CUST106416,46,84.42,658,4,16.2,one-year,0,5,3.5,partner,A,black,57,0
CUST106417,63,22.75,503,3,1.2,one-year,1,3,8.3,organic,C,white,20,0
CUST106418,72,105.57,569,2,4.4,two-year,1,3,6.6,partner,B,black,17,0
CUST106419,26,68.53,299,3,0.4,month-to-month,1,3,6.2,partner,B,black,22,0
CUST106420,11,112.58,470,2,5.1,month-to-month,0,4,2.5,ads,C,green,29,1
CUST106421,24,74.91,426,3,8.5,month-to-month,0,1,4.9,partner,A,blue,99,1
CUST106422,72,128.08,351,1,0.0,two-year,1,2,10.0,referral,A,green,95,0
CUST106423,32,46.39,369,1,4.7,one-year,1,1,4.7,organic,B,black,6,0
CUST106424,31,109.01,159,7,2.5,one-year,0,4,3.3,ads,A,blue,85,0
CUST106425,44,137.89,577,2,0.0,one-year,1,4,5.0,organic,B,red,78,0
CUST106426,27,36.29,200,4,10.9,month-to-month,0,1,10.0,ads,A,black,46,0
CUST106427,44,142.71,433,3,0.0,month-to-month,1,6,9.6,organic,B,black,75,0
CUST106428,50,75.75,503,2,3.6,one-year,1,2,8.0,referral,B,yellow,60,0
CUST106429,28,73.74,583,4,2.0,two-year,0,2,5.9,referral,B,yellow,57,0
CUST106430,28,35.51,635,5,5.3,month-to-month,0,1,6.0,partner,A,black,8,1
CUST106431,19,135.89,505,5,10.3,month-to-month,0,2,1.4,partner,A,red,63,1
CUST106432,45,105.08,464,2,7.6,month-to-month,0,4,3.3,organic,C,yellow,6,1
CUST106433,7,132.08,623,9,11.1,month-to-month,0,3,4.2,organic,A,red,21,1
CUST106434,32,112.34,367,4,10.1,month-to-month,1,3,5.4,organic,C,black,29,1
CUST106435,20,79.17,339,5,4.2,month-to-month,1,3,5.3,ads,B,black,62,0
CUST106436,23,79.95,427,3,8.5,month-to-month,1,2,5.1,ads,C,red,78,1
CUST106437,25,130.36,314,2,3.8,one-year,0,3,4.3,referral,B,blue,14,0
CUST106438,46,81.65,321,4,2.8,one-year,1,4,10.0,partner,A,red,63,0
CUST106439,59,39.67,478,4,0.0,one-year,1,3,8.6,ads,B,green,51,0
CUST106440,1,66.45,412,5,5.6,month-to-month,0,1,1.4,ads,B,red,79,1
CUST106441,42,126.58,342,5,5.7,month-to-month,0,4,1.8,referral,A,green,64,1
CUST106442,12,23.38,431,1,9.0,one-year,0,1,3.2,organic,C,yellow,22,1
CUST106443,54,85.73,470,1,5.8,one-year,0,4,9.1,ads,A,green,16,0
CUST106444,32,63.43,351,2,1.8,one-year,1,6,8.6,ads,A,yellow,12,0
CUST106445,43,71.14,492,3,6.5,one-year,1,2,5.0,partner,A,yellow,55,0
CUST106446,41,55.84,405,4,8.4,month-to-month,0,2,4.3,referral,C,black,28,0
CUST106447,39,116.43,518,5,9.3,month-to-month,1,3,4.2,ads,A,yellow,85,1
CUST106448,21,142.75,448,8,10.1,month-to-month,0,2,2.4,organic,A,blue,51,1
CUST106449,29,65.68,174,1,0.0,month-to-month,0,3,5.2,ads,B,yellow,59,1
CUST106450,23,79.44,499,4,0.6,one-year,0,3,5.4,ads,B,yellow,63,0
CUST106451,59,110.62,501,3,5.4,month-to-month,0,3,10.0,organic,C,blue,74,0
CUST106452,11,80.79,271,4,14.1,one-year,0,3,3.5,organic,B,white,99,1
CUST106453,50,90.62,366,7,11.2,month-to-month,0,4,6.7,organic,C,red,66,1
CUST106454,13,92.82,361,3,6.8,month-to-month,1,2,5.6,ads,B,blue,68,1
CUST106455,31,103.35,329,5,5.7,one-year,0,1,3.1,partner,C,yellow,49,1
CUST106456,53,75.09,240,4,10.5,month-to-month,0,4,3.2,ads,B,white,34,0
CUST106457,37,39.33,515,1,3.4,two-year,1,4,9.9,ads,C,black,35,0
CUST106458,29,70.7,486,5,0.0,month-to-month,0,1,3.8,ads,A,green,16,1
CUST106459,53,132.07,535,4,3.8,month-to-month,1,4,6.6,ads,A,red,78,0
CUST106460,46,58.34,401,2,4.9,month-to-month,1,1,9.6,partner,A,blue,72,0
CUST106461,16,94.28,572,4,3.2,month-to-month,1,2,6.4,partner,B,green,78,0
CUST106462,26,30.85,228,3,2.1,month-to-month,0,3,6.4,referral,C,black,1,0
CUST106463,40,111.98,474,4,3.3,month-to-month,1,3,8.9,partner,C,red,66,0
CUST106464,43,71.17,549,7,6.8,month-to-month,1,3,4.6,organic,B,red,30,0
CUST106465,42,43.28,300,7,5.3,month-to-month,0,5,9.5,referral,C,yellow,69,0
CUST106466,27,122.21,364,1,13.6,month-to-month,0,4,1.5,ads,A,black,25,1
CUST106467,24,147.57,245,3,9.2,month-to-month,1,3,5.5,organic,B,white,38,0
CUST106468,53,57.08,520,1,4.2,month-to-month,0,3,3.5,ads,A,red,83,0
CUST106469,30,32.33,306,2,5.4,month-to-month,1,5,5.8,ads,C,black,84,0
CUST106470,21,45.81,420,6,7.1,two-year,1,4,6.1,ads,B,blue,41,0
CUST106471,18,117.38,361,2,2.5,month-to-month,1,4,8.5,ads,B,red,14,0
CUST106472,8,53.79,298,1,1.4,two-year,1,2,8.0,ads,C,blue,38,0
CUST106473,1,44.58,379,5,6.2,month-to-month,0,4,2.0,ads,A,blue,67,1
CUST106474,26,120.85,461,5,3.3,month-to-month,0,1,3.0,organic,B,yellow,89,1
CUST106475,63,68.62,433,1,7.3,one-year,1,1,8.1,organic,A,yellow,37,0
CUST106476,59,79.17,250,2,2.0,month-to-month,0,5,7.0,referral,B,red,8,1
CUST106477,33,145.51,471,1,8.9,month-to-month,0,1,5.1,partner,A,green,34,1
CUST106478,31,100.57,464,2,4.2,month-to-month,0,2,8.5,organic,B,white,39,0
CUST106479,51,55.92,559,3,10.7,month-to-month,1,3,5.4,ads,A,red,13,0
CUST106480,49,46.05,276,1,9.0,month-to-month,1,3,6.7,organic,A,yellow,64,0
CUST106481,39,83.66,556,8,10.0,month-to-month,0,4,2.9,partner,A,white,1,1
CUST106482,24,122.86,316,5,6.5,one-year,0,3,10.0,referral,B,white,95,0
CUST106483,52,40.73,234,3,4.1,two-year,1,1,7.1,organic,B,blue,89,0
CUST106484,58,88.34,497,1,0.0,month-to-month,1,4,9.6,referral,C,white,33,0
CUST106485,72,107.47,500,1,0.0,two-year,1,4,10.0,referral,A,green,80,0
CUST106486,3,33.96,534,3,3.4,month-to-month,1,3,7.7,organic,C,black,18,0
CUST106487,33,115.7,314,5,0.0,one-year,0,2,5.2,partner,A,red,39,0
CUST106488,39,130.62,317,3,0.0,one-year,1,4,7.8,referral,A,blue,75,0
CUST106489,45,110.96,348,1,0.0,two-year,1,4,5.9,referral,B,red,74,0
CUST106490,15,37.79,401,3,7.0,month-to-month,1,3,7.3,referral,A,black,88,0
CUST106491,25,53.5,530,4,3.6,month-to-month,1,4,4.9,ads,B,red,25,0
CUST106492,48,44.75,286,3,8.1,one-year,1,4,8.9,ads,A,yellow,23,0
CUST106493,24,135.34,469,4,0.9,one-year,1,4,7.4,ads,B,red,67,0
CUST106494,2,104.85,457,3,3.7,two-year,1,1,6.3,ads,A,blue,63,1
CUST106495,48,87.89,361,4,0.0,month-to-month,1,5,8.8,referral,B,blue,81,0
CUST106496,61,87.25,520,2,1.4,one-year,1,3,2.8,referral,B,blue,61,0
CUST106497,53,119.57,576,4,0.0,month-to-month,1,3,7.5,referral,B,blue,46,0
CUST106498,52,74.19,564,2,1.2,month-to-month,1,3,3.1,partner,C,yellow,44,0
CUST106499,30,50.61,399,4,5.3,one-year,0,2,6.4,organic,B,blue,54,0
CUST106500,50,102.08,484,0,0.0,one-year,1,3,7.8,organic,A,red,17,1
CUST106501,8,132.94,385,4,5.5,one-year,0,4,7.1,ads,C,blue,50,1
CUST106502,18,81.33,380,5,2.8,one-year,1,5,7.5,ads,C,black,75,0
CUST106503,47,66.94,389,9,3.2,one-year,0,2,3.6,ads,C,black,6,0
CUST106504,66,22.04,280,1,3.4,two-year,1,3,9.8,ads,C,red,61,0
CUST106505,12,148.99,267,2,8.5,one-year,1,2,5.5,ads,B,yellow,79,1
CUST106506,54,65.27,296,0,0.0,two-year,1,1,7.5,organic,A,black,9,0
CUST106507,40,133.79,477,2,1.7,one-year,1,4,7.9,ads,B,black,64,0
CUST106508,17,89.24,530,7,7.2,one-year,0,3,7.6,ads,B,blue,41,0
CUST106509,47,25.56,214,2,1.1,one-year,0,3,10.0,referral,C,black,94,0
CUST106510,60,66.07,323,2,0.0,month-to-month,0,6,9.8,partner,B,black,45,0
CUST106511,59,51.44,218,2,0.0,one-year,0,1,10.0,referral,A,white,10,0
CUST106512,33,71.9,400,2,2.1,one-year,0,4,4.0,ads,A,blue,88,0
CUST106513,31,73.21,431,7,8.3,month-to-month,1,1,4.7,ads,A,green,76,1
CUST106514,35,102.41,410,2,1.2,month-to-month,1,5,7.0,organic,B,yellow,72,0
CUST106515,42,102.2,615,3,3.0,month-to-month,0,4,8.2,partner,A,red,90,1
CUST106516,63,114.07,261,0,3.1,one-year,1,3,7.3,referral,B,red,55,0
CUST106517,39,134.05,233,2,4.1,one-year,1,4,9.9,organic,B,yellow,50,0
CUST106518,3,91.33,311,6,8.0,month-to-month,0,2,1.0,ads,C,green,11,1
CUST106519,45,56.29,368,1,2.2,month-to-month,1,3,6.8,partner,C,blue,48,0
CUST106520,25,139.51,599,5,1.2,month-to-month,0,4,6.3,partner,B,white,22,0
CUST106521,47,128.78,493,4,0.0,month-to-month,1,4,4.8,ads,A,blue,78,0
CUST106522,15,72.61,401,5,2.9,month-to-month,1,4,4.8,organic,A,green,65,1
CUST106523,40,75.3,561,2,0.8,one-year,0,3,9.1,referral,C,green,49,0
CUST106524,59,78.04,401,0,0.0,month-to-month,0,6,10.0,ads,B,green,49,0
CUST106525,22,72.35,359,4,5.3,two-year,1,2,3.1,partner,A,black,1,0
CUST106526,8,141.73,440,3,7.6,one-year,0,2,6.3,partner,A,green,37,0
CUST106527,36,46.78,262,3,1.3,one-year,1,3,6.2,referral,A,white,90,0
CUST106528,11,108.14,302,1,3.2,month-to-month,1,4,6.7,organic,B,yellow,59,0
CUST106529,7,41.33,627,2,4.5,two-year,1,2,4.7,partner,A,green,60,0
CUST106530,54,24.17,483,2,0.0,one-year,1,3,5.0,ads,B,white,66,0
CUST106531,38,31.47,510,0,3.2,month-to-month,0,1,10.0,ads,C,green,8,0
CUST106532,72,24.73,368,5,0.0,month-to-month,1,1,10.0,referral,C,white,14,0
CUST106533,33,125.7,397,0,0.0,one-year,1,5,8.2,referral,C,blue,72,0
CUST106534,26,148.98,605,3,1.4,month-to-month,0,4,4.6,partner,B,green,17,1
CUST106535,52,142.73,303,3,0.0,one-year,1,6,6.6,organic,A,yellow,70,0
CUST106536,7,22.47,452,6,2.5,two-year,0,3,1.0,partner,A,blue,14,1
CUST106537,60,125.78,558,2,0.0,one-year,0,2,8.2,ads,B,blue,22,0
CUST106538,37,63.54,292,5,4.4,month-to-month,1,1,7.1,referral,C,green,2,0
CUST106539,1,30.91,315,3,5.6,one-year,1,1,5.2,organic,A,yellow,12,0
CUST106540,39,72.14,326,3,3.1,month-to-month,0,4,6.8,ads,C,blue,88,0
CUST106541,10,87.64,415,6,13.0,month-to-month,0,1,2.7,ads,A,yellow,62,1
CUST106542,6,79.51,401,5,10.9,one-year,0,3,2.3,partner,A,blue,88,1
CUST106543,12,33.85,334,1,1.3,two-year,0,4,5.3,organic,A,blue,95,0
CUST106544,41,142.05,448,5,4.0,month-to-month,0,4,6.3,referral,A,yellow,62,0
CUST106545,65,138.89,371,7,4.1,month-to-month,1,1,7.2,ads,B,white,9,0
CUST106546,11,110.52,380,6,8.3,month-to-month,0,4,6.6,organic,B,white,56,1
CUST106547,50,55.91,566,3,4.6,month-to-month,0,5,4.9,ads,B,yellow,33,1
CUST106548,29,106.06,439,2,0.0,month-to-month,1,2,5.2,organic,C,white,75,0
CUST106549,46,42.58,490,3,1.3,month-to-month,0,3,7.4,ads,A,yellow,88,1
CUST106550,47,61.31,443,4,2.1,one-year,1,2,10.0,partner,A,black,75,0
CUST106551,50,142.29,334,0,1.7,two-year,1,4,6.5,partner,A,white,62,0
CUST106552,36,23.16,416,2,6.6,one-year,0,4,8.7,organic,A,black,79,0
CUST106553,38,61.16,325,5,2.5,month-to-month,1,2,7.8,partner,A,yellow,98,0
CUST106554,61,82.69,424,4,2.7,month-to-month,0,4,5.4,partner,B,red,23,0
CUST106555,24,129.04,553,4,17.5,month-to-month,0,4,3.1,ads,C,red,27,1
CUST106556,27,134.39,260,2,0.0,one-year,1,1,7.4,partner,B,blue,29,0
CUST106557,46,107.89,339,1,0.0,month-to-month,1,4,8.8,referral,B,blue,28,0
CUST106558,72,66.79,523,2,6.2,one-year,1,4,8.8,ads,C,white,37,0
CUST106559,55,147.28,380,2,7.4,month-to-month,1,4,10.0,organic,A,yellow,61,0
CUST106560,23,23.14,293,2,10.7,one-year,0,2,6.3,ads,B,green,12,1
CUST106561,35,145.27,235,2,1.2,month-to-month,1,4,6.4,referral,A,black,49,0
CUST106562,6,143.12,367,1,2.9,two-year,1,1,6.3,organic,A,blue,81,0
CUST106563,59,71.26,431,2,0.0,one-year,1,6,9.1,referral,A,yellow,72,0
CUST106564,46,45.23,519,2,5.7,one-year,0,3,8.7,organic,A,white,20,0
CUST106565,39,123.91,557,2,5.6,month-to-month,1,3,7.2,ads,A,blue,35,0
CUST106566,53,108.04,377,2,1.7,two-year,0,2,8.0,organic,A,blue,46,0
CUST106567,16,103.09,477,3,0.0,two-year,0,5,3.7,ads,A,green,48,0
CUST106568,41,125.81,459,1,0.0,month-to-month,0,6,7.8,organic,A,yellow,39,0
CUST106569,59,48.34,418,3,1.2,month-to-month,1,4,10.0,ads,A,yellow,34,0
CUST106570,26,43.3,613,2,0.0,month-to-month,0,1,5.9,organic,A,white,53,0
CUST106571,46,138.04,9,6,0.3,one-year,1,2,5.3,ads,A,green,1,0
CUST106572,49,81.66,170,2,1.1,two-year,1,4,8.7,referral,A,red,79,0
CUST106573,35,109.33,377,2,6.4,two-year,1,2,3.5,partner,B,red,37,0
CUST106574,51,57.28,474,2,9.7,two-year,1,4,7.5,partner,B,green,71,0
CUST106575,49,84.97,660,3,4.4,one-year,1,5,8.3,partner,B,green,90,0
CUST106576,26,50.39,416,1,3.3,month-to-month,0,3,1.3,organic,B,white,9,0
CUST106577,2,98.82,474,0,8.0,one-year,1,1,7.9,ads,B,white,93,0
CUST106578,59,40.59,417,1,0.1,one-year,1,3,7.6,referral,C,yellow,96,0
CUST106579,12,39.35,534,9,2.9,month-to-month,0,1,3.9,ads,C,red,9,1
CUST106580,41,109.0,327,4,9.6,month-to-month,0,2,5.3,organic,B,red,95,0
CUST106581,49,71.97,411,3,2.5,two-year,1,5,7.6,referral,A,green,49,0
CUST106582,23,131.81,261,4,10.2,month-to-month,0,3,6.9,ads,C,white,40,1
CUST106583,15,64.82,343,5,9.1,month-to-month,0,3,4.9,organic,A,red,60,0
CUST106584,72,66.99,280,1,0.3,two-year,1,6,10.0,referral,A,black,5,0
CUST106585,20,48.29,343,3,6.0,month-to-month,0,3,9.0,partner,C,yellow,21,1
CUST106586,72,123.59,389,1,0.0,two-year,1,4,10.0,referral,B,black,39,0
CUST106587,22,142.31,454,2,3.8,month-to-month,0,3,4.6,referral,B,yellow,48,1
CUST106588,8,68.06,676,4,7.6,one-year,1,4,4.1,partner,B,yellow,52,1
CUST106589,41,75.88,554,1,8.2,month-to-month,1,6,7.6,partner,A,white,23,0
CUST106590,67,60.94,482,1,6.7,month-to-month,0,3,4.8,partner,A,red,88,0
CUST106591,1,20.57,170,4,7.6,month-to-month,0,4,3.6,referral,A,red,81,1
CUST106592,52,122.65,294,0,0.0,two-year,1,5,9.6,referral,A,black,9,0
CUST106593,36,66.34,429,2,5.4,month-to-month,0,4,7.2,ads,C,black,58,0
CUST106594,14,143.55,578,3,6.1,month-to-month,0,3,6.0,partner,C,yellow,23,0
CUST106595,58,36.25,391,0,0.0,month-to-month,0,4,8.1,partner,A,red,69,0
CUST106596,19,115.77,483,5,4.6,month-to-month,0,5,6.6,partner,C,black,67,0
CUST106597,20,137.35,251,2,5.8,month-to-month,0,1,6.0,organic,A,red,72,1
CUST106598,13,104.93,305,8,12.2,month-to-month,0,1,3.9,organic,C,red,73,1
CUST106599,40,96.9,386,0,0.0,one-year,1,5,7.6,partner,B,red,47,0
CUST106600,20,71.73,156,4,7.9,month-to-month,0,1,2.9,partner,C,red,84,1
CUST106601,31,76.96,498,3,5.5,one-year,0,5,7.8,ads,A,black,24,0
CUST106602,40,102.74,543,2,0.0,one-year,1,2,6.4,referral,B,white,76,1
CUST106603,46,80.1,514,5,0.9,month-to-month,0,4,3.9,partner,B,white,26,0
CUST106604,8,148.39,208,5,7.2,one-year,0,1,6.4,referral,B,green,25,1
CUST106605,12,79.88,404,3,8.9,month-to-month,1,3,6.6,ads,A,blue,8,0
CUST106606,61,136.45,309,1,0.0,month-to-month,1,1,1.0,partner,C,black,23,1
CUST106607,22,54.08,336,2,6.5,month-to-month,0,4,6.3,partner,B,green,90,0
CUST106608,46,106.5,70,4,6.7,one-year,0,3,6.5,organic,C,yellow,86,0
CUST106609,39,145.86,511,5,0.0,month-to-month,1,4,3.5,organic,A,blue,85,0
CUST106610,35,146.97,575,3,0.0,two-year,1,4,7.1,referral,A,yellow,92,0
CUST106611,28,66.68,98,1,0.6,month-to-month,0,5,5.9,referral,C,green,83,0
CUST106612,23,67.82,270,2,8.9,month-to-month,0,2,2.8,organic,A,white,97,0
CUST106613,72,40.36,466,0,1.5,one-year,0,4,9.1,referral,A,white,41,0
CUST106614,39,31.07,403,1,0.0,two-year,1,3,5.6,referral,C,green,64,0
CUST106615,35,53.7,416,1,2.2,two-year,1,3,4.3,ads,C,red,76,0
CUST106616,64,87.05,348,1,4.3,one-year,0,5,8.0,referral,B,black,73,0
CUST106617,69,102.59,497,2,1.1,two-year,1,5,10.0,partner,A,yellow,33,0
CUST106618,1,31.24,255,6,7.0,month-to-month,0,2,5.7,organic,B,black,53,1
CUST106619,35,101.45,514,3,2.5,two-year,1,4,8.0,referral,A,red,38,0
CUST106620,30,70.49,419,6,13.1,month-to-month,0,2,4.4,ads,A,yellow,83,1
CUST106621,38,32.05,406,1,0.0,one-year,1,5,5.5,organic,C,white,80,0
CUST106622,1,23.02,643,4,2.8,two-year,0,2,7.6,organic,B,blue,72,0
CUST106623,41,129.75,429,3,4.0,one-year,1,2,8.4,organic,C,yellow,99,0
CUST106624,25,128.17,422,13,4.1,one-year,1,3,7.0,ads,A,yellow,52,1
CUST106625,1,137.48,356,2,12.0,month-to-month,0,1,3.8,partner,A,red,50,1
CUST106626,15,136.07,368,5,7.2,month-to-month,1,3,8.0,ads,A,yellow,43,0
CUST106627,68,146.81,621,2,0.0,one-year,0,3,10.0,organic,B,blue,27,0
CUST106628,18,58.06,596,6,2.9,one-year,0,2,7.1,referral,C,red,60,1
CUST106629,28,64.06,396,5,5.3,one-year,1,1,6.6,ads,B,white,84,0
CUST106630,17,102.9,697,9,2.9,month-to-month,0,2,4.0,ads,C,black,84,1
CUST106631,32,72.76,352,5,0.5,one-year,0,3,5.3,referral,B,red,50,0
CUST106632,33,100.31,487,3,13.9,two-year,1,3,10.0,referral,C,green,49,0
CUST106633,24,55.06,470,2,7.0,month-to-month,1,4,8.2,referral,C,yellow,41,0
CUST106634,9,129.83,332,3,5.1,month-to-month,1,3,5.5,ads,A,white,82,1
CUST106635,24,105.88,472,2,0.0,month-to-month,0,3,9.8,organic,A,red,5,0
CUST106636,47,92.08,321,3,0.0,one-year,1,4,8.2,referral,C,white,16,0
CUST106637,21,104.35,585,2,12.2,month-to-month,0,2,3.8,ads,C,blue,58,1
CUST106638,30,31.75,454,4,0.5,month-to-month,0,3,7.5,ads,A,black,15,0
CUST106639,65,86.72,400,3,4.3,one-year,1,3,7.2,referral,B,blue,58,0
CUST106640,34,134.39,393,4,12.4,month-to-month,0,1,6.4,partner,B,black,7,0
CUST106641,70,94.01,473,1,0.0,month-to-month,0,4,6.7,organic,B,yellow,89,0
CUST106642,23,45.79,143,6,4.7,one-year,1,4,3.8,ads,B,white,62,1
CUST106643,31,27.97,516,5,8.8,month-to-month,0,3,8.2,partner,B,yellow,69,1
CUST106644,18,135.91,382,2,12.4,month-to-month,0,2,8.1,organic,B,white,5,1
CUST106645,69,139.17,294,1,2.0,two-year,1,5,10.0,referral,C,blue,44,0
CUST106646,41,140.67,334,2,8.2,month-to-month,1,4,10.0,ads,B,white,60,0
CUST106647,28,118.8,463,5,0.0,month-to-month,0,2,6.1,ads,B,white,53,1
CUST106648,52,61.86,330,2,2.4,one-year,1,5,9.1,ads,A,blue,53,0
CUST106649,38,97.25,370,2,8.5,two-year,1,2,5.2,referral,A,red,99,0
CUST106650,72,81.92,645,1,5.0,month-to-month,1,3,5.8,ads,C,green,32,0
CUST106651,22,130.51,309,3,4.5,month-to-month,1,2,2.4,organic,B,blue,67,0
CUST106652,17,99.18,207,1,1.3,month-to-month,1,4,4.8,ads,B,green,57,1
CUST106653,50,109.88,366,1,0.1,one-year,1,2,3.3,referral,C,blue,18,0
CUST106654,21,82.71,307,0,11.6,two-year,0,2,7.6,referral,A,green,43,0
CUST106655,53,107.21,571,3,0.0,two-year,1,6,9.9,referral,B,blue,54,0
CUST106656,4,87.55,313,4,5.3,month-to-month,0,2,1.0,partner,B,red,81,1
CUST106657,62,136.64,262,1,0.0,two-year,1,5,8.5,organic,B,red,55,0
CUST106658,42,51.87,547,1,6.2,two-year,0,3,9.9,partner,A,yellow,17,0
CUST106659,35,93.11,356,3,0.0,one-year,1,3,6.7,organic,A,green,2,0
CUST106660,57,31.76,606,0,1.4,two-year,1,4,6.0,partner,B,red,59,0
CUST106661,1,44.79,350,3,12.8,month-to-month,0,3,2.3,ads,A,black,79,1
CUST106662,36,70.85,180,1,4.6,one-year,1,3,4.6,organic,A,black,99,0
CUST106663,1,90.65,264,7,17.4,month-to-month,0,2,3.4,organic,B,green,75,1
CUST106664,10,93.56,87,4,6.7,month-to-month,1,4,4.6,partner,C,green,44,0
CUST106665,1,23.85,66,8,9.6,month-to-month,0,3,4.5,ads,C,blue,63,1
CUST106666,16,110.0,418,3,13.1,one-year,0,3,3.8,ads,A,yellow,45,1
CUST106667,44,127.36,507,3,1.3,month-to-month,0,3,5.9,referral,A,yellow,15,0
CUST106668,60,40.46,571,4,2.7,two-year,0,4,4.9,partner,B,black,18,0
CUST106669,36,100.82,444,4,0.0,month-to-month,1,2,8.1,partner,A,red,86,0
CUST106670,50,140.0,542,1,0.8,month-to-month,0,4,4.3,organic,B,blue,32,0
CUST106671,38,97.93,351,4,5.4,month-to-month,0,3,4.1,ads,C,green,78,1
CUST106672,59,38.56,485,3,0.0,two-year,1,2,8.9,referral,C,yellow,60,0
CUST106673,32,32.95,171,3,2.1,two-year,0,5,7.4,ads,B,white,23,0
CUST106674,20,46.32,361,2,3.9,one-year,1,4,9.1,referral,B,white,2,0
CUST106675,46,59.33,573,2,1.3,month-to-month,1,2,10.0,referral,B,blue,8,0
CUST106676,21,65.45,347,4,0.8,month-to-month,0,3,6.4,referral,C,black,77,0
CUST106677,14,86.85,391,7,9.8,two-year,0,3,5.2,ads,A,green,3,0
CUST106678,24,105.37,581,5,2.3,one-year,0,4,5.0,organic,A,white,83,1
CUST106679,24,41.48,466,2,1.2,one-year,1,3,4.9,ads,B,blue,54,0
CUST106680,34,91.56,223,4,9.7,two-year,0,3,4.2,ads,B,black,82,0
CUST106681,50,103.68,555,3,6.6,one-year,1,4,7.1,ads,C,yellow,76,0
CUST106682,39,71.58,580,2,0.5,month-to-month,1,3,8.2,ads,C,white,68,0
CUST106683,41,82.33,290,4,11.7,one-year,1,3,7.2,ads,A,yellow,61,0
CUST106684,36,116.93,590,3,1.7,month-to-month,1,5,6.6,partner,A,red,15,0
CUST106685,52,126.21,449,1,6.3,one-year,1,6,8.4,ads,B,white,87,0
CUST106686,27,73.78,430,2,0.0,two-year,0,5,5.8,organic,C,red,33,1
CUST106687,24,55.04,219,7,2.7,month-to-month,1,1,4.4,partner,C,yellow,11,1
CUST106688,9,88.44,537,3,13.4,month-to-month,0,1,2.2,ads,A,black,62,0
CUST106689,25,84.49,500,2,11.8,month-to-month,0,2,2.7,ads,C,white,2,0
CUST106690,30,97.34,523,2,2.0,month-to-month,1,4,9.8,partner,C,black,19,0
CUST106691,14,66.66,499,5,15.2,month-to-month,1,1,4.2,organic,A,green,74,1
CUST106692,45,126.12,444,2,9.9,one-year,0,2,4.5,ads,A,black,69,0
CUST106693,25,93.83,346,2,0.0,one-year,1,4,6.4,organic,B,red,75,0
CUST106694,37,92.78,566,3,0.9,one-year,1,2,6.8,partner,C,red,77,0
CUST106695,38,52.22,164,2,1.7,one-year,0,3,7.8,ads,A,red,57,0
CUST106696,43,84.45,593,1,0.0,one-year,1,5,7.4,organic,B,green,10,0
CUST106697,62,137.97,445,0,1.6,month-to-month,1,5,10.0,partner,B,yellow,19,0
CUST106698,14,91.98,265,5,7.6,month-to-month,0,3,4.9,partner,A,green,32,0
CUST106699,10,34.63,321,3,6.6,month-to-month,1,4,9.0,ads,B,black,58,0
CUST106700,26,87.75,363,3,4.4,month-to-month,1,2,9.9,referral,A,yellow,76,0
CUST106701,54,44.34,612,1,5.1,month-to-month,1,4,6.9,partner,A,blue,64,0
CUST106702,1,138.8,393,9,13.4,month-to-month,0,4,6.0,partner,C,red,51,1
CUST106703,30,88.95,503,5,10.0,month-to-month,0,1,6.4,partner,A,red,27,0
CUST106704,18,115.39,612,1,5.9,month-to-month,1,4,7.3,organic,B,black,71,0
CUST106705,42,27.87,485,2,11.2,month-to-month,0,3,8.9,organic,C,white,89,0
CUST106706,64,72.73,347,3,8.4,two-year,0,4,5.0,ads,A,red,33,0
CUST106707,11,97.56,396,1,0.0,one-year,0,2,4.8,organic,B,white,80,0
CUST106708,37,34.52,288,3,6.9,one-year,1,3,7.5,organic,B,green,8,0
CUST106709,44,27.69,379,2,5.4,month-to-month,0,5,9.2,partner,C,blue,68,0
CUST106710,57,139.18,261,1,0.0,two-year,1,2,10.0,referral,C,white,80,0
CUST106711,65,34.76,284,1,0.0,month-to-month,0,2,7.7,organic,C,blue,43,0
CUST106712,45,87.92,482,2,0.7,month-to-month,1,5,4.4,referral,B,blue,34,0
CUST106713,69,142.83,316,1,5.5,one-year,1,1,6.6,partner,A,red,98,0
CUST106714,14,21.73,420,4,13.7,month-to-month,0,2,1.7,ads,A,green,98,1
CUST106715,23,130.99,261,1,5.7,month-to-month,1,1,6.3,ads,C,black,69,0
CUST106716,45,47.07,579,2,8.2,two-year,0,4,6.2,referral,B,green,98,0
CUST106717,17,141.2,435,4,4.7,month-to-month,0,3,3.5,organic,A,green,2,1
CUST106718,72,84.58,589,1,0.0,month-to-month,1,6,10.0,referral,B,green,25,0
CUST106719,36,38.93,398,2,0.0,one-year,1,2,6.6,referral,C,yellow,96,0
CUST106720,50,86.78,305,1,6.2,two-year,1,3,9.9,referral,B,black,81,0
CUST106721,42,101.77,338,3,3.2,month-to-month,1,4,7.7,organic,A,green,65,0
CUST106722,31,99.78,389,2,0.7,month-to-month,1,1,5.0,partner,A,green,23,1
CUST106723,1,115.89,460,3,12.4,month-to-month,0,1,3.7,partner,B,green,1,1
CUST106724,39,148.74,371,4,5.5,month-to-month,1,4,5.0,organic,A,green,92,0
CUST106725,70,63.22,450,3,1.1,one-year,1,4,7.9,partner,C,white,6,0
CUST106726,13,100.84,333,4,5.3,month-to-month,1,1,5.5,partner,A,white,47,1
CUST106727,10,28.28,371,3,5.1,month-to-month,1,3,4.7,partner,B,red,82,0
CUST106728,36,87.93,607,3,1.1,month-to-month,0,2,2.0,ads,A,black,63,1
CUST106729,33,146.74,353,3,0.0,month-to-month,1,4,9.1,referral,A,white,36,0
CUST106730,72,78.49,282,0,0.2,two-year,1,6,10.0,referral,B,red,63,0
CUST106731,12,119.57,519,6,3.8,month-to-month,0,3,3.6,partner,B,green,64,1
CUST106732,21,70.48,68,4,5.1,month-to-month,1,4,7.0,ads,C,white,16,0
CUST106733,32,144.1,630,1,14.3,month-to-month,1,3,8.2,ads,C,red,54,0
CUST106734,28,70.14,399,1,0.0,one-year,1,3,7.3,referral,B,white,10,0
CUST106735,32,125.63,432,3,0.0,month-to-month,1,3,7.4,ads,A,blue,84,0
CUST106736,51,122.1,316,2,6.4,one-year,1,5,7.8,partner,B,white,89,0
CUST106737,4,39.58,505,1,11.4,one-year,0,2,5.8,referral,A,white,56,0
CUST106738,72,130.13,328,0,0.0,two-year,1,4,9.1,referral,B,white,42,0
CUST106739,24,111.83,456,3,7.1,month-to-month,0,3,3.2,ads,B,red,54,1
CUST106740,1,42.06,533,7,6.6,month-to-month,0,1,4.6,ads,A,green,43,1
CUST106741,16,52.13,554,6,7.3,one-year,0,4,7.3,ads,C,blue,86,1
CUST106742,32,63.47,485,7,8.6,month-to-month,1,3,5.6,organic,A,blue,76,0
CUST106743,27,21.42,382,9,11.9,one-year,0,1,3.6,ads,A,black,11,1
CUST106744,45,96.95,732,3,0.2,month-to-month,0,2,7.0,ads,A,black,50,0
CUST106745,15,108.09,338,4,8.1,month-to-month,0,1,5.7,partner,C,green,32,1
CUST106746,29,67.6,437,5,3.5,month-to-month,0,2,5.2,partner,C,white,84,1
CUST106747,49,62.46,195,4,6.2,month-to-month,1,3,1.3,organic,A,green,40,1
CUST106748,40,115.81,376,4,0.9,one-year,0,2,4.3,organic,B,blue,85,0
CUST106749,51,61.63,369,2,7.1,two-year,0,2,3.5,ads,B,green,36,1
CUST106750,36,32.03,386,3,0.0,one-year,1,2,9.0,ads,B,red,55,0
CUST106751,25,90.88,349,2,4.6,month-to-month,1,2,5.5,ads,B,yellow,87,1
CUST106752,24,122.82,441,1,8.2,month-to-month,0,4,4.2,partner,B,black,42,0
CUST106753,40,97.52,587,2,0.0,month-to-month,1,4,7.6,referral,A,black,46,0
CUST106754,23,111.34,176,1,3.8,month-to-month,0,1,1.0,partner,C,yellow,2,0
CUST106755,1,121.26,670,5,11.4,one-year,0,1,1.0,partner,A,blue,42,1
CUST106756,57,141.23,480,2,0.3,month-to-month,1,3,5.7,referral,B,blue,36,0
CUST106757,25,125.67,453,1,0.0,month-to-month,0,3,8.2,organic,A,green,74,1
CUST106758,56,77.62,314,1,0.0,one-year,1,4,10.0,referral,B,yellow,81,0
CUST106759,57,57.3,503,4,4.7,one-year,0,4,5.7,organic,B,green,61,0
CUST106760,51,21.29,382,2,2.0,two-year,1,5,10.0,referral,B,black,46,0
CUST106761,39,69.48,551,3,6.6,month-to-month,0,5,6.3,partner,A,green,69,0
CUST106762,22,47.04,570,5,0.0,month-to-month,1,5,7.4,organic,A,blue,24,0
CUST106763,40,105.11,375,0,0.0,one-year,0,4,8.9,referral,A,green,5,0
CUST106764,25,70.72,309,9,11.5,month-to-month,0,4,3.0,partner,B,green,29,1
CUST106765,32,124.43,313,3,6.9,month-to-month,0,3,7.9,ads,A,green,49,0
CUST106766,54,149.43,393,1,0.0,two-year,1,4,10.0,organic,B,white,36,0
CUST106767,54,122.55,529,2,7.8,month-to-month,0,5,5.3,partner,B,black,90,0
CUST106768,40,120.05,406,2,0.0,one-year,1,3,8.6,referral,C,green,22,0
CUST106769,32,80.03,202,5,3.4,month-to-month,1,3,8.6,ads,B,yellow,81,0
CUST106770,36,70.73,215,4,2.6,two-year,1,4,6.8,organic,C,blue,11,0
CUST106771,36,32.74,416,1,3.6,month-to-month,1,3,7.1,referral,C,red,22,0
CUST106772,2,99.05,497,6,3.6,month-to-month,0,1,5.3,ads,B,white,51,1
CUST106773,13,61.42,336,3,7.4,month-to-month,0,4,3.8,ads,C,white,79,0
CUST106774,7,83.54,239,8,7.2,month-to-month,1,2,4.8,partner,B,blue,6,1
CUST106775,53,87.91,541,1,0.0,month-to-month,1,3,9.2,referral,C,red,3,0
CUST106776,36,89.8,143,2,0.0,two-year,0,2,10.0,organic,A,green,36,0
CUST106777,54,70.2,563,4,4.1,two-year,1,2,2.7,organic,C,yellow,66,0
CUST106778,43,70.0,580,2,3.9,month-to-month,1,3,6.4,ads,A,blue,80,0
CUST106779,18,32.67,574,2,5.1,month-to-month,0,2,4.5,ads,B,black,20,0
CUST106780,47,68.6,496,2,1.0,one-year,0,6,8.1,referral,B,green,14,0
CUST106781,30,122.32,500,2,3.8,month-to-month,0,2,4.9,referral,C,blue,21,1
CUST106782,52,62.43,536,4,3.9,two-year,1,5,7.8,ads,A,green,28,0
CUST106783,27,78.44,496,7,7.5,month-to-month,0,5,6.4,organic,C,black,88,1
CUST106784,40,78.99,269,1,8.4,two-year,0,5,9.1,referral,A,blue,88,0
CUST106785,52,119.37,426,6,11.2,month-to-month,0,2,7.6,ads,A,black,81,0
CUST106786,55,67.82,317,8,0.0,one-year,1,3,9.2,referral,B,green,32,0
CUST106787,47,42.08,515,5,0.0,month-to-month,1,3,4.2,ads,C,green,31,0
CUST106788,42,24.51,398,8,9.4,month-to-month,1,2,5.0,partner,A,white,24,0
CUST106789,31,119.19,271,0,2.0,month-to-month,0,4,6.7,ads,C,black,95,0
CUST106790,50,78.89,582,4,4.0,month-to-month,0,4,3.9,partner,B,yellow,55,0
CUST106791,53,77.81,703,3,6.9,month-to-month,0,1,7.5,ads,A,blue,38,0
CUST106792,70,61.98,313,2,0.4,one-year,0,3,7.7,partner,C,green,35,0
CUST106793,44,26.86,297,5,0.0,month-to-month,0,3,2.9,ads,C,blue,62,1
CUST106794,48,116.31,258,8,0.0,month-to-month,1,3,7.2,ads,B,white,61,0
CUST106795,48,120.83,191,2,0.0,month-to-month,1,5,8.2,referral,B,yellow,13,0
CUST106796,42,142.43,476,1,2.0,one-year,1,6,5.1,organic,B,black,40,0
CUST106797,50,75.62,460,1,6.8,one-year,1,4,6.4,referral,A,yellow,14,0
CUST106798,8,39.68,307,3,3.0,month-to-month,1,4,4.8,partner,A,red,5,1
CUST106799,71,72.61,465,0,10.7,month-to-month,0,3,8.7,ads,A,blue,70,1
CUST106800,20,70.23,271,12,0.0,month-to-month,0,3,6.5,ads,C,green,63,1
CUST106801,44,90.66,513,2,4.7,month-to-month,0,4,6.5,ads,B,white,25,0
CUST106802,1,43.61,579,6,11.8,month-to-month,1,2,4.1,organic,B,black,76,1
CUST106803,72,66.61,486,1,0.0,month-to-month,1,6,8.9,referral,C,green,42,0
CUST106804,18,141.22,458,6,12.7,month-to-month,0,2,8.3,ads,A,black,78,1
CUST106805,15,129.55,389,1,1.6,month-to-month,1,3,7.6,referral,C,yellow,35,0
CUST106806,49,35.52,510,5,6.9,month-to-month,0,1,5.5,ads,A,black,3,0
CUST106807,61,25.77,683,3,3.7,month-to-month,1,5,8.6,referral,A,green,18,0
CUST106808,35,94.88,442,2,0.0,one-year,0,1,5.2,ads,B,black,58,0
CUST106809,21,132.17,338,6,17.6,month-to-month,0,2,4.4,organic,C,green,73,1
CUST106810,48,91.29,348,0,3.2,month-to-month,1,6,3.4,ads,B,black,9,0
CUST106811,22,62.77,412,2,6.9,one-year,0,3,3.7,referral,C,yellow,68,0
CUST106812,14,148.35,528,3,2.1,month-to-month,0,2,8.4,ads,A,white,3,1
CUST106813,5,20.06,586,2,11.1,one-year,0,1,3.6,ads,B,green,89,0
CUST106814,48,30.69,447,9,2.0,month-to-month,1,1,4.6,ads,C,white,31,1
CUST106815,72,25.81,463,2,4.0,one-year,1,4,8.6,organic,A,blue,1,0
CUST106816,36,32.1,379,5,15.5,month-to-month,0,3,4.2,partner,A,black,95,0
CUST106817,25,88.0,456,7,13.1,month-to-month,0,2,2.9,ads,C,black,42,1
CUST106818,31,57.19,410,5,1.8,one-year,0,2,6.5,ads,C,red,53,0
CUST106819,18,144.56,435,2,4.5,month-to-month,0,2,3.6,referral,A,yellow,12,1
CUST106820,49,121.88,325,0,0.2,month-to-month,1,4,9.8,organic,A,white,59,0
CUST106821,50,46.58,352,1,3.2,one-year,1,5,7.7,ads,A,black,57,0
CUST106822,58,65.95,534,9,12.7,month-to-month,0,4,6.9,partner,B,yellow,88,0
CUST106823,70,133.07,240,5,8.8,one-year,0,4,6.4,ads,A,black,97,0
CUST106824,56,42.32,453,0,0.0,month-to-month,1,5,6.1,ads,A,blue,10,0
CUST106825,14,111.23,505,3,8.8,month-to-month,0,3,5.4,ads,A,black,74,1
CUST106826,31,93.16,339,1,3.0,one-year,0,3,4.9,partner,A,red,34,0
CUST106827,32,91.69,277,2,2.2,one-year,1,4,4.3,ads,C,white,9,1
CUST106828,2,101.67,253,2,0.0,month-to-month,0,3,5.3,referral,A,red,87,1
CUST106829,35,68.2,421,1,0.7,month-to-month,0,3,6.0,ads,B,blue,35,1
CUST106830,29,101.58,550,3,3.6,month-to-month,1,6,9.6,ads,B,yellow,39,0
CUST106831,15,118.02,532,5,3.5,month-to-month,0,3,1.0,referral,A,yellow,33,1
CUST106832,18,88.18,732,4,8.6,month-to-month,0,2,5.9,ads,B,red,75,1
CUST106833,30,77.96,517,2,0.0,month-to-month,0,2,6.0,partner,B,white,91,0
CUST106834,40,30.52,305,4,4.8,one-year,0,5,6.2,organic,B,red,89,0
CUST106835,21,22.54,289,8,5.8,month-to-month,0,2,3.5,ads,C,black,30,1
CUST106836,19,59.87,436,1,0.0,two-year,1,4,7.2,ads,B,black,6,0
CUST106837,38,23.95,253,6,4.1,month-to-month,0,4,5.0,ads,A,green,8,0
CUST106838,14,144.58,252,4,9.8,one-year,1,3,4.7,ads,A,red,43,1
CUST106839,19,22.22,327,5,5.3,one-year,0,3,9.1,organic,B,yellow,93,0
CUST106840,23,143.65,428,5,8.1,month-to-month,0,3,6.7,referral,C,green,77,1
CUST106841,28,106.81,337,1,0.6,one-year,1,3,6.0,organic,B,green,77,0
CUST106842,72,33.89,445,2,1.1,two-year,1,4,9.0,referral,B,red,32,0
CUST106843,30,53.05,372,3,6.7,month-to-month,0,3,7.4,partner,C,green,13,0
CUST106844,72,147.13,196,0,0.0,one-year,1,3,10.0,referral,C,white,22,0
CUST106845,45,20.55,580,2,8.2,two-year,1,3,5.1,referral,A,white,8,0
CUST106846,41,22.96,557,3,5.4,two-year,1,1,5.4,ads,B,black,28,0
CUST106847,46,135.04,639,4,4.4,one-year,1,2,8.4,referral,B,black,14,0
CUST106848,37,84.33,517,2,0.0,two-year,1,5,10.0,referral,C,black,1,0
CUST106849,20,28.97,422,4,11.3,month-to-month,1,3,4.5,ads,A,green,71,0
CUST106850,40,125.44,385,1,9.2,month-to-month,0,3,3.5,organic,A,black,16,0
CUST106851,72,73.27,559,1,11.2,two-year,0,1,5.5,ads,B,black,28,0
CUST106852,18,77.12,410,3,1.5,one-year,1,3,9.2,ads,A,yellow,5,0
CUST106853,22,130.75,489,9,6.3,month-to-month,0,3,4.0,partner,B,green,24,1
CUST106854,28,23.57,340,1,10.4,month-to-month,1,4,4.3,ads,B,blue,55,0
CUST106855,72,134.81,473,0,2.8,one-year,1,4,9.2,organic,B,red,89,0
CUST106856,18,120.59,513,3,0.0,month-to-month,1,4,8.1,referral,B,green,73,0
CUST106857,42,45.67,480,4,4.9,month-to-month,1,2,5.9,ads,B,black,84,0
CUST106858,7,71.75,399,2,9.9,month-to-month,1,4,7.8,referral,C,red,22,0
CUST106859,42,95.65,380,4,2.0,two-year,0,3,9.4,referral,A,red,78,0
CUST106860,26,50.06,533,5,4.3,month-to-month,1,1,5.2,partner,A,yellow,85,0
CUST106861,72,54.15,471,1,0.0,one-year,1,4,9.3,organic,A,green,40,0
CUST106862,43,87.18,413,0,0.0,one-year,1,3,6.1,organic,B,yellow,43,0
CUST106863,49,97.36,542,1,7.3,month-to-month,0,2,9.1,ads,B,yellow,92,0
CUST106864,36,67.21,291,7,0.1,month-to-month,0,3,5.9,organic,B,white,8,0
CUST106865,52,144.45,234,1,0.0,one-year,1,4,7.3,organic,B,green,4,0
CUST106866,64,40.96,638,1,0.0,month-to-month,1,5,7.2,partner,A,yellow,33,0
CUST106867,7,63.76,202,3,8.2,month-to-month,1,3,6.1,ads,C,red,48,0
CUST106868,42,120.07,570,2,8.3,month-to-month,0,6,3.7,organic,C,white,41,0
CUST106869,12,100.88,544,4,3.9,one-year,1,3,2.7,ads,B,green,37,1
CUST106870,57,34.57,542,1,3.9,two-year,1,5,7.0,referral,B,red,11,0
CUST106871,49,56.8,486,3,0.0,month-to-month,1,4,6.4,partner,B,yellow,71,0
CUST106872,17,84.04,457,7,11.0,one-year,0,3,5.1,organic,A,green,89,0
CUST106873,22,78.76,383,6,4.8,one-year,0,3,4.8,partner,A,white,11,1
CUST106874,32,70.68,556,2,11.4,month-to-month,0,3,7.4,organic,C,red,36,0
CUST106875,44,21.24,371,3,7.0,month-to-month,0,3,6.4,ads,A,yellow,41,0
CUST106876,35,52.46,213,6,4.3,month-to-month,1,5,8.6,organic,B,red,93,0
CUST106877,10,45.64,354,4,4.4,two-year,1,1,4.3,organic,A,white,11,1
CUST106878,43,24.82,357,3,2.1,two-year,1,2,10.0,referral,A,blue,91,0
CUST106879,1,70.56,505,6,7.7,one-year,1,1,3.3,partner,C,black,2,1
CUST106880,19,29.82,464,3,5.9,month-to-month,1,1,5.5,ads,A,black,75,0
CUST106881,20,32.0,189,3,14.2,month-to-month,1,4,7.7,ads,B,green,10,0
CUST106882,21,142.13,139,4,11.2,month-to-month,1,2,5.8,ads,C,white,79,1
CUST106883,14,100.48,469,7,10.6,month-to-month,1,2,4.7,referral,A,red,50,1
CUST106884,9,85.1,244,0,3.0,month-to-month,1,3,10.0,referral,C,red,96,0
CUST106885,9,51.79,480,3,4.3,one-year,1,3,7.0,ads,A,red,86,0
CUST106886,28,53.53,316,5,0.0,month-to-month,0,3,4.3,ads,B,white,32,1
CUST106887,39,62.63,255,0,0.0,two-year,1,3,10.0,organic,A,red,40,0
CUST106888,23,29.77,697,1,0.4,one-year,1,3,7.0,partner,C,green,57,0
CUST106889,64,108.87,382,1,7.4,month-to-month,1,4,6.3,referral,A,red,54,0
CUST106890,47,57.16,539,4,0.2,one-year,1,1,10.0,organic,B,blue,68,0
CUST106891,72,140.78,125,0,0.0,two-year,1,4,10.0,organic,B,yellow,25,0
CUST106892,7,64.58,460,5,9.9,month-to-month,0,2,5.7,ads,C,red,93,1
CUST106893,72,126.75,268,1,3.9,month-to-month,0,1,6.5,organic,B,blue,75,0
CUST106894,19,49.17,526,4,1.6,month-to-month,0,1,5.5,partner,A,white,19,0
CUST106895,26,147.46,330,1,11.7,month-to-month,0,4,5.0,organic,B,yellow,22,1
CUST106896,47,66.24,267,5,3.2,two-year,1,3,8.0,partner,A,black,34,0
CUST106897,20,143.43,263,3,9.8,month-to-month,1,2,1.9,organic,B,white,55,0
CUST106898,36,126.8,500,3,3.6,one-year,0,2,8.9,partner,A,blue,18,0
CUST106899,14,46.49,215,8,15.0,month-to-month,0,2,2.7,partner,B,black,56,1
CUST106900,43,139.33,311,0,4.8,one-year,1,2,7.8,referral,A,green,64,0
CUST106901,42,31.7,552,5,0.0,one-year,1,3,6.1,referral,A,black,30,0
CUST106902,49,44.78,488,2,10.0,month-to-month,1,1,6.2,ads,C,blue,84,0
CUST106903,21,91.57,578,4,0.3,one-year,0,4,7.0,ads,B,green,83,1
CUST106904,20,133.88,391,2,0.9,month-to-month,1,2,5.9,ads,C,red,6,0
CUST106905,30,71.81,619,0,9.6,month-to-month,1,2,5.7,ads,B,blue,27,0
CUST106906,1,41.5,360,3,7.4,one-year,0,2,5.0,ads,C,white,58,1
CUST106907,8,23.92,526,2,6.3,month-to-month,0,3,4.7,ads,A,white,19,1
CUST106908,30,118.76,339,4,8.3,month-to-month,0,3,4.2,ads,B,green,7,1
CUST106909,39,106.32,279,8,2.4,one-year,0,3,2.5,partner,B,green,88,1
CUST106910,24,88.66,388,6,17.9,month-to-month,0,1,2.5,partner,A,blue,53,0
CUST106911,16,41.92,448,0,8.8,one-year,1,4,9.4,ads,B,green,74,1
CUST106912,24,45.97,192,3,0.0,one-year,0,3,5.5,ads,C,green,17,1
CUST106913,33,101.06,455,1,0.0,month-to-month,1,4,10.0,organic,B,blue,93,0
CUST106914,51,149.86,347,3,3.5,two-year,1,4,10.0,referral,C,black,84,0
CUST106915,14,37.49,499,2,7.4,month-to-month,0,3,3.7,ads,C,red,27,1
CUST106916,32,142.36,392,3,5.1,month-to-month,0,5,3.4,ads,A,green,43,0
CUST106917,66,141.79,496,0,0.0,month-to-month,1,4,10.0,ads,C,red,65,0
CUST106918,29,133.84,483,1,1.4,one-year,1,3,9.7,organic,C,blue,74,0
CUST106919,21,89.7,442,2,10.9,month-to-month,0,2,8.5,referral,A,white,98,0
CUST106920,39,79.84,400,3,0.0,month-to-month,0,3,7.6,referral,B,blue,20,0
CUST106921,30,29.06,568,4,1.9,one-year,1,3,5.2,ads,A,black,75,0
CUST106922,20,28.89,411,2,0.0,two-year,0,4,6.8,partner,B,white,4,1
CUST106923,4,44.99,286,6,15.7,month-to-month,0,3,6.2,ads,A,white,84,1
CUST106924,12,82.86,255,4,16.1,month-to-month,1,2,3.1,partner,B,yellow,6,1
CUST106925,1,80.17,500,7,9.1,month-to-month,0,2,6.7,ads,A,black,93,1
CUST106926,11,63.73,464,1,3.6,month-to-month,1,3,4.2,referral,A,black,47,0
CUST106927,16,116.06,587,2,9.2,month-to-month,0,1,7.0,ads,A,yellow,74,1
CUST106928,28,29.51,619,2,8.9,one-year,0,3,3.0,referral,B,red,91,0
CUST106929,10,129.51,478,3,6.2,one-year,0,3,5.1,ads,A,blue,40,0
CUST106930,16,23.74,327,4,7.4,month-to-month,0,4,4.7,ads,C,yellow,9,0
CUST106931,46,140.09,492,0,0.1,two-year,0,2,5.1,ads,A,green,27,0
CUST106932,28,116.96,558,1,0.0,two-year,0,4,3.2,referral,A,red,96,0
CUST106933,37,101.83,242,4,0.0,one-year,0,5,4.5,organic,A,white,7,1
CUST106934,41,40.19,374,2,0.0,two-year,0,4,7.9,referral,C,blue,73,0
CUST106935,44,60.14,54,1,1.1,month-to-month,1,3,6.1,referral,A,yellow,71,0
CUST106936,67,83.58,491,1,1.4,two-year,1,5,6.8,ads,B,red,49,0
CUST106937,43,119.59,622,4,6.5,one-year,0,3,8.2,ads,B,yellow,10,0
CUST106938,50,46.81,519,4,0.0,month-to-month,0,1,3.6,partner,B,black,52,0
CUST106939,33,128.63,204,9,7.9,month-to-month,0,2,5.8,partner,A,green,36,0
CUST106940,34,124.13,281,4,3.1,month-to-month,0,4,4.3,ads,A,white,66,0
CUST106941,41,100.55,436,3,0.1,one-year,1,1,5.9,organic,B,blue,32,0
CUST106942,46,108.29,503,1,0.4,two-year,1,3,7.4,referral,C,black,75,0
CUST106943,34,47.88,608,4,6.2,month-to-month,1,2,9.1,organic,B,blue,39,0
CUST106944,15,56.07,466,5,7.5,month-to-month,0,2,1.3,ads,A,yellow,32,1
CUST106945,59,110.81,240,4,7.5,month-to-month,1,4,8.6,organic,A,yellow,47,0
CUST106946,3,27.51,382,4,4.3,month-to-month,0,2,2.0,ads,A,red,83,1
CUST106947,46,82.5,369,0,0.0,two-year,1,3,6.4,organic,C,red,67,0
CUST106948,21,82.94,447,2,4.7,month-to-month,0,2,6.7,ads,C,blue,57,0
CUST106949,48,62.25,510,3,0.0,month-to-month,1,3,10.0,referral,C,red,57,0
CUST106950,12,75.78,223,5,2.7,month-to-month,1,3,2.9,partner,C,black,40,1
CUST106951,39,142.35,471,4,0.8,two-year,1,4,9.6,referral,C,white,48,0
CUST106952,8,135.03,228,6,3.1,month-to-month,0,4,3.7,ads,C,green,74,1
CUST106953,36,50.2,433,1,2.2,month-to-month,0,3,4.6,referral,B,blue,36,0
CUST106954,23,145.32,624,4,6.7,month-to-month,0,4,6.9,ads,A,red,83,0
CUST106955,9,91.62,439,4,16.1,month-to-month,1,1,2.4,ads,A,green,8,1
CUST106956,41,31.18,226,3,2.9,month-to-month,1,3,4.6,ads,B,blue,31,0
CUST106957,51,80.72,534,3,0.0,one-year,1,3,10.0,organic,B,green,76,0
CUST106958,72,71.76,291,0,0.0,one-year,1,4,10.0,organic,A,black,98,0
CUST106959,23,144.44,594,3,0.0,month-to-month,0,2,8.0,organic,B,yellow,73,0
CUST106960,47,110.63,326,0,0.0,one-year,0,4,5.6,referral,C,green,36,0
CUST106961,18,121.53,258,2,0.0,one-year,0,3,5.7,ads,B,white,4,0
CUST106962,37,107.77,646,0,5.6,month-to-month,1,4,9.0,organic,C,blue,33,0
CUST106963,7,71.15,417,3,2.7,month-to-month,0,4,8.8,ads,B,black,63,1
CUST106964,50,38.23,375,4,4.0,two-year,1,3,7.2,ads,B,blue,74,0
CUST106965,54,81.23,442,2,3.3,two-year,1,3,6.3,referral,C,red,94,0
CUST106966,41,67.36,247,5,8.7,month-to-month,0,3,8.6,ads,A,red,72,0
CUST106967,36,28.68,450,1,10.9,one-year,1,5,6.2,partner,B,green,88,0
CUST106968,22,69.97,478,4,6.6,month-to-month,1,2,5.3,referral,A,blue,76,1
CUST106969,34,91.65,154,5,0.6,two-year,1,4,6.3,partner,C,white,22,0
CUST106970,46,94.03,561,1,10.4,month-to-month,1,1,2.7,partner,B,white,97,1
CUST106971,57,149.38,334,1,5.4,one-year,1,3,10.0,ads,A,white,11,0
CUST106972,61,69.72,406,2,0.0,one-year,1,5,10.0,referral,A,black,28,0
CUST106973,42,60.01,361,2,0.0,month-to-month,1,4,7.1,referral,A,red,37,0
CUST106974,72,99.58,575,1,0.0,month-to-month,0,4,10.0,partner,A,blue,43,0
CUST106975,26,108.25,444,3,1.6,two-year,1,1,7.5,organic,C,red,81,0
CUST106976,43,27.1,428,2,2.5,one-year,1,4,7.8,organic,C,white,54,0
CUST106977,68,25.27,420,4,0.0,two-year,1,5,6.7,referral,C,yellow,15,0
CUST106978,42,53.51,459,2,2.7,one-year,1,2,7.9,organic,A,yellow,22,0
CUST106979,25,48.01,526,6,9.7,month-to-month,0,3,3.5,ads,A,yellow,86,0
CUST106980,28,136.51,520,1,12.8,month-to-month,0,1,1.0,organic,B,green,5,1
CUST106981,51,137.49,429,2,0.2,month-to-month,1,5,7.6,referral,B,white,55,0
CUST106982,18,97.88,510,3,5.6,one-year,1,4,6.1,partner,A,white,96,0
CUST106983,17,135.58,461,4,1.9,month-to-month,1,4,7.8,partner,C,yellow,63,0
CUST106984,25,30.66,137,4,2.9,one-year,0,2,3.5,partner,C,white,90,1
CUST106985,8,63.51,193,4,6.2,month-to-month,1,2,7.1,partner,A,blue,64,0
CUST106986,21,55.39,545,2,8.2,one-year,0,4,1.0,ads,B,black,40,0
CUST106987,69,32.49,433,1,0.0,two-year,1,4,10.0,organic,A,yellow,79,0
CUST106988,51,95.5,393,1,7.8,one-year,0,2,4.8,organic,C,white,60,0
CUST106989,14,95.37,322,2,4.4,one-year,0,2,6.6,organic,B,blue,85,0
CUST106990,63,80.77,520,1,0.2,one-year,1,2,8.1,ads,A,blue,9,0
CUST106991,72,137.77,375,1,0.0,two-year,1,3,8.3,organic,A,white,10,0
CUST106992,54,89.54,124,3,4.2,two-year,1,5,7.7,organic,A,black,25,0
CUST106993,33,91.43,143,1,0.0,month-to-month,1,2,5.9,organic,B,white,8,0
CUST106994,24,20.32,451,4,6.8,one-year,0,3,4.0,ads,B,black,58,1
CUST106995,32,78.38,305,4,4.2,one-year,0,3,7.8,ads,B,black,89,0
CUST106996,49,43.29,263,1,0.0,one-year,0,2,6.6,organic,C,white,83,0
CUST106997,30,87.32,407,6,0.4,month-to-month,0,1,5.5,ads,C,blue,40,0
CUST106998,40,99.35,470,2,9.2,one-year,0,3,3.8,organic,A,yellow,66,0
CUST106999,39,109.74,577,0,0.0,month-to-month,1,4,8.6,organic,A,red,77,0
CUST107000,49,108.31,421,1,0.0,one-year,1,2,5.3,referral,A,red,16,0
CUST107001,8,56.66,513,11,14.7,month-to-month,0,1,5.5,ads,C,yellow,12,1
CUST107002,40,88.12,230,2,1.4,month-to-month,1,3,5.7,organic,B,blue,64,0
CUST107003,25,94.55,584,4,6.0,month-to-month,1,5,8.0,partner,A,yellow,17,0
CUST107004,72,130.03,146,0,7.9,two-year,0,4,7.6,partner,B,green,86,0
CUST107005,67,60.46,470,3,7.6,one-year,1,5,6.7,referral,C,black,8,0
CUST107006,64,40.19,332,1,0.0,one-year,1,5,10.0,referral,B,yellow,55,0
CUST107007,72,106.37,385,4,4.5,month-to-month,1,5,8.4,organic,A,blue,4,0
CUST107008,64,119.16,360,2,0.0,month-to-month,1,2,7.9,organic,C,green,62,0
CUST107009,56,145.02,364,2,0.0,month-to-month,1,1,10.0,referral,B,blue,74,0
CUST107010,17,80.61,382,2,3.3,month-to-month,1,4,4.3,referral,B,blue,55,1
CUST107011,32,115.79,637,4,3.6,month-to-month,0,3,2.0,ads,C,yellow,88,0
CUST107012,41,85.59,563,1,4.0,month-to-month,0,1,9.9,organic,C,green,55,0
CUST107013,28,37.46,499,1,4.0,two-year,1,2,6.1,organic,C,blue,8,0
CUST107014,10,139.28,379,2,7.7,month-to-month,0,2,7.6,ads,A,yellow,71,0
CUST107015,48,101.31,460,2,9.2,month-to-month,1,4,7.2,organic,B,red,67,0
CUST107016,40,24.01,331,2,12.0,one-year,0,3,4.4,referral,C,yellow,45,0
CUST107017,8,78.43,465,5,10.1,one-year,0,4,6.3,ads,C,red,23,1
CUST107018,40,50.01,407,1,0.0,one-year,1,2,7.7,organic,C,white,19,0
CUST107019,54,135.39,484,3,3.0,month-to-month,0,1,4.6,organic,B,green,52,1
CUST107020,47,81.73,360,0,0.0,two-year,1,2,7.7,organic,C,yellow,88,0
CUST107021,19,80.19,548,2,6.6,month-to-month,1,3,1.0,ads,C,yellow,68,0
CUST107022,26,61.24,427,3,9.4,one-year,0,3,6.4,organic,A,yellow,75,0
CUST107023,44,25.81,395,1,8.1,one-year,1,3,4.9,ads,A,blue,65,0
CUST107024,37,56.54,519,3,0.0,two-year,1,4,8.1,organic,A,yellow,10,0
CUST107025,42,92.38,629,2,2.1,two-year,1,1,6.8,ads,B,white,86,0
CUST107026,42,62.47,422,1,0.0,month-to-month,0,3,5.3,referral,B,black,81,1
CUST107027,26,27.18,396,3,7.0,one-year,0,4,2.1,ads,B,red,54,1
CUST107028,23,121.85,474,5,7.6,one-year,0,4,9.3,referral,B,yellow,43,0
CUST107029,45,92.4,360,1,0.0,month-to-month,1,2,6.9,organic,C,green,10,0
CUST107030,53,44.88,277,5,6.0,month-to-month,1,1,7.7,ads,A,red,28,0
CUST107031,68,91.8,333,2,1.0,month-to-month,1,3,7.8,organic,C,red,64,0
CUST107032,32,110.0,587,0,0.0,one-year,1,3,6.7,referral,A,green,79,0
CUST107033,1,105.63,355,7,12.9,month-to-month,0,1,5.4,ads,B,red,38,1
CUST107034,64,103.42,452,2,0.0,one-year,1,3,9.2,organic,B,green,25,0
CUST107035,53,40.43,204,2,0.8,one-year,1,5,10.0,ads,B,yellow,52,0
CUST107036,33,24.39,275,5,12.6,month-to-month,0,1,5.6,ads,B,green,67,0
CUST107037,29,39.68,558,8,12.5,month-to-month,1,5,3.6,ads,A,blue,6,0
CUST107038,9,90.08,477,8,6.6,month-to-month,0,2,3.7,ads,B,white,95,1
CUST107039,44,94.07,438,7,11.5,month-to-month,0,2,6.8,ads,A,black,2,1
CUST107040,64,107.2,252,3,2.3,month-to-month,1,5,5.5,referral,C,black,23,0
CUST107041,10,78.75,443,1,7.5,month-to-month,0,3,6.8,ads,A,yellow,83,0
CUST107042,29,143.64,435,4,9.7,one-year,0,4,9.6,organic,A,black,66,0
CUST107043,16,75.21,424,5,11.0,month-to-month,1,1,2.7,ads,A,black,67,1
CUST107044,47,86.27,319,3,0.0,two-year,1,4,6.4,partner,B,red,16,0
CUST107045,26,94.2,514,3,0.0,one-year,1,4,7.8,partner,A,green,22,0
CUST107046,43,105.17,318,1,6.5,month-to-month,1,3,5.9,ads,B,black,32,0
CUST107047,50,22.39,387,7,5.9,month-to-month,1,4,4.6,referral,A,red,1,0
CUST107048,47,89.19,153,7,4.6,month-to-month,0,4,6.2,ads,C,yellow,48,0
CUST107049,31,124.25,413,4,8.2,month-to-month,0,3,5.8,ads,B,black,22,0
CUST107050,35,57.63,268,4,0.0,one-year,1,4,8.1,referral,B,red,32,0
CUST107051,39,65.34,444,3,4.2,month-to-month,0,5,9.1,organic,B,black,21,0
CUST107052,47,84.82,425,1,0.0,two-year,0,5,10.0,referral,A,white,90,0
CUST107053,48,65.45,420,4,7.9,month-to-month,0,4,6.8,ads,C,blue,9,0
CUST107054,44,42.83,268,0,12.0,month-to-month,0,3,10.0,ads,A,red,32,0
CUST107055,46,101.65,229,2,10.3,one-year,0,1,6.8,ads,A,black,78,0
CUST107056,26,144.09,411,2,6.4,month-to-month,1,3,2.5,ads,A,green,34,0
CUST107057,41,71.98,196,2,6.4,one-year,1,3,4.6,organic,A,green,55,0
CUST107058,72,82.8,581,1,0.0,two-year,1,4,5.4,referral,B,green,4,0
CUST107059,35,30.03,457,0,0.0,month-to-month,1,4,6.9,organic,B,yellow,71,0
CUST107060,57,68.73,529,4,5.0,month-to-month,0,4,6.6,referral,B,black,29,0
CUST107061,29,85.21,545,3,4.0,month-to-month,1,5,5.9,referral,C,black,57,0
CUST107062,29,48.96,463,7,8.4,month-to-month,1,5,7.4,ads,C,red,29,0
CUST107063,26,146.79,410,4,7.7,month-to-month,0,3,3.5,referral,A,red,27,0
CUST107064,55,23.58,406,1,7.2,two-year,0,2,7.1,partner,A,yellow,1,0
CUST107065,27,132.55,586,6,11.8,month-to-month,0,3,5.3,ads,A,blue,88,0
CUST107066,17,97.09,348,4,7.0,one-year,0,2,5.8,organic,A,yellow,92,0
CUST107067,46,68.7,402,1,1.2,month-to-month,0,2,6.4,partner,A,white,62,0
CUST107068,58,63.58,295,2,0.9,two-year,1,5,4.9,ads,B,black,43,0
CUST107069,25,25.56,339,8,10.1,month-to-month,0,1,1.9,ads,A,green,84,1
CUST107070,33,46.29,362,0,0.0,two-year,0,5,10.0,referral,B,blue,88,0
CUST107071,30,82.15,397,2,12.6,one-year,0,1,2.9,ads,C,green,63,0
CUST107072,31,130.22,401,2,7.5,one-year,0,3,7.4,ads,A,white,7,0
CUST107073,44,124.15,433,2,1.4,month-to-month,0,6,5.7,referral,B,white,48,0
CUST107074,26,92.89,458,3,0.0,one-year,0,2,4.8,referral,A,red,58,1
CUST107075,50,56.12,439,1,0.0,month-to-month,1,4,6.7,referral,A,red,45,0
CUST107076,64,69.98,615,1,5.3,month-to-month,1,3,9.7,organic,C,green,2,0
CUST107077,72,22.45,413,0,6.0,one-year,1,3,8.6,organic,B,black,61,0
CUST107078,36,119.94,428,1,0.0,two-year,0,6,8.0,ads,A,black,86,0
CUST107079,15,133.49,508,1,4.6,month-to-month,1,2,6.4,organic,B,green,54,0
CUST107080,34,41.85,269,2,0.0,two-year,1,4,6.9,ads,C,blue,18,0
CUST107081,44,127.66,391,3,0.0,two-year,1,3,10.0,organic,A,white,49,0
CUST107082,33,109.6,468,5,6.8,month-to-month,1,3,6.7,ads,A,yellow,30,0
CUST107083,27,142.61,478,6,6.6,month-to-month,1,3,3.5,ads,A,black,81,0
CUST107084,21,50.91,363,4,11.5,month-to-month,1,4,5.5,ads,B,white,99,0
CUST107085,27,116.72,453,1,9.4,month-to-month,0,2,6.5,ads,A,yellow,93,0
CUST107086,40,96.63,244,3,9.8,month-to-month,1,3,7.3,partner,C,black,80,0
CUST107087,20,145.94,558,7,10.6,month-to-month,1,2,1.0,ads,C,blue,85,1
CUST107088,11,110.03,483,4,1.8,month-to-month,1,4,4.0,ads,C,green,74,1
CUST107089,10,82.2,418,2,2.2,month-to-month,1,5,9.4,ads,B,red,5,0
CUST107090,9,109.79,455,1,5.9,one-year,1,2,7.0,ads,A,white,67,0
CUST107091,49,149.6,330,1,0.0,one-year,1,2,7.4,organic,A,green,31,0
CUST107092,27,123.15,591,6,5.6,month-to-month,1,1,5.7,ads,B,green,13,1
CUST107093,15,142.57,647,0,0.0,one-year,0,4,10.0,organic,B,blue,16,0
CUST107094,68,145.24,216,3,6.5,month-to-month,1,2,10.0,ads,B,black,84,0
CUST107095,18,124.85,504,5,13.4,month-to-month,0,1,6.8,referral,C,black,96,0
CUST107096,72,47.9,516,0,0.0,month-to-month,1,3,10.0,partner,B,white,7,0
CUST107097,22,125.26,481,5,3.7,month-to-month,1,2,6.1,ads,A,black,4,0
CUST107098,33,30.48,301,9,8.2,month-to-month,1,1,4.5,ads,A,blue,56,1
CUST107099,20,69.93,348,2,11.5,one-year,1,2,4.4,ads,B,red,79,0
CUST107100,46,147.14,130,5,5.4,two-year,1,3,4.6,organic,A,yellow,6,0
CUST107101,31,86.21,275,2,9.0,two-year,0,4,5.7,referral,C,white,51,0
CUST107102,44,88.97,663,3,3.4,month-to-month,1,2,8.9,ads,A,yellow,26,0
CUST107103,49,114.57,235,4,11.1,two-year,1,4,3.2,ads,A,black,40,1
CUST107104,34,58.72,582,1,12.3,month-to-month,0,2,4.7,referral,C,green,84,1
CUST107105,35,25.83,476,1,5.5,one-year,0,5,7.4,ads,A,black,96,0
CUST107106,1,47.32,377,7,11.3,month-to-month,0,1,3.0,partner,A,blue,21,1
CUST107107,45,122.16,407,5,0.7,month-to-month,1,3,2.8,partner,A,white,24,1
CUST107108,37,67.47,567,10,10.4,month-to-month,0,2,2.8,ads,B,white,61,1
CUST107109,22,36.24,265,2,3.7,month-to-month,0,4,6.7,organic,A,green,5,0
CUST107110,23,102.39,365,5,9.7,month-to-month,0,1,4.3,organic,B,red,24,1
CUST107111,51,87.7,511,1,2.7,month-to-month,0,2,8.0,ads,A,green,31,0
CUST107112,52,78.18,355,1,3.0,one-year,1,4,6.1,ads,C,yellow,74,0
CUST107113,27,50.09,639,5,5.3,month-to-month,0,2,5.1,partner,B,yellow,56,0
CUST107114,43,117.13,489,1,4.9,one-year,1,4,7.7,referral,A,yellow,22,0
CUST107115,24,92.67,310,4,7.0,month-to-month,1,2,5.9,organic,A,black,71,0
CUST107116,56,147.81,492,1,0.2,two-year,1,5,6.0,organic,B,green,81,0
CUST107117,32,132.14,380,1,3.3,one-year,0,1,5.0,organic,A,black,27,0
CUST107118,8,50.91,244,1,6.2,month-to-month,0,4,5.3,organic,A,yellow,89,1
CUST107119,43,89.18,582,2,0.4,one-year,1,5,8.5,ads,A,red,41,0
CUST107120,54,88.79,218,3,8.8,one-year,0,4,9.2,partner,B,black,87,0
CUST107121,20,39.15,558,0,1.1,month-to-month,1,3,6.7,partner,A,white,50,0
CUST107122,12,125.6,379,3,2.6,month-to-month,1,1,6.6,partner,B,black,36,1
CUST107123,33,63.69,631,0,9.0,two-year,1,3,8.7,organic,A,blue,93,0
CUST107124,41,38.41,470,3,0.7,two-year,1,3,8.0,ads,B,red,58,0
CUST107125,1,51.41,476,5,14.7,month-to-month,0,2,6.4,partner,B,blue,62,1
CUST107126,38,146.41,424,6,7.3,one-year,0,2,8.5,organic,B,red,44,0
CUST107127,33,93.27,350,2,5.9,two-year,1,4,6.6,partner,C,yellow,88,0
CUST107128,29,22.7,507,5,5.1,month-to-month,1,2,10.0,ads,A,white,5,0
CUST107129,54,88.56,386,1,0.0,month-to-month,1,2,9.3,ads,A,yellow,27,0
CUST107130,12,147.12,360,2,4.5,month-to-month,0,3,10.0,ads,A,black,92,0
CUST107131,8,31.87,371,5,0.0,two-year,1,4,6.8,partner,B,red,43,0
CUST107132,53,69.41,404,2,1.6,one-year,0,2,6.4,organic,C,green,98,0
CUST107133,8,71.89,539,2,1.5,one-year,1,3,5.3,referral,B,red,71,0
CUST107134,17,39.64,325,3,0.0,month-to-month,0,4,5.3,ads,C,red,73,1
CUST107135,15,75.47,286,1,4.2,month-to-month,1,3,6.2,referral,A,green,72,1
CUST107136,21,34.11,456,2,7.3,one-year,0,3,7.8,partner,B,yellow,52,0
CUST107137,35,110.33,413,3,10.9,one-year,0,1,5.5,partner,A,red,55,0
CUST107138,31,140.66,418,3,0.7,month-to-month,1,2,2.8,ads,C,black,48,0
CUST107139,72,73.73,546,1,4.3,two-year,1,4,8.9,referral,B,green,59,0
CUST107140,14,146.77,370,8,4.4,month-to-month,0,2,1.9,organic,C,blue,55,1
CUST107141,27,92.33,490,2,2.2,month-to-month,1,3,6.2,ads,B,yellow,68,0
CUST107142,18,24.46,615,1,11.8,month-to-month,0,4,7.0,organic,A,blue,12,1
CUST107143,56,41.68,439,8,8.9,month-to-month,0,1,3.9,organic,B,blue,97,0
CUST107144,56,33.24,430,4,0.1,month-to-month,1,2,8.1,referral,C,green,8,0
CUST107145,51,111.69,254,1,2.2,two-year,1,4,8.2,organic,C,yellow,68,0
CUST107146,44,115.07,576,7,5.6,month-to-month,1,4,8.0,organic,A,yellow,34,0
CUST107147,8,71.81,335,4,10.8,month-to-month,0,1,1.0,referral,A,black,98,1
CUST107148,30,127.94,493,0,1.5,month-to-month,1,4,10.0,organic,A,black,63,0
CUST107149,30,134.07,568,5,7.7,month-to-month,0,2,2.6,organic,C,white,47,1
CUST107150,45,54.03,620,2,4.1,month-to-month,1,1,7.3,partner,C,green,41,0
CUST107151,31,130.75,126,5,5.9,month-to-month,1,4,5.6,organic,C,white,81,0
CUST107152,17,124.66,406,2,14.5,month-to-month,0,1,5.9,ads,A,green,90,0
CUST107153,67,73.21,608,1,2.4,month-to-month,0,3,7.7,ads,A,black,27,0
CUST107154,29,68.32,478,1,6.4,month-to-month,0,2,5.6,referral,B,white,39,0
CUST107155,42,147.03,365,6,5.5,month-to-month,0,1,6.1,ads,B,blue,81,0
CUST107156,24,73.62,361,1,4.3,one-year,1,6,10.0,ads,A,blue,65,0
CUST107157,19,58.78,375,2,11.8,month-to-month,1,1,4.7,referral,B,yellow,99,1
CUST107158,3,98.85,615,3,9.3,month-to-month,0,5,6.7,ads,C,blue,59,1
CUST107159,13,133.71,177,5,0.0,month-to-month,0,3,8.7,organic,C,black,24,1
CUST107160,27,100.97,374,1,1.6,two-year,1,4,8.9,organic,A,green,68,0
CUST107161,40,135.47,465,2,4.4,one-year,1,1,6.2,referral,B,black,25,0
CUST107162,47,124.2,364,2,0.0,one-year,1,5,4.5,referral,A,white,51,0
CUST107163,10,135.71,605,6,16.6,month-to-month,1,2,5.1,ads,B,white,8,0
CUST107164,1,121.18,330,7,7.9,month-to-month,0,2,6.6,partner,B,white,55,1
CUST107165,57,98.21,483,2,8.1,month-to-month,1,2,4.9,referral,A,red,40,1
CUST107166,54,27.4,394,1,2.1,one-year,0,2,9.4,partner,B,black,95,0
CUST107167,18,66.82,323,3,4.8,one-year,0,2,6.2,partner,B,white,3,0
CUST107168,53,26.51,351,1,0.0,two-year,1,3,10.0,organic,A,white,82,0
CUST107169,40,139.66,502,0,7.0,month-to-month,1,2,9.9,referral,C,black,22,0
CUST107170,25,142.9,446,5,13.5,month-to-month,0,4,7.9,referral,A,black,69,1
CUST107171,35,39.93,292,3,3.2,one-year,0,3,6.0,partner,C,black,15,1
CUST107172,17,101.09,638,6,2.2,one-year,0,5,8.3,ads,A,blue,23,0
CUST107173,55,127.31,458,2,5.5,month-to-month,0,1,8.6,organic,A,blue,74,0
CUST107174,38,30.33,246,2,3.6,month-to-month,1,3,8.4,organic,B,yellow,87,0
CUST107175,31,145.88,262,3,7.5,one-year,0,4,10.0,organic,A,white,98,0
CUST107176,60,99.36,341,0,0.0,month-to-month,1,3,7.0,referral,B,blue,77,0
CUST107177,42,67.48,677,5,6.3,one-year,1,2,6.1,partner,A,white,69,0
CUST107178,55,93.11,376,4,0.0,two-year,0,3,7.4,referral,B,white,76,0
CUST107179,43,93.5,409,4,6.4,month-to-month,0,2,4.9,partner,B,green,21,1
CUST107180,35,35.25,378,2,0.8,one-year,1,1,8.0,referral,B,blue,99,0
CUST107181,9,94.1,249,3,0.0,month-to-month,1,2,7.7,ads,A,black,13,0
CUST107182,66,107.2,230,4,9.4,one-year,1,5,8.0,organic,B,green,80,0
CUST107183,45,49.87,276,6,7.8,month-to-month,1,2,6.0,referral,C,yellow,38,0
CUST107184,26,23.77,431,5,0.0,month-to-month,1,3,6.8,ads,A,red,96,0
CUST107185,58,86.05,360,0,3.4,two-year,1,4,9.0,partner,A,white,47,0
CUST107186,6,30.92,377,8,17.6,month-to-month,0,1,3.0,organic,B,red,28,1
CUST107187,72,54.1,498,0,2.4,month-to-month,1,1,9.1,organic,C,white,52,0
CUST107188,25,83.37,558,3,8.7,month-to-month,1,1,6.1,referral,A,yellow,5,1
CUST107189,41,26.24,265,4,5.1,two-year,0,1,5.6,ads,B,yellow,45,0
CUST107190,50,139.07,272,1,1.3,one-year,0,3,3.6,ads,C,green,60,0
CUST107191,63,67.16,263,1,0.4,month-to-month,1,4,4.9,referral,C,blue,15,0
CUST107192,28,79.4,219,4,4.3,two-year,0,2,10.0,referral,C,yellow,58,0
CUST107193,54,92.66,487,2,4.1,one-year,0,5,8.5,referral,B,yellow,15,0
CUST107194,30,86.6,341,1,3.5,one-year,0,5,6.9,organic,A,blue,62,0
CUST107195,52,47.79,267,4,0.0,two-year,1,2,8.4,ads,A,black,57,0
CUST107196,55,39.09,362,0,1.9,one-year,0,4,5.8,ads,B,yellow,84,0
CUST107197,71,43.16,370,1,8.5,month-to-month,0,3,2.6,organic,B,red,14,1
CUST107198,65,68.16,503,1,0.7,two-year,1,5,9.8,referral,A,black,27,0
CUST107199,29,112.6,489,2,10.0,month-to-month,0,2,3.0,ads,B,green,34,1
CUST107200,31,106.46,291,2,0.1,two-year,0,4,6.9,ads,B,green,44,0
CUST107201,45,98.93,420,1,4.4,two-year,1,5,7.2,ads,C,yellow,80,0
CUST107202,40,41.58,325,2,0.0,month-to-month,0,6,8.0,referral,C,green,70,0
CUST107203,28,32.2,348,6,3.2,month-to-month,0,3,2.2,partner,A,green,99,1
CUST107204,18,43.39,140,4,3.3,one-year,0,2,3.9,ads,B,yellow,39,0
CUST107205,33,123.43,230,2,10.4,month-to-month,0,3,7.5,partner,B,yellow,99,0
CUST107206,40,122.68,234,2,10.2,one-year,0,2,4.4,referral,A,blue,67,0
CUST107207,48,108.52,371,1,0.0,one-year,1,2,6.0,referral,A,yellow,33,0
CUST107208,15,137.0,372,4,4.7,month-to-month,0,1,2.7,ads,A,yellow,88,0
CUST107209,66,26.2,466,2,0.0,one-year,0,5,9.6,partner,B,red,65,0
CUST107210,67,104.43,462,0,1.8,one-year,1,4,6.5,referral,B,yellow,55,0
CUST107211,37,127.4,447,4,7.6,month-to-month,1,2,7.4,ads,C,green,19,0
CUST107212,1,87.69,592,5,13.4,month-to-month,0,2,5.3,ads,A,blue,58,1
CUST107213,37,73.6,278,2,12.0,month-to-month,0,4,5.4,ads,C,black,88,0
CUST107214,44,108.6,333,5,5.9,month-to-month,0,3,3.9,organic,A,green,43,0
CUST107215,37,112.36,584,1,3.5,one-year,0,1,5.9,organic,B,yellow,11,0
CUST107216,60,108.21,373,4,11.2,one-year,1,1,7.0,referral,C,white,47,0
CUST107217,20,144.79,416,1,3.7,one-year,1,6,10.0,referral,B,red,50,0
CUST107218,34,145.78,437,1,11.6,month-to-month,0,4,3.0,ads,C,white,63,1
CUST107219,26,101.81,229,6,11.1,month-to-month,0,4,5.9,partner,A,red,81,1
CUST107220,57,145.45,318,0,4.8,one-year,0,4,9.4,organic,A,white,32,0
CUST107221,11,140.57,309,4,9.6,month-to-month,1,1,3.1,ads,A,yellow,26,1
CUST107222,42,49.6,598,4,2.3,month-to-month,0,3,4.9,partner,C,blue,26,1
CUST107223,72,114.91,250,0,0.0,one-year,1,4,10.0,partner,B,black,31,0
CUST107224,25,61.92,282,3,13.1,month-to-month,1,5,9.8,organic,A,red,37,0
CUST107225,27,123.83,432,5,3.2,month-to-month,0,2,5.1,organic,A,green,8,1
CUST107226,33,59.02,268,3,7.9,one-year,0,6,8.8,ads,A,red,73,0
CUST107227,19,50.0,408,1,12.1,one-year,1,4,6.9,ads,C,white,82,0
CUST107228,49,146.26,539,2,5.1,month-to-month,0,5,5.9,referral,C,black,91,1
CUST107229,35,55.29,399,1,0.7,one-year,0,1,8.5,referral,B,green,5,0
CUST107230,1,111.39,423,6,9.3,one-year,0,5,8.8,partner,C,blue,74,1
CUST107231,48,27.17,420,1,0.0,one-year,1,4,7.9,referral,A,white,81,0
CUST107232,27,84.97,273,1,0.0,two-year,1,3,8.5,referral,C,black,41,0
CUST107233,60,87.09,368,1,7.2,two-year,1,2,7.9,organic,C,yellow,45,0
CUST107234,31,117.89,386,4,11.0,month-to-month,1,1,2.9,ads,B,white,70,0
CUST107235,72,108.97,459,6,0.0,month-to-month,1,4,5.8,referral,B,blue,6,0
CUST107236,23,102.65,154,3,2.8,two-year,0,2,5.3,organic,A,green,5,0
CUST107237,52,57.02,612,4,4.0,month-to-month,0,5,7.5,organic,B,yellow,67,0
CUST107238,67,76.32,536,3,6.4,month-to-month,0,2,6.7,partner,A,black,37,0
CUST107239,29,97.54,469,5,3.7,month-to-month,0,2,2.2,partner,B,black,31,1
CUST107240,57,71.32,400,3,0.0,month-to-month,1,2,8.7,referral,B,black,19,0
CUST107241,41,134.63,220,3,0.0,one-year,0,4,5.6,ads,A,red,80,0
CUST107242,4,138.54,406,4,1.8,month-to-month,1,2,5.2,organic,A,red,30,0
CUST107243,37,86.18,471,6,1.8,one-year,0,2,6.6,organic,B,green,30,0
CUST107244,49,35.29,247,2,2.8,month-to-month,1,2,10.0,ads,A,black,56,0
CUST107245,25,51.35,521,6,2.7,month-to-month,0,4,6.1,partner,A,white,55,1
CUST107246,21,142.63,190,4,1.2,month-to-month,0,3,3.9,partner,C,yellow,80,1
CUST107247,47,123.83,654,5,0.0,month-to-month,1,3,6.2,referral,B,green,36,0
CUST107248,1,114.01,427,5,4.8,month-to-month,0,3,5.2,ads,A,blue,38,1
CUST107249,50,68.84,405,3,3.4,month-to-month,0,2,5.9,ads,A,green,24,0
CUST107250,42,65.88,480,0,2.7,month-to-month,1,3,8.2,referral,A,green,8,0
CUST107251,9,92.5,256,7,10.4,one-year,0,2,4.5,ads,C,yellow,51,1
CUST107252,41,93.36,598,0,6.8,month-to-month,0,4,5.6,ads,A,black,45,0
CUST107253,43,98.46,517,5,1.3,month-to-month,0,4,9.0,ads,A,green,1,0
CUST107254,72,94.61,590,2,6.1,month-to-month,0,4,5.4,ads,B,green,3,0
CUST107255,45,61.4,412,0,0.0,one-year,1,4,10.0,referral,B,black,76,0
CUST107256,33,43.48,210,2,6.5,month-to-month,0,5,7.6,ads,C,green,44,0
CUST107257,36,146.19,240,2,0.0,month-to-month,1,2,6.6,organic,A,red,9,0
CUST107258,36,31.96,555,4,7.5,month-to-month,0,2,5.4,partner,A,white,93,1
CUST107259,58,126.31,399,0,0.0,two-year,1,3,10.0,organic,C,red,92,0
CUST107260,43,45.6,519,3,0.0,month-to-month,0,4,8.4,referral,A,black,56,0
CUST107261,33,143.97,605,6,3.8,one-year,0,2,4.0,partner,A,black,63,1
CUST107262,36,84.92,552,3,9.3,two-year,0,3,7.0,organic,C,red,68,0
CUST107263,43,63.95,522,1,3.3,one-year,1,5,8.7,partner,B,black,59,0
CUST107264,26,139.46,347,5,1.5,month-to-month,1,2,8.7,organic,A,yellow,7,1
CUST107265,46,64.27,706,1,1.8,one-year,0,4,4.1,ads,A,white,9,0
CUST107266,42,88.66,297,1,0.0,month-to-month,1,2,9.7,referral,B,red,90,0
CUST107267,20,123.98,526,6,6.3,month-to-month,0,3,4.6,ads,A,red,66,0
CUST107268,31,117.15,464,2,4.3,one-year,1,4,4.4,referral,B,red,89,0
CUST107269,27,136.38,493,6,9.1,month-to-month,1,4,4.7,ads,A,red,64,0
CUST107270,1,67.77,249,4,7.1,one-year,0,3,2.2,organic,C,white,2,1
CUST107271,63,46.51,665,2,4.6,month-to-month,1,2,4.4,ads,C,yellow,67,0
CUST107272,60,76.49,118,3,2.4,two-year,1,4,10.0,ads,A,green,79,0
CUST107273,55,108.77,95,3,9.7,two-year,0,2,5.3,ads,B,red,63,0
CUST107274,59,54.08,185,1,6.0,month-to-month,1,5,10.0,ads,A,yellow,88,0
CUST107275,1,108.1,556,3,9.7,month-to-month,0,4,3.7,organic,A,red,60,1
CUST107276,46,42.06,175,3,12.2,two-year,0,2,1.8,ads,B,green,80,0
CUST107277,22,149.26,304,5,4.1,two-year,1,3,8.7,partner,C,white,47,0
CUST107278,23,91.28,417,3,1.5,month-to-month,1,3,5.1,ads,C,red,40,0
CUST107279,48,30.09,481,1,1.6,month-to-month,1,3,7.9,organic,A,black,69,0
CUST107280,47,35.35,362,4,5.8,month-to-month,0,2,2.9,organic,C,blue,60,1
CUST107281,68,96.74,624,1,0.0,month-to-month,0,5,8.5,referral,A,red,38,0
CUST107282,72,92.16,360,4,0.0,one-year,1,4,7.0,referral,C,red,54,0
CUST107283,31,73.78,534,5,3.4,month-to-month,0,3,6.3,ads,B,green,1,1
CUST107284,46,98.74,631,3,0.0,month-to-month,1,4,7.5,referral,C,yellow,59,0
CUST107285,29,32.74,393,5,6.6,month-to-month,0,3,5.3,ads,B,green,37,0
CUST107286,47,35.95,317,1,4.0,one-year,1,3,9.2,partner,A,blue,16,0
CUST107287,62,57.87,257,1,0.0,two-year,0,4,8.5,ads,A,blue,18,0
CUST107288,59,127.16,443,1,6.8,one-year,0,4,8.6,ads,A,black,7,0
CUST107289,45,51.14,550,2,8.4,month-to-month,0,3,6.3,organic,C,white,85,0
CUST107290,1,115.88,423,9,13.2,month-to-month,0,1,1.3,referral,A,black,94,1
CUST107291,30,95.21,397,1,0.0,one-year,0,1,6.4,organic,B,green,19,0
CUST107292,27,64.47,148,7,0.0,one-year,0,2,5.4,ads,C,blue,23,0
CUST107293,27,36.38,439,3,7.4,one-year,0,2,4.9,organic,C,black,69,0
CUST107294,26,114.67,378,1,6.3,month-to-month,1,2,7.4,ads,A,red,21,0
CUST107295,11,76.54,410,2,12.3,two-year,1,1,4.0,referral,C,blue,32,0
CUST107296,33,99.03,362,2,4.9,month-to-month,1,1,7.8,organic,B,yellow,83,0
CUST107297,18,77.93,604,10,5.1,one-year,0,2,4.5,ads,A,red,99,1
CUST107298,36,109.75,444,3,1.3,month-to-month,0,5,5.7,organic,A,green,20,0
CUST107299,39,27.24,433,0,3.0,one-year,0,6,8.1,referral,C,blue,11,0
CUST107300,49,26.34,583,6,6.0,month-to-month,0,3,6.7,ads,B,red,7,0
CUST107301,45,54.17,453,4,3.6,month-to-month,0,2,6.3,ads,C,green,53,0
CUST107302,35,124.06,545,2,5.5,one-year,0,3,5.7,organic,A,yellow,91,0
CUST107303,37,75.46,526,2,2.6,one-year,1,3,9.6,referral,C,blue,20,0
CUST107304,54,147.01,488,3,6.5,one-year,0,4,1.4,organic,B,black,49,0
CUST107305,5,121.48,382,4,11.4,month-to-month,0,1,4.2,ads,A,black,15,1
CUST107306,52,99.56,457,3,0.9,two-year,0,3,9.7,referral,A,green,77,0
CUST107307,69,53.45,460,2,3.1,two-year,1,6,5.4,referral,C,green,41,0
CUST107308,45,54.32,674,3,6.1,one-year,0,1,6.6,organic,B,yellow,2,0
CUST107309,6,64.25,408,6,4.0,one-year,1,4,6.9,ads,A,red,18,0
CUST107310,15,130.16,471,2,0.2,month-to-month,0,1,6.8,organic,B,red,72,1
CUST107311,15,123.82,374,7,2.1,month-to-month,0,3,2.6,ads,A,yellow,74,1
CUST107312,16,115.56,389,2,0.8,month-to-month,0,1,8.1,ads,C,green,48,0
CUST107313,12,88.26,374,3,13.7,one-year,0,4,5.4,ads,C,yellow,56,1
CUST107314,32,68.06,274,3,4.4,month-to-month,0,1,3.8,ads,A,white,64,0
CUST107315,54,115.66,470,0,0.0,two-year,1,4,9.6,referral,B,green,37,0
CUST107316,17,63.25,351,3,2.7,month-to-month,0,4,4.5,referral,C,yellow,37,1
CUST107317,68,120.85,544,3,0.5,month-to-month,0,2,10.0,organic,C,yellow,54,0
CUST107318,42,39.73,569,3,4.1,month-to-month,1,3,6.5,referral,A,red,10,0
CUST107319,19,101.33,401,4,10.8,month-to-month,0,2,2.7,ads,A,yellow,17,1
CUST107320,61,32.79,510,5,9.1,month-to-month,0,5,7.4,ads,C,black,39,0
CUST107321,33,92.36,106,5,4.3,two-year,0,4,3.9,partner,A,green,14,0
CUST107322,61,32.82,408,3,6.5,one-year,0,3,5.6,organic,B,blue,22,0
CUST107323,32,136.5,379,7,1.0,one-year,1,2,7.5,referral,A,black,9,1
CUST107324,72,72.44,567,2,11.3,one-year,1,3,8.8,referral,A,green,62,0
CUST107325,30,102.45,362,1,5.3,two-year,1,3,8.0,organic,B,green,55,0
CUST107326,58,64.43,542,1,4.0,two-year,1,5,5.7,referral,A,blue,51,0
CUST107327,31,90.65,528,1,7.1,month-to-month,0,2,9.5,referral,B,blue,21,0
CUST107328,36,113.53,142,5,11.1,one-year,0,2,7.0,ads,C,black,2,0
CUST107329,23,64.44,461,3,10.0,month-to-month,0,4,6.0,partner,B,green,7,0
CUST107330,72,47.64,638,0,0.0,two-year,1,5,9.6,referral,B,green,32,0
CUST107331,35,110.2,510,3,10.9,month-to-month,0,3,6.6,organic,A,red,78,1
CUST107332,72,36.71,409,2,0.0,month-to-month,1,2,9.7,referral,C,red,86,0
CUST107333,43,127.18,272,3,0.0,one-year,1,3,9.1,organic,B,green,98,0
CUST107334,64,92.31,301,1,10.2,two-year,0,4,6.3,ads,A,black,4,0
CUST107335,25,38.75,536,4,2.4,month-to-month,1,2,5.4,organic,B,white,16,1
CUST107336,15,80.6,82,1,6.8,month-to-month,0,1,8.3,organic,B,black,76,0
CUST107337,29,66.36,487,3,7.3,month-to-month,0,1,4.4,ads,B,black,28,1
CUST107338,27,40.46,437,4,5.7,one-year,0,5,4.6,referral,B,green,78,1
CUST107339,50,25.06,397,1,0.0,one-year,1,4,8.8,referral,B,blue,95,0
CUST107340,24,78.15,433,4,10.5,one-year,0,4,5.9,ads,B,green,18,1
CUST107341,21,104.7,304,2,3.9,month-to-month,1,4,5.8,organic,A,green,17,0
CUST107342,45,135.44,537,2,0.0,one-year,1,6,9.9,referral,C,red,97,0
CUST107343,44,63.29,414,5,3.5,month-to-month,0,4,5.4,ads,C,black,16,0
CUST107344,46,59.57,470,6,1.5,month-to-month,0,3,5.4,partner,C,blue,16,0
CUST107345,27,88.82,266,2,12.7,month-to-month,1,2,4.8,ads,B,black,67,1
CUST107346,43,93.8,322,1,1.5,month-to-month,0,3,6.1,ads,B,white,23,0
CUST107347,5,38.5,458,2,6.8,month-to-month,0,4,4.4,partner,B,white,85,1
CUST107348,20,29.77,692,4,15.1,two-year,0,1,5.0,partner,A,white,58,0
CUST107349,59,43.15,490,0,4.7,two-year,0,4,10.0,organic,C,blue,25,0
CUST107350,23,99.84,642,1,3.3,month-to-month,0,3,2.6,ads,A,blue,80,1
CUST107351,34,70.81,701,4,0.1,two-year,1,3,4.4,organic,A,white,88,0
CUST107352,12,32.21,394,2,1.6,two-year,0,2,7.1,partner,C,red,81,1
CUST107353,19,121.59,587,0,1.3,month-to-month,0,4,10.0,ads,A,red,49,0
CUST107354,64,102.42,423,2,0.0,one-year,1,5,10.0,referral,C,yellow,73,0
CUST107355,50,128.56,327,4,2.3,month-to-month,1,4,10.0,partner,C,yellow,81,0
CUST107356,53,59.75,588,4,4.3,one-year,1,1,6.2,referral,B,yellow,62,0
CUST107357,27,93.75,420,3,4.9,month-to-month,1,2,5.0,organic,B,green,79,0
CUST107358,11,111.67,392,7,8.2,one-year,0,4,5.5,ads,B,blue,88,0
CUST107359,59,139.56,561,1,0.0,two-year,1,3,10.0,referral,A,red,22,0
CUST107360,40,26.81,352,4,3.2,month-to-month,0,1,3.0,partner,B,green,50,1
CUST107361,40,139.32,358,2,0.0,month-to-month,1,3,7.1,ads,A,green,67,0
CUST107362,61,44.49,517,2,1.0,month-to-month,0,3,8.0,referral,A,black,96,0
CUST107363,14,72.76,506,3,2.5,month-to-month,1,3,4.4,ads,A,black,4,1
CUST107364,46,36.37,466,2,4.8,month-to-month,1,4,7.0,referral,A,black,86,0
CUST107365,44,134.7,506,3,0.0,month-to-month,1,4,9.2,ads,A,red,35,0
CUST107366,72,55.97,601,1,0.0,two-year,1,3,9.9,referral,C,black,78,0
CUST107367,33,98.79,332,2,6.0,one-year,1,2,7.2,referral,B,white,35,0
CUST107368,47,81.32,536,3,12.9,month-to-month,0,2,5.2,ads,B,green,34,1
CUST107369,10,133.99,521,6,3.9,month-to-month,0,4,4.2,referral,A,white,14,1
CUST107370,40,25.19,821,0,4.1,month-to-month,0,3,7.6,partner,C,yellow,38,0
CUST107371,39,73.91,602,2,6.3,one-year,0,3,4.9,ads,A,white,54,0
CUST107372,41,53.25,375,4,8.2,month-to-month,0,3,5.3,ads,B,black,25,1
CUST107373,1,53.64,478,8,11.2,one-year,0,1,1.8,partner,C,blue,36,1
CUST107374,67,89.12,460,2,9.8,month-to-month,0,4,6.1,ads,B,red,67,0
CUST107375,60,51.09,730,0,0.0,month-to-month,1,3,9.6,referral,B,black,25,0
CUST107376,25,87.9,540,2,9.5,month-to-month,1,4,6.4,organic,B,black,72,0
CUST107377,43,37.58,394,1,4.9,one-year,0,4,5.8,organic,A,yellow,3,0
CUST107378,38,140.21,403,3,3.3,one-year,1,4,9.4,partner,C,black,44,0
CUST107379,72,126.88,365,5,4.1,month-to-month,0,4,6.9,referral,A,red,83,0
CUST107380,63,31.46,374,1,5.0,two-year,1,4,6.9,referral,C,red,44,0
CUST107381,41,125.6,642,2,0.0,month-to-month,0,3,5.1,organic,B,red,23,1
CUST107382,31,120.02,416,2,5.5,month-to-month,1,3,2.7,referral,B,yellow,80,0
CUST107383,41,28.97,613,4,5.4,month-to-month,1,2,4.9,partner,B,red,14,1
CUST107384,48,84.26,470,5,11.2,month-to-month,1,2,3.6,ads,C,red,63,0
CUST107385,1,39.89,291,1,0.5,month-to-month,1,3,8.3,partner,C,white,23,0
CUST107386,42,27.23,296,5,12.9,month-to-month,1,3,6.1,referral,A,blue,6,0
CUST107387,40,107.35,360,4,1.3,two-year,1,3,9.8,organic,B,blue,59,0
CUST107388,22,79.92,559,4,0.0,month-to-month,1,4,7.6,referral,A,blue,23,0
CUST107389,59,94.52,466,0,0.0,two-year,0,2,6.4,referral,A,white,42,0
CUST107390,72,38.71,189,0,0.0,two-year,1,4,5.0,ads,B,red,99,0
CUST107391,45,74.93,344,2,10.4,one-year,0,3,8.1,ads,C,black,88,0
CUST107392,37,36.64,430,6,2.5,month-to-month,0,3,2.2,organic,C,red,36,1
CUST107393,59,85.42,445,2,6.3,one-year,0,3,5.2,ads,A,blue,73,0
CUST107394,24,72.78,225,3,9.7,two-year,1,2,9.6,ads,C,black,63,0
CUST107395,1,147.9,304,2,20.6,one-year,0,2,4.8,ads,B,red,28,1
CUST107396,63,22.52,405,0,0.0,one-year,1,4,9.3,ads,A,green,89,0
CUST107397,34,58.54,272,1,4.0,one-year,0,1,8.4,organic,A,black,4,0
CUST107398,20,99.5,265,2,0.0,month-to-month,1,5,8.7,organic,B,white,65,0
CUST107399,51,100.84,381,1,0.0,one-year,0,3,10.0,ads,B,red,56,0
CUST107400,39,92.28,545,2,14.6,one-year,0,3,4.5,ads,B,green,23,0
CUST107401,41,131.58,439,5,5.8,month-to-month,1,1,6.7,ads,A,green,70,0
CUST107402,23,117.05,318,1,9.2,one-year,0,4,4.7,partner,B,white,42,0
CUST107403,30,141.21,443,1,7.1,one-year,0,2,6.2,referral,A,green,96,0
CUST107404,26,108.05,342,6,10.6,month-to-month,0,2,5.1,organic,C,blue,20,1
CUST107405,27,54.17,485,1,6.8,one-year,1,3,5.8,partner,B,green,2,0
CUST107406,29,93.77,308,3,3.3,one-year,0,2,4.8,partner,B,white,44,0
CUST107407,24,119.04,335,4,4.9,one-year,1,4,10.0,organic,A,black,21,0
CUST107408,23,127.93,421,8,6.9,month-to-month,0,4,4.1,ads,B,blue,4,1
CUST107409,27,31.64,509,4,0.0,month-to-month,0,5,9.6,organic,A,green,78,0
CUST107410,64,77.87,526,3,1.9,two-year,1,5,7.9,partner,C,yellow,56,0
CUST107411,31,50.14,503,2,4.2,month-to-month,1,2,3.2,organic,B,red,87,0
CUST107412,25,127.64,692,1,4.4,two-year,1,3,5.9,ads,A,white,1,0
CUST107413,45,29.08,462,1,0.2,month-to-month,1,3,9.0,ads,B,red,10,0
CUST107414,50,67.25,467,0,0.0,one-year,1,3,7.8,organic,C,red,12,0
CUST107415,19,35.52,404,3,11.0,month-to-month,0,1,5.2,ads,A,red,85,0
CUST107416,34,105.9,320,9,9.5,month-to-month,0,3,4.6,partner,A,yellow,56,1
CUST107417,17,21.2,415,4,8.9,one-year,0,2,5.2,ads,A,blue,1,0
CUST107418,42,129.06,419,0,6.4,month-to-month,1,3,7.5,ads,A,black,87,0
CUST107419,16,86.87,396,3,1.7,month-to-month,1,1,5.6,organic,C,black,39,1
CUST107420,12,73.58,389,2,1.5,month-to-month,0,6,10.0,ads,A,green,18,0
CUST107421,40,68.18,604,0,0.1,month-to-month,1,3,5.6,ads,A,red,40,0
CUST107422,22,61.73,275,8,6.2,month-to-month,0,2,3.8,ads,B,black,40,1
CUST107423,51,60.35,342,2,1.2,two-year,0,3,8.4,organic,B,black,12,0
CUST107424,19,143.36,326,4,10.2,month-to-month,0,1,2.4,partner,C,red,29,1
CUST107425,43,79.83,557,4,0.0,one-year,0,1,4.7,organic,B,yellow,75,0
CUST107426,41,31.42,574,3,0.0,month-to-month,0,3,4.0,partner,C,yellow,67,0
CUST107427,23,80.38,400,4,5.8,month-to-month,0,3,6.1,referral,A,blue,16,0
CUST107428,8,114.58,328,0,7.1,one-year,0,2,6.3,referral,A,blue,49,1
CUST107429,1,95.25,398,5,7.2,month-to-month,0,1,7.2,organic,A,green,83,1
CUST107430,65,128.89,632,3,3.6,one-year,0,3,5.8,organic,B,red,99,0
CUST107431,19,68.85,179,4,1.9,one-year,0,1,5.6,partner,A,white,43,0
CUST107432,56,134.99,425,2,3.1,month-to-month,1,4,8.1,referral,C,yellow,31,0
CUST107433,20,107.52,387,7,8.4,one-year,0,3,4.3,ads,A,yellow,7,1
CUST107434,30,91.44,320,2,3.1,two-year,1,2,4.2,partner,C,green,12,1
CUST107435,33,117.56,479,5,7.0,one-year,1,3,3.8,organic,A,black,41,1
CUST107436,64,30.61,406,4,11.1,month-to-month,0,2,6.3,organic,A,blue,73,0
CUST107437,39,53.08,300,4,12.6,month-to-month,1,2,8.6,ads,B,white,58,0
CUST107438,10,68.7,647,1,4.8,one-year,1,4,1.4,ads,B,green,54,0
CUST107439,19,99.72,285,2,3.3,one-year,1,5,6.8,organic,A,green,62,1
CUST107440,72,40.63,426,2,0.0,one-year,1,4,7.9,ads,A,yellow,14,0
CUST107441,67,148.52,430,0,0.0,one-year,1,5,10.0,referral,C,red,34,0
CUST107442,48,142.93,490,0,5.7,month-to-month,0,3,6.0,referral,B,black,49,0
CUST107443,58,76.72,380,1,0.0,month-to-month,1,5,10.0,referral,C,green,51,0
CUST107444,8,136.44,331,4,10.4,month-to-month,0,4,3.1,partner,B,green,98,1
CUST107445,64,133.38,565,0,0.0,one-year,1,3,6.5,organic,A,black,44,0
CUST107446,36,68.01,325,3,0.0,month-to-month,1,2,6.8,organic,B,red,11,0
CUST107447,15,90.66,163,5,4.3,one-year,1,4,5.1,organic,B,blue,96,1
CUST107448,68,25.43,397,0,8.5,one-year,1,5,9.3,referral,A,yellow,84,0
CUST107449,31,86.44,575,4,7.1,one-year,0,4,5.4,partner,B,yellow,12,0
CUST107450,38,86.26,464,5,2.1,month-to-month,0,3,6.6,partner,A,white,57,0
CUST107451,48,128.47,310,3,1.2,month-to-month,0,1,5.8,organic,B,green,33,1
CUST107452,33,29.6,483,3,0.0,month-to-month,0,1,4.4,organic,C,blue,60,1
CUST107453,25,98.53,398,1,0.0,month-to-month,0,6,6.6,ads,C,yellow,7,0
CUST107454,15,127.36,418,5,13.9,month-to-month,0,2,3.4,organic,C,red,16,0
CUST107455,19,73.78,293,4,10.8,one-year,1,1,7.2,ads,C,blue,35,0
CUST107456,13,92.68,482,8,8.5,month-to-month,0,1,3.8,ads,B,green,19,1
CUST107457,52,105.29,457,1,3.3,two-year,1,4,7.0,ads,A,red,18,0
CUST107458,46,28.14,311,4,11.5,one-year,1,3,7.5,organic,C,white,25,0
CUST107459,40,79.1,557,9,9.3,month-to-month,0,1,5.8,ads,B,red,60,1
CUST107460,24,49.9,439,3,4.7,one-year,1,2,8.5,organic,A,green,11,0
CUST107461,40,138.77,580,3,3.7,one-year,0,2,7.3,organic,A,green,62,0
CUST107462,29,142.58,286,2,6.5,two-year,0,3,3.6,ads,B,black,71,0
CUST107463,31,119.33,556,1,6.4,one-year,0,4,8.5,ads,A,red,49,0
CUST107464,48,36.25,426,0,4.5,one-year,0,4,10.0,organic,A,green,20,0
CUST107465,53,149.7,445,6,2.4,month-to-month,0,4,4.9,ads,A,white,93,0
CUST107466,46,26.53,628,2,2.9,one-year,1,3,6.1,ads,A,black,70,0
CUST107467,46,141.75,444,3,0.0,two-year,0,2,6.3,referral,B,red,44,0
CUST107468,49,50.04,405,3,9.3,month-to-month,0,4,5.4,organic,A,green,19,1
CUST107469,51,48.46,446,3,3.5,month-to-month,1,4,5.0,referral,B,yellow,18,0
CUST107470,32,92.23,525,3,8.1,one-year,1,5,10.0,ads,A,red,65,0
CUST107471,30,96.1,363,5,2.4,month-to-month,0,3,6.0,partner,C,black,48,1
CUST107472,1,85.34,275,3,4.5,month-to-month,0,5,5.0,partner,A,blue,55,1
CUST107473,58,131.22,323,3,0.0,one-year,1,4,10.0,partner,C,green,53,0
CUST107474,32,20.94,403,3,6.1,month-to-month,1,4,5.1,organic,B,red,59,0
CUST107475,56,57.44,349,1,0.0,month-to-month,1,3,10.0,organic,B,green,31,0
CUST107476,27,121.01,373,5,11.9,month-to-month,0,3,1.7,partner,A,white,10,0
CUST107477,31,89.81,497,3,1.7,one-year,1,3,7.4,organic,B,red,29,0
CUST107478,55,40.37,475,2,4.0,one-year,1,5,9.7,organic,A,black,77,0
CUST107479,32,77.73,227,3,10.1,month-to-month,1,5,7.4,ads,C,red,89,0
CUST107480,6,26.21,445,2,5.0,month-to-month,1,3,8.3,ads,A,blue,51,1
CUST107481,36,45.05,605,5,7.3,one-year,0,4,5.9,organic,A,yellow,44,0
CUST107482,1,105.98,401,2,5.1,month-to-month,0,4,8.2,ads,B,green,54,0
CUST107483,23,41.08,339,4,4.8,month-to-month,1,2,8.7,referral,A,green,32,0
CUST107484,45,90.78,707,3,0.0,month-to-month,0,3,5.5,ads,B,red,87,0
CUST107485,35,90.13,450,1,7.9,month-to-month,1,1,5.5,partner,A,white,30,0
CUST107486,42,34.36,412,3,0.4,one-year,0,4,7.5,organic,B,white,73,0
CUST107487,42,141.41,508,2,6.1,month-to-month,1,4,6.6,referral,A,yellow,48,0
CUST107488,23,100.76,355,2,6.1,two-year,1,1,4.7,referral,C,blue,64,0
CUST107489,46,126.7,363,0,0.0,one-year,1,2,9.1,partner,A,red,74,0
CUST107490,72,89.61,412,6,4.0,two-year,0,1,2.4,partner,B,yellow,98,0
CUST107491,54,117.95,569,5,4.4,month-to-month,0,4,4.1,partner,A,yellow,96,0
CUST107492,30,89.48,599,2,10.0,two-year,1,3,5.5,ads,A,blue,1,0
CUST107493,38,86.19,390,2,10.3,one-year,0,4,8.8,organic,B,white,27,0
CUST107494,9,42.68,282,1,10.4,month-to-month,0,4,3.9,ads,C,red,13,1
CUST107495,18,24.13,392,5,13.4,month-to-month,1,2,6.5,organic,B,white,68,1
CUST107496,35,51.42,381,2,7.6,month-to-month,0,3,5.6,organic,B,white,97,0
CUST107497,54,43.94,328,0,0.0,one-year,1,4,10.0,referral,A,white,14,0
CUST107498,16,106.29,504,5,6.8,month-to-month,0,3,3.0,ads,C,yellow,10,1
CUST107499,57,44.67,615,2,0.9,month-to-month,1,4,7.7,referral,B,red,81,0
CUST107500,62,36.68,587,3,0.0,month-to-month,1,5,8.1,organic,A,yellow,82,0
CUST107501,39,131.3,409,2,0.9,one-year,0,4,4.9,organic,C,black,85,1
CUST107502,20,59.61,297,5,2.0,month-to-month,1,3,8.3,partner,B,red,83,0
CUST107503,48,131.05,550,4,3.0,two-year,0,2,5.8,organic,A,black,4,0
CUST107504,11,124.25,339,2,6.3,month-to-month,1,3,5.6,ads,A,green,72,0
CUST107505,3,126.68,215,10,20.5,month-to-month,0,3,3.7,ads,C,blue,7,1
CUST107506,53,43.31,598,1,6.9,month-to-month,0,4,9.0,ads,B,yellow,30,0
CUST107507,42,23.24,313,4,7.4,two-year,1,1,6.8,referral,A,yellow,30,0
CUST107508,19,61.08,539,3,10.6,month-to-month,1,3,4.1,ads,B,red,59,1
CUST107509,24,126.96,368,9,2.3,month-to-month,1,2,3.7,referral,C,black,21,1
CUST107510,46,147.93,258,0,0.0,one-year,0,2,10.0,referral,C,yellow,75,0
CUST107511,47,81.93,319,0,0.5,month-to-month,1,6,7.3,partner,B,yellow,87,0
CUST107512,29,42.37,0,5,3.3,one-year,0,2,6.0,referral,C,white,80,0
CUST107513,6,52.34,256,6,5.9,month-to-month,0,4,7.0,ads,B,blue,96,1
CUST107514,32,131.49,509,2,3.0,month-to-month,0,4,7.7,ads,C,red,76,1
CUST107515,48,34.9,377,4,0.7,two-year,1,4,6.9,ads,A,black,15,0
CUST107516,66,63.06,428,3,0.0,one-year,1,3,9.2,organic,B,blue,19,0
CUST107517,19,128.75,521,6,2.8,month-to-month,0,4,4.6,organic,A,black,26,1
CUST107518,1,55.64,592,3,19.7,month-to-month,0,1,3.2,partner,B,white,97,1
CUST107519,45,92.45,564,0,10.5,month-to-month,0,3,5.4,referral,B,red,38,0
CUST107520,49,53.63,552,2,5.6,one-year,0,3,6.6,organic,B,black,10,0
CUST107521,15,27.71,265,5,9.1,month-to-month,0,2,5.5,ads,C,white,90,0
CUST107522,34,64.24,226,3,1.1,month-to-month,0,3,6.0,ads,C,yellow,28,0
CUST107523,67,22.08,183,3,0.0,month-to-month,1,1,8.8,referral,C,black,60,0
CUST107524,42,139.43,441,4,5.6,month-to-month,1,2,6.1,partner,A,white,81,0
CUST107525,56,39.95,554,2,11.5,month-to-month,0,1,2.8,ads,B,green,87,1
CUST107526,67,99.73,436,2,4.1,month-to-month,1,4,10.0,referral,B,blue,79,0
CUST107527,57,144.39,450,5,5.6,month-to-month,1,4,3.5,partner,C,white,20,0
CUST107528,2,139.74,653,3,11.1,month-to-month,1,2,3.2,partner,C,yellow,54,1
CUST107529,20,33.9,480,6,10.1,one-year,0,3,3.1,ads,B,blue,60,1
CUST107530,45,117.28,362,0,0.0,one-year,1,4,10.0,referral,B,white,21,0
CUST107531,18,72.64,158,5,0.0,month-to-month,0,3,6.5,referral,A,green,99,0
CUST107532,59,30.61,585,7,2.4,month-to-month,0,3,5.0,referral,C,white,39,1
CUST107533,26,109.93,394,9,6.5,month-to-month,1,3,6.1,organic,A,black,88,1
CUST107534,14,139.78,492,1,3.9,one-year,1,1,5.3,referral,B,yellow,67,0
CUST107535,17,45.74,174,0,2.7,two-year,0,3,4.0,ads,B,blue,76,0
CUST107536,19,37.1,505,4,5.8,month-to-month,0,1,6.2,referral,A,red,69,1
CUST107537,1,58.45,406,6,11.6,one-year,0,1,1.2,ads,C,black,5,1
CUST107538,24,40.22,154,5,4.7,month-to-month,1,1,2.3,organic,B,white,75,1
CUST107539,58,45.27,260,6,4.8,two-year,1,3,9.9,referral,C,yellow,99,0
CUST107540,33,73.35,301,3,0.0,one-year,1,5,7.6,referral,A,black,73,0
CUST107541,60,34.59,317,3,7.1,month-to-month,1,5,6.8,organic,A,black,37,0
CUST107542,58,31.31,260,2,2.8,month-to-month,0,2,6.3,organic,B,blue,1,0
CUST107543,58,78.97,393,1,5.6,two-year,1,4,10.0,referral,B,white,79,0
CUST107544,60,71.73,508,1,0.0,month-to-month,0,2,7.1,organic,A,yellow,22,0
CUST107545,42,117.27,486,2,5.5,month-to-month,0,2,2.2,referral,B,blue,52,1
CUST107546,55,119.26,371,2,8.7,month-to-month,1,5,5.5,organic,C,white,57,0
CUST107547,33,87.31,508,5,7.0,month-to-month,0,2,4.5,organic,A,blue,70,0
CUST107548,20,131.02,774,3,3.2,month-to-month,1,5,7.3,ads,B,blue,65,0
CUST107549,61,32.29,441,2,0.0,two-year,0,5,8.7,referral,C,white,36,0
CUST107550,52,35.12,258,3,0.0,two-year,1,2,5.9,ads,A,red,79,0
CUST107551,55,78.6,426,2,0.0,one-year,1,3,8.0,referral,A,yellow,91,0
CUST107552,20,142.63,437,4,4.8,month-to-month,0,2,3.7,organic,C,white,28,1
CUST107553,13,88.86,221,4,4.0,one-year,1,2,1.8,ads,A,black,32,1
CUST107554,26,70.24,495,2,3.5,one-year,1,5,4.3,referral,A,black,99,0
CUST107555,16,45.76,356,1,8.4,month-to-month,0,3,7.1,ads,B,green,68,0
CUST107556,29,146.54,549,2,3.2,two-year,1,5,8.7,ads,B,white,42,0
CUST107557,46,65.03,412,4,6.4,month-to-month,1,2,8.1,referral,B,yellow,50,0
CUST107558,1,55.38,410,7,8.0,month-to-month,1,3,4.7,ads,A,black,42,1
CUST107559,23,69.32,550,2,8.1,month-to-month,0,2,4.0,partner,C,black,46,1
CUST107560,6,101.41,344,2,15.3,month-to-month,1,1,1.0,partner,A,blue,60,1
CUST107561,18,27.99,260,9,5.1,month-to-month,0,1,3.2,partner,B,blue,48,1
CUST107562,20,35.01,414,2,0.0,month-to-month,1,4,8.7,referral,B,blue,70,0
CUST107563,53,148.49,210,2,4.3,month-to-month,1,5,10.0,ads,B,black,25,0
CUST107564,21,68.05,304,3,0.0,month-to-month,1,3,7.1,referral,B,green,35,0
CUST107565,32,93.73,562,4,8.8,month-to-month,0,3,1.7,organic,B,yellow,65,1
CUST107566,22,68.2,346,1,6.1,one-year,1,2,4.4,ads,C,red,93,0
CUST107567,20,20.6,457,3,5.5,one-year,0,2,3.1,partner,B,red,33,1
CUST107568,50,117.72,112,1,0.0,month-to-month,0,5,7.5,referral,C,yellow,73,0
CUST107569,33,82.35,510,2,11.3,two-year,0,4,7.6,partner,A,blue,68,0
CUST107570,24,83.15,306,3,4.9,month-to-month,0,4,7.0,ads,C,red,85,1
CUST107571,30,87.31,341,1,1.7,one-year,0,4,6.2,referral,B,yellow,82,0
CUST107572,33,45.99,543,1,11.2,month-to-month,0,2,5.9,organic,C,black,94,1
CUST107573,61,127.3,444,1,0.0,month-to-month,1,3,7.3,organic,B,blue,53,0
CUST107574,16,124.51,402,4,12.2,month-to-month,1,1,2.3,partner,A,black,47,1
CUST107575,26,53.28,436,3,17.1,month-to-month,0,4,7.6,ads,A,yellow,46,0
CUST107576,28,128.6,496,7,6.9,month-to-month,0,1,1.0,organic,B,blue,62,1
CUST107577,46,143.27,406,4,2.1,month-to-month,1,3,3.1,organic,A,red,64,1
CUST107578,43,21.86,442,4,7.6,month-to-month,0,1,8.9,ads,C,yellow,62,0
CUST107579,21,107.05,247,5,9.3,month-to-month,0,3,4.4,partner,C,green,92,1
CUST107580,36,114.39,303,1,4.4,month-to-month,1,4,6.3,referral,C,blue,54,0
CUST107581,32,78.2,316,4,4.0,one-year,1,5,8.7,referral,A,green,34,0
CUST107582,40,28.62,242,3,7.4,month-to-month,0,3,7.8,organic,B,red,91,0
CUST107583,67,38.12,455,1,13.7,two-year,0,5,6.1,organic,C,white,74,0
CUST107584,72,145.22,540,2,0.0,two-year,0,4,6.5,ads,A,white,11,0
CUST107585,41,88.79,459,6,11.8,one-year,1,4,6.8,organic,A,blue,92,0
CUST107586,6,108.44,496,3,13.0,month-to-month,0,3,3.5,ads,B,green,60,1
CUST107587,34,82.57,527,1,0.0,two-year,1,5,8.2,ads,B,white,62,0
CUST107588,72,87.53,383,2,0.0,one-year,1,6,9.7,organic,A,blue,40,0
CUST107589,35,45.31,365,0,5.5,month-to-month,1,2,2.4,partner,B,white,2,0
CUST107590,27,54.04,578,4,1.5,month-to-month,0,2,4.6,ads,A,green,89,0
CUST107591,29,64.34,255,3,0.0,one-year,1,5,7.9,ads,A,black,4,0
CUST107592,50,61.61,461,1,7.2,month-to-month,0,3,2.1,referral,A,white,45,0
CUST107593,42,32.19,449,1,1.6,month-to-month,0,3,5.4,referral,B,red,22,0
CUST107594,42,111.11,283,2,0.0,month-to-month,0,5,10.0,referral,C,blue,6,0
CUST107595,13,29.59,582,3,2.5,month-to-month,1,3,4.2,organic,B,white,86,0
CUST107596,22,91.36,594,0,4.9,one-year,0,1,1.5,organic,A,green,79,1
CUST107597,24,72.87,537,6,9.0,one-year,0,3,7.0,ads,C,green,34,0
CUST107598,60,82.57,456,0,0.6,one-year,1,2,8.8,ads,A,green,48,0
CUST107599,47,109.13,384,1,3.7,one-year,1,4,6.8,organic,A,yellow,77,0
CUST107600,30,97.81,440,6,7.2,month-to-month,1,3,6.1,organic,A,black,95,0
CUST107601,22,139.37,641,3,6.3,month-to-month,0,3,7.6,referral,B,yellow,62,0
CUST107602,39,145.6,443,0,1.2,month-to-month,0,3,7.8,referral,A,white,21,1
CUST107603,18,148.27,394,7,3.0,two-year,0,5,6.4,organic,A,black,5,1
CUST107604,38,77.33,281,2,4.9,one-year,0,6,5.7,partner,C,red,19,0
CUST107605,27,67.9,355,1,14.2,month-to-month,0,1,2.0,partner,C,white,3,1
CUST107606,12,75.46,367,2,10.2,one-year,0,2,6.3,ads,A,blue,37,0
CUST107607,38,47.04,463,5,0.0,one-year,0,5,7.5,ads,C,white,4,0
CUST107608,26,77.72,606,4,0.0,one-year,0,4,5.5,referral,B,green,96,1
CUST107609,23,102.0,514,5,1.2,month-to-month,0,3,8.0,ads,B,yellow,59,0
CUST107610,34,110.47,326,5,0.0,month-to-month,0,5,6.2,organic,A,black,28,1
CUST107611,1,31.09,360,2,9.9,month-to-month,0,1,1.0,partner,B,black,98,1
CUST107612,28,131.53,315,3,0.0,month-to-month,0,2,8.4,partner,B,black,39,0
CUST107613,38,56.49,539,6,6.1,two-year,0,3,5.4,ads,B,white,5,0
CUST107614,68,110.59,601,0,0.0,month-to-month,1,5,8.1,referral,C,red,89,0
CUST107615,43,123.96,478,4,2.6,month-to-month,1,3,1.5,ads,B,blue,87,0
CUST107616,42,74.77,431,3,0.9,month-to-month,0,3,8.0,organic,C,red,11,0
CUST107617,38,53.19,285,2,0.0,two-year,1,4,7.5,organic,B,red,50,0
CUST107618,16,41.75,346,2,6.9,month-to-month,0,2,4.8,organic,C,black,99,0
CUST107619,26,139.04,476,0,0.0,month-to-month,1,3,6.5,organic,C,red,55,1
CUST107620,52,37.38,397,5,10.3,month-to-month,0,3,4.5,partner,B,blue,79,0
CUST107621,60,68.9,359,2,6.6,one-year,1,3,5.5,organic,B,yellow,82,0
CUST107622,36,132.74,357,7,8.1,month-to-month,1,2,5.2,organic,B,yellow,47,0
CUST107623,40,100.22,496,3,4.4,two-year,0,1,7.5,partner,A,red,35,0
CUST107624,72,37.43,456,0,0.1,one-year,1,5,10.0,referral,A,red,15,0
CUST107625,52,99.94,204,3,3.4,month-to-month,1,4,8.9,ads,C,red,78,0
CUST107626,25,125.9,358,3,1.5,two-year,0,3,10.0,referral,C,green,23,0
CUST107627,41,117.59,480,0,6.5,two-year,0,3,8.8,ads,C,black,20,0
CUST107628,4,130.68,289,5,2.1,month-to-month,0,2,5.0,ads,C,yellow,72,1
CUST107629,45,111.26,296,3,3.6,two-year,1,3,9.7,partner,B,blue,67,0
CUST107630,48,112.37,597,3,0.0,month-to-month,1,4,5.8,referral,B,black,72,0
CUST107631,55,87.07,719,4,3.7,month-to-month,0,5,4.0,ads,C,green,34,0
CUST107632,61,48.52,529,2,4.3,one-year,0,1,6.5,partner,B,blue,37,0
CUST107633,49,76.82,384,5,7.4,two-year,1,2,7.0,partner,C,red,84,0
CUST107634,54,24.96,438,1,3.5,month-to-month,0,4,10.0,organic,A,black,74,0
CUST107635,56,126.47,629,3,5.3,month-to-month,0,4,3.9,partner,C,black,46,0
CUST107636,22,149.25,212,8,6.0,month-to-month,0,2,5.8,ads,C,red,57,1
CUST107637,37,98.33,522,5,10.0,one-year,0,1,4.9,ads,B,white,29,0
CUST107638,54,105.89,562,0,0.0,two-year,0,4,8.0,referral,A,white,20,0
CUST107639,8,71.97,477,5,16.3,month-to-month,1,2,4.1,organic,C,yellow,36,0
CUST107640,12,62.58,281,4,8.7,month-to-month,0,1,6.4,ads,C,blue,75,1
CUST107641,8,127.09,474,4,3.5,one-year,1,4,5.4,ads,B,blue,71,0
CUST107642,7,46.79,643,4,3.2,month-to-month,1,3,5.7,referral,B,green,91,1
CUST107643,41,124.84,475,3,4.1,two-year,0,4,4.6,referral,C,red,27,0
CUST107644,71,101.27,389,1,0.0,month-to-month,1,4,6.6,ads,C,black,69,0
CUST107645,35,51.41,636,6,4.2,month-to-month,0,1,3.7,organic,B,green,64,1
CUST107646,3,112.05,395,5,10.2,month-to-month,0,2,4.1,ads,A,white,80,1
CUST107647,39,131.61,320,1,0.0,one-year,1,4,10.0,partner,A,green,41,0
CUST107648,36,54.64,504,4,0.0,month-to-month,0,2,6.2,organic,B,red,80,0
CUST107649,15,56.92,358,6,17.1,one-year,1,3,3.6,ads,A,blue,57,0
CUST107650,59,24.99,164,1,7.0,month-to-month,1,3,9.1,organic,A,black,69,0
CUST107651,37,25.25,374,3,0.5,month-to-month,1,2,6.1,ads,B,yellow,63,1
CUST107652,42,117.28,402,2,1.7,month-to-month,0,3,6.3,ads,C,white,69,1
CUST107653,42,28.51,593,2,1.9,one-year,1,2,5.0,ads,B,yellow,3,0
CUST107654,55,29.92,312,2,3.4,two-year,0,4,8.4,organic,A,black,3,0
CUST107655,30,112.63,569,5,6.9,month-to-month,0,2,6.3,ads,C,black,71,1
CUST107656,45,98.52,445,1,0.0,month-to-month,1,4,9.0,organic,A,green,37,0
CUST107657,1,85.79,226,8,19.8,one-year,0,1,4.0,ads,B,white,24,1
CUST107658,9,96.07,275,3,0.1,month-to-month,1,2,8.9,ads,C,red,73,0
CUST107659,23,113.37,535,5,13.7,month-to-month,1,3,3.3,ads,C,red,33,1
CUST107660,72,96.65,355,0,0.0,one-year,1,5,8.2,referral,C,white,12,0
CUST107661,49,139.2,344,2,7.8,month-to-month,1,3,7.6,ads,B,green,72,1
CUST107662,31,50.41,356,6,7.5,one-year,0,5,5.0,ads,C,white,40,1
CUST107663,33,101.06,537,3,0.0,one-year,0,4,9.2,organic,A,green,11,0
CUST107664,62,50.09,369,2,3.7,month-to-month,1,3,8.0,organic,B,red,63,0
CUST107665,42,136.37,420,3,2.8,month-to-month,1,5,3.9,organic,C,red,25,0
CUST107666,47,130.16,440,4,10.8,month-to-month,0,1,6.5,organic,B,black,84,1
CUST107667,15,143.19,207,4,2.3,month-to-month,1,3,5.6,referral,C,white,54,0
CUST107668,25,29.99,528,2,3.7,two-year,0,3,3.3,ads,C,blue,56,0
CUST107669,23,133.72,377,3,7.4,month-to-month,1,1,6.0,organic,C,green,98,0
CUST107670,23,36.16,638,0,0.0,month-to-month,1,3,5.3,organic,B,green,71,0
CUST107671,1,141.41,455,12,5.4,month-to-month,0,4,4.8,ads,C,yellow,61,1
CUST107672,42,136.08,461,2,3.2,one-year,0,3,6.9,ads,A,red,39,0
CUST107673,22,117.0,430,8,5.6,two-year,1,2,4.4,ads,B,blue,58,0
CUST107674,1,23.59,202,2,6.1,month-to-month,0,3,6.7,partner,A,green,9,1
CUST107675,43,29.14,395,6,9.4,month-to-month,0,1,6.2,referral,A,black,83,1
CUST107676,8,126.44,397,3,4.2,month-to-month,0,4,5.8,partner,B,blue,88,0
CUST107677,2,144.61,344,6,18.9,month-to-month,0,1,1.0,partner,A,yellow,3,1
CUST107678,28,62.11,419,1,7.4,month-to-month,0,1,3.9,ads,A,blue,42,1
CUST107679,57,63.98,329,3,2.2,month-to-month,0,4,3.6,ads,B,yellow,50,0
CUST107680,57,84.49,392,1,3.0,one-year,1,4,8.6,ads,A,blue,86,0
CUST107681,19,22.21,435,5,6.1,month-to-month,0,4,2.3,partner,B,white,21,0
CUST107682,23,92.2,498,4,2.0,one-year,0,3,6.1,organic,B,white,45,0
CUST107683,72,83.34,446,1,0.0,one-year,0,4,8.4,referral,A,white,16,0
CUST107684,26,61.39,443,1,0.0,two-year,1,4,9.9,referral,B,red,14,0
CUST107685,50,106.85,582,2,0.0,one-year,1,3,8.3,organic,B,red,57,0
CUST107686,28,23.66,500,6,9.7,one-year,1,2,6.7,ads,A,white,51,1
CUST107687,37,64.34,339,1,1.1,month-to-month,0,4,6.4,partner,B,yellow,20,0
CUST107688,38,42.74,373,2,9.6,month-to-month,1,3,3.9,organic,B,red,80,0
CUST107689,36,106.75,174,1,0.5,month-to-month,0,4,5.6,ads,B,green,99,0
CUST107690,48,51.5,586,1,0.0,one-year,1,2,8.5,referral,B,yellow,93,0
CUST107691,31,82.24,374,3,3.5,month-to-month,0,2,7.0,partner,B,green,8,1
CUST107692,60,40.11,306,2,0.0,month-to-month,1,4,8.0,referral,A,blue,11,0
CUST107693,35,56.77,353,2,5.4,month-to-month,1,3,4.7,ads,C,black,44,0
CUST107694,34,120.08,510,1,4.7,one-year,1,4,5.5,referral,A,green,46,0
CUST107695,54,80.68,440,2,4.7,two-year,1,4,8.4,referral,C,red,76,0
CUST107696,38,149.97,246,2,0.0,two-year,1,5,8.3,referral,A,green,90,0
CUST107697,7,41.96,230,6,16.3,one-year,0,1,7.0,partner,B,yellow,99,0
CUST107698,36,55.35,599,1,0.0,month-to-month,1,3,7.4,ads,C,red,75,0
CUST107699,44,128.47,319,1,1.8,month-to-month,1,4,8.9,referral,B,white,67,0
CUST107700,47,32.53,369,3,5.2,one-year,0,4,6.4,referral,A,green,68,0
CUST107701,36,68.88,488,1,9.9,one-year,1,2,4.9,ads,A,blue,90,0
CUST107702,21,50.27,261,2,10.5,two-year,0,1,5.8,ads,B,black,3,0
CUST107703,51,105.84,324,2,5.1,month-to-month,1,1,7.7,ads,A,black,30,0
CUST107704,29,112.42,301,2,8.0,month-to-month,1,3,5.3,ads,B,red,48,0
CUST107705,23,104.8,560,7,7.9,one-year,0,3,6.3,referral,C,red,35,0
CUST107706,56,55.43,436,0,0.0,two-year,1,5,9.7,referral,B,blue,62,0
CUST107707,50,34.35,415,1,1.3,one-year,1,1,8.5,ads,C,white,8,1
CUST107708,30,45.29,315,3,2.3,month-to-month,0,1,1.3,organic,A,yellow,82,1
CUST107709,29,98.14,743,2,0.0,one-year,0,2,7.2,referral,B,red,74,0
CUST107710,29,124.98,323,3,0.0,month-to-month,1,1,3.9,ads,A,green,76,1
CUST107711,50,37.58,246,6,3.9,two-year,1,2,5.1,ads,C,blue,7,0
CUST107712,23,66.35,351,3,1.0,month-to-month,0,4,10.0,ads,C,black,78,0
CUST107713,15,53.39,348,3,5.7,month-to-month,1,2,6.9,referral,A,black,67,0
CUST107714,64,43.18,393,7,0.0,one-year,1,5,8.8,referral,B,black,47,0
CUST107715,42,84.65,532,1,5.4,month-to-month,1,2,6.9,organic,A,blue,9,0
CUST107716,23,75.35,651,4,0.0,one-year,0,3,6.6,ads,B,black,85,0
CUST107717,42,106.99,613,1,0.0,month-to-month,1,3,8.9,referral,A,red,89,0
CUST107718,60,84.91,154,0,3.3,two-year,0,4,4.8,ads,C,blue,74,0
CUST107719,26,140.69,428,3,12.5,one-year,0,3,4.4,ads,B,red,2,0
CUST107720,42,130.83,450,3,4.8,one-year,1,3,4.2,organic,A,green,50,0
CUST107721,56,60.13,410,1,0.9,one-year,0,3,8.4,organic,B,white,55,0
CUST107722,42,104.55,460,3,0.0,month-to-month,0,2,6.0,referral,B,blue,66,1
CUST107723,57,104.51,579,6,7.4,month-to-month,0,3,6.8,organic,C,blue,88,0
CUST107724,52,98.4,404,0,0.0,month-to-month,1,5,7.7,referral,C,yellow,32,0
CUST107725,1,97.2,307,4,1.3,month-to-month,0,1,4.0,ads,B,green,43,1
CUST107726,34,31.39,425,10,10.7,month-to-month,0,4,4.6,ads,A,blue,36,1
CUST107727,24,140.06,60,5,10.0,one-year,0,2,4.2,ads,A,red,32,1
CUST107728,42,93.86,559,3,1.5,one-year,0,4,7.6,ads,B,black,93,0
CUST107729,45,73.31,357,2,2.1,month-to-month,1,4,6.4,ads,B,red,7,0
CUST107730,49,125.94,537,0,0.0,two-year,0,2,7.4,ads,A,red,73,0
CUST107731,39,52.8,423,1,7.9,one-year,1,5,7.0,referral,A,white,34,0
CUST107732,29,25.98,407,5,8.1,month-to-month,0,5,5.6,ads,A,green,84,0
CUST107733,27,61.86,505,6,0.0,two-year,1,3,8.3,partner,A,red,98,0
CUST107734,55,96.81,521,1,3.8,two-year,0,5,8.7,referral,B,red,86,0
CUST107735,1,139.79,333,3,6.2,month-to-month,0,2,1.5,partner,A,black,84,1
CUST107736,72,116.87,379,1,0.0,two-year,1,5,10.0,referral,A,white,72,0
CUST107737,55,66.65,423,3,8.7,month-to-month,0,3,8.8,ads,A,blue,31,0
CUST107738,12,123.25,504,5,2.0,two-year,0,3,4.4,referral,A,white,84,0
CUST107739,40,142.15,362,4,0.0,two-year,1,6,8.5,referral,A,white,63,0
CUST107740,42,74.23,313,4,0.0,two-year,1,4,9.2,organic,B,white,56,0
CUST107741,40,149.04,725,4,3.5,one-year,1,3,4.6,organic,B,red,63,0
CUST107742,14,74.96,336,1,0.0,month-to-month,1,2,5.1,ads,C,white,96,1
CUST107743,44,130.88,400,0,1.6,month-to-month,1,3,7.7,partner,A,yellow,58,0
CUST107744,39,53.94,528,8,7.7,two-year,0,3,8.1,referral,B,white,33,0
CUST107745,15,65.75,425,3,10.1,month-to-month,0,1,3.5,referral,A,red,12,1
CUST107746,40,132.31,250,1,1.7,month-to-month,0,4,10.0,partner,B,yellow,5,0
CUST107747,53,24.57,603,2,12.7,one-year,0,5,3.3,ads,B,white,11,0
CUST107748,19,55.57,514,1,2.8,month-to-month,1,5,10.0,ads,A,black,83,0
CUST107749,60,115.2,622,2,0.0,two-year,0,2,9.6,referral,C,red,28,0
CUST107750,48,90.48,246,3,7.3,two-year,1,3,5.4,ads,C,green,95,0
CUST107751,37,93.94,349,2,3.6,month-to-month,1,1,8.5,referral,C,blue,58,0
CUST107752,47,63.04,578,4,1.7,month-to-month,1,5,5.8,ads,A,yellow,72,0
CUST107753,45,93.1,195,7,7.4,month-to-month,0,2,5.6,referral,A,green,6,1
CUST107754,26,61.37,293,1,2.3,one-year,0,6,7.0,organic,C,black,19,0
CUST107755,28,28.72,685,1,11.1,two-year,1,4,7.1,organic,A,black,20,0
CUST107756,17,21.68,440,1,0.4,month-to-month,0,1,3.6,ads,A,blue,68,1
CUST107757,72,56.64,420,1,0.3,month-to-month,1,3,9.1,organic,A,black,33,0
CUST107758,38,99.36,318,6,8.8,one-year,0,2,4.6,organic,A,yellow,9,1
CUST107759,1,46.54,595,3,9.7,month-to-month,1,3,3.2,organic,B,blue,73,1
CUST107760,67,108.42,529,0,0.0,one-year,1,3,9.0,referral,A,yellow,36,0
CUST107761,57,79.0,436,1,7.9,two-year,0,3,6.5,organic,C,yellow,17,0
CUST107762,47,102.82,624,1,10.6,month-to-month,0,1,6.8,ads,B,blue,8,1
CUST107763,49,76.52,231,3,0.0,month-to-month,1,4,10.0,ads,A,red,35,0
CUST107764,53,123.65,461,0,4.1,two-year,0,3,8.2,referral,C,white,38,0
CUST107765,53,30.79,329,0,5.3,month-to-month,0,2,8.1,referral,C,white,56,0
CUST107766,72,29.2,721,0,0.0,one-year,0,3,10.0,referral,B,black,44,0
CUST107767,49,144.38,444,6,2.4,month-to-month,0,4,2.2,organic,C,green,75,0
CUST107768,59,60.38,219,3,5.0,one-year,0,2,6.8,organic,A,red,12,0
CUST107769,52,53.71,383,2,0.0,month-to-month,1,5,8.4,ads,B,yellow,15,0
CUST107770,29,111.03,278,1,3.4,one-year,1,3,4.6,referral,A,green,53,1
CUST107771,25,113.11,500,2,10.5,month-to-month,0,3,7.3,ads,B,yellow,19,1
CUST107772,11,44.17,495,6,1.6,month-to-month,1,3,6.2,partner,C,red,25,1
CUST107773,38,37.01,308,1,8.0,month-to-month,0,3,9.0,partner,A,green,42,0
CUST107774,60,126.35,383,3,0.0,month-to-month,1,3,8.8,ads,A,black,5,0
CUST107775,43,138.5,305,2,8.1,one-year,1,2,7.6,organic,C,green,45,0
CUST107776,64,51.81,451,2,8.2,month-to-month,1,6,7.4,ads,A,white,78,0
CUST107777,29,41.39,319,4,10.7,month-to-month,1,2,7.7,ads,A,black,3,1
CUST107778,27,110.75,399,2,6.4,month-to-month,1,4,10.0,organic,B,white,20,0
CUST107779,26,106.76,464,6,10.4,month-to-month,0,3,4.5,ads,A,red,18,1
CUST107780,38,106.92,434,5,3.8,one-year,0,3,7.8,referral,C,blue,1,0
CUST107781,50,113.62,374,0,0.0,month-to-month,1,4,6.8,referral,B,red,95,0
CUST107782,40,115.23,467,4,0.7,two-year,1,2,5.6,ads,A,black,87,0
CUST107783,56,121.55,153,0,5.3,one-year,1,3,9.7,referral,A,white,93,0
CUST107784,32,28.45,392,1,0.0,month-to-month,0,1,8.0,partner,C,yellow,21,0
CUST107785,71,146.11,327,4,7.7,one-year,0,2,4.7,ads,A,green,87,0
CUST107786,56,72.46,364,1,3.2,one-year,0,4,9.4,organic,B,white,61,0
CUST107787,6,67.99,520,4,4.5,one-year,0,6,7.2,partner,A,white,46,1
CUST107788,1,51.85,582,2,10.9,month-to-month,1,5,7.6,ads,A,red,42,0
CUST107789,51,49.19,526,3,1.0,one-year,0,5,7.7,ads,A,green,53,0
CUST107790,51,86.44,547,2,7.4,one-year,1,2,8.2,referral,B,yellow,15,0
CUST107791,19,86.51,316,3,16.0,month-to-month,0,4,1.0,organic,B,red,48,1
CUST107792,40,49.27,152,3,5.9,month-to-month,1,3,5.9,ads,B,green,74,0
CUST107793,31,82.25,462,1,7.2,one-year,0,1,6.1,organic,A,yellow,82,0
CUST107794,34,90.67,324,2,6.6,two-year,1,5,3.2,referral,B,red,84,0
CUST107795,62,66.11,310,3,0.0,one-year,0,3,9.0,ads,A,white,17,0
CUST107796,12,117.62,310,3,10.0,one-year,1,4,5.6,ads,A,red,57,0
CUST107797,28,121.87,240,3,9.5,one-year,1,4,2.7,ads,A,red,30,0
CUST107798,48,41.91,497,4,6.7,month-to-month,1,2,4.6,ads,B,white,92,0
CUST107799,14,102.49,525,5,10.0,month-to-month,0,1,7.5,partner,A,black,53,0
CUST107800,55,108.74,219,6,0.0,month-to-month,0,3,4.9,partner,C,blue,83,0
CUST107801,38,149.77,557,7,0.3,month-to-month,1,4,7.2,partner,A,white,90,0
CUST107802,36,128.01,375,3,13.7,month-to-month,0,3,7.3,partner,C,white,91,1
CUST107803,38,134.18,515,1,0.0,two-year,1,4,7.5,ads,A,white,94,0
CUST107804,47,119.08,276,4,9.2,one-year,0,3,8.1,ads,C,white,62,0
CUST107805,24,90.27,641,4,0.8,month-to-month,1,2,1.9,referral,A,white,46,1
CUST107806,45,78.24,304,5,0.0,two-year,1,3,6.7,ads,A,blue,4,0
CUST107807,43,73.55,369,0,1.6,two-year,1,5,3.5,organic,A,blue,26,0
CUST107808,71,127.13,379,1,5.3,one-year,1,3,5.8,organic,A,red,27,0
CUST107809,17,66.23,383,3,12.4,month-to-month,0,1,2.6,partner,C,white,29,1
CUST107810,72,107.26,486,4,3.7,two-year,1,2,6.2,ads,B,white,61,0
CUST107811,70,71.3,164,3,0.0,two-year,0,3,6.3,ads,C,white,97,0
CUST107812,49,20.06,344,1,0.0,month-to-month,1,3,6.7,organic,B,blue,30,0
CUST107813,32,66.88,521,3,3.5,month-to-month,0,1,6.1,organic,B,blue,57,1
CUST107814,23,36.85,352,4,4.3,one-year,1,3,7.0,organic,B,white,68,0
CUST107815,51,23.75,203,1,3.3,two-year,0,3,7.3,ads,A,yellow,19,0
CUST107816,32,47.21,304,6,14.6,month-to-month,1,3,3.9,ads,A,red,89,0
CUST107817,33,148.98,579,5,0.5,one-year,1,3,3.9,ads,A,green,3,1
CUST107818,57,37.94,426,1,4.1,month-to-month,1,3,5.8,organic,C,black,40,0
CUST107819,26,108.57,414,4,10.0,two-year,1,2,6.8,referral,A,blue,8,0
CUST107820,29,146.95,263,2,4.8,one-year,1,4,5.5,organic,B,red,87,0
CUST107821,43,94.15,538,0,0.0,one-year,1,3,9.7,organic,C,red,82,0
CUST107822,42,137.28,478,3,0.0,two-year,0,2,7.1,organic,A,black,33,0
CUST107823,48,90.51,375,2,1.6,month-to-month,1,2,5.4,ads,A,red,50,0
CUST107824,34,71.43,532,3,0.0,month-to-month,1,3,7.6,referral,B,green,13,0
CUST107825,61,87.78,275,4,0.0,two-year,1,5,10.0,referral,C,black,90,0
CUST107826,17,46.12,519,1,13.3,month-to-month,1,4,6.7,organic,A,blue,92,1
CUST107827,21,127.25,355,0,0.6,one-year,1,4,6.9,organic,C,yellow,53,0
CUST107828,37,34.53,401,3,0.8,one-year,0,5,5.7,referral,A,blue,63,0
CUST107829,14,28.62,260,7,11.1,one-year,0,1,4.2,ads,B,red,98,1
CUST107830,47,133.32,380,6,5.8,month-to-month,0,3,8.9,ads,C,blue,13,1
CUST107831,49,123.42,259,8,7.8,one-year,1,3,7.8,referral,C,green,58,0
CUST107832,70,130.25,333,4,5.3,one-year,0,4,7.3,referral,B,blue,74,0
CUST107833,29,20.69,283,2,2.1,month-to-month,0,3,6.1,ads,B,black,71,0
CUST107834,37,55.91,566,4,5.4,month-to-month,1,1,10.0,partner,C,red,48,0
CUST107835,44,48.81,416,8,6.9,month-to-month,0,4,5.3,ads,B,blue,99,1
CUST107836,43,28.19,446,6,0.0,month-to-month,1,3,6.1,organic,B,white,16,0
CUST107837,57,112.02,414,5,12.9,two-year,1,3,5.2,organic,A,black,9,0
CUST107838,41,149.78,436,4,0.6,month-to-month,0,3,7.5,ads,A,white,10,0
CUST107839,1,138.8,364,6,4.7,month-to-month,0,3,3.4,partner,A,white,38,1
CUST107840,53,114.0,617,4,2.3,month-to-month,0,2,7.2,referral,C,white,13,1
CUST107841,44,23.73,250,2,5.8,one-year,0,3,4.5,ads,A,blue,95,0
CUST107842,58,111.25,444,4,2.8,two-year,1,3,4.1,referral,A,red,91,0
CUST107843,3,98.87,472,4,7.5,month-to-month,0,3,4.1,ads,C,black,17,1
CUST107844,45,119.88,342,0,0.0,one-year,0,4,8.9,organic,B,green,16,0
CUST107845,45,145.95,515,2,3.9,month-to-month,1,5,10.0,referral,A,red,99,1
CUST107846,13,117.69,375,2,4.0,one-year,0,4,6.8,ads,B,yellow,66,0
CUST107847,63,114.91,186,8,1.7,month-to-month,1,5,6.1,ads,B,yellow,29,0
CUST107848,28,116.71,415,3,0.0,month-to-month,1,4,7.3,referral,C,blue,23,0
CUST107849,32,44.87,363,2,5.9,month-to-month,1,4,5.4,organic,A,white,60,0
CUST107850,68,42.74,329,1,4.1,two-year,1,2,6.9,referral,A,blue,47,0
CUST107851,41,140.57,601,3,3.9,month-to-month,0,3,6.1,ads,A,yellow,66,0
CUST107852,1,32.63,255,4,10.0,one-year,1,4,4.3,organic,B,blue,46,1
CUST107853,33,142.16,512,2,0.0,month-to-month,1,1,8.7,ads,A,green,7,0
CUST107854,3,70.8,672,8,1.6,two-year,0,5,6.4,ads,B,black,24,1
CUST107855,32,21.32,750,3,12.1,month-to-month,0,2,3.6,partner,A,yellow,32,0
CUST107856,17,76.08,690,1,6.9,month-to-month,0,1,5.0,ads,A,blue,41,1
CUST107857,26,102.48,368,6,2.8,month-to-month,0,1,5.4,ads,B,blue,27,1
CUST107858,1,99.13,439,4,13.6,month-to-month,0,2,3.8,organic,C,red,8,1
CUST107859,38,47.56,327,2,3.7,month-to-month,1,4,5.1,organic,C,green,42,0
CUST107860,72,81.98,577,1,1.6,month-to-month,1,6,10.0,referral,B,black,82,0
CUST107861,59,90.36,643,2,2.2,month-to-month,0,2,4.4,referral,B,blue,26,0
CUST107862,30,52.83,312,5,2.8,month-to-month,0,2,5.8,ads,C,green,22,0
CUST107863,8,61.23,588,5,4.8,one-year,1,2,7.4,ads,A,black,81,0
CUST107864,49,100.82,543,3,5.3,month-to-month,1,2,4.6,partner,C,black,81,0
CUST107865,35,83.84,577,3,11.6,month-to-month,0,1,7.2,ads,B,yellow,34,0
CUST107866,45,50.73,414,2,0.0,one-year,1,6,5.0,organic,B,yellow,89,0
CUST107867,15,130.47,258,1,0.1,one-year,1,5,9.7,partner,A,blue,36,1
CUST107868,36,96.46,413,8,8.6,month-to-month,0,2,7.4,organic,C,white,83,1
CUST107869,36,148.75,596,4,8.0,one-year,1,4,8.2,referral,A,green,9,0
CUST107870,60,76.87,487,0,0.0,two-year,0,5,8.4,ads,A,blue,83,0
CUST107871,60,91.5,421,2,0.0,one-year,1,3,9.9,organic,A,black,45,0
CUST107872,72,33.41,525,0,0.0,month-to-month,1,4,9.7,ads,C,white,77,0
CUST107873,23,62.49,292,4,0.0,month-to-month,1,2,9.9,ads,A,white,16,1
CUST107874,70,138.53,462,0,0.0,one-year,1,6,9.7,referral,A,yellow,86,0
CUST107875,55,110.95,432,4,7.4,two-year,1,5,8.3,organic,A,yellow,49,0
CUST107876,19,28.45,298,3,7.2,one-year,0,2,4.3,partner,B,blue,28,1
CUST107877,52,112.7,441,2,3.8,one-year,1,2,9.9,referral,B,white,16,0
CUST107878,26,79.73,320,5,0.0,one-year,0,3,9.2,organic,C,black,60,0
CUST107879,26,127.54,218,5,0.0,month-to-month,1,3,7.8,referral,A,white,17,0
CUST107880,20,94.45,558,4,13.3,month-to-month,0,4,5.0,ads,C,yellow,91,0
CUST107881,44,149.11,312,0,4.3,one-year,1,3,4.4,organic,B,blue,37,0
CUST107882,72,61.39,406,1,0.0,month-to-month,1,4,6.5,ads,B,red,45,0
CUST107883,57,114.45,589,3,1.0,month-to-month,1,2,7.0,organic,B,green,42,0
CUST107884,33,62.82,193,2,3.6,two-year,1,3,9.3,referral,C,green,9,0
CUST107885,27,84.01,627,2,0.6,one-year,0,2,6.2,partner,B,black,19,0
CUST107886,45,132.19,286,3,3.9,one-year,1,3,10.0,organic,B,white,56,0
CUST107887,1,89.17,351,6,4.8,month-to-month,1,1,2.9,ads,B,green,54,1
CUST107888,40,101.59,528,1,5.6,month-to-month,1,4,7.8,organic,B,black,63,0
CUST107889,28,121.03,382,2,11.4,one-year,0,3,6.5,organic,B,green,93,1
CUST107890,49,118.06,372,3,6.0,month-to-month,1,2,6.6,referral,A,blue,84,0
CUST107891,16,127.17,596,4,0.0,month-to-month,1,4,4.4,referral,B,blue,98,0
CUST107892,11,95.51,486,2,10.9,one-year,0,3,3.6,organic,A,green,42,0
CUST107893,13,91.05,478,3,5.1,month-to-month,0,4,5.3,ads,C,black,78,0
CUST107894,31,135.42,411,7,7.7,month-to-month,0,2,3.4,partner,A,blue,50,1
CUST107895,13,140.13,432,7,6.2,month-to-month,0,2,6.8,referral,B,green,18,0
CUST107896,55,36.81,220,2,0.0,one-year,1,3,9.9,partner,C,red,29,0
CUST107897,33,78.47,414,5,2.5,one-year,0,3,5.9,ads,A,red,18,0
CUST107898,36,27.24,593,5,10.8,month-to-month,0,3,2.8,organic,C,black,41,1
CUST107899,39,37.53,241,5,5.9,month-to-month,1,2,8.6,referral,A,red,54,0
CUST107900,20,56.06,515,2,0.8,month-to-month,0,2,1.8,referral,B,white,32,1
CUST107901,14,60.86,431,3,11.5,month-to-month,1,3,3.7,partner,C,red,73,1
CUST107902,13,97.7,296,4,7.6,two-year,0,3,5.6,ads,A,white,78,0
CUST107903,26,89.08,149,4,9.9,month-to-month,1,2,6.1,ads,C,blue,76,1
CUST107904,57,26.89,543,1,3.3,one-year,1,5,10.0,organic,A,yellow,30,0
CUST107905,12,20.91,548,5,3.3,month-to-month,1,1,6.1,ads,B,red,5,0
CUST107906,19,125.77,205,2,0.0,one-year,0,3,7.0,partner,C,green,40,0
CUST107907,36,33.76,376,2,5.5,month-to-month,1,5,6.9,ads,A,green,68,1
CUST107908,50,41.35,510,4,7.9,month-to-month,0,4,10.0,referral,B,green,66,0
CUST107909,31,141.06,617,0,2.7,month-to-month,1,2,4.5,ads,A,green,57,0
CUST107910,31,130.26,598,3,9.6,two-year,1,4,8.3,ads,A,blue,97,0
CUST107911,15,142.86,393,2,9.1,one-year,1,4,8.0,ads,C,black,30,0
CUST107912,54,132.2,467,4,4.5,two-year,1,4,5.5,partner,A,white,71,0
CUST107913,23,132.91,432,0,0.5,month-to-month,0,4,7.9,partner,C,black,17,0
CUST107914,40,50.55,444,5,3.3,month-to-month,0,2,7.3,organic,A,yellow,74,1
CUST107915,36,122.14,583,4,3.5,one-year,0,3,7.6,referral,B,yellow,6,0
CUST107916,52,71.02,463,6,0.9,month-to-month,0,4,10.0,partner,A,white,83,0
CUST107917,19,137.38,706,2,7.6,month-to-month,1,2,6.0,ads,B,white,1,1
CUST107918,29,82.66,676,4,9.9,month-to-month,1,3,5.5,referral,C,blue,14,1
CUST107919,16,123.94,347,3,0.0,one-year,0,1,6.9,partner,B,red,48,0
CUST107920,23,146.36,322,2,7.2,two-year,0,4,9.5,referral,C,red,47,0
CUST107921,59,141.08,297,0,0.0,month-to-month,1,4,8.2,referral,A,green,37,0
CUST107922,1,52.4,473,4,6.6,month-to-month,1,2,4.6,partner,A,white,6,1
CUST107923,48,92.12,245,4,1.4,one-year,0,5,8.5,referral,B,black,39,0
CUST107924,47,62.67,347,3,1.6,month-to-month,1,4,5.8,ads,A,green,14,0
CUST107925,54,83.5,337,6,0.0,two-year,0,2,6.3,organic,A,blue,36,0
CUST107926,15,29.03,744,9,3.4,month-to-month,0,4,5.9,ads,A,red,52,1
CUST107927,14,76.02,348,1,3.6,month-to-month,0,3,6.2,organic,B,blue,72,1
CUST107928,47,95.14,173,2,0.7,month-to-month,1,2,8.1,partner,A,black,88,0
CUST107929,38,105.57,413,9,10.0,month-to-month,1,4,4.5,partner,A,red,39,0
CUST107930,33,89.53,308,1,0.0,month-to-month,0,3,6.7,ads,C,white,14,0
CUST107931,40,21.68,494,1,1.7,one-year,1,3,10.0,organic,B,yellow,5,0
CUST107932,26,72.89,401,2,0.0,month-to-month,0,2,6.1,organic,B,white,71,1
CUST107933,61,93.33,445,2,4.0,one-year,1,4,9.7,organic,A,blue,71,0
CUST107934,52,141.07,209,2,7.8,two-year,1,3,5.0,partner,A,blue,29,1
CUST107935,28,141.52,386,1,0.0,one-year,1,5,4.1,ads,B,white,27,0
CUST107936,1,36.95,574,6,14.0,month-to-month,0,2,2.2,ads,A,green,54,1
CUST107937,72,96.0,359,0,0.0,one-year,1,3,6.3,referral,A,blue,71,0
CUST107938,51,71.21,429,1,0.0,two-year,1,3,8.3,referral,A,blue,83,0
CUST107939,36,122.4,466,5,9.0,two-year,0,6,8.7,organic,B,yellow,5,0
CUST107940,2,142.09,338,5,7.8,month-to-month,1,4,1.9,ads,A,blue,10,1
CUST107941,47,93.51,267,2,9.4,one-year,1,3,3.1,referral,C,red,49,0
CUST107942,33,107.46,751,6,11.2,month-to-month,0,3,7.0,organic,C,blue,45,1
CUST107943,46,147.13,504,2,0.9,month-to-month,1,4,6.3,ads,A,blue,13,0
CUST107944,67,99.54,404,0,0.5,two-year,1,5,7.1,referral,A,red,70,0
CUST107945,20,119.05,594,5,12.8,month-to-month,0,3,6.5,ads,A,green,29,0
CUST107946,46,79.36,451,3,0.0,month-to-month,0,4,9.1,organic,A,blue,99,1
CUST107947,49,103.22,517,1,0.0,one-year,0,5,9.1,referral,C,yellow,39,0
CUST107948,55,132.21,499,2,0.0,one-year,1,4,9.6,ads,B,red,27,0
CUST107949,40,131.95,549,3,4.5,month-to-month,1,3,3.4,referral,B,white,44,0
CUST107950,1,95.38,278,6,5.1,one-year,0,3,1.8,organic,A,green,14,1
CUST107951,52,148.58,402,0,10.6,month-to-month,1,4,10.0,partner,C,green,87,0
CUST107952,27,76.91,541,5,2.2,one-year,1,2,4.7,ads,C,red,5,0
CUST107953,11,59.3,420,1,5.7,month-to-month,0,4,3.2,partner,A,red,14,1
CUST107954,53,78.85,301,4,0.0,month-to-month,0,5,6.3,organic,B,white,98,0
CUST107955,47,85.32,390,1,1.2,month-to-month,1,4,8.9,organic,A,black,81,0
CUST107956,18,139.24,424,3,3.0,month-to-month,0,3,5.8,referral,A,red,41,1
CUST107957,23,27.86,220,3,0.8,one-year,1,6,8.1,organic,A,blue,76,0
CUST107958,63,86.36,626,1,8.3,month-to-month,1,3,4.7,ads,C,yellow,60,0
CUST107959,40,39.38,263,1,6.6,one-year,1,2,6.5,organic,A,black,6,0
CUST107960,27,36.16,574,3,7.1,month-to-month,1,2,4.1,ads,A,yellow,42,1
CUST107961,46,136.08,627,0,0.0,one-year,1,1,7.9,organic,C,green,76,0
CUST107962,1,82.91,313,2,0.3,month-to-month,1,2,1.4,referral,A,black,29,0
CUST107963,34,28.09,523,2,0.0,one-year,1,3,10.0,partner,B,black,9,0
CUST107964,40,79.78,511,4,6.0,month-to-month,1,5,7.4,ads,C,black,66,1
CUST107965,45,106.8,411,4,14.6,month-to-month,0,1,4.9,ads,C,yellow,83,1
CUST107966,58,35.34,607,4,0.0,two-year,1,3,6.4,ads,A,red,50,0
CUST107967,34,71.28,504,4,9.2,month-to-month,1,1,5.9,ads,A,green,81,0
CUST107968,51,148.96,475,5,7.3,month-to-month,0,2,5.9,partner,A,white,13,1
CUST107969,45,127.79,638,2,0.7,month-to-month,1,6,5.9,organic,B,yellow,84,0
CUST107970,71,78.77,520,1,0.0,two-year,1,2,4.3,ads,C,black,84,0
CUST107971,38,111.6,424,3,0.3,month-to-month,1,3,6.5,ads,C,green,36,1
CUST107972,15,63.39,276,4,4.2,month-to-month,1,1,2.7,partner,A,blue,60,1
CUST107973,15,132.95,420,4,8.0,one-year,1,3,6.0,ads,A,white,50,0
CUST107974,21,137.9,226,1,7.2,month-to-month,1,4,6.9,organic,C,green,60,0
CUST107975,50,93.6,585,2,1.3,month-to-month,0,1,5.2,ads,C,red,80,0
CUST107976,13,21.03,403,1,5.2,two-year,0,3,4.1,ads,A,blue,83,1
CUST107977,29,125.77,370,2,0.0,one-year,1,5,10.0,referral,C,black,97,0
CUST107978,48,88.86,545,1,7.7,month-to-month,0,4,8.0,referral,B,blue,53,0
CUST107979,20,32.68,405,7,12.7,one-year,0,2,3.1,ads,A,red,33,1
CUST107980,39,27.87,631,3,12.7,month-to-month,0,1,9.2,ads,C,yellow,14,0
CUST107981,38,83.9,337,4,2.3,month-to-month,0,5,3.6,referral,B,blue,21,0
CUST107982,24,107.79,369,3,1.7,one-year,1,3,4.9,organic,A,red,28,0
CUST107983,60,85.82,510,0,4.9,two-year,1,3,9.1,ads,A,white,35,0
CUST107984,41,56.08,737,3,8.6,one-year,1,4,4.1,ads,B,white,54,0
CUST107985,12,121.66,449,6,2.6,month-to-month,0,2,8.5,ads,C,white,19,1
CUST107986,22,30.15,277,3,0.0,month-to-month,0,2,7.2,referral,C,red,81,1
CUST107987,22,44.56,130,5,6.1,month-to-month,0,2,4.5,ads,A,white,75,1
CUST107988,70,118.61,539,3,8.0,month-to-month,1,3,7.8,ads,A,black,76,0
CUST107989,37,121.28,331,2,0.0,two-year,1,5,7.6,ads,C,red,38,0
CUST107990,69,85.56,455,2,0.7,two-year,1,4,7.8,ads,A,yellow,68,0
CUST107991,29,33.36,240,2,8.4,month-to-month,1,4,4.3,ads,C,green,60,1
CUST107992,69,23.81,670,1,0.0,month-to-month,0,3,6.4,referral,A,red,28,1
CUST107993,60,72.97,215,1,1.0,one-year,1,2,10.0,referral,B,white,46,0
CUST107994,42,64.19,146,2,11.8,one-year,0,4,3.0,organic,B,blue,66,0
CUST107995,68,103.34,522,0,0.0,two-year,1,4,10.0,referral,B,green,23,0
CUST107996,61,95.34,196,1,8.1,month-to-month,1,3,5.5,organic,B,blue,69,0
CUST107997,32,69.71,524,6,5.9,month-to-month,0,4,6.7,organic,A,yellow,80,0
CUST107998,72,114.81,436,1,0.0,one-year,1,3,9.8,referral,C,red,55,0
CUST107999,37,67.29,142,2,0.0,month-to-month,1,5,10.0,organic,C,white,82,0
CUST108000,41,40.8,589,1,1.6,one-year,0,3,7.8,referral,C,black,93,0
CUST108001,34,50.42,380,2,0.8,month-to-month,1,3,2.8,ads,B,yellow,98,0
CUST108002,20,114.49,352,2,12.4,month-to-month,0,4,5.0,organic,A,green,74,1
CUST108003,53,116.76,452,3,3.5,month-to-month,1,6,5.1,organic,A,blue,5,0
CUST108004,29,111.52,417,2,0.0,one-year,1,2,8.8,referral,A,black,62,0
CUST108005,33,22.84,358,0,1.1,two-year,0,3,5.0,organic,C,blue,81,0
CUST108006,7,130.5,274,2,9.8,month-to-month,1,3,3.1,organic,B,black,33,1
CUST108007,72,72.86,371,1,5.9,two-year,1,4,8.3,organic,C,green,72,0
CUST108008,29,133.87,279,3,2.8,one-year,0,2,2.1,referral,C,black,27,0
CUST108009,72,68.39,351,5,2.0,two-year,1,1,8.5,ads,A,black,46,0
CUST108010,45,147.52,505,1,3.4,month-to-month,0,2,3.8,ads,C,yellow,32,0
CUST108011,48,92.25,266,2,5.8,month-to-month,0,4,5.6,organic,B,yellow,10,0
CUST108012,26,45.34,377,5,2.9,month-to-month,0,4,2.2,referral,B,green,83,1
CUST108013,20,91.63,414,3,0.0,one-year,1,3,9.4,partner,C,red,73,0
CUST108014,39,37.09,386,1,1.0,two-year,1,3,3.3,ads,A,green,17,0
CUST108015,51,26.87,340,1,4.1,one-year,1,4,7.9,ads,A,yellow,88,0
CUST108016,7,33.56,457,3,3.3,month-to-month,0,3,2.2,organic,A,blue,12,1
CUST108017,4,57.69,527,8,9.4,month-to-month,1,1,3.9,organic,A,green,25,1
CUST108018,47,67.21,719,0,0.0,one-year,0,5,10.0,referral,B,white,58,0
CUST108019,72,107.18,516,0,0.0,month-to-month,1,3,8.5,ads,C,white,88,0
CUST108020,41,54.47,227,6,10.5,month-to-month,0,1,1.6,partner,B,yellow,74,1
CUST108021,32,143.11,504,5,3.2,month-to-month,0,3,5.6,partner,C,blue,51,1
CUST108022,16,38.97,295,7,7.9,one-year,1,2,2.8,partner,C,yellow,67,1
CUST108023,20,101.12,439,2,0.0,month-to-month,0,2,4.9,ads,A,blue,28,0
CUST108024,1,44.64,394,9,13.0,month-to-month,0,2,3.1,ads,A,red,34,1
CUST108025,55,22.24,366,2,2.1,month-to-month,1,3,5.7,referral,B,white,87,0
CUST108026,50,104.73,535,6,7.7,one-year,0,2,5.2,organic,C,blue,27,0
CUST108027,23,57.03,330,1,5.9,month-to-month,1,2,7.0,organic,C,green,52,1
CUST108028,15,32.65,642,6,11.4,month-to-month,0,2,3.5,ads,B,yellow,28,1
CUST108029,30,117.57,341,3,1.5,one-year,0,3,5.3,organic,C,green,76,0
CUST108030,25,97.04,556,0,2.7,month-to-month,1,2,4.9,ads,C,yellow,17,1
CUST108031,72,23.35,473,0,0.0,two-year,1,4,10.0,referral,A,yellow,91,0
CUST108032,33,25.49,561,1,4.1,one-year,1,4,10.0,referral,C,black,87,0
CUST108033,52,23.42,401,1,0.0,one-year,1,3,5.6,organic,A,white,66,0
CUST108034,43,32.32,525,1,2.2,month-to-month,0,4,5.5,organic,A,yellow,12,0
CUST108035,58,125.15,498,0,0.0,two-year,0,4,8.1,referral,A,yellow,87,0
CUST108036,31,58.28,317,8,10.7,month-to-month,0,1,5.6,ads,A,yellow,29,1
CUST108037,21,102.41,303,3,7.0,one-year,0,3,3.5,organic,B,black,6,0
CUST108038,53,22.11,489,8,0.2,month-to-month,1,1,10.0,organic,B,blue,30,0
CUST108039,40,44.44,473,1,0.0,one-year,1,6,10.0,partner,C,black,78,0
CUST108040,28,123.13,340,4,7.3,month-to-month,0,3,8.3,referral,B,red,24,1
CUST108041,33,113.81,495,4,5.1,one-year,0,2,4.4,referral,B,blue,22,0
CUST108042,1,77.78,328,1,5.6,month-to-month,0,2,4.4,ads,A,white,13,1
CUST108043,31,126.41,498,2,3.5,month-to-month,0,4,9.0,referral,C,black,45,0
CUST108044,35,21.74,334,4,5.3,one-year,0,1,6.1,referral,B,green,7,0
CUST108045,60,64.6,321,2,4.3,month-to-month,1,3,7.7,referral,B,black,91,0
CUST108046,18,34.86,409,4,6.7,month-to-month,1,3,7.4,ads,C,green,23,0
CUST108047,15,135.05,393,2,12.8,month-to-month,0,4,4.9,ads,B,red,78,1
CUST108048,33,133.7,348,7,13.2,month-to-month,0,1,3.0,partner,B,black,49,1
CUST108049,13,24.2,498,5,4.0,month-to-month,1,1,9.9,ads,A,blue,99,0
CUST108050,1,118.32,521,8,11.3,month-to-month,0,2,2.8,partner,B,yellow,10,1
CUST108051,16,62.82,301,4,10.1,month-to-month,0,3,5.0,ads,A,white,92,1
CUST108052,9,64.34,336,2,3.1,month-to-month,0,2,4.6,referral,A,yellow,39,0
CUST108053,9,106.52,618,0,11.9,month-to-month,0,3,4.1,referral,C,blue,87,0
CUST108054,38,71.8,367,4,12.4,one-year,1,3,7.0,partner,B,blue,19,0
CUST108055,55,109.99,555,3,7.4,one-year,0,4,6.8,referral,B,white,69,0
CUST108056,49,96.36,326,2,6.3,two-year,1,4,7.3,partner,A,blue,82,0
CUST108057,49,127.64,320,5,8.6,one-year,0,2,2.0,ads,A,blue,37,1
CUST108058,57,34.37,328,5,2.1,one-year,1,2,7.7,ads,A,yellow,50,0
CUST108059,1,93.72,351,3,11.4,one-year,0,1,3.7,partner,A,blue,47,1
CUST108060,44,35.43,515,2,0.0,two-year,0,5,3.3,partner,B,red,2,0
CUST108061,30,42.1,324,4,2.2,month-to-month,1,2,10.0,ads,B,white,45,0
CUST108062,7,123.44,399,4,0.0,month-to-month,0,2,5.3,organic,C,white,48,0
CUST108063,56,115.3,276,4,2.6,one-year,1,3,8.4,organic,A,green,32,0
CUST108064,1,40.02,385,2,10.8,one-year,1,4,7.4,ads,B,green,69,0
CUST108065,11,75.95,278,0,10.3,month-to-month,0,2,7.1,organic,A,red,4,1
CUST108066,59,94.87,361,0,0.0,two-year,1,6,6.8,partner,C,black,26,0
CUST108067,54,64.61,307,0,2.2,month-to-month,0,2,7.6,referral,B,black,5,0
CUST108068,38,64.56,447,2,3.8,month-to-month,0,1,5.3,ads,B,black,36,0
CUST108069,18,66.22,381,4,12.3,one-year,0,2,5.1,partner,C,green,83,0
CUST108070,59,108.01,450,3,2.5,one-year,1,6,5.7,organic,B,blue,28,0
CUST108071,54,38.88,627,0,9.4,two-year,1,1,5.8,ads,A,red,21,0
CUST108072,30,81.14,375,6,10.8,one-year,0,3,7.2,referral,A,red,92,0
CUST108073,9,110.28,393,4,9.4,month-to-month,0,2,5.9,partner,A,white,13,1
CUST108074,5,114.09,463,4,8.0,one-year,0,2,2.5,partner,C,white,93,1
CUST108075,50,43.91,585,4,0.0,two-year,1,5,4.9,ads,C,yellow,17,0
CUST108076,55,36.95,400,5,4.6,two-year,0,2,5.6,ads,C,red,14,0
CUST108077,45,133.79,54,4,1.0,one-year,1,4,5.2,referral,A,black,69,0
CUST108078,37,66.34,263,3,0.0,two-year,1,3,7.3,partner,A,red,98,0
CUST108079,50,60.33,128,5,4.3,month-to-month,1,3,10.0,referral,C,blue,62,0
CUST108080,32,118.58,492,6,6.8,month-to-month,1,2,9.7,ads,C,blue,98,0
CUST108081,41,87.55,290,2,2.9,month-to-month,1,4,6.2,ads,B,black,81,0
CUST108082,1,97.31,306,4,12.4,month-to-month,0,2,7.3,referral,C,red,68,1
CUST108083,63,89.57,270,5,0.0,two-year,1,3,6.4,organic,B,blue,68,0
CUST108084,45,110.12,464,3,0.0,month-to-month,0,1,2.3,partner,B,black,5,1
CUST108085,30,32.19,419,2,1.0,two-year,0,2,4.8,referral,A,black,16,0
CUST108086,1,84.85,257,5,16.9,month-to-month,1,2,3.8,ads,B,red,52,1
CUST108087,31,67.33,395,2,4.8,month-to-month,0,2,4.4,organic,B,red,16,1
CUST108088,38,52.55,276,3,1.9,two-year,1,4,6.1,partner,C,black,11,0
CUST108089,45,27.08,499,6,3.5,month-to-month,1,4,4.9,ads,A,white,91,0
CUST108090,24,129.96,463,7,7.1,month-to-month,0,3,3.6,partner,B,red,2,1
CUST108091,34,74.37,494,4,0.0,month-to-month,1,5,6.3,referral,B,black,92,0
CUST108092,15,143.58,404,4,2.3,one-year,1,4,2.0,organic,C,blue,66,1
CUST108093,43,66.41,389,3,9.7,two-year,0,4,5.9,organic,B,green,34,0
CUST108094,45,121.16,517,0,14.2,one-year,0,3,6.7,ads,A,white,59,0
CUST108095,72,66.22,367,0,0.0,two-year,1,2,9.0,partner,B,yellow,73,0
CUST108096,35,128.64,452,3,0.0,one-year,1,2,8.9,organic,C,red,32,0
CUST108097,72,116.8,448,2,0.0,two-year,0,3,10.0,referral,A,blue,96,0
CUST108098,15,25.16,426,2,9.1,month-to-month,0,4,7.2,ads,B,yellow,97,0
CUST108099,49,87.46,324,4,6.5,two-year,1,4,9.1,partner,A,green,3,0
CUST108100,1,40.02,66,4,10.2,month-to-month,0,1,6.9,partner,B,yellow,81,1
CUST108101,16,123.77,697,3,4.0,month-to-month,0,3,10.0,ads,A,yellow,89,0
CUST108102,54,138.56,463,5,11.7,month-to-month,1,3,3.6,organic,B,yellow,87,1
CUST108103,26,57.94,386,3,9.8,month-to-month,0,2,1.6,organic,B,blue,45,1
CUST108104,14,87.38,398,5,7.3,month-to-month,0,3,4.0,organic,B,blue,86,1
CUST108105,4,107.92,287,7,1.3,month-to-month,0,3,3.8,organic,C,yellow,57,0
CUST108106,37,133.13,231,3,7.3,one-year,1,2,9.3,referral,B,black,25,0
CUST108107,54,77.62,493,3,1.5,month-to-month,1,3,8.9,ads,B,yellow,90,0
CUST108108,68,139.76,544,1,1.1,two-year,1,6,6.0,ads,B,white,33,0
CUST108109,34,129.51,304,4,3.2,two-year,1,1,6.0,organic,C,yellow,22,0
CUST108110,1,121.37,500,0,10.7,one-year,0,4,5.0,organic,C,black,59,1
CUST108111,15,38.78,539,4,0.9,two-year,0,1,1.0,ads,A,blue,88,0
CUST108112,8,91.17,434,6,4.5,month-to-month,0,2,3.9,ads,A,red,6,1
CUST108113,1,111.84,190,6,15.6,two-year,1,3,2.5,ads,B,yellow,61,1
CUST108114,30,21.41,302,1,1.8,month-to-month,1,5,2.2,organic,B,yellow,75,1
CUST108115,31,114.32,370,1,1.4,month-to-month,1,3,4.6,organic,A,black,37,0
CUST108116,28,77.36,326,2,12.0,month-to-month,0,5,5.7,organic,B,blue,41,0
CUST108117,27,128.74,530,0,3.2,one-year,1,2,7.7,organic,C,red,80,1
CUST108118,41,102.99,602,2,4.9,month-to-month,0,1,6.3,ads,A,blue,62,0
CUST108119,16,25.77,542,5,10.3,month-to-month,0,3,8.3,ads,C,yellow,45,1
CUST108120,37,63.26,609,1,0.0,month-to-month,1,2,9.8,referral,A,yellow,64,0
CUST108121,18,24.05,319,9,5.4,month-to-month,1,2,5.1,ads,A,green,49,0
CUST108122,67,21.03,526,3,5.8,two-year,1,2,7.2,ads,A,white,56,0
CUST108123,48,147.39,511,5,4.7,month-to-month,1,4,6.7,organic,C,black,41,0
CUST108124,48,54.11,400,6,9.1,month-to-month,1,3,5.7,ads,B,green,5,0
CUST108125,68,40.6,595,0,0.0,month-to-month,1,3,3.9,referral,A,black,22,0
CUST108126,72,133.43,262,0,2.2,month-to-month,1,4,9.9,partner,C,blue,66,0
CUST108127,25,60.16,223,7,6.5,month-to-month,1,2,5.8,referral,C,green,92,1
CUST108128,55,58.24,173,4,3.0,month-to-month,0,5,4.0,partner,C,white,50,0
CUST108129,55,135.05,365,2,0.0,month-to-month,1,3,9.5,ads,A,green,50,0
CUST108130,48,94.95,501,3,3.1,one-year,1,5,5.0,ads,C,green,27,0
CUST108131,70,47.2,324,5,0.1,month-to-month,0,4,7.2,organic,B,red,30,0
CUST108132,33,57.69,326,3,8.2,month-to-month,1,4,8.8,partner,C,green,58,0
CUST108133,51,32.57,369,1,0.8,one-year,0,1,9.6,partner,A,green,75,0
CUST108134,22,105.59,224,2,10.4,month-to-month,1,1,6.6,organic,B,red,51,0
CUST108135,32,42.71,395,1,3.6,month-to-month,0,3,5.7,organic,A,blue,93,0
CUST108136,30,76.11,724,2,3.2,month-to-month,0,2,8.2,ads,A,green,65,1
CUST108137,67,105.08,261,5,3.1,month-to-month,1,4,6.0,ads,A,green,84,0
CUST108138,9,77.95,485,5,14.5,month-to-month,0,1,6.4,organic,A,red,40,1
CUST108139,36,79.0,491,4,0.0,one-year,0,2,2.9,partner,A,white,72,0
CUST108140,31,138.05,389,3,7.7,month-to-month,0,1,3.6,referral,B,white,70,1
CUST108141,24,124.74,459,4,4.4,two-year,1,3,5.9,partner,B,yellow,60,0
CUST108142,1,68.44,467,4,8.3,month-to-month,0,3,3.6,partner,A,yellow,92,1
CUST108143,22,98.1,368,4,4.8,month-to-month,0,5,5.7,ads,A,black,32,0
CUST108144,59,75.08,420,3,2.5,month-to-month,0,5,8.2,referral,A,black,65,0
CUST108145,57,102.95,557,3,3.5,two-year,1,4,4.3,partner,B,blue,42,0
CUST108146,26,138.03,500,1,0.1,two-year,1,4,5.4,ads,C,black,45,0
CUST108147,39,93.61,306,0,0.0,two-year,1,2,9.4,referral,C,black,59,0
CUST108148,40,38.32,464,1,4.1,one-year,0,6,5.7,organic,B,yellow,86,0
CUST108149,1,129.24,319,4,8.1,month-to-month,0,4,8.1,partner,A,yellow,46,0
CUST108150,35,115.14,354,2,2.8,one-year,0,4,6.9,ads,C,blue,25,0
CUST108151,3,43.06,711,3,5.3,month-to-month,0,3,7.0,partner,C,yellow,4,1
CUST108152,50,101.31,620,3,11.5,month-to-month,0,4,6.5,organic,B,black,55,1
CUST108153,6,138.47,559,6,15.0,month-to-month,0,1,3.1,ads,A,red,42,1
CUST108154,72,136.91,310,0,5.5,one-year,1,3,4.3,referral,B,black,35,0
CUST108155,48,148.04,438,2,6.5,one-year,1,1,8.1,ads,A,blue,66,0
CUST108156,28,108.82,364,4,3.8,one-year,1,2,5.0,ads,C,white,84,0
CUST108157,7,146.74,571,6,2.9,month-to-month,0,5,4.2,ads,B,green,47,1
CUST108158,38,32.25,411,3,0.0,one-year,1,3,6.9,partner,C,black,68,0
CUST108159,25,47.94,420,2,11.8,month-to-month,1,2,5.3,ads,C,yellow,25,0
CUST108160,39,88.24,639,7,4.9,month-to-month,0,3,8.0,organic,B,yellow,27,0
CUST108161,35,68.5,382,1,14.9,month-to-month,1,5,7.8,organic,A,white,69,0
CUST108162,57,27.9,169,3,0.0,month-to-month,1,4,7.5,organic,A,red,39,0
CUST108163,40,36.41,473,1,5.8,month-to-month,1,4,8.3,organic,C,yellow,16,0
CUST108164,10,61.78,512,5,13.4,one-year,1,1,4.9,partner,C,white,83,0
CUST108165,61,126.48,520,0,0.0,two-year,1,6,9.7,referral,A,blue,67,0
CUST108166,54,137.12,470,2,0.0,month-to-month,1,6,7.1,organic,A,blue,44,0
CUST108167,32,135.65,583,4,1.1,month-to-month,1,2,6.1,referral,A,blue,21,1
CUST108168,28,56.18,519,4,4.6,month-to-month,1,3,5.3,ads,A,yellow,78,0
CUST108169,36,117.59,492,2,5.9,one-year,0,4,4.1,referral,A,blue,75,0
CUST108170,33,61.08,365,3,5.8,month-to-month,1,3,5.8,organic,A,black,71,0
CUST108171,72,100.83,90,2,0.0,two-year,1,4,8.2,ads,A,white,40,0
CUST108172,37,129.0,387,2,3.7,one-year,1,2,2.3,partner,B,red,72,0
CUST108173,42,50.19,722,6,7.8,month-to-month,1,2,2.8,ads,A,white,79,0
CUST108174,34,76.19,391,2,5.2,one-year,1,3,1.0,ads,C,white,92,0
CUST108175,46,83.11,468,3,7.2,one-year,1,6,7.6,referral,C,black,93,0
CUST108176,53,68.88,331,0,0.6,month-to-month,0,3,10.0,organic,A,black,62,0
CUST108177,53,131.48,532,3,0.0,one-year,1,5,5.4,partner,C,red,50,0
CUST108178,49,30.64,410,5,5.4,one-year,1,4,5.3,organic,C,red,69,0
CUST108179,19,144.5,514,4,13.8,one-year,1,1,5.8,organic,A,green,47,0
CUST108180,1,139.09,495,8,13.2,month-to-month,0,2,1.0,partner,B,yellow,66,1
CUST108181,49,67.58,387,3,7.3,month-to-month,1,3,5.0,ads,A,white,26,0
CUST108182,49,128.54,496,3,11.4,two-year,0,4,7.5,ads,C,green,75,0
CUST108183,49,33.02,532,2,2.7,two-year,1,3,5.8,referral,C,blue,60,0
CUST108184,39,138.35,156,2,0.0,two-year,0,4,3.9,ads,A,white,72,0
CUST108185,32,116.93,411,1,9.7,month-to-month,1,1,1.0,ads,C,white,36,1
CUST108186,53,104.22,567,2,7.7,one-year,1,4,10.0,referral,B,black,19,0
CUST108187,55,77.41,406,1,1.0,two-year,0,4,9.5,referral,B,yellow,31,0
CUST108188,31,20.06,786,0,6.3,two-year,0,3,6.7,partner,B,green,36,0
CUST108189,31,116.36,318,0,0.0,month-to-month,1,3,8.1,partner,C,green,55,0
CUST108190,37,118.77,502,1,1.2,month-to-month,1,3,6.5,organic,C,yellow,17,1
CUST108191,31,99.23,414,3,4.9,month-to-month,0,4,6.8,ads,B,green,69,0
CUST108192,32,58.91,205,2,3.7,two-year,1,3,4.9,ads,B,black,70,0
CUST108193,9,32.83,502,4,0.3,month-to-month,0,3,5.7,organic,A,red,29,1
CUST108194,63,25.23,473,2,2.3,one-year,0,4,7.5,referral,C,black,26,0
CUST108195,44,36.74,399,4,0.0,one-year,0,4,10.0,referral,A,red,86,0
CUST108196,46,39.44,575,2,4.8,one-year,1,4,8.8,partner,B,green,21,0
CUST108197,72,55.71,230,0,0.0,one-year,1,3,10.0,referral,A,blue,9,0
CUST108198,27,119.08,347,0,2.0,two-year,0,4,9.2,referral,A,blue,10,0
CUST108199,29,60.52,356,4,3.4,one-year,1,4,5.5,ads,B,yellow,44,1
CUST108200,1,149.85,410,8,8.3,month-to-month,0,3,1.0,ads,B,yellow,47,1
CUST108201,46,44.0,559,2,1.6,two-year,1,1,8.5,referral,B,red,14,0
CUST108202,27,130.91,453,1,3.0,month-to-month,1,2,6.4,ads,B,red,18,0
CUST108203,48,49.58,617,2,10.7,one-year,0,2,4.8,ads,A,red,62,0
CUST108204,41,61.89,235,3,4.3,one-year,0,2,4.5,ads,B,black,64,0
CUST108205,45,51.94,278,4,13.4,one-year,0,1,8.1,referral,B,blue,61,0
CUST108206,44,99.81,185,3,0.0,month-to-month,1,4,8.6,referral,A,yellow,96,0
CUST108207,1,117.63,550,2,9.7,month-to-month,0,3,6.5,ads,A,yellow,86,1
CUST108208,1,24.8,131,6,9.6,month-to-month,0,3,3.2,ads,B,black,69,0
CUST108209,17,77.71,248,1,1.6,month-to-month,1,3,5.7,referral,A,white,68,0
CUST108210,49,106.57,402,1,0.0,one-year,1,3,9.6,referral,A,green,4,0
CUST108211,44,38.73,96,3,1.3,month-to-month,1,2,7.4,referral,C,black,60,0
CUST108212,23,99.81,440,3,0.0,one-year,1,3,4.3,organic,A,yellow,65,0
CUST108213,19,65.77,576,2,4.1,month-to-month,1,1,4.1,organic,A,blue,8,0
CUST108214,60,24.26,358,6,4.8,one-year,0,4,5.7,ads,C,green,17,0
CUST108215,27,145.96,485,1,7.3,two-year,1,2,8.7,organic,A,yellow,91,0
CUST108216,68,125.53,652,1,0.7,two-year,1,6,8.4,referral,A,white,51,0
CUST108217,11,27.98,471,6,8.5,one-year,0,2,4.9,ads,C,green,71,1
CUST108218,32,80.61,574,2,2.8,month-to-month,0,2,7.0,referral,A,red,55,0
CUST108219,38,124.01,359,7,5.8,month-to-month,1,2,2.9,ads,A,yellow,55,1
CUST108220,38,145.37,366,9,12.6,month-to-month,0,3,2.4,ads,A,red,55,1
CUST108221,44,78.96,473,4,0.0,one-year,1,4,7.1,organic,A,white,43,1
CUST108222,55,137.64,477,4,0.0,month-to-month,1,6,4.9,ads,C,red,52,0
CUST108223,47,106.03,506,2,0.0,month-to-month,0,5,6.2,ads,A,black,56,0
CUST108224,47,35.3,553,0,3.6,one-year,0,3,10.0,ads,C,red,91,0
CUST108225,33,127.63,561,1,11.5,month-to-month,0,3,5.7,partner,B,yellow,99,0
CUST108226,20,119.59,629,1,7.6,month-to-month,1,3,4.5,partner,A,green,38,1
CUST108227,58,62.82,657,3,0.0,one-year,1,5,10.0,ads,A,red,14,0
CUST108228,24,139.09,389,3,2.6,month-to-month,1,4,4.5,organic,B,yellow,84,0
CUST108229,58,48.45,445,0,3.7,one-year,1,3,5.9,ads,C,yellow,54,0
CUST108230,35,111.37,459,7,1.0,month-to-month,1,2,8.7,partner,B,yellow,9,0
CUST108231,1,116.73,553,2,7.2,one-year,0,3,4.9,organic,A,black,42,1
CUST108232,1,58.59,428,8,10.0,month-to-month,0,2,3.2,ads,B,white,85,1
CUST108233,1,63.9,313,3,5.9,one-year,0,2,7.1,partner,A,yellow,26,1
CUST108234,41,140.09,473,3,8.0,one-year,1,1,8.6,referral,B,blue,24,0
CUST108235,46,95.15,711,2,5.1,month-to-month,1,6,5.5,referral,C,blue,27,1
CUST108236,45,40.52,255,2,1.7,month-to-month,1,5,3.6,referral,A,black,46,1
CUST108237,54,46.38,422,6,13.8,month-to-month,1,1,4.0,partner,A,blue,34,0
CUST108238,64,34.36,494,2,8.8,two-year,1,4,10.0,referral,C,red,12,0
CUST108239,32,32.66,304,6,7.0,one-year,0,2,4.3,organic,B,red,20,1
CUST108240,14,84.0,589,2,4.9,month-to-month,0,4,7.6,partner,A,black,74,0
CUST108241,30,108.7,306,3,0.0,one-year,0,3,6.8,ads,A,red,93,0
CUST108242,27,141.49,474,0,5.2,one-year,1,2,3.2,ads,C,blue,44,0
CUST108243,40,31.28,341,2,0.0,one-year,1,4,7.8,organic,A,white,87,0
CUST108244,16,66.61,492,2,0.0,one-year,0,1,6.1,partner,B,blue,40,0
CUST108245,1,80.07,398,5,12.0,one-year,0,3,3.1,ads,A,white,3,1
CUST108246,17,105.63,350,3,4.4,month-to-month,1,4,5.9,organic,C,black,77,0
CUST108247,44,100.43,557,2,1.7,one-year,1,2,6.6,organic,B,red,5,0
CUST108248,72,68.14,549,0,0.0,two-year,1,5,10.0,ads,B,blue,14,0
CUST108249,37,65.22,373,2,0.0,month-to-month,1,3,9.4,referral,B,black,98,0
CUST108250,31,113.37,656,2,2.5,month-to-month,0,3,6.6,referral,B,yellow,20,0
CUST108251,41,20.02,436,4,6.7,month-to-month,0,1,3.2,referral,B,yellow,45,1
CUST108252,13,92.12,559,1,2.7,month-to-month,0,2,2.8,organic,B,white,24,1
CUST108253,32,98.07,330,4,8.8,month-to-month,0,4,5.0,organic,C,white,76,1
CUST108254,25,95.85,344,2,6.2,one-year,1,2,9.1,ads,C,yellow,27,0
CUST108255,44,43.92,328,4,0.0,two-year,1,3,7.8,referral,C,yellow,56,0
CUST108256,55,39.41,473,4,0.0,month-to-month,1,5,5.1,ads,C,blue,31,0
CUST108257,67,98.78,338,3,7.4,month-to-month,1,5,7.6,referral,C,white,45,0
CUST108258,54,107.3,423,2,4.4,two-year,0,4,4.7,ads,C,green,79,0
CUST108259,48,107.32,254,4,5.8,two-year,0,5,4.6,ads,B,black,2,0
CUST108260,32,99.3,423,6,6.0,two-year,0,4,5.8,ads,B,red,30,0
CUST108261,72,48.63,503,1,0.0,one-year,1,2,10.0,referral,C,green,29,0
CUST108262,46,62.61,241,7,8.7,month-to-month,1,4,5.2,ads,A,red,90,1
CUST108263,1,32.58,670,2,7.6,month-to-month,0,3,7.3,ads,B,blue,72,0
CUST108264,1,134.59,353,7,12.2,month-to-month,0,1,4.4,ads,A,green,20,1
CUST108265,39,144.4,488,2,6.4,month-to-month,1,1,7.6,ads,B,yellow,57,0
CUST108266,19,42.83,136,2,0.0,month-to-month,1,4,6.4,organic,C,red,59,0
CUST108267,10,40.31,450,6,9.4,month-to-month,0,2,2.9,referral,C,yellow,26,1
CUST108268,16,106.79,401,2,12.5,month-to-month,0,3,3.6,referral,B,black,64,1
CUST108269,42,114.08,571,5,5.7,one-year,1,4,9.1,organic,A,green,27,0
CUST108270,14,102.35,465,5,0.9,month-to-month,0,4,5.5,organic,B,yellow,48,0
CUST108271,44,128.48,389,2,2.6,one-year,1,3,6.4,referral,A,black,12,0
CUST108272,42,36.75,579,2,7.7,month-to-month,1,2,9.5,organic,A,red,90,1
CUST108273,27,134.63,440,4,9.7,month-to-month,0,2,4.0,organic,C,green,18,0
CUST108274,17,126.88,479,2,12.3,one-year,0,2,6.6,ads,B,green,46,1
CUST108275,20,75.54,405,1,4.8,two-year,0,5,9.8,organic,A,green,24,0
CUST108276,72,65.35,451,0,0.0,one-year,0,6,10.0,referral,C,black,24,0
CUST108277,35,97.21,433,0,1.2,two-year,1,4,6.3,referral,A,red,42,0
CUST108278,9,84.47,508,7,3.4,one-year,1,3,3.9,ads,B,red,87,1
CUST108279,53,134.62,221,3,0.0,month-to-month,1,4,7.7,referral,B,blue,66,0
CUST108280,21,29.83,478,9,10.5,month-to-month,0,1,8.0,organic,C,red,85,0
CUST108281,45,91.08,333,0,0.0,month-to-month,1,6,6.4,referral,B,yellow,55,0
CUST108282,50,116.59,470,2,9.5,one-year,1,3,4.4,organic,A,white,4,0
CUST108283,1,65.62,131,2,11.3,month-to-month,1,2,2.7,partner,B,red,64,1
CUST108284,59,97.93,327,4,4.2,month-to-month,0,4,6.0,partner,A,black,54,0
CUST108285,46,46.55,411,0,3.6,one-year,1,3,10.0,partner,A,blue,4,0
CUST108286,47,121.06,377,0,3.2,one-year,0,6,4.2,ads,A,blue,76,0
CUST108287,1,55.07,193,3,8.2,month-to-month,0,4,4.7,organic,B,green,59,1
CUST108288,15,147.37,427,3,3.7,month-to-month,0,2,7.6,ads,B,green,85,0
CUST108289,1,30.82,363,5,7.6,month-to-month,0,3,3.9,ads,A,yellow,83,1
CUST108290,21,50.39,313,6,2.3,month-to-month,0,4,6.0,ads,B,black,24,1
CUST108291,69,28.33,506,0,0.0,one-year,1,4,10.0,referral,C,red,87,0
CUST108292,61,147.85,71,5,5.5,month-to-month,0,4,6.6,organic,C,white,97,0
CUST108293,67,30.73,320,1,0.0,two-year,1,4,10.0,organic,A,white,8,0
CUST108294,43,67.9,579,0,2.0,one-year,0,3,5.6,referral,C,blue,28,0
CUST108295,39,59.79,292,2,3.6,month-to-month,1,4,5.3,ads,B,red,56,0
CUST108296,72,57.38,318,1,0.0,one-year,1,4,9.0,referral,A,black,38,0
CUST108297,72,145.68,531,3,11.9,two-year,1,3,2.5,referral,C,black,98,0
CUST108298,36,133.77,418,1,6.3,month-to-month,1,1,6.4,ads,B,red,30,0
CUST108299,62,62.33,456,4,0.0,one-year,0,6,4.9,organic,B,black,10,0
CUST108300,59,107.75,457,0,0.0,one-year,0,5,9.2,partner,A,black,86,0
CUST108301,42,38.65,573,4,1.7,month-to-month,0,2,6.1,ads,A,green,88,0
CUST108302,10,91.64,437,2,8.0,month-to-month,0,2,5.3,ads,B,white,68,1
CUST108303,30,132.4,471,3,1.9,one-year,1,2,7.5,organic,A,black,53,0
CUST108304,52,141.18,558,6,3.5,one-year,1,2,8.1,ads,B,blue,64,0
CUST108305,64,71.58,600,1,0.0,month-to-month,1,2,7.2,organic,A,white,16,0
CUST108306,7,52.24,468,5,9.0,month-to-month,0,2,7.7,partner,B,green,35,1
CUST108307,28,49.49,273,0,0.0,month-to-month,1,5,10.0,ads,C,red,13,0
CUST108308,21,102.89,623,2,4.6,month-to-month,0,2,6.9,referral,B,green,93,0
CUST108309,48,70.61,333,4,5.7,month-to-month,1,3,8.0,ads,C,black,30,0
CUST108310,1,50.19,579,5,8.5,one-year,0,3,6.3,organic,A,yellow,47,1
CUST108311,51,100.1,320,0,1.6,month-to-month,1,4,10.0,referral,B,red,89,0
CUST108312,41,101.97,695,4,7.8,month-to-month,1,4,7.2,ads,C,red,73,0
CUST108313,24,29.24,484,5,10.3,month-to-month,0,1,5.2,organic,B,green,67,1
CUST108314,55,146.98,586,3,3.1,month-to-month,1,6,6.6,referral,A,yellow,13,0
CUST108315,27,78.86,372,2,0.0,month-to-month,1,3,7.2,ads,A,yellow,8,0
CUST108316,29,124.54,433,4,7.1,month-to-month,1,3,4.9,referral,C,green,19,1
CUST108317,64,63.78,553,1,6.3,month-to-month,0,2,9.0,organic,A,blue,47,0
CUST108318,8,110.43,638,6,11.3,one-year,0,1,3.6,ads,B,blue,58,1
CUST108319,52,64.63,373,2,5.5,month-to-month,0,3,5.9,referral,C,black,31,0
CUST108320,1,45.65,453,2,8.7,one-year,0,1,4.5,partner,A,blue,62,1
CUST108321,33,85.94,298,7,11.1,month-to-month,0,2,4.8,organic,A,blue,21,1
CUST108322,52,30.95,542,1,0.0,month-to-month,1,3,7.6,ads,A,blue,11,0
CUST108323,39,89.65,447,1,5.5,one-year,1,5,10.0,organic,C,green,29,0
CUST108324,29,41.98,438,1,8.7,month-to-month,1,3,6.4,ads,A,red,37,0
CUST108325,64,24.8,179,2,0.0,two-year,1,2,3.8,partner,C,blue,11,0
CUST108326,34,119.23,509,3,3.2,one-year,1,3,4.5,ads,A,yellow,42,0
CUST108327,50,98.72,331,1,13.0,one-year,0,6,8.7,ads,C,red,55,0
CUST108328,58,108.88,270,0,0.0,one-year,0,3,9.3,organic,C,red,13,0
CUST108329,17,148.02,410,1,3.3,month-to-month,0,2,7.3,ads,A,blue,17,0
CUST108330,15,94.23,487,4,11.7,two-year,1,4,7.6,partner,B,green,7,0
CUST108331,30,58.84,342,2,0.0,one-year,0,3,6.8,referral,A,red,1,0
CUST108332,24,30.58,414,2,4.2,two-year,1,3,6.3,ads,B,yellow,70,0
CUST108333,61,81.28,306,2,0.9,month-to-month,1,4,9.8,referral,A,white,25,0
CUST108334,57,21.92,457,1,9.1,month-to-month,1,2,8.8,ads,A,red,76,0
CUST108335,32,44.51,399,1,0.7,two-year,1,4,7.2,referral,B,black,74,0
CUST108336,24,94.86,339,3,1.5,one-year,0,4,4.7,organic,A,green,53,0
CUST108337,41,133.43,355,4,9.0,one-year,0,1,6.6,partner,A,green,10,0
CUST108338,66,136.38,673,3,1.4,month-to-month,1,4,8.7,ads,B,yellow,10,0
CUST108339,38,106.36,348,2,6.9,one-year,0,4,7.4,ads,A,green,11,0
CUST108340,1,98.68,556,2,5.5,month-to-month,1,3,6.8,referral,A,yellow,68,1
CUST108341,40,87.28,597,1,0.0,one-year,0,5,5.8,ads,A,green,87,0
CUST108342,72,70.91,514,1,3.6,two-year,1,6,10.0,referral,C,green,57,0
CUST108343,23,96.21,457,2,5.5,month-to-month,0,2,2.5,ads,B,yellow,89,1
CUST108344,23,77.01,307,3,8.0,month-to-month,0,2,1.9,partner,C,red,4,1
CUST108345,45,127.69,361,0,5.3,month-to-month,0,4,4.4,ads,A,yellow,16,1
CUST108346,13,48.05,486,2,11.7,month-to-month,1,4,8.2,ads,A,white,34,1
CUST108347,26,65.94,184,5,0.0,two-year,0,4,5.7,referral,C,green,34,1
CUST108348,38,68.31,516,3,0.4,month-to-month,1,4,8.1,referral,B,yellow,11,0
CUST108349,67,104.49,562,2,4.0,two-year,1,4,8.2,organic,B,yellow,84,0
CUST108350,6,132.5,552,7,6.2,month-to-month,0,5,9.5,ads,B,white,56,0
CUST108351,36,87.04,443,4,6.3,month-to-month,0,3,6.5,partner,C,yellow,7,0
CUST108352,46,139.38,330,5,1.1,one-year,0,2,3.8,ads,B,black,41,0
CUST108353,69,20.28,501,3,3.7,month-to-month,1,5,9.8,referral,B,green,45,0
CUST108354,62,145.31,302,1,0.0,month-to-month,1,4,9.1,referral,B,blue,84,0
CUST108355,21,149.21,535,3,2.4,month-to-month,1,3,7.6,ads,B,yellow,31,0
CUST108356,45,33.83,445,6,6.1,month-to-month,0,3,5.2,partner,A,white,84,0
CUST108357,57,100.9,340,5,9.4,month-to-month,0,3,5.5,organic,C,red,81,0
CUST108358,40,32.16,594,2,3.6,month-to-month,1,2,6.0,referral,B,red,36,0
CUST108359,17,54.06,504,4,11.6,one-year,0,4,4.4,partner,A,blue,37,1
CUST108360,28,29.45,494,4,0.0,month-to-month,0,3,6.6,referral,C,white,87,0
CUST108361,25,129.61,475,2,0.6,two-year,1,4,7.1,ads,C,blue,43,0
CUST108362,50,123.28,416,5,17.7,month-to-month,0,2,1.0,organic,B,red,48,1
CUST108363,26,61.07,428,4,5.4,month-to-month,0,3,3.3,referral,B,black,54,1
CUST108364,37,95.85,447,3,5.9,month-to-month,1,2,10.0,organic,C,green,45,0
CUST108365,38,36.72,247,2,3.7,one-year,0,1,7.6,referral,B,black,47,0
CUST108366,38,55.62,369,1,9.2,two-year,1,4,6.4,partner,B,blue,35,0
CUST108367,64,109.96,405,1,2.1,month-to-month,0,6,4.0,referral,A,green,1,0
CUST108368,40,25.99,349,1,0.0,one-year,1,3,8.8,ads,A,blue,1,0
CUST108369,57,62.0,502,4,6.8,one-year,1,5,8.6,organic,C,blue,4,0
CUST108370,33,53.25,617,4,11.3,month-to-month,1,3,10.0,ads,A,white,94,0
CUST108371,43,100.85,385,4,0.0,month-to-month,0,2,8.5,partner,B,yellow,9,0
CUST108372,63,97.49,462,4,5.3,month-to-month,0,3,5.3,organic,A,black,72,0
CUST108373,8,113.17,427,4,7.9,one-year,0,2,1.9,partner,B,red,71,0
CUST108374,29,149.19,461,5,4.3,month-to-month,0,5,3.6,organic,B,black,29,1
CUST108375,35,140.44,461,2,2.5,month-to-month,1,4,4.7,organic,C,black,25,0
CUST108376,18,70.76,504,7,0.0,one-year,0,2,4.1,ads,B,white,4,1
CUST108377,1,52.64,521,3,11.0,month-to-month,0,3,4.4,ads,A,yellow,53,1
CUST108378,69,123.11,606,1,0.0,one-year,1,2,10.0,referral,B,yellow,28,0
CUST108379,42,106.6,476,1,3.0,month-to-month,0,2,4.5,referral,B,red,23,1
CUST108380,20,52.45,254,4,3.3,one-year,1,3,6.6,organic,A,white,90,0
CUST108381,9,45.76,675,0,0.0,one-year,0,3,3.2,ads,C,red,51,0
CUST108382,2,48.14,754,5,6.3,one-year,1,3,7.2,ads,B,black,21,1
CUST108383,62,127.55,626,0,0.0,one-year,1,4,5.9,organic,B,green,24,0
CUST108384,28,119.37,419,4,0.8,month-to-month,1,3,8.7,organic,C,blue,91,0
CUST108385,12,49.13,465,4,2.6,one-year,0,1,3.8,ads,A,green,64,1
CUST108386,63,96.97,485,1,0.0,month-to-month,1,3,6.4,referral,C,black,15,0
CUST108387,33,86.05,604,1,4.6,two-year,0,4,3.3,partner,B,yellow,21,0
CUST108388,37,65.49,552,6,0.0,month-to-month,1,5,3.9,organic,A,green,42,0
CUST108389,22,70.8,410,3,14.5,month-to-month,1,3,5.1,ads,C,white,34,1
CUST108390,39,112.82,544,2,2.2,one-year,1,2,7.9,partner,A,yellow,17,0
CUST108391,11,71.74,478,3,0.9,month-to-month,0,4,5.4,ads,B,red,67,0
CUST108392,43,129.47,453,3,1.7,one-year,0,4,10.0,organic,C,white,88,0
CUST108393,41,125.0,488,2,3.4,one-year,1,4,3.9,referral,B,blue,69,0
CUST108394,16,43.34,473,2,10.1,month-to-month,0,3,1.0,partner,B,black,19,1
CUST108395,65,114.05,375,0,0.0,month-to-month,1,5,8.4,organic,C,black,77,0
CUST108396,72,130.66,340,4,0.0,one-year,0,5,10.0,referral,A,blue,25,0
CUST108397,48,124.33,408,2,5.9,one-year,1,2,9.1,organic,A,white,98,0
CUST108398,67,26.76,548,3,6.8,month-to-month,1,4,5.2,referral,C,blue,28,0
CUST108399,46,25.73,513,3,4.9,one-year,0,3,5.5,partner,A,black,65,0
CUST108400,31,85.49,565,2,4.2,two-year,1,3,8.2,referral,B,green,36,0
CUST108401,53,134.2,389,2,0.0,month-to-month,1,5,7.1,ads,A,blue,27,0
CUST108402,72,55.95,354,4,0.1,two-year,0,4,7.6,partner,A,white,77,0
CUST108403,26,38.33,464,2,1.9,month-to-month,1,2,5.0,organic,A,yellow,17,0
CUST108404,37,21.17,505,0,5.1,one-year,0,4,6.6,referral,C,blue,69,0
CUST108405,1,143.24,400,2,16.7,one-year,0,1,1.3,organic,B,green,68,0
CUST108406,57,58.24,373,0,0.0,one-year,1,5,10.0,organic,C,yellow,86,0
CUST108407,1,96.92,461,4,17.2,month-to-month,0,3,4.0,ads,A,yellow,72,1
CUST108408,54,120.78,234,2,8.4,month-to-month,0,3,7.8,ads,B,blue,68,0
CUST108409,39,78.28,220,4,8.9,month-to-month,1,2,7.4,partner,B,white,35,1
CUST108410,49,115.22,413,3,3.6,one-year,1,6,9.2,ads,B,green,90,0
CUST108411,44,82.46,515,1,0.4,one-year,1,5,9.5,referral,B,red,52,0
CUST108412,6,101.66,257,4,6.5,month-to-month,0,2,6.3,organic,A,green,61,1
CUST108413,19,122.66,424,3,0.0,month-to-month,1,4,6.7,ads,A,red,63,0
CUST108414,15,128.05,302,3,4.0,month-to-month,0,3,10.0,ads,B,red,18,1
CUST108415,45,88.24,294,5,4.4,month-to-month,0,4,7.1,ads,B,yellow,84,0
CUST108416,43,41.94,377,3,1.8,month-to-month,1,1,2.9,ads,A,black,96,1
CUST108417,46,82.63,566,3,5.9,one-year,0,3,7.1,ads,A,green,37,0
CUST108418,7,105.09,538,3,2.7,month-to-month,0,4,3.9,organic,B,blue,86,1
CUST108419,30,141.73,155,3,2.4,month-to-month,0,2,7.6,organic,B,yellow,42,0
CUST108420,24,125.39,139,5,3.2,one-year,1,1,8.2,referral,B,red,35,1
CUST108421,53,113.93,527,1,0.0,one-year,1,3,7.6,ads,B,blue,4,0
CUST108422,36,60.23,687,4,10.1,month-to-month,1,3,4.0,ads,B,yellow,92,0
CUST108423,8,137.24,363,5,9.4,one-year,0,5,5.5,organic,C,red,43,1
CUST108424,58,83.83,371,0,5.4,two-year,0,4,6.3,ads,A,black,13,0
CUST108425,71,33.29,525,2,7.1,one-year,0,2,7.9,referral,B,blue,99,0
CUST108426,58,37.34,460,2,1.0,two-year,1,5,8.7,referral,C,green,85,0
CUST108427,23,25.96,534,5,7.7,month-to-month,0,2,10.0,partner,B,blue,16,0
CUST108428,10,68.51,432,7,10.9,month-to-month,0,1,3.0,ads,B,blue,9,1
CUST108429,26,71.38,510,3,0.0,month-to-month,1,2,5.2,referral,B,green,93,1
CUST108430,15,69.72,401,2,7.1,two-year,0,3,5.1,ads,C,red,14,0
CUST108431,39,38.64,441,6,2.7,month-to-month,0,2,6.2,ads,C,blue,81,1
CUST108432,11,98.16,277,1,13.3,two-year,0,4,7.4,organic,B,yellow,10,0
CUST108433,17,104.26,600,4,1.0,one-year,1,6,7.1,ads,B,black,18,0
CUST108434,36,43.79,532,3,4.4,one-year,1,5,9.6,organic,A,white,50,0
CUST108435,38,141.67,347,4,0.0,two-year,0,3,7.8,ads,A,blue,56,0
CUST108436,29,137.69,390,4,2.0,month-to-month,1,2,5.9,organic,B,red,36,0
CUST108437,19,55.09,411,2,0.0,one-year,0,1,5.5,organic,B,green,37,0
CUST108438,40,102.34,375,4,11.5,two-year,1,3,8.3,ads,C,black,59,0
CUST108439,27,39.3,243,0,4.8,one-year,0,1,7.3,organic,A,white,50,0
CUST108440,24,56.73,446,3,4.9,one-year,1,3,5.3,partner,C,yellow,47,1
CUST108441,72,95.11,232,3,1.8,one-year,1,6,7.5,partner,B,yellow,77,0
CUST108442,43,119.29,547,2,0.9,month-to-month,1,3,6.0,referral,B,yellow,34,0
CUST108443,1,132.98,584,3,7.2,month-to-month,0,2,3.4,ads,C,red,9,1
CUST108444,19,130.86,419,1,0.0,one-year,0,5,9.2,organic,B,green,96,0
CUST108445,28,132.2,406,3,0.4,month-to-month,0,2,6.5,ads,B,red,95,1
CUST108446,23,105.19,229,1,5.1,month-to-month,0,3,7.2,referral,C,red,58,1
CUST108447,32,72.05,377,0,0.0,one-year,0,4,9.5,referral,A,white,89,0
CUST108448,35,48.36,225,6,0.0,month-to-month,1,2,5.5,partner,B,green,28,0
CUST108449,45,128.14,497,6,0.0,one-year,1,3,7.0,referral,B,green,26,0
CUST108450,22,27.11,326,2,14.5,month-to-month,1,3,2.1,ads,B,white,20,1
CUST108451,45,86.3,393,1,0.0,month-to-month,1,3,3.8,organic,A,green,83,1
CUST108452,24,60.4,290,5,9.1,month-to-month,0,1,3.7,partner,B,white,1,1
CUST108453,19,41.39,469,7,2.9,month-to-month,0,3,5.3,organic,B,red,71,1
CUST108454,31,75.11,427,2,8.3,month-to-month,0,3,3.5,organic,A,green,97,0
CUST108455,68,99.04,181,2,3.9,month-to-month,1,3,9.1,referral,C,green,56,0
CUST108456,41,37.88,104,2,0.0,one-year,1,3,7.6,organic,B,black,25,0
CUST108457,21,131.83,379,0,3.4,month-to-month,1,4,9.9,ads,A,white,72,0
CUST108458,9,32.35,459,3,7.8,month-to-month,1,2,4.2,partner,A,green,6,1
CUST108459,42,74.75,406,2,0.0,month-to-month,0,4,9.1,referral,B,white,47,0
CUST108460,30,136.18,469,5,5.4,month-to-month,1,3,4.9,referral,A,white,98,1
CUST108461,1,73.6,630,5,6.7,one-year,0,1,4.0,ads,B,white,97,1
CUST108462,48,123.9,381,1,3.0,two-year,1,2,9.1,organic,C,black,1,0
CUST108463,32,133.55,591,6,11.6,month-to-month,0,2,5.9,ads,B,white,34,1
CUST108464,21,24.98,349,2,0.0,month-to-month,1,4,4.3,referral,A,red,58,1
CUST108465,17,127.62,370,3,2.3,month-to-month,1,5,6.8,organic,A,green,44,0
CUST108466,44,54.84,370,3,0.0,two-year,0,1,5.6,organic,A,yellow,44,0
CUST108467,51,28.62,289,7,1.8,two-year,0,2,8.0,referral,C,red,93,0
CUST108468,29,117.1,533,2,1.2,two-year,0,2,5.9,ads,C,blue,62,0
CUST108469,27,134.28,546,3,7.7,month-to-month,1,3,3.6,referral,B,blue,84,1
CUST108470,54,148.33,150,4,6.5,month-to-month,1,2,8.5,organic,A,green,99,0
CUST108471,50,123.58,298,2,3.0,two-year,0,4,8.2,referral,C,red,55,0
CUST108472,13,101.61,583,4,7.5,month-to-month,0,4,9.4,referral,B,red,29,0
CUST108473,13,134.4,362,6,0.0,one-year,1,4,5.7,organic,C,black,42,0
CUST108474,53,124.16,444,3,2.0,one-year,1,6,10.0,organic,A,black,75,0
CUST108475,30,72.04,363,6,6.5,two-year,0,2,7.8,ads,B,black,67,1
CUST108476,47,132.01,281,2,5.7,month-to-month,1,1,5.6,referral,C,black,34,0
CUST108477,27,20.59,413,5,10.9,month-to-month,1,1,1.8,ads,C,white,28,1
CUST108478,32,85.59,194,1,0.0,month-to-month,1,6,10.0,referral,B,green,62,0
CUST108479,3,68.35,355,3,7.6,month-to-month,0,4,3.4,partner,B,green,94,1
CUST108480,17,87.58,543,6,4.6,month-to-month,0,1,8.9,referral,A,white,52,1
CUST108481,23,105.31,406,5,0.0,month-to-month,0,5,6.0,ads,A,red,68,0
CUST108482,53,135.38,339,1,0.0,two-year,1,2,8.8,referral,A,red,62,0
CUST108483,35,26.16,301,3,7.7,month-to-month,1,2,2.0,organic,B,black,45,0
CUST108484,72,61.69,473,0,0.0,two-year,1,5,10.0,organic,B,red,21,0
CUST108485,41,97.77,571,1,0.0,month-to-month,1,3,5.5,referral,C,black,50,1
CUST108486,37,97.99,508,4,0.0,month-to-month,0,4,7.9,ads,C,white,16,0
CUST108487,14,95.13,418,3,9.7,month-to-month,0,2,6.1,ads,A,yellow,95,1
CUST108488,44,97.66,413,1,3.7,month-to-month,1,4,6.0,referral,A,white,50,0
CUST108489,30,143.95,381,4,6.8,one-year,0,1,7.1,organic,A,yellow,48,0
CUST108490,63,90.34,185,4,0.0,two-year,1,6,7.9,referral,C,yellow,25,0
CUST108491,36,29.78,334,5,4.6,month-to-month,1,2,2.4,ads,A,white,41,0
CUST108492,1,31.55,312,5,0.0,month-to-month,0,3,9.1,referral,A,white,31,0
CUST108493,27,113.78,332,3,8.0,month-to-month,1,3,4.0,partner,A,green,7,1
CUST108494,45,134.57,500,2,5.3,one-year,1,1,5.9,organic,A,red,97,0
CUST108495,38,104.72,438,2,4.3,one-year,1,3,8.4,ads,A,blue,5,0
CUST108496,60,39.1,304,2,0.0,one-year,0,2,8.0,organic,A,green,75,0
CUST108497,46,149.01,542,2,7.0,two-year,1,3,9.0,referral,C,green,58,0
CUST108498,17,57.66,653,7,10.1,one-year,0,2,2.1,partner,B,black,97,1
CUST108499,32,136.32,503,2,0.3,one-year,1,4,10.0,referral,C,white,81,0
CUST108500,50,33.94,758,0,0.0,month-to-month,1,4,10.0,organic,C,white,7,0
CUST108501,41,114.87,427,5,6.0,one-year,0,2,6.7,ads,A,white,96,0
CUST108502,72,76.9,639,2,0.8,one-year,1,5,6.9,referral,C,blue,70,0
CUST108503,33,124.18,514,1,0.0,one-year,0,3,4.3,ads,B,red,44,0
CUST108504,1,53.1,638,3,7.6,month-to-month,1,1,5.6,organic,A,black,36,1
CUST108505,33,98.57,357,6,4.4,one-year,1,3,2.4,organic,B,green,99,0
CUST108506,67,45.71,373,1,2.7,month-to-month,1,4,8.7,referral,A,red,14,0
CUST108507,52,69.8,502,7,0.0,one-year,0,2,2.8,referral,B,red,66,0
CUST108508,24,31.1,297,3,9.0,month-to-month,0,4,4.0,ads,B,green,89,1
CUST108509,18,107.47,228,2,5.2,two-year,0,3,4.9,ads,B,blue,77,0
CUST108510,49,114.5,167,6,7.1,month-to-month,1,4,6.9,ads,A,blue,79,0
CUST108511,39,106.48,408,0,0.0,month-to-month,1,1,9.4,referral,C,yellow,41,0
CUST108512,53,130.83,600,2,7.8,month-to-month,1,3,7.5,referral,B,red,16,1
CUST108513,46,30.74,485,3,0.0,two-year,0,3,8.0,referral,C,white,51,0
CUST108514,18,47.82,293,4,0.0,month-to-month,0,3,6.2,ads,A,white,81,0
CUST108515,40,114.37,352,0,4.5,one-year,0,2,8.1,ads,B,black,41,0
CUST108516,44,35.42,401,5,6.5,month-to-month,0,1,5.9,ads,B,black,84,1
CUST108517,49,96.16,187,1,5.0,month-to-month,0,3,3.5,organic,B,white,51,1
CUST108518,13,59.93,455,3,1.8,month-to-month,1,2,7.2,ads,A,red,99,0
CUST108519,26,57.7,402,5,0.0,one-year,1,4,9.6,referral,A,black,18,1
CUST108520,22,31.66,466,2,3.0,month-to-month,0,4,5.5,referral,C,black,83,0
CUST108521,32,55.81,373,0,6.6,one-year,0,2,3.2,ads,C,black,46,0
CUST108522,42,144.33,358,5,1.1,month-to-month,1,3,6.2,partner,C,red,87,0
CUST108523,7,132.66,188,4,12.1,month-to-month,0,2,5.6,ads,A,white,43,1
CUST108524,38,70.64,542,1,6.3,month-to-month,0,3,3.1,partner,C,white,80,1
CUST108525,3,25.71,427,4,5.4,month-to-month,1,4,5.3,ads,A,green,84,1
CUST108526,67,97.97,501,2,5.1,one-year,1,4,7.9,partner,B,black,75,0
CUST108527,64,101.0,270,2,0.0,one-year,1,4,10.0,ads,B,red,17,0
CUST108528,50,65.71,531,1,2.5,month-to-month,0,1,8.3,referral,A,blue,15,0
CUST108529,6,125.71,492,3,6.4,month-to-month,0,2,6.4,organic,B,green,91,0
CUST108530,25,115.09,348,0,4.2,month-to-month,0,4,3.7,ads,B,white,15,1
CUST108531,13,62.29,588,6,9.5,one-year,0,4,3.4,partner,A,white,99,1
CUST108532,23,67.41,283,1,3.8,month-to-month,1,4,7.0,partner,A,blue,73,0
CUST108533,57,44.78,544,1,2.1,two-year,1,5,10.0,referral,A,black,54,0
CUST108534,39,60.53,480,1,4.6,month-to-month,1,4,9.9,referral,B,green,74,0
CUST108535,34,134.94,409,0,3.5,month-to-month,1,3,10.0,referral,B,yellow,57,0
CUST108536,41,26.39,511,6,4.0,two-year,1,5,4.8,ads,B,red,88,0
CUST108537,48,145.42,540,2,0.0,two-year,1,5,6.7,referral,C,red,43,0
CUST108538,71,58.58,482,3,0.0,month-to-month,0,3,9.0,referral,A,black,90,0
CUST108539,36,120.35,556,1,0.0,one-year,1,4,10.0,ads,A,blue,98,0
CUST108540,39,54.68,183,5,6.3,month-to-month,0,3,6.1,referral,A,red,98,0
CUST108541,22,76.96,392,6,9.7,month-to-month,1,3,1.0,partner,A,white,6,1
CUST108542,33,72.78,393,3,0.0,month-to-month,0,3,4.1,partner,A,yellow,10,0
CUST108543,42,86.57,304,1,4.6,two-year,1,2,7.1,ads,B,red,68,0
CUST108544,50,105.02,509,3,8.3,month-to-month,0,2,5.0,referral,C,red,2,0
CUST108545,63,49.0,414,0,7.3,two-year,1,6,9.7,referral,C,yellow,18,0
CUST108546,40,60.22,353,2,9.5,month-to-month,1,2,10.0,organic,C,red,60,0
CUST108547,51,136.5,438,2,0.0,one-year,1,3,10.0,organic,A,black,22,0
CUST108548,29,45.78,600,5,3.0,month-to-month,0,3,7.3,partner,A,black,73,0
CUST108549,19,56.36,683,5,6.9,month-to-month,0,3,5.9,referral,C,black,7,1
CUST108550,19,115.38,595,9,11.2,month-to-month,0,2,3.6,ads,C,white,26,1
CUST108551,31,47.52,305,3,10.7,month-to-month,1,2,6.8,ads,A,yellow,45,0
CUST108552,48,91.25,313,2,4.8,one-year,1,5,7.3,organic,A,black,11,0
CUST108553,39,57.31,406,4,0.0,two-year,0,4,6.6,referral,A,green,46,0
CUST108554,44,72.3,471,2,0.0,month-to-month,1,4,5.1,referral,A,white,5,1
CUST108555,37,127.28,523,1,9.3,two-year,1,6,5.5,organic,C,red,42,0
CUST108556,23,52.71,446,3,4.4,one-year,0,2,7.3,ads,C,black,75,0
CUST108557,66,21.01,433,1,0.0,two-year,1,5,7.7,referral,B,blue,95,0
CUST108558,32,103.07,507,2,0.0,one-year,0,3,6.8,ads,A,yellow,28,0
CUST108559,53,137.07,345,2,0.0,month-to-month,0,4,9.0,ads,C,blue,85,0
CUST108560,46,97.26,509,2,11.6,one-year,0,3,6.7,ads,A,red,54,0
CUST108561,34,91.43,406,2,0.9,one-year,1,6,8.6,referral,B,green,54,0
CUST108562,56,28.78,524,2,4.1,two-year,0,4,9.0,organic,B,blue,85,0
CUST108563,39,37.82,185,2,4.8,one-year,0,4,5.7,referral,A,blue,2,0
CUST108564,38,50.28,382,4,10.8,month-to-month,0,1,1.0,ads,B,yellow,36,1
CUST108565,33,20.48,434,4,0.0,two-year,1,3,5.0,ads,A,red,53,0
CUST108566,61,72.82,598,1,3.7,month-to-month,1,4,9.7,referral,C,black,72,0
CUST108567,43,90.3,553,2,0.0,one-year,1,3,5.1,organic,A,black,68,0
CUST108568,21,84.94,354,1,0.0,month-to-month,1,4,5.3,ads,B,blue,30,0
CUST108569,8,57.63,546,8,1.8,month-to-month,0,2,2.0,ads,A,white,69,1
CUST108570,41,40.07,528,1,8.5,month-to-month,0,2,2.1,organic,B,blue,61,0
CUST108571,34,147.69,493,7,6.0,month-to-month,0,1,5.1,referral,A,white,3,1
CUST108572,8,93.0,348,3,0.0,month-to-month,0,5,8.9,ads,B,yellow,22,0
CUST108573,50,48.72,508,0,0.0,one-year,1,3,7.0,partner,B,blue,41,0
CUST108574,18,122.01,543,2,5.9,month-to-month,1,3,3.1,partner,A,yellow,99,0
CUST108575,43,81.3,496,1,3.4,one-year,0,4,6.2,organic,B,yellow,38,0
CUST108576,59,47.25,335,2,1.9,one-year,1,2,7.4,ads,C,red,2,0
CUST108577,36,115.33,504,4,6.6,month-to-month,1,4,1.7,organic,B,blue,61,1
CUST108578,32,115.63,577,6,14.6,month-to-month,0,2,4.8,ads,A,green,20,0
CUST108579,33,131.43,472,2,4.5,two-year,0,5,4.6,referral,B,green,81,0
CUST108580,36,24.48,529,2,6.1,month-to-month,1,4,6.0,referral,A,white,20,0
CUST108581,13,83.09,653,2,4.1,month-to-month,0,4,4.8,ads,C,green,22,1
CUST108582,6,76.89,537,6,3.8,one-year,0,1,3.1,ads,B,yellow,75,1
CUST108583,30,139.82,325,3,3.1,two-year,1,2,7.3,referral,A,yellow,48,0
CUST108584,13,71.95,438,3,8.0,two-year,0,4,7.5,partner,B,green,43,0
CUST108585,63,138.25,377,2,0.0,two-year,0,1,7.3,ads,A,white,67,0
CUST108586,27,146.53,443,1,0.0,month-to-month,0,3,8.2,referral,A,black,71,0
CUST108587,31,145.05,642,10,10.4,month-to-month,1,1,4.1,organic,A,yellow,81,1
CUST108588,46,140.58,365,0,0.0,month-to-month,0,2,5.8,partner,A,black,30,0
CUST108589,41,49.54,255,1,4.0,one-year,0,1,5.0,referral,C,green,85,0
CUST108590,37,117.1,403,3,0.3,one-year,1,4,8.8,organic,A,black,38,0
CUST108591,1,79.36,305,4,7.0,month-to-month,1,2,2.7,organic,C,yellow,31,1
CUST108592,51,126.08,401,1,2.6,one-year,1,4,7.8,ads,A,blue,32,0
CUST108593,47,141.31,401,1,0.0,month-to-month,1,3,8.2,ads,A,blue,15,0
CUST108594,35,104.48,501,3,12.9,one-year,1,1,7.2,referral,A,black,50,0
CUST108595,18,129.28,298,3,4.6,month-to-month,1,4,7.6,ads,A,red,86,0
CUST108596,48,74.66,554,2,4.5,month-to-month,0,5,7.0,partner,C,black,42,1
CUST108597,72,125.24,268,5,4.5,month-to-month,1,3,6.5,ads,A,red,12,0
CUST108598,20,42.59,272,4,1.2,month-to-month,0,2,6.7,ads,C,yellow,63,1
CUST108599,42,21.68,388,4,12.1,one-year,0,3,6.5,organic,C,black,27,0
CUST108600,9,93.82,526,1,2.4,one-year,0,3,7.6,organic,B,black,62,0
CUST108601,21,100.31,176,6,9.8,month-to-month,0,4,5.1,ads,B,yellow,31,1
CUST108602,72,77.18,453,1,0.0,one-year,0,3,10.0,organic,A,blue,94,0
CUST108603,46,55.92,417,1,0.0,month-to-month,1,3,7.7,referral,A,green,67,0
CUST108604,36,74.11,343,3,6.2,month-to-month,1,2,8.9,organic,B,green,84,0
CUST108605,46,29.61,342,2,2.7,one-year,1,5,5.3,referral,A,red,22,0
CUST108606,12,62.2,378,3,20.5,one-year,0,2,1.5,organic,C,yellow,89,1
CUST108607,53,116.57,584,1,0.3,two-year,0,4,10.0,referral,A,yellow,81,0
CUST108608,12,120.03,672,6,9.0,month-to-month,0,2,3.4,ads,B,green,79,0
CUST108609,1,86.98,353,2,0.0,one-year,1,2,4.0,ads,A,black,61,0
CUST108610,29,49.67,398,4,2.4,month-to-month,1,2,6.5,ads,B,black,51,0
CUST108611,48,57.09,398,3,3.3,two-year,1,1,4.8,ads,B,white,10,0
CUST108612,30,66.9,481,4,1.8,month-to-month,1,5,10.0,ads,B,white,47,0
CUST108613,27,82.3,637,4,7.6,month-to-month,1,3,8.6,organic,B,white,14,0
CUST108614,29,58.39,363,2,5.5,month-to-month,0,2,7.6,partner,C,white,7,0
CUST108615,17,55.8,475,8,1.9,month-to-month,1,5,5.2,referral,B,black,41,0
CUST108616,18,82.6,414,5,6.9,month-to-month,0,3,3.1,ads,A,blue,35,1
CUST108617,47,66.85,238,2,0.0,month-to-month,1,3,5.2,referral,A,green,66,1
CUST108618,13,114.23,552,3,3.3,month-to-month,0,6,7.3,ads,C,yellow,7,0
CUST108619,65,149.83,506,1,1.0,one-year,1,4,7.3,referral,A,blue,88,0
CUST108620,22,24.94,571,4,4.0,one-year,1,2,3.9,ads,B,white,14,0
CUST108621,72,94.3,274,1,0.0,month-to-month,0,3,5.0,organic,A,green,21,0
CUST108622,15,48.4,474,1,16.1,one-year,0,3,6.5,partner,C,white,33,0
CUST108623,37,83.7,535,3,1.7,month-to-month,1,3,7.6,organic,B,white,78,0
CUST108624,45,81.77,479,3,2.2,one-year,1,6,9.0,referral,B,black,64,0
CUST108625,45,107.87,501,1,0.0,one-year,1,3,7.6,referral,B,black,26,0
CUST108626,3,118.8,600,7,7.9,month-to-month,0,2,6.4,organic,B,white,15,1
CUST108627,35,111.03,275,0,5.4,two-year,1,2,10.0,organic,A,red,84,0
CUST108628,53,65.07,543,0,3.4,month-to-month,1,4,9.0,organic,B,yellow,41,0
CUST108629,14,26.4,417,7,6.6,month-to-month,0,1,3.2,partner,B,red,5,1
CUST108630,41,58.06,223,1,8.5,month-to-month,1,1,5.3,ads,A,white,86,0
CUST108631,26,126.13,127,4,1.3,one-year,1,3,6.0,ads,C,black,22,0
CUST108632,41,76.59,341,1,0.0,one-year,0,4,6.4,organic,A,yellow,97,0
CUST108633,59,110.71,561,3,0.0,one-year,1,4,5.7,organic,C,black,27,0
CUST108634,47,100.69,433,6,11.7,one-year,1,2,5.6,ads,A,yellow,63,0
CUST108635,28,108.22,405,4,8.6,month-to-month,0,1,6.0,organic,B,white,71,1
CUST108636,70,117.66,495,1,0.0,one-year,1,1,6.5,partner,A,black,52,0
CUST108637,48,132.73,440,4,4.8,month-to-month,0,2,6.5,organic,A,yellow,35,0
CUST108638,28,47.27,325,2,0.0,two-year,1,1,7.8,referral,A,red,65,0
CUST108639,43,26.1,550,6,7.6,two-year,0,1,7.7,organic,B,red,68,0
CUST108640,33,87.07,195,1,0.0,one-year,1,4,10.0,organic,A,white,39,0
CUST108641,33,138.1,592,4,7.1,month-to-month,0,3,5.1,referral,A,blue,60,1
CUST108642,49,37.88,210,0,12.7,month-to-month,1,4,10.0,ads,C,red,80,0
CUST108643,57,141.24,374,3,1.7,month-to-month,0,2,4.8,referral,A,yellow,89,1
CUST108644,57,132.29,251,1,4.1,month-to-month,1,3,10.0,referral,C,blue,26,0
CUST108645,21,145.26,328,5,7.4,month-to-month,0,2,2.0,partner,A,black,48,1
CUST108646,14,57.88,283,4,9.9,month-to-month,0,2,3.1,organic,B,white,52,1
CUST108647,41,73.61,530,1,0.8,one-year,1,3,5.1,organic,B,red,18,0
CUST108648,40,128.17,395,4,0.0,two-year,1,2,6.2,referral,A,blue,11,0
CUST108649,22,56.05,455,2,0.2,month-to-month,0,2,10.0,ads,C,white,46,0
CUST108650,45,146.9,256,5,2.9,month-to-month,0,3,4.0,ads,A,black,98,0
CUST108651,66,36.96,344,3,3.2,one-year,1,4,8.9,ads,B,blue,59,0
CUST108652,41,63.67,542,0,1.1,two-year,1,4,6.9,referral,C,red,73,0
CUST108653,38,79.75,461,2,3.5,month-to-month,0,3,8.0,referral,A,red,67,0
CUST108654,47,46.23,276,1,0.0,one-year,0,6,6.7,ads,B,white,46,0
CUST108655,1,27.51,372,5,8.1,one-year,1,4,5.2,organic,C,green,1,0
CUST108656,27,134.71,447,3,5.4,month-to-month,0,2,7.1,ads,B,yellow,42,0
CUST108657,72,61.35,668,1,0.0,one-year,0,6,7.7,partner,B,yellow,8,0
CUST108658,26,93.73,568,7,2.5,month-to-month,0,4,10.0,ads,C,black,6,0
CUST108659,69,43.77,702,1,6.5,one-year,0,5,7.9,organic,C,red,16,0
CUST108660,72,115.68,487,0,0.0,two-year,1,5,9.6,ads,A,green,82,0
CUST108661,25,33.58,381,3,5.1,one-year,1,1,3.1,partner,B,red,9,0
CUST108662,54,112.29,520,1,0.0,one-year,0,4,7.9,partner,B,black,23,0
CUST108663,42,104.32,674,1,1.6,one-year,0,3,6.8,organic,C,green,30,0
CUST108664,28,97.01,293,7,2.8,month-to-month,1,4,9.2,organic,B,black,50,0
CUST108665,68,108.81,194,1,0.0,month-to-month,0,2,8.6,organic,B,blue,35,0
CUST108666,15,53.72,152,3,7.6,month-to-month,1,3,4.9,organic,B,yellow,36,1
CUST108667,44,98.19,642,4,9.3,month-to-month,0,3,7.4,organic,C,black,44,1
CUST108668,20,24.49,537,5,5.8,month-to-month,1,5,5.8,partner,B,red,25,0
CUST108669,28,53.52,459,4,5.3,month-to-month,1,5,5.6,ads,A,green,43,0
CUST108670,72,101.88,346,1,1.1,month-to-month,0,3,7.9,referral,B,black,91,0
CUST108671,55,77.67,509,0,0.4,one-year,1,3,9.1,referral,C,white,54,0
CUST108672,27,22.73,470,3,3.2,one-year,1,2,7.4,partner,B,yellow,52,0
CUST108673,71,97.01,407,3,0.0,one-year,1,3,5.6,referral,A,green,97,0
CUST108674,51,128.41,305,5,1.1,month-to-month,0,3,5.2,ads,A,red,3,0
CUST108675,61,20.12,346,1,4.1,one-year,1,5,2.3,partner,A,red,39,0
CUST108676,30,109.63,533,3,0.0,one-year,0,1,4.7,partner,B,blue,87,0
CUST108677,37,48.93,402,0,0.0,one-year,0,1,8.5,partner,A,green,97,0
CUST108678,46,33.76,609,1,10.2,one-year,1,2,8.9,referral,B,blue,33,0
CUST108679,27,89.84,548,3,8.4,one-year,1,2,2.0,ads,C,red,5,0
CUST108680,15,102.64,336,1,7.9,month-to-month,0,3,4.2,ads,A,black,36,1
CUST108681,40,27.25,361,7,0.0,month-to-month,0,3,6.7,organic,B,blue,55,0
CUST108682,20,24.6,549,4,11.0,month-to-month,1,1,5.9,ads,B,black,26,1
CUST108683,65,130.21,572,2,7.0,month-to-month,1,5,10.0,partner,C,black,67,0
CUST108684,58,28.61,450,2,7.2,month-to-month,0,5,8.1,referral,A,red,29,0
CUST108685,17,23.6,291,3,0.0,month-to-month,1,4,6.5,partner,B,red,27,0
CUST108686,19,58.35,389,4,12.0,month-to-month,0,2,2.2,ads,C,red,79,1
CUST108687,39,123.55,304,0,0.0,one-year,1,4,8.8,referral,B,green,33,0
CUST108688,69,97.48,615,3,0.0,two-year,1,5,10.0,ads,A,black,86,0
CUST108689,52,123.83,439,1,0.0,month-to-month,1,3,9.0,partner,A,red,38,0
CUST108690,44,29.03,389,4,0.0,one-year,1,3,7.6,ads,C,white,91,0
CUST108691,34,77.43,338,2,5.8,month-to-month,0,4,7.3,ads,B,green,45,0
CUST108692,43,113.38,144,4,1.7,month-to-month,0,3,6.1,referral,A,black,93,0
CUST108693,38,112.5,366,4,1.8,month-to-month,1,2,5.7,ads,C,white,67,0
CUST108694,26,110.1,422,3,3.7,month-to-month,1,3,6.7,ads,B,red,88,1
CUST108695,29,135.88,304,3,8.3,one-year,1,4,8.1,ads,B,black,24,0
CUST108696,33,56.37,523,0,0.0,two-year,1,3,10.0,referral,B,yellow,43,0
CUST108697,38,39.9,266,3,9.5,month-to-month,0,2,6.1,organic,B,white,19,1
CUST108698,42,47.16,443,0,6.8,one-year,1,2,7.3,organic,A,green,28,0
CUST108699,27,72.31,493,3,2.7,month-to-month,0,2,2.9,referral,A,yellow,81,1
CUST108700,72,42.18,391,3,1.5,one-year,0,6,7.2,ads,B,green,5,0
CUST108701,10,134.77,284,5,9.4,one-year,0,3,4.0,ads,A,black,50,0
CUST108702,1,72.83,403,5,12.3,month-to-month,0,2,4.8,ads,C,white,66,1
CUST108703,49,146.25,281,0,1.5,month-to-month,1,6,3.8,referral,B,blue,70,0
CUST108704,61,126.65,404,1,2.5,month-to-month,1,2,9.1,referral,C,black,51,0
CUST108705,18,91.44,456,0,4.0,one-year,0,3,10.0,ads,C,blue,52,0
CUST108706,44,82.4,410,1,3.7,month-to-month,0,3,8.0,referral,C,blue,30,0
CUST108707,35,55.74,319,4,6.4,month-to-month,0,2,6.5,partner,A,green,27,0
CUST108708,41,131.8,346,1,6.7,month-to-month,1,2,7.4,referral,A,white,97,0
CUST108709,21,69.03,621,1,10.3,month-to-month,1,4,6.6,partner,A,white,61,1
CUST108710,1,84.4,621,4,4.0,month-to-month,1,5,6.9,ads,A,yellow,40,1
CUST108711,22,40.9,383,2,3.4,month-to-month,0,2,5.4,partner,A,blue,23,1
CUST108712,11,28.48,339,9,9.6,month-to-month,0,5,3.7,partner,B,white,26,1
CUST108713,40,70.11,402,3,5.6,month-to-month,1,1,6.1,partner,A,black,14,0
CUST108714,47,66.19,258,2,5.2,two-year,0,4,7.6,referral,A,white,72,0
CUST108715,52,145.32,328,2,0.0,month-to-month,1,2,8.8,organic,C,yellow,85,0
CUST108716,5,54.76,528,3,6.2,two-year,1,3,9.7,organic,A,green,51,0
CUST108717,25,57.09,561,8,0.0,month-to-month,0,3,4.3,ads,B,black,48,1
CUST108718,51,86.92,567,2,1.7,one-year,0,3,5.1,ads,C,blue,97,0
CUST108719,22,42.02,233,4,8.7,month-to-month,0,1,7.7,ads,A,black,98,0
CUST108720,45,142.34,463,4,4.5,month-to-month,0,3,6.3,ads,B,green,2,0
CUST108721,11,143.76,461,1,5.2,month-to-month,1,3,4.8,organic,A,red,13,0
CUST108722,50,38.91,344,2,8.7,one-year,1,3,8.7,referral,B,white,33,0
CUST108723,30,90.32,572,6,0.8,one-year,1,1,7.6,partner,B,green,23,0
CUST108724,23,57.22,703,3,0.0,month-to-month,1,5,10.0,ads,A,yellow,29,0
CUST108725,46,107.28,383,2,0.6,one-year,0,2,5.5,ads,B,white,10,1
CUST108726,72,113.9,616,0,0.0,two-year,1,5,10.0,ads,A,blue,53,0
CUST108727,62,38.28,273,4,6.3,one-year,1,4,5.3,referral,A,blue,35,0
CUST108728,72,108.62,393,5,1.5,one-year,1,4,9.6,referral,B,yellow,5,0
CUST108729,52,108.01,439,1,13.3,one-year,0,2,7.8,partner,C,yellow,10,0
CUST108730,19,64.87,636,1,0.3,one-year,1,1,8.7,organic,A,red,82,0
CUST108731,37,91.44,241,5,0.0,two-year,0,5,8.3,referral,C,black,15,0
CUST108732,34,39.39,642,7,4.1,one-year,0,5,6.8,organic,A,yellow,89,0
CUST108733,44,79.31,218,3,7.4,one-year,1,4,1.6,partner,A,yellow,60,0
CUST108734,34,64.07,544,3,5.7,one-year,1,2,3.1,partner,C,green,77,0
CUST108735,26,87.53,438,5,6.0,month-to-month,1,4,2.4,partner,B,red,36,1
CUST108736,52,43.8,571,4,0.0,month-to-month,0,2,5.2,ads,C,blue,93,0
CUST108737,15,58.0,434,5,6.9,two-year,0,3,6.9,ads,A,black,23,1
CUST108738,57,93.21,450,3,0.3,one-year,1,4,8.6,referral,C,yellow,41,0
CUST108739,4,148.48,305,3,7.0,two-year,0,2,3.9,ads,C,red,19,0
CUST108740,2,78.68,603,0,7.1,month-to-month,0,3,3.9,ads,A,blue,67,0
CUST108741,66,65.26,384,1,7.1,month-to-month,0,5,5.6,referral,C,blue,2,0
CUST108742,51,43.29,628,1,2.6,month-to-month,0,2,7.0,referral,B,blue,55,0
CUST108743,53,106.83,414,0,0.0,two-year,0,3,8.5,organic,A,black,3,0
CUST108744,58,97.83,528,0,0.5,one-year,0,4,7.8,referral,C,red,31,0
CUST108745,9,95.33,234,10,3.4,month-to-month,1,4,4.5,ads,C,blue,23,1
CUST108746,17,24.59,377,3,6.2,month-to-month,0,4,9.1,partner,A,black,17,1
CUST108747,18,114.27,357,4,8.1,month-to-month,1,4,8.2,ads,B,yellow,32,0
CUST108748,9,92.43,419,9,15.5,month-to-month,0,4,1.0,partner,C,blue,15,1
CUST108749,48,26.88,222,4,3.6,month-to-month,0,4,5.9,ads,B,white,76,0
CUST108750,62,90.71,446,2,0.0,two-year,1,4,10.0,partner,B,yellow,85,0
CUST108751,18,108.81,550,3,1.3,one-year,1,2,6.9,referral,B,blue,46,0
CUST108752,33,36.01,563,0,2.8,month-to-month,0,2,6.9,ads,C,yellow,89,0
CUST108753,21,142.38,507,6,2.7,one-year,0,1,7.9,referral,C,black,13,0
CUST108754,1,129.43,317,4,6.5,month-to-month,1,1,7.3,partner,C,black,26,1
CUST108755,60,22.95,593,1,7.2,one-year,1,5,10.0,organic,A,yellow,18,0
CUST108756,26,43.09,345,5,3.2,month-to-month,0,1,5.3,referral,B,blue,74,0
CUST108757,38,106.47,551,3,0.0,month-to-month,1,5,8.1,organic,B,blue,38,0
CUST108758,58,43.9,391,3,7.3,one-year,0,3,9.4,ads,C,yellow,87,1
CUST108759,55,121.42,704,2,0.0,month-to-month,1,2,8.6,referral,C,green,10,0
CUST108760,41,60.07,402,2,1.1,one-year,1,5,7.2,referral,A,white,60,0
CUST108761,29,131.75,413,6,5.8,one-year,0,4,6.8,partner,A,red,44,1
CUST108762,38,29.68,375,5,0.9,month-to-month,0,3,8.4,partner,B,yellow,9,0
CUST108763,47,73.46,359,3,1.7,one-year,0,3,10.0,referral,C,blue,61,1
CUST108764,46,143.13,379,7,1.7,one-year,1,4,5.7,ads,A,yellow,77,0
CUST108765,28,48.14,397,2,7.4,month-to-month,1,1,5.3,organic,A,black,21,1
CUST108766,47,90.61,453,0,1.8,two-year,1,3,6.2,organic,C,blue,30,0
CUST108767,40,51.62,271,3,4.1,one-year,1,2,7.0,organic,A,white,44,0
CUST108768,25,64.17,765,3,0.0,month-to-month,1,1,4.6,ads,B,red,84,1
CUST108769,37,29.96,535,0,0.0,one-year,1,3,6.7,referral,B,blue,5,0
CUST108770,52,22.66,423,10,6.1,one-year,1,3,7.2,referral,C,green,77,0
CUST108771,72,37.89,245,0,0.0,two-year,1,3,9.6,referral,B,black,19,0
CUST108772,50,57.0,256,3,6.2,two-year,0,2,2.1,ads,B,red,27,0
CUST108773,24,108.12,570,2,3.4,month-to-month,1,3,10.0,referral,B,white,45,0
CUST108774,32,104.66,470,0,2.7,month-to-month,1,2,6.7,ads,B,green,89,0
CUST108775,2,85.88,214,6,6.0,one-year,1,3,2.7,partner,B,white,78,1
CUST108776,34,76.67,356,2,3.5,one-year,0,4,3.8,ads,C,green,32,1
CUST108777,8,81.84,272,1,1.4,two-year,1,5,7.0,ads,A,green,52,0
CUST108778,41,89.68,565,1,0.0,month-to-month,1,4,6.6,referral,A,red,19,0
CUST108779,55,109.53,558,0,0.0,one-year,1,2,4.7,partner,A,red,94,0
CUST108780,42,113.53,432,1,7.6,month-to-month,1,2,1.0,partner,C,green,10,0
CUST108781,40,134.95,414,0,0.1,one-year,0,5,8.2,organic,A,green,76,0
CUST108782,44,67.31,563,0,2.6,one-year,1,4,8.7,partner,A,yellow,54,0
CUST108783,31,45.68,608,5,5.2,one-year,0,1,8.8,partner,B,blue,56,1
CUST108784,36,67.61,382,5,8.0,month-to-month,0,2,5.6,ads,B,green,33,0
CUST108785,31,84.65,491,2,0.0,two-year,1,3,5.9,organic,C,yellow,80,1
CUST108786,40,91.25,442,3,4.5,one-year,1,3,5.3,ads,B,yellow,9,0
CUST108787,24,129.03,326,6,2.8,one-year,0,3,5.9,referral,B,white,44,0
CUST108788,24,39.86,352,2,1.4,month-to-month,1,2,8.3,organic,B,blue,14,0
CUST108789,24,113.46,311,3,5.5,month-to-month,1,4,4.5,partner,A,black,38,1
CUST108790,6,91.73,445,7,9.0,month-to-month,0,2,3.4,ads,A,black,66,1
CUST108791,12,79.89,411,4,5.5,one-year,0,4,9.3,ads,A,green,68,0
CUST108792,46,134.38,457,5,3.9,month-to-month,1,1,5.9,referral,C,black,16,1
CUST108793,40,91.42,573,3,5.7,one-year,0,3,2.7,ads,C,blue,55,0
CUST108794,33,127.35,407,3,2.4,month-to-month,0,4,6.3,ads,B,green,98,0
CUST108795,3,120.64,597,7,12.5,month-to-month,1,1,4.3,partner,A,black,4,1
CUST108796,1,62.38,379,3,5.0,month-to-month,0,4,2.7,ads,C,blue,72,1
CUST108797,54,103.45,410,2,2.7,month-to-month,1,4,8.6,referral,A,green,12,0
CUST108798,41,69.23,460,0,0.0,one-year,1,5,6.6,referral,B,red,17,0
CUST108799,37,72.97,546,0,0.0,two-year,1,3,9.1,ads,A,red,40,0
CUST108800,7,135.59,443,3,16.6,one-year,1,4,8.7,partner,C,blue,32,0
CUST108801,18,63.77,403,9,8.0,month-to-month,1,3,4.5,partner,B,white,81,1
CUST108802,66,138.96,540,6,0.0,two-year,0,2,9.2,organic,C,red,63,0
CUST108803,36,128.64,299,1,1.7,two-year,1,4,5.2,referral,B,yellow,73,0
CUST108804,24,146.35,510,4,1.2,month-to-month,1,5,4.4,ads,A,yellow,98,0
CUST108805,22,40.19,499,3,9.4,one-year,1,3,7.1,ads,A,green,38,1
CUST108806,28,32.46,512,2,0.1,month-to-month,0,1,5.8,ads,A,yellow,20,0
CUST108807,4,24.53,537,5,4.2,month-to-month,1,3,7.6,referral,A,green,36,0
CUST108808,52,141.18,467,2,0.0,two-year,0,6,9.3,ads,B,yellow,70,0
CUST108809,72,20.12,765,4,7.6,two-year,0,4,6.7,partner,A,black,19,0
CUST108810,1,21.06,466,2,3.1,month-to-month,1,1,8.2,ads,A,blue,56,0
CUST108811,21,50.46,327,1,5.9,one-year,0,4,8.2,ads,A,yellow,71,0
CUST108812,1,100.5,417,3,7.3,month-to-month,1,4,4.3,partner,A,yellow,9,0
CUST108813,43,30.66,352,1,3.7,one-year,1,5,10.0,organic,B,green,86,0
CUST108814,55,80.64,357,1,3.7,two-year,1,2,9.3,ads,A,black,78,0
CUST108815,38,86.29,362,3,8.2,month-to-month,0,1,4.3,ads,A,white,55,0
CUST108816,54,100.63,517,4,2.3,one-year,0,4,6.5,ads,C,yellow,74,0
CUST108817,49,86.81,214,4,6.7,two-year,1,3,6.2,organic,A,black,14,0
CUST108818,67,149.97,227,3,0.9,one-year,1,3,9.8,organic,A,blue,42,0
CUST108819,57,120.84,257,2,3.6,one-year,1,2,4.4,ads,A,yellow,76,1
CUST108820,35,47.36,401,1,0.0,month-to-month,0,4,10.0,referral,B,white,94,0
CUST108821,53,38.45,223,2,0.0,two-year,1,3,8.2,organic,C,black,1,0
CUST108822,26,29.95,350,3,2.9,month-to-month,1,1,8.2,partner,A,red,90,0
CUST108823,25,48.06,587,3,10.2,month-to-month,0,2,8.0,organic,B,blue,47,0
CUST108824,48,20.67,448,1,0.5,one-year,1,3,7.5,referral,A,black,22,0
CUST108825,18,41.5,279,7,14.9,one-year,0,1,4.2,ads,C,black,7,1
CUST108826,43,100.69,462,8,8.8,one-year,1,2,4.0,ads,A,white,51,0
CUST108827,35,40.38,586,0,2.3,two-year,0,2,5.4,partner,A,green,80,0
CUST108828,28,74.71,423,3,8.4,month-to-month,0,3,7.8,referral,B,green,75,0
CUST108829,8,125.33,342,2,13.0,month-to-month,0,3,4.4,ads,B,yellow,17,0
CUST108830,41,134.76,413,3,0.0,two-year,0,3,5.0,referral,B,yellow,71,0
CUST108831,8,34.75,227,5,5.7,one-year,0,1,4.8,organic,B,black,33,1
CUST108832,27,105.65,279,5,7.5,month-to-month,0,4,6.8,organic,A,yellow,79,0
CUST108833,67,59.27,335,2,4.1,month-to-month,1,6,6.5,partner,A,black,72,0
CUST108834,49,89.18,335,2,4.3,two-year,1,4,7.1,partner,C,green,5,0
CUST108835,35,27.39,377,8,3.4,month-to-month,0,5,8.1,referral,B,black,58,1
CUST108836,29,88.24,287,6,4.4,one-year,0,3,6.1,ads,B,yellow,25,0
CUST108837,4,116.5,516,8,7.6,month-to-month,1,2,2.6,ads,A,blue,57,1
CUST108838,40,24.63,451,3,0.0,one-year,1,3,8.6,ads,C,blue,36,0
CUST108839,40,133.15,379,1,0.0,one-year,0,4,8.2,referral,B,black,44,0
CUST108840,32,111.47,421,4,8.2,month-to-month,0,1,7.2,partner,B,red,44,1
CUST108841,59,116.56,366,1,4.1,month-to-month,1,4,6.2,organic,A,blue,83,0
CUST108842,37,69.21,230,4,11.2,one-year,0,5,5.4,ads,A,red,84,0
CUST108843,53,80.69,349,7,2.5,month-to-month,1,3,4.8,organic,B,green,39,0
CUST108844,65,73.64,242,0,4.2,month-to-month,0,1,6.0,partner,B,green,29,0
CUST108845,39,113.08,353,3,5.2,month-to-month,0,2,6.1,ads,A,black,79,1
CUST108846,50,41.7,395,4,4.4,month-to-month,1,4,7.1,ads,A,yellow,40,0
CUST108847,23,30.94,288,3,1.1,month-to-month,0,3,8.6,ads,C,white,35,1
CUST108848,13,104.59,448,4,5.7,month-to-month,0,4,5.6,ads,A,white,92,0
CUST108849,52,128.0,539,2,7.5,month-to-month,0,2,5.0,ads,C,yellow,99,1
CUST108850,38,45.22,668,1,0.0,month-to-month,0,2,10.0,organic,B,red,58,0
CUST108851,23,113.68,506,7,7.9,month-to-month,0,3,5.7,partner,A,green,31,0
CUST108852,28,61.07,571,4,6.6,month-to-month,0,1,4.1,ads,B,green,33,1
CUST108853,33,61.75,398,3,4.2,month-to-month,0,3,1.2,ads,B,red,12,1
CUST108854,30,42.54,267,3,3.8,one-year,1,2,5.9,partner,C,yellow,65,0
CUST108855,18,107.7,263,6,13.6,month-to-month,0,3,3.4,referral,C,red,64,0
CUST108856,43,92.14,389,5,0.1,month-to-month,1,5,7.7,partner,A,blue,63,0
CUST108857,21,90.16,400,0,0.0,month-to-month,0,3,5.9,ads,A,red,16,0
CUST108858,14,35.57,543,4,5.3,month-to-month,0,1,3.2,organic,B,red,5,1
CUST108859,14,54.64,355,7,16.7,month-to-month,0,1,1.0,ads,A,black,51,1
CUST108860,39,73.75,428,1,7.5,month-to-month,0,4,8.8,ads,B,yellow,88,0
CUST108861,39,101.62,425,0,6.1,month-to-month,0,2,6.2,referral,B,black,40,0
CUST108862,18,94.09,243,1,10.7,month-to-month,0,3,6.0,referral,A,blue,90,0
CUST108863,5,86.58,473,3,12.6,month-to-month,0,2,2.7,partner,A,white,89,1
CUST108864,30,110.82,302,5,2.2,month-to-month,0,3,4.2,ads,C,blue,38,1
CUST108865,27,141.96,326,3,0.0,month-to-month,1,1,7.5,referral,B,blue,64,0
CUST108866,44,139.3,419,4,7.3,one-year,0,3,6.2,referral,B,yellow,34,0
CUST108867,39,92.81,330,3,7.0,one-year,1,3,5.8,partner,B,black,29,0
CUST108868,48,101.87,548,6,0.2,two-year,0,2,5.9,ads,C,black,93,0
CUST108869,16,58.94,541,2,10.2,month-to-month,0,3,3.2,organic,B,green,85,1
CUST108870,37,62.67,372,1,0.0,month-to-month,1,3,5.4,referral,C,black,88,0
CUST108871,48,59.18,453,1,8.2,month-to-month,1,1,6.7,ads,A,red,4,0
CUST108872,24,72.5,641,3,5.4,month-to-month,0,1,2.4,partner,A,black,83,1
CUST108873,36,32.76,292,1,7.2,month-to-month,0,1,8.4,ads,B,red,82,0
CUST108874,68,76.73,423,2,3.3,month-to-month,0,3,7.5,referral,C,green,26,0
CUST108875,32,36.76,263,2,5.7,month-to-month,1,4,7.0,referral,B,blue,75,0
CUST108876,29,128.03,453,5,5.9,two-year,0,6,5.6,ads,B,red,46,0
CUST108877,15,90.46,146,3,6.9,month-to-month,0,4,5.0,organic,B,yellow,32,1
CUST108878,19,117.39,441,1,4.3,month-to-month,0,5,5.7,ads,A,white,10,0
CUST108879,38,48.34,509,4,7.1,month-to-month,0,1,3.4,referral,A,black,24,1
CUST108880,9,65.38,378,5,10.9,month-to-month,0,2,3.3,ads,B,blue,94,1
CUST108881,39,30.07,433,0,9.9,one-year,0,3,7.0,ads,A,yellow,46,0
CUST108882,72,132.86,276,1,0.0,one-year,1,3,4.5,organic,C,white,71,0
CUST108883,25,102.65,441,2,7.5,month-to-month,0,1,5.0,partner,A,red,93,1
CUST108884,22,72.22,537,1,0.0,one-year,1,5,10.0,referral,B,blue,92,0
CUST108885,48,147.28,577,4,4.7,two-year,0,1,8.0,ads,C,yellow,16,0
CUST108886,43,45.5,361,3,5.4,month-to-month,1,3,9.8,referral,B,green,46,0
CUST108887,23,62.75,295,4,7.0,month-to-month,0,4,5.2,ads,A,red,75,0
CUST108888,41,87.38,229,7,2.7,month-to-month,1,3,5.6,organic,A,green,75,0
CUST108889,45,107.89,578,2,2.2,month-to-month,0,3,7.8,partner,C,blue,87,0
CUST108890,18,91.88,343,1,6.8,one-year,0,3,7.2,partner,A,blue,22,0
CUST108891,38,128.29,350,3,8.3,month-to-month,1,2,7.1,referral,B,yellow,76,0
CUST108892,47,49.38,128,3,6.0,month-to-month,0,2,2.8,organic,B,black,55,0
CUST108893,12,141.39,378,1,3.2,one-year,0,1,7.0,ads,C,green,5,0
CUST108894,24,98.43,782,9,10.5,month-to-month,0,1,9.3,organic,B,red,99,1
CUST108895,21,72.37,667,0,0.0,one-year,1,5,6.7,referral,A,yellow,75,0
CUST108896,20,99.87,426,5,3.7,one-year,1,3,9.8,organic,B,red,50,0
CUST108897,42,40.16,597,2,0.0,one-year,1,5,6.1,ads,A,yellow,83,0
CUST108898,42,85.81,334,9,6.0,one-year,1,2,4.3,ads,C,red,64,1
CUST108899,23,81.88,619,1,2.1,month-to-month,0,6,7.9,ads,B,yellow,70,0
CUST108900,36,29.15,448,2,3.2,one-year,0,3,4.2,organic,A,white,53,0
CUST108901,33,103.16,509,6,4.3,one-year,0,5,6.8,ads,A,green,83,0
CUST108902,39,81.68,350,7,8.2,one-year,1,3,2.1,organic,A,red,13,1
CUST108903,20,135.29,487,2,1.5,month-to-month,1,4,7.6,referral,A,red,67,0
CUST108904,37,135.62,818,6,3.1,month-to-month,0,4,9.9,ads,B,green,9,1
CUST108905,17,54.89,555,7,11.3,month-to-month,0,4,4.2,ads,A,red,36,1
CUST108906,48,110.93,348,3,0.8,one-year,1,3,7.3,organic,C,blue,70,0
CUST108907,19,147.61,139,7,9.8,month-to-month,0,2,4.0,organic,A,red,87,1
CUST108908,39,48.87,329,2,0.0,month-to-month,1,4,9.1,referral,C,blue,59,0
CUST108909,51,49.41,433,1,9.1,two-year,1,5,8.3,partner,C,yellow,20,0
CUST108910,26,27.65,346,5,8.5,one-year,0,3,6.8,ads,C,white,30,1
CUST108911,24,108.22,437,7,0.0,month-to-month,0,4,4.4,partner,A,yellow,69,1
CUST108912,28,117.0,396,6,0.6,month-to-month,1,3,6.9,partner,A,blue,50,1
CUST108913,41,113.81,553,3,0.3,month-to-month,1,2,1.0,referral,C,green,66,0
CUST108914,37,133.99,183,5,11.3,one-year,0,1,7.5,organic,A,black,54,0
CUST108915,26,33.34,405,1,12.8,one-year,1,4,5.0,ads,A,green,41,0
CUST108916,52,88.13,473,1,0.8,two-year,1,3,8.6,referral,A,yellow,42,0
CUST108917,14,116.09,89,4,9.9,one-year,0,4,7.1,ads,C,white,27,1
CUST108918,15,43.83,287,6,14.1,one-year,1,2,1.2,ads,C,blue,54,1
CUST108919,37,87.12,575,0,0.0,two-year,0,3,9.7,referral,A,green,5,0
CUST108920,68,140.42,411,2,0.0,one-year,0,3,8.8,referral,B,yellow,68,0
CUST108921,51,33.22,481,0,2.5,two-year,1,3,9.7,ads,A,yellow,84,0
CUST108922,9,65.2,311,10,12.8,month-to-month,1,1,3.2,organic,C,green,64,1
CUST108923,34,84.54,269,2,12.8,month-to-month,0,2,3.1,ads,A,blue,20,0
CUST108924,32,116.53,418,6,16.2,month-to-month,1,1,4.8,organic,A,blue,99,1
CUST108925,41,145.74,605,3,4.1,month-to-month,1,1,8.5,organic,A,red,56,0
CUST108926,9,43.61,364,8,9.6,month-to-month,0,2,5.7,ads,B,red,42,1
CUST108927,16,100.8,412,4,3.1,month-to-month,1,5,4.0,organic,B,black,17,1
CUST108928,37,82.28,470,8,7.3,one-year,0,3,2.1,ads,C,yellow,83,1
CUST108929,51,65.64,540,2,7.9,month-to-month,0,3,6.1,ads,B,white,86,0
CUST108930,28,41.53,514,6,8.9,one-year,0,4,6.9,organic,B,green,69,0
CUST108931,50,83.44,544,2,5.7,two-year,1,3,7.6,partner,C,white,13,0
CUST108932,1,75.63,248,4,0.6,one-year,0,3,9.4,ads,B,white,52,1
CUST108933,44,87.72,436,3,14.7,two-year,0,1,4.3,ads,C,white,74,0
CUST108934,41,87.92,402,1,4.0,month-to-month,0,3,4.1,ads,A,green,60,0
CUST108935,38,101.33,348,1,5.0,two-year,1,2,8.6,ads,B,yellow,34,0
CUST108936,19,145.9,343,5,10.6,two-year,1,2,5.4,ads,A,red,8,0
CUST108937,72,47.35,579,0,0.0,one-year,1,4,10.0,ads,B,white,62,0
CUST108938,26,61.52,284,1,0.0,month-to-month,0,3,8.6,organic,C,blue,52,0
CUST108939,56,55.71,158,3,3.0,month-to-month,1,3,8.5,partner,A,red,3,0
CUST108940,59,25.06,329,0,0.0,one-year,1,4,8.6,organic,A,red,73,0
CUST108941,67,67.07,252,2,0.0,one-year,1,3,10.0,organic,C,yellow,76,0
CUST108942,29,122.05,525,1,0.0,month-to-month,0,3,7.3,referral,B,red,34,0
CUST108943,21,44.24,400,3,1.0,one-year,0,3,5.8,referral,A,yellow,9,0
CUST108944,38,64.96,515,4,0.0,month-to-month,0,3,4.6,partner,B,white,8,0
CUST108945,39,108.84,328,3,3.4,month-to-month,0,4,7.4,organic,C,black,21,1
CUST108946,54,137.78,303,2,3.7,one-year,0,4,4.9,partner,B,blue,42,0
CUST108947,35,134.36,589,5,8.1,one-year,1,4,8.4,ads,A,blue,49,0
CUST108948,34,63.07,445,8,4.1,one-year,1,4,7.3,organic,C,red,55,0
CUST108949,64,35.45,411,2,0.0,month-to-month,1,6,8.0,organic,A,red,28,0
CUST108950,68,28.58,378,2,1.7,month-to-month,1,3,9.4,organic,B,black,30,0
CUST108951,22,28.25,291,8,13.4,month-to-month,1,1,5.3,ads,C,green,1,1
CUST108952,13,93.75,362,4,2.5,month-to-month,0,5,5.2,partner,B,yellow,61,1
CUST108953,42,138.85,459,1,14.2,two-year,1,3,5.5,partner,C,yellow,31,1
CUST108954,29,132.52,626,3,6.5,one-year,0,5,5.8,ads,B,black,43,0
CUST108955,58,124.55,472,1,0.0,month-to-month,1,3,8.6,organic,A,white,90,0
CUST108956,18,109.86,215,3,3.3,month-to-month,1,4,7.2,ads,B,yellow,54,0
CUST108957,55,79.69,443,6,8.4,two-year,0,6,4.9,partner,B,green,21,0
CUST108958,37,61.46,473,4,4.1,month-to-month,0,2,6.7,referral,B,black,46,0
CUST108959,40,97.01,610,4,6.6,month-to-month,1,2,8.4,ads,B,black,28,0
CUST108960,34,75.72,507,2,3.1,two-year,0,4,6.2,ads,C,red,83,0
CUST108961,30,100.19,372,4,4.0,month-to-month,1,4,6.7,partner,C,red,96,1
CUST108962,33,45.59,433,1,0.1,one-year,1,3,5.8,organic,B,black,60,0
CUST108963,44,125.98,347,3,6.2,month-to-month,1,3,3.1,partner,C,yellow,20,0
CUST108964,58,86.16,437,1,8.5,two-year,1,2,7.9,organic,A,white,54,0
CUST108965,26,97.38,784,5,8.5,month-to-month,0,4,6.2,organic,A,black,57,0
CUST108966,30,123.62,497,4,6.1,two-year,1,4,5.8,ads,A,blue,17,0
CUST108967,42,52.07,126,7,7.2,month-to-month,0,4,4.3,organic,B,blue,81,0
CUST108968,56,66.8,415,2,0.3,month-to-month,1,2,7.5,referral,A,yellow,53,0
CUST108969,68,36.48,581,1,1.2,month-to-month,1,4,7.4,referral,A,black,76,0
CUST108970,1,78.36,501,7,8.4,month-to-month,0,3,1.2,organic,B,yellow,45,1
CUST108971,50,105.88,472,1,0.0,two-year,1,4,8.6,organic,B,yellow,33,0
CUST108972,25,75.79,494,6,0.8,two-year,0,1,6.4,organic,C,green,58,1
CUST108973,62,113.11,397,2,0.0,month-to-month,1,3,10.0,referral,A,blue,61,0
CUST108974,45,116.68,418,1,5.0,one-year,0,4,10.0,ads,A,green,78,0
CUST108975,36,20.32,390,4,0.9,month-to-month,0,3,6.3,partner,A,green,41,1
CUST108976,24,95.89,412,4,4.0,month-to-month,1,3,8.6,organic,A,white,89,1
CUST108977,39,145.47,385,3,3.4,one-year,1,2,4.1,organic,B,black,19,0
CUST108978,57,111.24,463,1,1.2,two-year,0,4,10.0,ads,C,white,10,0
CUST108979,11,81.9,610,2,5.9,one-year,0,2,8.4,referral,A,white,96,0
CUST108980,70,78.38,225,7,0.0,month-to-month,0,3,5.4,organic,C,white,83,0
CUST108981,70,45.17,448,3,4.7,two-year,1,4,9.8,ads,A,black,13,0
CUST108982,35,135.39,490,1,0.7,two-year,0,2,7.4,ads,A,yellow,80,0
CUST108983,33,148.6,492,2,3.0,one-year,1,5,10.0,referral,B,green,27,0
CUST108984,31,43.83,312,3,7.5,month-to-month,0,2,5.9,ads,A,yellow,29,1
CUST108985,57,34.36,354,0,4.8,one-year,1,4,7.7,partner,C,green,94,0
CUST108986,34,59.26,546,4,5.9,one-year,0,4,4.6,referral,A,green,62,1
CUST108987,51,61.81,446,3,0.0,two-year,1,3,7.2,referral,B,red,59,0
CUST108988,47,117.12,405,1,0.0,two-year,1,3,5.3,referral,A,yellow,2,0
CUST108989,39,49.32,372,6,10.4,one-year,1,3,1.0,organic,C,blue,52,0
CUST108990,36,92.86,484,1,0.0,one-year,0,5,10.0,referral,C,white,97,0
CUST108991,40,54.79,407,1,0.0,month-to-month,1,4,8.3,partner,A,green,5,0
CUST108992,40,119.86,550,2,0.0,one-year,1,2,6.3,referral,B,black,83,0
CUST108993,25,67.3,305,6,7.9,month-to-month,0,1,1.4,ads,A,white,31,1
CUST108994,24,66.28,381,4,11.0,two-year,0,3,3.4,ads,C,blue,38,1
CUST108995,31,24.53,587,4,3.8,one-year,0,4,5.5,organic,B,white,61,0
CUST108996,72,29.08,427,5,0.0,two-year,1,4,8.9,organic,A,black,65,0
CUST108997,72,114.36,238,0,3.4,month-to-month,1,4,7.8,referral,B,red,64,0
CUST108998,31,94.86,638,3,0.0,two-year,0,2,7.1,ads,A,red,5,0
CUST108999,12,40.11,455,1,1.6,two-year,1,2,6.0,organic,A,yellow,41,0
CUST109000,72,144.16,507,3,0.3,two-year,1,6,6.7,organic,B,green,60,0
CUST109001,49,88.1,319,1,0.0,month-to-month,0,3,9.4,ads,B,red,12,0
CUST109002,37,42.53,350,3,0.0,two-year,1,3,6.6,partner,B,red,22,0
CUST109003,5,72.09,384,0,9.2,month-to-month,0,3,3.0,ads,A,green,52,1
CUST109004,40,85.73,313,5,2.9,month-to-month,0,2,5.1,ads,A,red,83,0
CUST109005,28,36.62,368,1,3.6,month-to-month,0,3,3.3,ads,A,blue,17,0
CUST109006,48,84.56,289,3,3.0,month-to-month,0,3,6.8,ads,C,red,38,0
CUST109007,34,31.1,177,4,0.0,one-year,0,3,8.8,ads,C,red,78,0
CUST109008,35,65.38,242,3,11.8,month-to-month,1,4,7.4,organic,B,red,6,0
CUST109009,72,104.14,307,2,0.0,one-year,1,4,7.1,referral,A,yellow,97,0
CUST109010,43,120.62,362,4,2.4,one-year,0,2,6.6,partner,B,yellow,15,0
CUST109011,18,57.13,359,4,7.2,one-year,0,2,7.4,ads,A,red,3,0
CUST109012,1,89.24,460,6,9.3,month-to-month,0,2,1.0,partner,B,green,86,1
CUST109013,45,65.06,610,1,2.6,one-year,1,4,10.0,organic,C,red,25,0
CUST109014,49,149.79,373,4,7.2,one-year,0,3,6.4,ads,B,black,83,0
CUST109015,37,122.99,334,3,1.9,month-to-month,0,1,4.7,ads,A,red,9,1
CUST109016,12,125.94,579,2,2.0,one-year,0,4,5.7,referral,A,red,21,0
CUST109017,33,138.08,421,3,4.1,month-to-month,0,3,1.7,ads,A,white,71,0
CUST109018,59,100.45,411,1,0.0,month-to-month,1,6,8.7,referral,A,white,25,0
CUST109019,60,115.6,532,1,0.0,one-year,1,3,10.0,organic,C,yellow,34,0
CUST109020,27,123.41,308,8,1.3,month-to-month,1,4,8.7,ads,A,yellow,84,1
CUST109021,17,55.56,348,1,0.0,two-year,1,4,5.1,referral,A,black,1,0
CUST109022,28,147.28,408,6,12.3,month-to-month,0,1,6.3,ads,A,black,44,1
CUST109023,59,78.57,627,2,2.5,one-year,0,4,10.0,organic,B,green,95,0
CUST109024,20,92.93,165,4,5.2,one-year,1,1,9.3,partner,A,green,60,0
CUST109025,44,98.91,437,3,0.0,month-to-month,1,2,5.0,referral,B,red,28,0
CUST109026,27,86.7,314,5,2.9,one-year,0,3,7.7,referral,A,yellow,79,0
CUST109027,50,71.39,211,2,0.0,month-to-month,1,4,10.0,ads,C,red,87,0
CUST109028,31,134.85,332,2,2.6,month-to-month,0,1,7.0,ads,A,white,8,0
CUST109029,47,25.68,420,4,4.3,two-year,1,3,2.9,ads,B,blue,49,0
CUST109030,38,51.96,424,7,5.3,month-to-month,0,2,8.0,referral,B,white,27,1
CUST109031,20,150.0,338,5,7.2,two-year,1,4,8.0,ads,B,red,51,0
CUST109032,56,47.65,493,2,7.6,month-to-month,1,3,7.0,organic,B,black,84,0
CUST109033,3,66.96,193,2,8.6,month-to-month,0,4,2.6,ads,A,green,98,1
CUST109034,55,123.53,353,3,5.4,one-year,0,1,8.2,partner,A,yellow,28,0
CUST109035,56,51.98,525,2,7.4,month-to-month,1,1,5.7,ads,C,yellow,27,1
CUST109036,57,120.14,499,2,6.8,one-year,1,4,7.3,organic,B,blue,27,0
CUST109037,50,137.59,699,4,0.0,one-year,1,5,10.0,referral,A,red,24,0
CUST109038,38,27.28,517,4,0.0,two-year,1,6,4.7,referral,C,yellow,75,0
CUST109039,37,142.91,244,1,2.1,month-to-month,1,3,8.1,ads,C,red,34,0
CUST109040,37,84.29,550,7,0.0,two-year,0,3,6.5,referral,B,black,91,0
CUST109041,30,98.1,360,2,3.6,one-year,1,4,6.6,organic,B,green,63,0
CUST109042,33,56.24,618,4,4.7,month-to-month,1,4,8.0,organic,A,yellow,65,0
CUST109043,9,85.61,584,8,7.9,month-to-month,0,2,2.4,ads,C,black,51,1
CUST109044,15,125.14,232,3,3.4,one-year,1,1,3.9,organic,A,blue,64,0
CUST109045,28,124.49,456,5,0.0,one-year,0,2,1.1,ads,B,blue,49,1
CUST109046,51,60.09,387,2,0.0,one-year,1,3,10.0,organic,A,green,66,0
CUST109047,31,110.21,379,4,16.7,month-to-month,0,2,5.7,ads,C,green,11,1
CUST109048,17,128.66,650,6,9.1,one-year,0,4,7.2,ads,A,yellow,68,1
CUST109049,29,140.64,436,1,6.6,one-year,1,6,7.0,ads,C,red,20,0
CUST109050,70,38.54,542,3,4.7,one-year,1,3,5.0,ads,B,red,5,0
CUST109051,13,48.63,504,1,11.1,month-to-month,1,1,6.0,partner,B,red,41,0
CUST109052,44,114.66,392,2,2.8,one-year,0,3,7.0,referral,C,white,8,0
CUST109053,34,138.38,449,4,1.8,month-to-month,0,1,5.6,referral,A,yellow,80,1
CUST109054,1,30.38,209,6,15.2,month-to-month,0,2,4.4,organic,C,white,2,1
CUST109055,55,50.66,359,4,1.7,one-year,0,1,3.7,organic,A,red,82,1
CUST109056,44,137.38,407,2,6.5,two-year,0,2,8.1,partner,A,black,27,0
CUST109057,23,38.38,403,4,11.5,one-year,1,4,8.7,ads,C,blue,57,0
CUST109058,18,97.48,397,6,12.3,month-to-month,0,2,5.6,ads,B,blue,10,1
CUST109059,33,22.86,335,0,0.0,one-year,1,4,7.6,referral,C,white,12,0
CUST109060,62,52.78,391,3,9.4,month-to-month,0,4,6.5,ads,A,red,55,0
CUST109061,23,55.35,227,1,4.8,one-year,0,2,9.4,organic,B,red,95,1
CUST109062,33,21.87,672,4,2.3,month-to-month,1,3,9.4,referral,B,green,42,0
CUST109063,16,120.81,250,5,9.3,month-to-month,0,4,8.9,referral,C,yellow,2,0
CUST109064,43,113.78,373,3,0.0,month-to-month,1,4,5.8,referral,B,black,24,0
CUST109065,52,20.83,499,3,0.0,two-year,1,3,4.4,ads,A,black,26,0
CUST109066,52,31.46,588,4,5.8,month-to-month,0,2,5.4,ads,B,yellow,70,1
CUST109067,37,120.4,592,2,0.0,month-to-month,1,2,8.1,organic,C,green,85,0
CUST109068,60,49.1,444,1,0.0,month-to-month,1,4,8.5,organic,C,black,7,0
CUST109069,46,94.68,298,3,2.0,one-year,0,4,6.9,organic,C,white,2,1
CUST109070,32,142.93,599,1,0.0,month-to-month,0,4,10.0,referral,B,black,98,0
CUST109071,66,44.77,403,3,1.8,month-to-month,0,2,5.6,referral,C,green,66,0
CUST109072,37,27.03,241,1,8.7,month-to-month,1,2,1.9,partner,A,red,29,1
CUST109073,57,96.68,416,1,0.0,one-year,1,5,6.8,organic,C,blue,45,0
CUST109074,72,61.01,377,0,2.5,two-year,1,4,10.0,referral,B,white,11,0
CUST109075,72,105.96,315,1,6.5,one-year,1,3,10.0,referral,B,black,72,0
CUST109076,33,145.11,444,4,7.8,month-to-month,0,2,4.2,partner,B,black,4,1
CUST109077,27,93.87,146,4,5.8,month-to-month,1,4,4.2,partner,A,green,1,0
CUST109078,46,108.66,223,10,8.8,month-to-month,0,3,9.2,referral,C,blue,21,1
CUST109079,2,49.23,429,2,6.4,month-to-month,0,1,3.1,partner,A,yellow,37,1
CUST109080,60,117.67,339,1,7.0,two-year,0,3,7.2,referral,C,blue,74,0
CUST109081,52,27.14,402,2,2.1,month-to-month,0,3,10.0,organic,A,blue,6,0
CUST109082,57,134.11,633,4,7.6,one-year,1,3,4.6,referral,A,yellow,66,0
CUST109083,40,77.89,432,3,1.6,one-year,0,4,6.4,organic,A,yellow,82,0
CUST109084,58,57.38,220,2,2.7,two-year,1,3,7.7,referral,B,green,76,0
CUST109085,31,98.4,528,0,7.2,two-year,1,1,3.2,organic,B,blue,30,0
CUST109086,52,128.54,393,1,0.0,two-year,1,5,10.0,organic,A,blue,67,0
CUST109087,56,71.93,607,2,0.0,one-year,1,4,8.4,organic,A,yellow,32,0
CUST109088,55,106.54,442,0,0.1,two-year,1,3,4.7,organic,A,yellow,86,0
CUST109089,1,139.52,508,1,7.4,one-year,1,4,4.8,partner,B,white,10,0
CUST109090,26,121.05,521,2,0.8,two-year,0,3,9.2,referral,A,black,99,0
CUST109091,21,143.53,376,5,0.0,two-year,1,3,6.2,ads,B,yellow,29,0
CUST109092,6,130.2,232,7,4.6,month-to-month,0,3,3.3,ads,B,green,68,1
CUST109093,72,66.33,621,2,1.9,month-to-month,1,2,9.2,referral,B,green,9,0
CUST109094,69,99.88,515,2,0.0,one-year,1,5,9.8,referral,B,red,28,0
CUST109095,47,42.98,477,2,1.2,month-to-month,1,4,6.7,partner,B,blue,24,0
CUST109096,11,137.81,329,5,0.0,month-to-month,1,2,4.2,ads,B,yellow,81,1
CUST109097,41,62.55,279,1,12.1,month-to-month,1,3,6.5,organic,A,black,42,0
CUST109098,13,86.91,383,2,0.0,one-year,0,1,6.3,ads,B,blue,42,1
CUST109099,62,87.74,573,4,5.7,month-to-month,0,2,8.6,organic,A,red,29,1
CUST109100,22,53.76,535,6,3.1,one-year,0,4,4.6,partner,C,yellow,72,1
CUST109101,44,142.02,183,1,2.0,one-year,1,3,6.6,ads,A,green,47,0
CUST109102,38,126.72,523,2,2.8,one-year,1,2,6.0,referral,A,blue,27,0
CUST109103,36,68.13,258,2,0.0,month-to-month,0,4,8.1,organic,B,green,22,0
CUST109104,53,56.33,408,1,8.1,one-year,0,1,5.0,referral,C,green,61,0
CUST109105,44,81.49,384,3,5.1,month-to-month,1,4,3.6,organic,C,red,7,1
CUST109106,63,144.88,795,3,0.0,one-year,1,5,7.8,partner,B,green,25,0
CUST109107,23,122.3,208,0,7.5,two-year,0,3,8.2,referral,C,blue,95,0
CUST109108,57,68.79,293,2,5.5,two-year,1,4,6.2,referral,B,red,50,0
CUST109109,49,34.77,141,2,0.0,one-year,1,3,6.2,referral,B,blue,24,0
CUST109110,62,31.18,487,1,0.0,two-year,1,4,10.0,referral,C,white,73,0
CUST109111,25,108.44,651,2,7.4,one-year,1,3,5.3,partner,B,green,7,0
CUST109112,65,53.86,560,0,0.0,one-year,0,5,7.5,referral,C,blue,72,0
CUST109113,34,110.49,192,5,10.1,one-year,0,4,8.0,ads,B,blue,50,0
CUST109114,22,52.97,442,1,8.6,one-year,1,3,9.8,referral,B,yellow,6,0
CUST109115,19,121.55,554,1,0.6,one-year,1,5,8.7,organic,A,black,6,0
CUST109116,64,25.36,378,1,0.0,one-year,1,5,8.6,referral,B,green,68,0
CUST109117,72,119.42,264,3,0.0,two-year,0,2,6.7,ads,C,green,68,0
CUST109118,20,54.3,539,5,4.5,month-to-month,0,2,8.0,ads,A,blue,88,0
CUST109119,55,63.96,463,2,1.8,month-to-month,1,3,10.0,partner,A,black,65,0
CUST109120,26,38.06,602,5,12.0,month-to-month,0,1,1.1,ads,A,green,25,1
CUST109121,1,42.07,524,4,10.7,month-to-month,0,2,6.0,partner,A,yellow,25,0
CUST109122,37,82.44,847,3,6.2,month-to-month,1,4,6.4,ads,C,yellow,20,0
CUST109123,23,113.71,548,5,3.8,two-year,0,2,5.0,ads,C,blue,72,0
CUST109124,58,81.89,387,2,13.5,one-year,1,4,7.1,referral,C,red,19,0
CUST109125,57,105.47,234,2,5.6,month-to-month,0,5,8.4,ads,C,yellow,38,0
CUST109126,45,58.45,332,3,3.9,two-year,1,3,7.9,organic,C,black,43,0
CUST109127,14,21.09,413,2,8.0,month-to-month,1,3,5.8,ads,A,white,88,1
CUST109128,36,35.1,471,0,3.9,month-to-month,1,4,8.0,ads,B,blue,85,0
CUST109129,38,91.37,561,2,2.6,one-year,0,4,8.8,organic,A,yellow,42,0
CUST109130,36,67.38,196,2,4.5,month-to-month,1,6,8.1,referral,B,yellow,99,0
CUST109131,59,83.26,618,0,0.0,one-year,0,5,10.0,organic,B,blue,28,0
CUST109132,48,103.61,353,2,2.3,month-to-month,1,4,5.7,referral,C,blue,60,0
CUST109133,47,52.29,305,5,0.0,one-year,0,3,8.1,organic,C,red,80,0
CUST109134,18,82.12,660,7,14.0,month-to-month,1,3,5.8,partner,C,green,60,1
CUST109135,30,96.0,234,1,0.0,month-to-month,0,2,7.0,referral,A,white,14,1
CUST109136,32,54.37,258,1,1.4,one-year,0,4,7.6,organic,C,blue,90,0
CUST109137,29,122.23,306,0,0.0,two-year,0,2,8.9,referral,C,blue,73,0
CUST109138,31,118.94,389,5,1.0,two-year,1,3,7.7,partner,C,blue,91,0
CUST109139,37,36.3,591,3,0.4,two-year,0,4,3.6,ads,C,blue,99,0
CUST109140,16,25.01,573,1,0.0,month-to-month,1,3,8.0,ads,A,black,7,0
CUST109141,39,39.99,581,6,10.6,month-to-month,1,1,9.8,organic,B,yellow,51,0
CUST109142,30,105.65,414,4,4.9,one-year,1,4,5.8,partner,B,green,84,0
CUST109143,35,55.06,405,2,2.1,one-year,0,4,4.6,partner,A,green,62,1
CUST109144,44,82.95,453,3,7.6,two-year,1,1,8.2,organic,A,white,84,0
CUST109145,1,124.79,477,5,10.4,month-to-month,1,3,2.3,ads,A,blue,20,1
CUST109146,34,75.41,443,6,1.0,two-year,0,2,4.9,partner,A,yellow,2,0
CUST109147,3,84.93,522,5,8.3,month-to-month,1,2,6.1,organic,A,black,61,0
CUST109148,53,27.7,484,2,4.7,month-to-month,0,2,4.3,ads,C,yellow,20,0
CUST109149,21,133.13,444,7,7.3,one-year,1,4,8.7,referral,C,black,30,0
CUST109150,36,23.24,345,3,0.1,one-year,1,4,6.1,referral,B,blue,43,0
CUST109151,59,71.57,544,1,0.0,month-to-month,1,3,7.5,referral,A,blue,15,0
CUST109152,44,105.32,350,4,4.9,month-to-month,1,3,8.5,referral,A,white,66,0
CUST109153,25,57.91,436,2,1.4,month-to-month,1,4,10.0,referral,A,white,84,0
CUST109154,43,96.83,305,4,4.8,two-year,1,3,8.2,ads,A,blue,91,0
CUST109155,41,60.25,316,4,6.5,month-to-month,1,4,4.9,ads,B,black,53,0
CUST109156,30,113.71,206,5,0.0,two-year,1,2,4.7,referral,C,black,62,0
CUST109157,35,80.54,323,0,1.1,month-to-month,0,6,8.9,referral,B,yellow,52,0
CUST109158,46,95.63,399,1,0.0,month-to-month,0,5,7.4,referral,A,yellow,3,0
CUST109159,47,105.38,374,1,0.0,one-year,1,1,7.7,referral,B,yellow,36,0
CUST109160,1,93.03,551,4,10.6,one-year,0,3,3.8,ads,C,yellow,72,1
CUST109161,32,118.97,353,2,1.2,two-year,1,1,7.6,partner,A,red,63,0
CUST109162,71,80.07,455,2,0.0,month-to-month,1,3,6.3,ads,A,yellow,43,0
CUST109163,35,109.96,450,0,6.4,month-to-month,1,1,8.0,organic,A,green,79,0
CUST109164,39,105.54,392,1,0.0,month-to-month,1,2,7.9,ads,B,yellow,42,0
CUST109165,17,135.71,386,1,4.4,month-to-month,0,3,6.7,organic,A,yellow,88,0
CUST109166,30,42.55,467,4,10.5,month-to-month,0,2,5.8,ads,C,yellow,63,1
CUST109167,42,116.49,276,4,9.7,one-year,0,4,4.6,ads,A,white,53,0
CUST109168,57,86.43,529,3,0.0,month-to-month,1,3,5.6,organic,C,red,70,0
CUST109169,21,23.75,341,3,0.1,two-year,0,4,3.7,organic,B,green,45,0
CUST109170,30,143.75,477,4,0.3,month-to-month,0,4,5.0,organic,A,yellow,88,1
CUST109171,58,92.41,416,1,7.2,month-to-month,1,1,6.3,referral,B,blue,62,0
CUST109172,51,36.39,603,4,6.3,two-year,1,2,6.2,organic,A,yellow,67,1
CUST109173,29,110.01,455,3,11.5,month-to-month,0,2,4.9,partner,B,white,34,0
CUST109174,42,89.23,636,0,0.6,one-year,0,4,9.7,partner,C,red,58,0
CUST109175,35,30.0,452,1,4.2,month-to-month,0,4,7.9,organic,A,red,27,0
CUST109176,70,73.47,481,4,0.0,one-year,1,2,5.6,referral,B,blue,6,0
CUST109177,35,84.63,297,3,0.0,month-to-month,0,1,5.1,organic,A,white,55,0
CUST109178,5,144.18,498,6,9.2,month-to-month,1,2,6.7,ads,C,green,97,0
CUST109179,24,103.46,525,4,1.5,month-to-month,1,1,8.7,organic,C,red,52,0
CUST109180,53,102.9,278,3,0.0,one-year,1,2,4.9,partner,C,red,1,0
CUST109181,36,138.07,258,3,10.4,month-to-month,0,2,8.4,ads,A,red,79,0
CUST109182,35,22.69,672,4,2.2,month-to-month,1,2,3.7,ads,A,red,37,1
CUST109183,32,71.33,442,4,4.0,one-year,1,5,9.1,organic,A,red,40,0
CUST109184,52,80.76,467,5,3.9,month-to-month,1,2,5.7,referral,C,white,73,0
CUST109185,60,102.4,585,1,8.7,one-year,0,2,9.2,referral,A,white,36,0
CUST109186,34,140.43,414,6,3.2,one-year,0,1,3.1,ads,B,white,91,1
CUST109187,62,24.08,316,6,5.9,month-to-month,0,2,6.5,ads,B,yellow,54,0
CUST109188,30,25.68,360,3,4.1,month-to-month,1,4,6.1,referral,A,green,15,1
CUST109189,48,69.45,538,0,1.0,month-to-month,1,4,6.1,organic,C,white,96,0
CUST109190,22,105.83,231,4,5.2,month-to-month,0,2,1.9,organic,B,yellow,9,1
CUST109191,15,46.38,422,5,7.9,month-to-month,0,2,4.7,organic,A,red,19,1
CUST109192,65,93.69,357,4,5.8,month-to-month,1,3,9.2,referral,A,red,24,1
CUST109193,58,38.1,488,1,0.0,one-year,1,3,8.1,organic,C,red,50,0
CUST109194,32,63.57,519,6,4.9,month-to-month,1,4,2.7,ads,B,yellow,90,0
CUST109195,1,148.61,592,7,7.6,month-to-month,0,3,5.1,organic,C,yellow,53,1
CUST109196,29,54.03,438,0,0.0,one-year,1,4,7.0,partner,B,white,15,0
CUST109197,57,116.08,507,1,0.0,month-to-month,1,3,9.4,referral,A,red,79,0
CUST109198,19,112.63,271,7,10.6,one-year,0,1,4.8,organic,A,yellow,53,1
CUST109199,29,69.51,321,3,8.1,one-year,0,1,6.5,referral,A,green,4,0
CUST109200,72,78.02,590,2,0.0,one-year,1,4,10.0,organic,C,blue,15,0
CUST109201,14,124.27,283,2,0.0,month-to-month,1,2,5.5,partner,C,yellow,81,1
CUST109202,12,27.8,719,3,5.6,month-to-month,0,4,5.4,partner,B,white,16,1
CUST109203,23,117.6,359,1,2.9,month-to-month,1,1,6.2,organic,A,blue,44,0
CUST109204,12,91.51,425,4,2.6,month-to-month,1,3,2.4,ads,B,blue,38,1
CUST109205,23,139.75,483,5,10.4,month-to-month,1,1,3.2,partner,A,green,34,1
CUST109206,42,86.3,296,2,2.3,one-year,1,2,7.5,organic,A,yellow,49,0
CUST109207,1,83.22,480,5,12.0,one-year,0,1,3.2,ads,B,black,35,1
CUST109208,52,135.44,551,5,4.8,month-to-month,0,2,7.4,organic,A,yellow,26,0
CUST109209,20,75.73,346,0,4.3,one-year,0,5,5.2,referral,A,blue,17,0
CUST109210,3,87.32,323,5,9.7,two-year,0,2,2.3,organic,C,green,4,0
CUST109211,1,110.4,568,8,14.9,month-to-month,0,4,7.2,ads,A,red,21,1
CUST109212,54,59.84,294,4,6.3,one-year,1,4,4.7,partner,C,blue,22,0
CUST109213,45,123.4,331,2,3.4,month-to-month,1,2,8.4,referral,B,yellow,81,0
CUST109214,57,121.27,549,2,0.0,month-to-month,0,1,4.9,ads,B,blue,13,0
CUST109215,64,127.37,516,4,7.9,one-year,1,3,8.6,referral,B,green,12,0
CUST109216,72,146.92,570,1,0.0,one-year,0,3,10.0,partner,A,red,2,0
CUST109217,44,134.17,287,2,5.7,month-to-month,0,4,6.7,ads,C,yellow,60,0
CUST109218,11,105.97,291,2,8.6,month-to-month,0,4,6.3,ads,A,black,7,0
CUST109219,33,47.84,465,5,4.8,month-to-month,1,4,6.0,partner,C,black,48,0
CUST109220,48,90.91,489,3,1.2,one-year,0,4,6.7,partner,C,yellow,6,0
CUST109221,44,42.34,445,7,3.2,month-to-month,1,2,5.8,ads,C,white,42,0
CUST109222,40,103.85,561,5,0.0,month-to-month,1,4,9.2,referral,C,red,43,0
CUST109223,25,121.51,420,6,3.9,month-to-month,0,3,2.9,ads,B,green,90,1
CUST109224,4,45.65,436,2,6.5,month-to-month,0,1,2.2,organic,C,black,38,1
CUST109225,23,27.95,584,3,3.7,month-to-month,1,3,6.9,referral,B,black,12,0
CUST109226,13,20.44,312,5,7.8,month-to-month,0,2,6.1,ads,C,red,67,1
CUST109227,29,145.75,460,1,3.6,month-to-month,0,2,2.3,referral,A,black,83,1
CUST109228,1,49.6,467,4,12.0,month-to-month,0,3,3.8,ads,A,blue,46,1
CUST109229,30,95.67,338,3,3.0,one-year,1,3,4.3,ads,B,green,44,0
CUST109230,49,55.49,422,6,2.7,month-to-month,0,4,7.5,partner,B,white,40,0
CUST109231,28,84.53,417,3,2.2,two-year,1,3,4.2,ads,B,green,74,0
CUST109232,29,37.76,339,3,6.7,two-year,0,2,10.0,organic,A,red,48,0
CUST109233,35,81.2,251,4,3.5,month-to-month,0,1,5.7,referral,A,white,42,1
CUST109234,54,141.94,311,1,1.9,one-year,1,6,6.7,organic,A,green,37,0
CUST109235,13,144.3,421,3,10.9,month-to-month,0,4,4.0,ads,A,blue,83,1
CUST109236,54,74.58,360,2,4.6,one-year,1,2,8.3,organic,C,white,98,0
CUST109237,25,104.51,240,5,6.3,month-to-month,0,1,5.6,partner,A,red,89,1
CUST109238,43,103.27,638,6,4.6,month-to-month,0,4,4.7,organic,C,blue,80,1
CUST109239,20,102.95,429,3,10.0,month-to-month,0,3,2.1,ads,A,yellow,23,1
CUST109240,38,89.55,412,1,1.1,month-to-month,1,4,5.5,referral,A,blue,1,0
CUST109241,25,76.44,229,7,1.1,month-to-month,0,1,6.9,ads,B,yellow,7,0
CUST109242,40,42.9,550,2,4.2,one-year,1,1,8.3,ads,C,red,79,0
CUST109243,17,94.71,623,2,10.4,month-to-month,0,2,6.9,organic,C,blue,83,1
CUST109244,24,24.13,463,5,8.6,two-year,0,2,6.4,partner,C,white,23,0
CUST109245,20,140.79,375,2,10.4,month-to-month,0,2,7.1,ads,C,green,74,1
CUST109246,30,142.2,414,1,3.0,month-to-month,1,1,10.0,ads,C,yellow,52,0
CUST109247,27,144.56,375,3,8.5,one-year,0,2,7.2,ads,A,blue,93,0
CUST109248,31,28.57,344,0,4.4,month-to-month,1,4,10.0,referral,A,yellow,15,0
CUST109249,20,69.49,381,4,6.5,month-to-month,0,3,2.5,ads,C,red,2,1
CUST109250,36,111.67,488,3,10.3,month-to-month,0,3,7.0,ads,B,blue,22,0
CUST109251,47,50.53,468,1,1.8,two-year,1,3,9.8,referral,A,blue,4,0
CUST109252,60,125.27,737,0,8.1,one-year,1,4,7.0,partner,B,black,2,0
CUST109253,20,50.74,582,9,1.2,one-year,0,2,6.8,organic,B,black,22,1
CUST109254,15,24.91,160,4,1.1,month-to-month,1,5,7.5,referral,A,red,11,0
CUST109255,26,61.32,525,3,3.0,month-to-month,0,3,5.6,ads,A,blue,88,1
CUST109256,27,73.06,777,4,12.2,one-year,0,2,3.3,organic,A,yellow,98,1
CUST109257,30,52.86,560,4,3.8,month-to-month,0,2,4.3,partner,B,white,46,0
CUST109258,65,89.13,328,0,0.0,one-year,1,4,10.0,referral,C,white,95,0
CUST109259,18,80.87,537,2,0.0,one-year,0,4,6.6,ads,C,green,21,0
CUST109260,1,149.72,382,5,8.3,month-to-month,0,1,4.1,organic,B,blue,19,1
CUST109261,44,138.02,280,3,1.1,two-year,1,5,10.0,referral,B,yellow,15,0
CUST109262,35,133.89,439,2,9.5,one-year,1,4,9.0,referral,C,red,39,0
CUST109263,10,30.59,598,6,4.8,month-to-month,0,2,5.2,organic,B,black,99,1
CUST109264,14,61.08,577,5,3.8,month-to-month,0,3,3.6,ads,B,blue,31,1
CUST109265,54,74.43,392,5,8.2,month-to-month,1,3,8.2,referral,B,red,89,0
CUST109266,58,110.13,352,3,11.6,month-to-month,1,2,10.0,organic,C,white,79,0
CUST109267,24,144.11,618,3,2.7,month-to-month,1,2,4.2,ads,C,yellow,41,1
CUST109268,72,134.26,584,1,0.0,two-year,1,4,8.6,referral,A,blue,50,0
CUST109269,45,76.63,373,4,6.2,month-to-month,1,2,6.8,referral,A,blue,18,0
CUST109270,66,21.27,333,0,0.3,two-year,1,3,9.8,referral,A,blue,21,0
CUST109271,46,110.51,433,1,9.0,two-year,1,3,9.5,referral,B,white,22,0
CUST109272,26,121.15,327,1,4.8,month-to-month,0,3,7.5,organic,A,red,58,0
CUST109273,42,137.23,621,1,0.0,month-to-month,0,4,8.7,ads,C,white,75,0
CUST109274,25,28.31,390,4,2.9,month-to-month,0,3,7.9,referral,C,yellow,78,0
CUST109275,15,121.56,649,5,14.0,month-to-month,0,1,4.1,ads,C,white,77,1
CUST109276,42,55.93,290,3,5.2,one-year,0,5,8.6,partner,C,white,77,0
CUST109277,47,136.83,284,0,9.2,two-year,0,1,9.3,ads,A,blue,63,0
CUST109278,28,90.97,430,4,8.0,month-to-month,0,2,7.5,referral,C,black,8,0
CUST109279,33,51.16,442,3,2.2,month-to-month,0,3,7.5,ads,B,green,20,0
CUST109280,56,144.93,417,1,4.0,month-to-month,1,6,10.0,ads,C,blue,32,0
CUST109281,47,147.07,315,1,8.5,one-year,1,3,8.6,referral,B,green,2,0
CUST109282,3,140.24,391,3,12.4,one-year,0,2,3.7,partner,B,yellow,21,1
CUST109283,28,84.96,355,3,0.0,one-year,1,5,8.0,organic,A,green,74,0
CUST109284,55,30.42,206,4,4.5,one-year,1,3,6.3,organic,A,red,97,0
CUST109285,5,109.54,351,5,7.1,month-to-month,0,1,6.4,ads,C,blue,98,1
CUST109286,35,135.05,380,4,1.5,month-to-month,1,4,9.4,referral,B,yellow,77,0
CUST109287,37,119.35,224,5,1.9,month-to-month,0,5,10.0,organic,A,green,92,0
CUST109288,32,104.89,535,6,5.1,month-to-month,1,1,5.2,referral,A,red,93,1
CUST109289,55,94.15,640,2,3.2,two-year,0,6,9.8,organic,B,green,96,0
CUST109290,11,144.49,425,2,3.6,two-year,0,4,3.0,partner,B,yellow,43,1
CUST109291,40,146.86,245,0,7.9,month-to-month,0,4,4.1,organic,B,blue,31,1
CUST109292,21,104.01,391,4,14.0,one-year,0,3,3.4,ads,A,green,57,0
CUST109293,47,54.72,402,6,3.5,month-to-month,0,4,9.8,referral,B,blue,85,1
CUST109294,63,76.22,448,2,5.0,one-year,1,5,7.6,referral,B,black,22,0
CUST109295,32,45.24,655,1,6.7,month-to-month,0,2,5.0,organic,A,black,61,1
CUST109296,18,47.08,280,2,0.0,one-year,0,1,7.5,partner,B,blue,87,0
CUST109297,13,47.52,462,1,2.4,month-to-month,1,1,7.0,organic,A,red,1,0
CUST109298,72,21.08,525,7,1.8,month-to-month,1,3,10.0,partner,A,red,76,0
CUST109299,19,20.49,518,3,10.9,month-to-month,0,2,4.9,referral,A,green,24,1
CUST109300,38,124.18,565,1,0.0,month-to-month,1,2,6.3,partner,B,black,26,0
CUST109301,56,79.89,420,1,1.2,month-to-month,1,3,5.8,referral,B,yellow,49,0
CUST109302,66,23.85,417,2,12.3,one-year,0,3,6.6,referral,C,green,56,0
CUST109303,7,127.93,444,7,10.2,month-to-month,0,1,1.9,ads,B,blue,65,1
CUST109304,33,79.71,420,0,7.4,one-year,1,3,4.8,referral,B,green,53,0
CUST109305,29,70.22,320,2,0.0,one-year,0,5,10.0,referral,C,white,59,0
CUST109306,70,23.73,447,1,0.0,one-year,1,2,7.8,referral,A,green,18,0
CUST109307,25,65.71,486,5,0.0,month-to-month,0,3,10.0,ads,B,yellow,59,1
CUST109308,38,22.06,349,2,7.7,month-to-month,1,4,5.3,organic,B,white,94,0
CUST109309,34,38.65,482,1,0.0,two-year,0,4,7.3,ads,A,red,2,0
CUST109310,37,85.5,324,1,0.0,two-year,1,4,8.0,referral,B,green,63,0
CUST109311,20,75.59,377,2,13.8,month-to-month,0,4,3.9,organic,C,blue,34,1
CUST109312,35,29.0,399,2,5.1,month-to-month,1,5,9.7,referral,C,black,98,0
CUST109313,25,25.35,560,1,6.1,month-to-month,0,5,7.4,organic,B,yellow,53,0
CUST109314,65,104.02,460,4,9.2,month-to-month,0,2,7.9,referral,C,yellow,84,0
CUST109315,24,44.23,527,1,8.0,two-year,1,2,6.6,ads,B,black,91,0
CUST109316,47,141.56,452,2,6.2,month-to-month,1,4,8.1,partner,A,red,86,0
CUST109317,36,95.37,485,2,2.1,month-to-month,0,5,3.2,referral,C,yellow,50,0
CUST109318,29,39.21,388,5,2.3,one-year,0,4,4.9,partner,C,blue,57,0
CUST109319,16,115.92,423,4,6.2,month-to-month,1,2,5.1,partner,A,white,67,0
CUST109320,34,121.05,552,2,5.2,one-year,1,3,10.0,partner,C,white,49,0
CUST109321,34,100.92,225,1,9.2,month-to-month,0,3,7.3,referral,B,green,97,0
CUST109322,29,113.84,421,2,8.7,two-year,0,3,6.8,referral,C,black,27,0
CUST109323,19,143.85,443,5,20.3,one-year,0,2,5.3,ads,B,white,6,1
CUST109324,8,45.24,487,3,17.5,month-to-month,1,2,3.2,ads,C,blue,7,1
CUST109325,38,123.66,445,0,7.5,two-year,0,1,7.5,referral,A,yellow,91,0
CUST109326,21,74.16,432,6,0.4,month-to-month,0,1,7.0,organic,A,white,81,1
CUST109327,30,78.13,288,2,6.5,month-to-month,1,5,8.1,partner,A,green,97,0
CUST109328,3,101.17,352,3,10.9,month-to-month,1,6,5.5,organic,B,red,74,1
CUST109329,29,73.77,586,1,2.7,two-year,0,4,7.3,partner,A,yellow,97,0
CUST109330,72,26.44,634,2,0.0,one-year,0,3,8.0,ads,A,yellow,68,0
CUST109331,28,32.41,512,7,5.8,month-to-month,0,1,3.6,referral,A,yellow,65,1
CUST109332,41,116.17,319,4,9.3,month-to-month,1,2,4.6,ads,C,white,84,0
CUST109333,15,45.26,534,3,2.4,month-to-month,1,3,5.3,organic,C,yellow,74,1
CUST109334,27,65.6,512,1,0.9,month-to-month,1,4,5.0,referral,A,black,78,0
CUST109335,13,37.45,323,4,4.3,month-to-month,0,2,4.2,partner,C,red,66,1
CUST109336,50,81.77,419,4,5.0,month-to-month,0,4,10.0,referral,A,green,69,0
CUST109337,70,39.25,841,3,6.5,month-to-month,0,4,8.9,organic,B,black,33,0
CUST109338,43,143.68,498,3,9.8,month-to-month,1,4,3.8,referral,A,blue,57,0
CUST109339,62,147.37,391,3,8.3,one-year,0,3,9.4,ads,C,yellow,99,0
CUST109340,21,38.03,298,3,6.0,month-to-month,0,2,3.1,ads,B,yellow,98,0
CUST109341,57,101.83,436,2,7.1,month-to-month,1,1,8.0,referral,A,blue,57,0
CUST109342,72,132.22,514,2,5.8,month-to-month,0,3,9.1,ads,C,blue,2,0
CUST109343,40,80.21,759,2,3.3,one-year,0,4,8.3,referral,B,white,47,0
CUST109344,28,21.89,529,2,6.6,one-year,0,3,4.4,ads,C,green,86,1
CUST109345,14,28.08,470,2,0.0,one-year,0,3,3.0,ads,B,blue,91,0
CUST109346,35,104.91,565,1,1.2,two-year,0,4,5.6,referral,C,blue,95,0
CUST109347,46,105.49,192,2,1.2,month-to-month,1,5,8.4,organic,B,green,3,0
CUST109348,72,104.27,248,1,0.0,month-to-month,1,4,10.0,ads,C,white,97,0
CUST109349,13,89.46,422,1,5.5,month-to-month,0,3,4.1,organic,B,black,69,1
CUST109350,41,142.13,457,2,9.8,month-to-month,0,1,6.8,ads,B,blue,36,0
CUST109351,15,108.38,105,1,3.8,month-to-month,1,4,5.9,partner,A,black,86,0
CUST109352,18,20.54,697,9,12.4,month-to-month,0,5,5.0,partner,A,green,62,1
CUST109353,43,95.87,316,4,6.3,one-year,0,1,3.3,ads,A,white,38,0
CUST109354,18,111.05,247,4,17.4,month-to-month,0,3,6.0,ads,B,black,55,0
CUST109355,51,58.3,500,2,2.3,month-to-month,0,5,7.3,partner,B,blue,8,0
CUST109356,50,117.49,711,4,0.0,one-year,1,4,9.1,ads,C,blue,17,0
CUST109357,54,114.86,157,0,4.9,month-to-month,0,2,7.2,referral,C,red,78,0
CUST109358,32,50.58,508,4,0.0,month-to-month,0,1,6.3,organic,A,white,25,0
CUST109359,24,149.39,149,5,5.5,one-year,0,3,9.0,ads,B,yellow,40,0
CUST109360,25,80.82,448,2,0.0,month-to-month,1,6,8.9,referral,A,white,40,0
CUST109361,45,70.35,113,1,0.0,one-year,1,2,8.9,ads,A,yellow,10,0
CUST109362,34,57.67,297,0,5.5,month-to-month,1,3,5.0,partner,B,green,65,0
CUST109363,56,118.08,449,2,0.0,month-to-month,1,4,5.7,ads,A,yellow,46,0
CUST109364,48,28.77,551,3,0.0,two-year,0,3,6.3,referral,A,red,74,0
CUST109365,15,141.17,533,5,3.3,month-to-month,0,2,2.9,ads,B,black,87,1
CUST109366,38,68.29,531,0,7.8,one-year,1,5,8.3,referral,B,green,74,0
CUST109367,48,143.1,388,1,4.5,one-year,1,5,10.0,referral,A,red,3,0
CUST109368,60,107.82,374,5,1.1,month-to-month,1,4,5.7,referral,B,black,30,0
CUST109369,70,94.64,475,2,11.7,month-to-month,0,2,7.8,organic,A,yellow,56,0
CUST109370,51,133.93,389,8,7.6,month-to-month,1,1,3.7,ads,A,red,40,0
CUST109371,37,134.97,426,1,0.0,two-year,0,3,8.9,organic,B,black,16,0
CUST109372,34,109.45,427,5,0.1,one-year,1,3,5.9,partner,B,blue,39,0
CUST109373,64,48.02,555,5,2.4,month-to-month,1,4,7.0,ads,B,yellow,88,0
CUST109374,24,29.96,405,7,7.7,one-year,0,4,3.9,partner,B,white,35,0
CUST109375,34,109.81,465,5,17.1,month-to-month,0,2,2.2,partner,B,green,82,1
CUST109376,1,108.08,408,3,5.9,month-to-month,0,2,4.8,ads,A,white,99,1
CUST109377,46,133.3,147,1,0.0,one-year,0,1,9.0,referral,B,white,54,0
CUST109378,49,107.32,480,4,7.1,one-year,0,2,6.6,referral,A,black,64,1
CUST109379,27,27.27,303,0,3.9,two-year,0,4,5.7,ads,C,black,16,0
CUST109380,34,114.39,422,2,1.6,month-to-month,0,2,6.2,referral,A,black,34,1
CUST109381,1,60.2,397,4,7.0,month-to-month,1,1,6.3,ads,C,black,69,1
CUST109382,51,31.02,481,4,3.2,one-year,0,5,6.4,partner,B,green,77,0
CUST109383,43,146.91,246,2,5.2,one-year,0,3,2.9,ads,B,green,42,1
CUST109384,30,145.42,606,4,1.7,one-year,1,2,4.3,organic,A,green,91,0
CUST109385,48,147.7,462,2,7.1,one-year,0,5,4.5,referral,C,red,89,0
CUST109386,32,45.42,392,4,9.4,two-year,1,2,5.7,ads,C,green,64,0
CUST109387,72,59.5,432,1,0.0,month-to-month,1,2,10.0,organic,A,yellow,97,0
CUST109388,41,148.04,568,5,1.0,month-to-month,1,3,7.5,ads,B,white,22,0
CUST109389,57,105.6,427,2,2.5,month-to-month,1,3,6.5,referral,A,yellow,15,0
CUST109390,51,68.27,417,3,2.5,month-to-month,0,2,5.7,referral,C,white,63,0
CUST109391,72,98.31,437,1,0.0,one-year,1,3,10.0,ads,C,yellow,50,0
CUST109392,1,133.25,533,3,3.3,month-to-month,1,3,8.3,referral,B,blue,20,1
CUST109393,27,113.59,359,1,6.0,two-year,1,4,7.8,referral,A,green,57,0
CUST109394,23,58.97,445,3,7.3,month-to-month,0,3,7.3,partner,A,yellow,7,0
CUST109395,47,34.14,448,2,2.2,two-year,1,3,7.5,organic,B,white,47,0
CUST109396,13,101.29,495,3,0.0,one-year,1,4,5.8,referral,A,green,31,0
CUST109397,1,23.64,549,1,7.7,month-to-month,1,2,3.9,ads,C,red,99,1
CUST109398,62,24.69,430,7,6.3,month-to-month,0,3,4.7,organic,A,green,86,0
CUST109399,53,78.32,359,1,0.0,one-year,0,3,5.7,ads,C,blue,91,0
CUST109400,46,114.89,508,1,0.0,two-year,0,5,6.5,referral,C,white,40,0
CUST109401,37,65.63,216,1,3.0,one-year,0,3,5.7,referral,B,red,78,0
CUST109402,19,21.23,280,2,14.9,one-year,0,1,4.1,partner,A,red,20,1
CUST109403,48,146.94,288,5,6.8,one-year,0,4,5.1,ads,A,black,81,0
CUST109404,34,57.12,327,1,8.1,month-to-month,1,5,8.3,referral,A,blue,98,0
CUST109405,60,128.48,239,0,0.0,one-year,1,3,8.9,ads,C,blue,35,0
CUST109406,25,98.62,544,2,7.4,month-to-month,0,3,5.1,ads,B,yellow,39,1
CUST109407,15,76.27,375,3,0.0,month-to-month,0,1,4.5,referral,A,black,52,1
CUST109408,50,71.82,196,6,0.0,month-to-month,0,1,7.2,referral,A,white,90,0
CUST109409,46,121.45,264,0,1.8,one-year,1,5,7.6,organic,B,red,93,0
CUST109410,51,75.06,461,5,4.9,one-year,0,4,9.3,ads,A,white,40,0
CUST109411,27,102.0,208,7,0.0,two-year,0,3,4.7,partner,C,green,17,0
CUST109412,67,103.59,434,4,2.9,one-year,0,3,7.2,ads,A,white,35,0
CUST109413,16,70.63,416,3,9.2,one-year,0,4,7.0,referral,C,yellow,14,0
CUST109414,5,29.02,401,3,8.9,one-year,1,1,6.1,partner,A,red,3,1
CUST109415,12,31.0,419,2,4.5,month-to-month,0,4,6.8,ads,C,green,93,1
CUST109416,59,131.35,277,2,0.0,one-year,1,5,10.0,referral,A,blue,79,0
CUST109417,64,47.27,351,1,4.5,one-year,1,2,8.3,ads,B,black,86,0
CUST109418,61,119.2,254,0,0.1,two-year,1,2,6.5,ads,B,yellow,65,0
CUST109419,1,36.86,320,5,6.8,one-year,1,2,5.2,referral,B,green,42,0
CUST109420,43,142.69,335,1,5.9,one-year,1,4,6.7,organic,C,red,10,0
CUST109421,1,34.03,341,2,6.8,month-to-month,1,4,9.6,referral,C,white,77,0
CUST109422,51,21.22,372,3,4.6,one-year,1,2,4.4,ads,A,black,43,0
CUST109423,54,118.06,456,6,2.3,month-to-month,0,3,5.2,referral,B,white,50,1
CUST109424,46,134.92,402,1,3.7,two-year,1,5,7.4,organic,A,red,85,0
CUST109425,38,71.26,369,1,0.0,month-to-month,0,4,5.0,ads,B,yellow,59,0
CUST109426,25,23.72,304,3,12.2,month-to-month,1,3,4.3,ads,A,blue,52,1
CUST109427,17,131.73,306,0,3.1,month-to-month,0,3,8.8,referral,B,green,48,0
CUST109428,19,64.29,461,6,17.2,month-to-month,0,4,3.0,partner,C,black,36,1
CUST109429,57,143.93,375,0,0.0,month-to-month,1,5,10.0,organic,A,red,63,0
CUST109430,60,123.36,399,1,3.4,month-to-month,1,2,4.8,ads,C,red,14,0
CUST109431,24,96.27,606,2,7.0,month-to-month,0,3,3.3,partner,C,blue,95,1
CUST109432,20,111.45,269,6,0.0,month-to-month,0,3,7.8,ads,C,blue,40,1
CUST109433,5,101.84,335,4,8.1,month-to-month,1,4,8.5,ads,B,green,41,0
CUST109434,27,113.11,597,3,0.0,month-to-month,1,3,9.2,partner,B,blue,84,0
CUST109435,39,88.11,397,4,7.8,month-to-month,0,3,3.8,partner,A,white,7,1
CUST109436,31,96.77,413,1,3.8,two-year,0,3,7.6,referral,C,blue,16,0
CUST109437,40,82.25,672,6,0.2,month-to-month,0,2,1.7,ads,B,blue,25,1
CUST109438,72,68.9,734,5,0.0,one-year,1,2,8.2,ads,A,green,75,0
CUST109439,26,23.94,581,3,9.3,month-to-month,1,2,4.5,ads,A,yellow,1,0
CUST109440,5,33.95,362,8,4.0,month-to-month,1,2,5.3,partner,B,yellow,2,1
CUST109441,31,33.61,459,5,7.1,one-year,0,3,2.2,partner,A,red,99,0
CUST109442,25,82.43,224,7,5.4,month-to-month,0,2,3.9,ads,C,white,43,0
CUST109443,65,122.7,433,2,7.8,month-to-month,0,3,6.5,referral,C,green,99,0
CUST109444,72,109.57,459,2,2.5,month-to-month,1,5,7.3,organic,C,blue,36,0
CUST109445,24,46.9,388,6,6.4,one-year,0,5,3.2,referral,C,red,62,1
CUST109446,48,118.86,425,5,9.1,month-to-month,1,2,6.9,partner,B,yellow,38,0
CUST109447,27,134.61,646,1,3.4,one-year,0,5,5.6,ads,C,blue,66,0
CUST109448,36,70.07,382,3,12.0,month-to-month,1,3,4.3,ads,A,blue,3,0
CUST109449,40,101.47,441,3,2.3,one-year,1,3,9.3,ads,B,yellow,14,0
CUST109450,15,94.17,440,2,3.2,month-to-month,0,5,6.7,organic,B,red,70,1
CUST109451,59,139.72,505,4,1.1,month-to-month,0,2,7.7,organic,A,yellow,45,0
CUST109452,36,126.38,414,4,4.5,one-year,0,2,4.0,partner,B,blue,6,0
CUST109453,39,34.15,396,3,2.1,month-to-month,1,3,2.3,organic,B,white,11,0
CUST109454,45,149.85,549,5,4.5,one-year,1,6,6.0,organic,B,black,29,0
CUST109455,5,137.59,390,6,4.2,month-to-month,0,2,3.6,ads,B,red,86,1
CUST109456,31,30.75,366,3,0.0,one-year,1,2,6.6,referral,A,black,38,0
CUST109457,42,146.12,449,4,8.1,one-year,0,5,5.1,ads,A,green,88,0
CUST109458,41,25.94,415,2,6.3,two-year,0,3,8.3,ads,A,white,1,0
CUST109459,30,123.35,406,3,1.5,one-year,1,1,7.8,ads,B,black,86,0
CUST109460,39,100.4,522,2,1.7,month-to-month,1,4,9.0,organic,A,black,14,0
CUST109461,25,78.2,337,4,9.1,month-to-month,1,2,7.9,ads,A,black,16,1
CUST109462,20,35.85,306,4,6.1,month-to-month,0,3,4.7,organic,A,white,69,0
CUST109463,15,74.86,482,4,9.6,month-to-month,1,4,7.0,organic,C,red,29,1
CUST109464,40,60.51,505,4,5.2,month-to-month,1,4,10.0,referral,A,red,62,0
CUST109465,30,139.27,435,4,9.7,month-to-month,0,1,1.8,organic,A,red,95,1
CUST109466,29,82.95,277,2,0.0,one-year,1,4,10.0,partner,C,white,58,0
CUST109467,13,67.57,714,6,5.7,month-to-month,0,1,1.9,ads,A,black,31,1
CUST109468,32,83.01,480,4,1.2,one-year,1,4,6.0,ads,B,blue,5,0
CUST109469,20,98.65,475,3,4.2,two-year,0,3,7.1,referral,A,white,62,1
CUST109470,62,120.33,271,3,8.4,two-year,0,1,7.5,partner,B,white,87,0
CUST109471,49,55.29,365,0,0.0,one-year,1,1,10.0,organic,C,red,2,0
CUST109472,12,56.21,488,10,9.1,month-to-month,0,3,3.2,ads,A,green,95,1
CUST109473,27,139.53,499,4,0.0,month-to-month,0,3,2.8,ads,C,blue,20,1
CUST109474,1,76.63,357,9,15.9,month-to-month,0,3,4.0,ads,A,blue,95,0
CUST109475,52,76.0,668,3,0.7,one-year,0,1,6.2,referral,B,white,59,0
CUST109476,25,121.16,485,3,12.3,month-to-month,1,3,7.9,referral,C,yellow,1,0
CUST109477,52,51.13,343,1,1.1,month-to-month,1,5,10.0,organic,A,blue,81,0
CUST109478,46,43.55,331,1,9.8,month-to-month,1,2,6.6,organic,B,red,98,1
CUST109479,70,126.55,316,0,0.0,month-to-month,0,2,8.9,partner,A,yellow,88,0
CUST109480,27,74.34,283,3,0.0,month-to-month,1,3,7.6,organic,C,white,95,0
CUST109481,24,96.03,415,1,3.8,month-to-month,0,5,9.1,organic,B,green,98,0
CUST109482,40,29.63,459,2,8.4,month-to-month,0,2,3.7,ads,B,blue,25,1
CUST109483,46,83.62,621,3,5.7,one-year,1,4,5.7,ads,C,black,29,0
CUST109484,28,61.67,517,4,14.6,month-to-month,0,3,5.8,ads,B,blue,92,0
CUST109485,36,83.25,574,1,0.0,month-to-month,1,3,6.8,organic,C,blue,25,0
CUST109486,28,104.72,355,3,2.8,one-year,0,3,7.0,referral,B,blue,56,0
CUST109487,48,44.26,467,3,0.0,two-year,1,1,8.0,ads,A,blue,59,0
CUST109488,17,80.25,421,3,6.9,one-year,0,5,5.6,ads,A,red,35,0
CUST109489,14,128.34,270,4,0.0,month-to-month,0,3,10.0,ads,B,yellow,98,0
CUST109490,31,62.63,503,3,0.0,month-to-month,1,3,9.0,ads,C,yellow,73,0
CUST109491,56,38.76,565,2,5.4,one-year,1,1,8.3,organic,A,red,77,0
CUST109492,32,82.43,347,5,0.0,month-to-month,0,2,6.8,ads,B,yellow,53,0
CUST109493,61,29.25,575,2,7.4,month-to-month,1,6,5.8,referral,C,white,49,0
CUST109494,28,37.34,479,6,0.0,month-to-month,0,2,5.6,ads,B,yellow,73,0
CUST109495,10,45.43,391,4,4.5,two-year,0,2,5.7,organic,A,red,13,0
CUST109496,70,138.28,505,1,0.0,one-year,1,3,8.7,ads,B,red,94,0
CUST109497,48,106.55,615,1,0.0,month-to-month,0,1,7.8,partner,B,green,46,0
CUST109498,51,30.36,665,3,0.3,one-year,1,3,5.9,referral,B,red,81,0
CUST109499,40,55.02,444,2,3.5,two-year,1,4,9.5,referral,A,red,58,0
CUST109500,48,145.95,564,4,16.0,one-year,1,2,5.2,referral,A,yellow,27,0
CUST109501,68,137.38,628,2,0.0,one-year,1,4,9.8,ads,C,yellow,44,0
CUST109502,42,21.78,428,1,0.7,two-year,0,3,3.1,ads,C,black,44,1
CUST109503,12,58.55,487,4,6.5,month-to-month,0,1,7.4,referral,B,yellow,54,1
CUST109504,57,112.34,194,0,0.0,one-year,1,4,6.9,ads,C,red,87,0
CUST109505,57,80.95,326,0,3.3,two-year,1,4,6.1,organic,C,white,94,0
CUST109506,38,114.72,424,0,0.0,one-year,0,2,7.1,partner,B,green,51,0
CUST109507,54,145.74,219,2,4.3,month-to-month,1,4,8.6,organic,B,yellow,9,0
CUST109508,46,46.64,347,0,5.6,month-to-month,0,1,9.6,ads,B,red,82,0
CUST109509,36,52.9,586,5,4.5,one-year,1,4,8.3,referral,B,black,27,0
CUST109510,1,134.26,419,5,11.1,one-year,0,2,2.8,organic,A,yellow,47,1
CUST109511,23,20.22,592,4,10.0,two-year,0,4,5.3,partner,B,blue,9,1
CUST109512,43,78.41,501,0,3.2,month-to-month,1,4,10.0,referral,B,white,3,0
CUST109513,45,59.5,239,0,4.0,one-year,1,3,10.0,referral,B,black,91,0
CUST109514,22,132.15,319,6,5.6,month-to-month,0,6,6.5,ads,A,white,53,0
CUST109515,35,73.53,422,4,13.7,month-to-month,0,4,5.5,partner,B,yellow,66,1
CUST109516,72,82.81,480,1,0.0,month-to-month,1,3,9.1,ads,B,blue,38,0
CUST109517,50,111.16,462,4,0.0,one-year,1,3,8.1,organic,A,green,96,0
CUST109518,35,75.59,379,3,9.8,month-to-month,1,3,9.6,organic,A,yellow,8,0
CUST109519,20,59.08,384,3,8.8,two-year,0,1,4.2,ads,C,white,30,0
CUST109520,40,66.78,490,4,6.6,one-year,1,3,3.8,referral,C,red,49,0
CUST109521,54,132.83,231,2,0.0,two-year,1,5,10.0,organic,A,white,64,0
CUST109522,69,66.89,296,1,8.2,two-year,1,4,10.0,ads,A,yellow,32,0
CUST109523,61,135.33,478,0,9.1,month-to-month,1,3,10.0,organic,B,yellow,17,0
CUST109524,5,44.44,349,3,11.4,month-to-month,1,2,6.0,organic,B,yellow,2,1
CUST109525,30,147.81,468,6,8.8,month-to-month,0,1,6.6,ads,B,blue,34,1
CUST109526,34,135.23,438,4,10.5,month-to-month,0,2,4.9,ads,A,white,63,1
CUST109527,41,133.1,170,0,3.3,month-to-month,1,6,8.2,ads,A,blue,73,0
CUST109528,60,107.27,318,6,4.8,month-to-month,0,3,7.7,ads,B,black,18,0
CUST109529,46,93.73,538,2,6.3,month-to-month,1,4,2.7,referral,B,white,39,0
CUST109530,30,24.04,331,3,10.7,month-to-month,0,5,7.9,organic,B,yellow,1,0
CUST109531,43,66.63,596,1,0.0,month-to-month,1,4,5.5,organic,A,white,80,0
CUST109532,21,24.79,297,6,7.7,month-to-month,0,2,4.1,ads,B,black,31,1
CUST109533,4,73.96,647,2,5.8,one-year,1,3,4.7,partner,B,yellow,43,0
CUST109534,51,42.78,376,2,4.0,two-year,1,4,9.6,organic,A,black,32,0
CUST109535,4,39.43,518,4,6.4,month-to-month,0,3,6.2,organic,C,green,87,1
CUST109536,42,124.86,512,5,1.2,one-year,0,2,6.2,ads,C,white,59,0
CUST109537,62,62.36,624,2,1.2,month-to-month,1,3,7.7,referral,B,black,55,0
CUST109538,28,74.56,449,6,7.4,one-year,0,1,6.5,ads,A,blue,20,1
CUST109539,22,143.5,508,4,4.9,month-to-month,1,2,3.2,ads,A,green,86,0
CUST109540,42,44.23,362,6,6.4,month-to-month,0,3,5.4,organic,A,black,46,0
CUST109541,21,90.44,394,4,10.5,month-to-month,1,2,8.0,ads,A,white,40,0
CUST109542,30,146.57,347,2,0.0,two-year,1,5,6.9,organic,C,blue,95,0
CUST109543,24,149.29,358,1,13.4,month-to-month,0,3,1.8,ads,A,green,50,0
CUST109544,63,28.76,54,1,0.0,month-to-month,1,4,10.0,partner,A,red,66,0
CUST109545,35,38.71,398,3,1.5,one-year,0,1,8.2,referral,C,red,82,0
CUST109546,66,141.21,419,2,1.1,two-year,1,3,8.8,organic,C,green,31,0
CUST109547,56,135.6,218,0,4.6,two-year,1,2,7.8,organic,C,black,84,0
CUST109548,38,49.86,545,0,0.0,one-year,1,5,8.5,organic,A,green,3,0
CUST109549,1,125.77,318,2,19.0,month-to-month,1,1,5.7,organic,A,blue,66,0
CUST109550,36,103.68,426,3,0.0,month-to-month,0,4,9.8,organic,C,black,6,0
CUST109551,21,67.14,521,4,10.0,one-year,0,6,7.9,organic,B,red,21,1
CUST109552,40,40.11,368,1,0.7,month-to-month,1,4,7.6,ads,B,yellow,32,0
CUST109553,23,65.49,436,5,5.1,month-to-month,0,1,5.4,organic,A,white,25,1
CUST109554,25,96.2,423,2,0.0,month-to-month,1,4,3.6,ads,B,yellow,6,0
CUST109555,72,63.14,451,3,0.9,month-to-month,1,4,10.0,organic,A,blue,45,0
CUST109556,25,119.76,437,5,7.8,one-year,1,1,5.3,ads,B,green,84,1
CUST109557,60,81.08,404,4,6.5,one-year,1,4,7.0,referral,B,green,16,0
CUST109558,5,51.19,297,4,0.2,month-to-month,0,3,6.7,ads,B,yellow,73,1
CUST109559,33,136.7,582,9,10.7,month-to-month,0,1,5.4,referral,C,green,94,1
CUST109560,47,64.46,436,2,0.0,month-to-month,1,3,7.6,ads,B,black,64,0
CUST109561,49,21.0,369,2,7.4,month-to-month,1,3,3.7,referral,A,blue,68,0
CUST109562,20,123.24,235,4,0.0,two-year,1,5,5.5,ads,C,white,81,0
CUST109563,47,36.37,554,0,7.7,one-year,0,4,8.2,organic,A,blue,99,0
CUST109564,57,141.9,284,4,6.4,one-year,1,4,8.7,partner,B,white,25,0
CUST109565,34,26.28,480,3,10.1,month-to-month,0,1,4.6,referral,B,white,95,1
CUST109566,11,72.17,393,4,5.9,month-to-month,0,3,6.9,ads,A,red,20,1
CUST109567,19,106.42,505,2,1.2,one-year,1,4,4.3,organic,B,yellow,16,1
CUST109568,48,32.39,624,3,0.0,two-year,1,4,9.3,referral,B,black,78,0
CUST109569,6,131.56,291,1,4.6,two-year,1,3,3.4,referral,B,red,89,1
CUST109570,32,128.92,274,6,3.6,one-year,1,4,1.2,partner,B,white,54,1
CUST109571,43,131.34,472,2,4.8,one-year,0,2,6.3,partner,C,green,99,0
CUST109572,11,58.1,577,2,10.2,month-to-month,0,2,5.4,ads,B,yellow,24,1
CUST109573,7,30.52,379,5,16.1,one-year,0,4,1.0,ads,C,blue,52,1
CUST109574,54,125.15,418,4,0.0,two-year,0,1,6.2,organic,C,green,92,0
CUST109575,26,134.49,238,2,9.4,month-to-month,0,4,6.0,partner,B,blue,5,0
CUST109576,1,62.41,553,10,3.2,month-to-month,0,5,3.4,organic,C,black,67,1
CUST109577,51,95.09,429,4,7.7,month-to-month,0,2,7.3,referral,C,yellow,14,0
CUST109578,22,119.88,549,3,3.4,one-year,0,4,4.2,organic,C,white,65,0
CUST109579,30,118.35,458,3,8.2,month-to-month,0,4,4.9,ads,B,black,34,1
CUST109580,45,41.49,398,3,2.1,two-year,0,5,7.6,referral,B,yellow,93,0
CUST109581,20,76.88,552,3,7.0,one-year,1,2,3.3,organic,A,red,64,1
CUST109582,25,22.07,443,5,7.1,month-to-month,0,1,2.8,ads,B,yellow,4,1
CUST109583,72,97.97,249,5,2.3,month-to-month,0,2,5.1,organic,C,green,9,0
CUST109584,51,40.83,532,4,2.5,month-to-month,1,3,7.5,organic,A,black,19,0
CUST109585,40,140.63,601,6,12.1,one-year,0,3,3.0,partner,C,green,35,0
CUST109586,46,56.7,326,0,11.6,month-to-month,1,5,5.2,organic,B,black,78,0
CUST109587,41,80.97,409,3,9.2,two-year,1,5,8.8,ads,C,blue,27,0
CUST109588,14,53.21,681,6,12.5,month-to-month,0,1,5.6,ads,A,green,61,1
CUST109589,27,86.76,377,1,2.7,month-to-month,1,2,7.7,partner,A,red,70,0
CUST109590,51,63.14,284,0,0.0,month-to-month,1,3,7.9,organic,A,black,5,0
CUST109591,2,99.95,343,1,7.5,month-to-month,1,5,4.8,partner,C,yellow,59,0
CUST109592,38,135.18,383,0,5.7,month-to-month,1,4,10.0,referral,B,red,39,0
CUST109593,51,125.39,568,1,5.2,month-to-month,0,3,10.0,referral,A,white,10,0
CUST109594,55,65.15,364,1,4.8,one-year,1,5,6.4,partner,C,red,64,0
CUST109595,52,40.63,521,4,3.0,month-to-month,0,1,4.9,ads,B,red,56,1
CUST109596,21,95.5,467,4,7.5,month-to-month,1,2,5.7,ads,A,yellow,5,0
CUST109597,38,27.09,428,7,7.0,one-year,1,2,6.7,organic,A,white,74,0
CUST109598,58,97.8,422,4,7.0,one-year,1,5,6.5,ads,A,red,8,0
CUST109599,12,80.27,127,1,5.9,month-to-month,0,3,6.9,organic,C,white,50,0
CUST109600,16,67.5,485,6,14.4,month-to-month,0,3,4.9,ads,B,green,49,0
CUST109601,39,41.18,571,1,4.4,month-to-month,1,3,7.0,referral,A,red,13,0
CUST109602,36,118.27,343,0,2.3,two-year,0,5,10.0,organic,A,black,3,1
CUST109603,25,145.66,574,3,2.8,month-to-month,1,1,3.2,organic,A,blue,9,1
CUST109604,53,41.42,367,2,8.2,one-year,0,2,6.3,referral,C,white,21,0
CUST109605,63,68.63,410,2,2.3,two-year,1,4,9.2,organic,A,blue,25,0
CUST109606,16,49.48,453,6,14.6,month-to-month,0,2,6.3,ads,B,black,14,1
CUST109607,46,149.64,598,5,0.5,month-to-month,1,2,6.1,ads,B,green,72,1
CUST109608,21,146.08,171,3,0.1,one-year,1,1,2.4,ads,C,black,60,0
CUST109609,70,42.82,510,2,4.4,month-to-month,0,2,8.2,partner,A,red,39,0
CUST109610,15,54.27,461,4,5.6,month-to-month,1,2,6.2,ads,A,red,71,1
CUST109611,69,36.05,497,0,4.8,one-year,1,6,8.7,ads,A,yellow,34,0
CUST109612,26,101.81,406,5,5.5,one-year,0,4,5.6,organic,A,black,28,1
CUST109613,22,73.38,379,2,7.4,month-to-month,0,1,2.1,ads,C,yellow,80,1
CUST109614,26,140.93,690,5,6.4,month-to-month,0,1,10.0,ads,B,black,3,0
CUST109615,30,62.78,340,3,7.8,two-year,1,2,1.8,organic,B,blue,89,0
CUST109616,55,81.69,423,0,3.2,month-to-month,1,4,10.0,partner,C,black,76,0
CUST109617,38,119.38,687,2,2.1,month-to-month,0,2,6.4,ads,C,black,98,0
CUST109618,55,56.26,545,0,0.2,month-to-month,1,6,6.7,referral,B,green,52,0
CUST109619,20,30.25,204,4,3.4,month-to-month,0,2,8.9,ads,A,white,93,1
CUST109620,72,86.03,271,0,9.3,month-to-month,1,4,4.6,referral,C,yellow,24,0
CUST109621,48,88.9,550,2,4.7,month-to-month,1,2,7.5,partner,B,yellow,44,0
CUST109622,52,114.87,431,3,9.4,month-to-month,0,4,3.0,referral,B,yellow,33,1
CUST109623,41,94.84,754,2,2.2,month-to-month,0,3,5.8,organic,B,white,7,0
CUST109624,12,119.67,446,7,6.0,month-to-month,0,4,2.6,partner,C,white,76,1
CUST109625,24,137.62,520,2,2.2,month-to-month,1,3,4.1,ads,B,black,58,0
CUST109626,54,115.01,472,1,2.0,two-year,0,5,6.8,ads,A,black,21,0
CUST109627,50,125.18,588,0,0.0,month-to-month,1,5,8.6,referral,B,red,36,0
CUST109628,10,44.85,702,6,2.1,month-to-month,0,3,1.5,referral,A,red,42,1
CUST109629,69,43.32,462,2,0.4,month-to-month,1,3,10.0,organic,C,green,59,0
CUST109630,65,70.67,626,0,0.0,month-to-month,1,2,9.6,partner,C,red,98,0
CUST109631,23,36.34,520,3,0.0,month-to-month,1,4,7.1,organic,B,white,68,0
CUST109632,16,88.72,460,3,0.0,one-year,0,3,6.4,organic,A,yellow,49,0
CUST109633,49,97.75,430,1,4.2,month-to-month,0,4,7.2,ads,A,white,75,1
CUST109634,41,58.85,260,3,6.4,two-year,1,2,6.3,partner,C,black,75,0
CUST109635,1,149.36,656,2,14.8,month-to-month,1,2,6.2,organic,C,yellow,83,1
CUST109636,16,121.88,438,3,3.3,month-to-month,0,2,5.0,partner,A,black,68,1
CUST109637,49,119.18,294,4,0.8,month-to-month,1,4,7.5,referral,A,yellow,71,0
CUST109638,40,103.59,353,3,5.6,month-to-month,0,2,8.1,ads,B,yellow,18,0
CUST109639,42,49.79,280,4,0.0,month-to-month,0,3,8.6,referral,A,black,65,0
CUST109640,33,46.11,498,7,10.6,month-to-month,0,1,5.0,organic,C,yellow,19,1
CUST109641,18,41.14,617,2,2.8,month-to-month,1,5,5.5,referral,C,yellow,96,0
CUST109642,43,121.9,339,3,0.0,month-to-month,1,2,5.2,organic,A,yellow,44,0
CUST109643,58,66.47,277,6,10.6,one-year,1,2,9.0,referral,A,blue,21,0
CUST109644,53,47.72,141,2,7.1,one-year,0,3,8.5,ads,B,green,31,0
CUST109645,38,137.45,279,4,0.0,two-year,1,4,5.9,ads,A,blue,98,0
CUST109646,72,126.71,269,5,4.6,month-to-month,0,3,10.0,ads,A,blue,92,0
CUST109647,45,23.29,662,5,16.2,month-to-month,1,3,7.3,referral,A,red,13,0
CUST109648,55,56.65,225,1,3.1,month-to-month,0,3,5.0,partner,A,red,47,0
CUST109649,39,75.02,488,6,6.1,month-to-month,1,3,6.3,referral,C,green,55,0
CUST109650,38,47.83,471,2,0.0,two-year,1,3,8.2,referral,A,blue,63,0
CUST109651,31,80.59,408,4,0.2,month-to-month,1,2,7.7,organic,A,green,80,0
CUST109652,41,90.73,368,4,9.7,month-to-month,1,3,9.0,ads,A,white,39,0
CUST109653,51,87.62,655,2,2.0,two-year,1,3,7.1,ads,B,red,64,0
CUST109654,15,83.84,470,4,7.0,month-to-month,0,3,4.7,referral,A,black,38,1
CUST109655,36,130.45,240,0,0.0,month-to-month,1,1,9.5,referral,A,yellow,66,0
CUST109656,39,20.9,378,2,4.0,month-to-month,0,5,6.5,referral,A,yellow,66,0
CUST109657,25,25.11,405,6,9.2,one-year,0,2,8.1,ads,B,yellow,41,0
CUST109658,51,133.49,333,3,2.5,two-year,1,4,10.0,ads,B,red,76,0
CUST109659,37,121.42,427,3,3.1,month-to-month,1,2,5.8,organic,C,blue,73,0
CUST109660,21,115.92,529,1,11.3,one-year,0,2,8.6,referral,B,blue,92,1
CUST109661,40,55.28,442,2,2.2,two-year,0,2,8.2,ads,A,white,65,0
CUST109662,52,32.48,508,1,6.7,month-to-month,0,2,7.1,organic,B,white,2,0
CUST109663,41,52.74,494,2,0.0,one-year,1,3,6.6,referral,A,red,58,0
CUST109664,6,139.69,522,2,10.5,month-to-month,1,3,6.4,partner,B,white,35,0
CUST109665,33,61.28,617,2,0.0,one-year,0,4,4.6,referral,B,black,20,0
CUST109666,43,96.24,320,3,1.8,month-to-month,0,4,8.7,organic,B,black,5,0
CUST109667,28,90.57,201,0,0.2,one-year,0,4,1.0,organic,A,black,11,0
CUST109668,24,25.65,509,3,1.1,month-to-month,0,3,4.3,organic,A,black,27,1
CUST109669,30,122.08,687,2,7.1,one-year,1,3,4.0,ads,A,yellow,65,0
CUST109670,46,67.12,437,2,0.3,two-year,1,4,5.9,ads,A,blue,23,0
CUST109671,36,26.07,281,0,0.0,month-to-month,1,3,6.9,organic,A,green,66,0
CUST109672,21,47.44,480,4,1.0,month-to-month,1,1,2.8,partner,A,black,34,1
CUST109673,4,76.64,210,9,13.2,month-to-month,0,5,1.0,ads,A,green,73,1
CUST109674,57,130.04,438,1,0.7,month-to-month,1,5,7.8,ads,C,yellow,39,0
CUST109675,50,66.19,174,3,0.0,one-year,1,4,10.0,ads,C,white,68,0
CUST109676,33,100.54,341,2,10.8,month-to-month,0,3,4.3,ads,C,blue,25,1
CUST109677,37,87.79,712,2,1.6,two-year,1,5,10.0,referral,A,yellow,3,0
CUST109678,65,66.12,255,8,3.9,one-year,0,4,9.6,partner,A,black,43,0
CUST109679,55,34.38,481,1,9.1,month-to-month,1,3,3.1,organic,A,red,34,0
CUST109680,3,133.56,503,4,0.0,month-to-month,0,4,5.1,referral,A,blue,86,1
CUST109681,7,137.52,290,4,6.9,one-year,1,2,2.1,partner,B,blue,10,1
CUST109682,55,44.3,633,4,4.7,month-to-month,0,5,6.5,referral,B,blue,42,0
CUST109683,7,29.81,348,6,13.7,month-to-month,1,3,8.4,referral,A,yellow,59,0
CUST109684,25,147.95,425,3,14.2,one-year,0,1,5.7,ads,C,white,62,0
CUST109685,54,85.89,412,2,0.0,month-to-month,1,4,9.4,referral,A,yellow,38,0
CUST109686,11,55.66,519,9,9.9,one-year,0,1,3.6,ads,A,green,54,1
CUST109687,26,31.91,748,4,10.5,month-to-month,0,1,2.0,partner,B,blue,33,1
CUST109688,25,101.37,305,3,3.4,month-to-month,1,2,7.7,ads,A,blue,70,0
CUST109689,6,106.58,468,3,5.9,two-year,0,1,9.2,organic,B,red,67,0
CUST109690,57,132.32,578,2,11.6,one-year,0,4,7.8,organic,B,red,68,0
CUST109691,47,39.44,286,5,1.3,two-year,1,3,6.9,ads,A,red,70,1
CUST109692,72,147.05,376,0,0.0,two-year,1,5,8.1,organic,A,red,99,0
CUST109693,1,123.86,536,6,7.2,month-to-month,1,1,7.4,referral,C,yellow,74,1
CUST109694,44,142.26,336,6,2.8,two-year,0,3,8.6,partner,A,red,84,0
CUST109695,1,38.86,356,6,9.1,month-to-month,0,5,6.0,ads,C,yellow,47,0
CUST109696,64,128.52,48,7,4.4,month-to-month,1,3,3.5,referral,B,black,45,0
CUST109697,51,106.99,316,2,1.4,two-year,1,3,10.0,ads,C,black,29,0
CUST109698,36,48.03,195,2,0.0,one-year,1,2,6.6,ads,A,yellow,11,0
CUST109699,30,127.31,417,5,8.9,month-to-month,0,1,5.0,ads,A,yellow,10,0
CUST109700,25,116.87,142,3,3.2,month-to-month,1,5,7.8,partner,A,blue,76,0
CUST109701,46,101.91,363,6,7.1,one-year,0,3,9.1,ads,A,black,96,0
CUST109702,46,148.26,441,2,2.7,two-year,1,1,4.1,ads,B,yellow,22,0
CUST109703,62,99.35,395,3,0.0,one-year,1,3,6.7,partner,B,blue,41,0
CUST109704,70,98.52,503,2,8.0,two-year,1,3,7.4,referral,C,green,97,0
CUST109705,17,100.54,491,3,5.9,one-year,0,1,7.9,ads,B,white,3,0
CUST109706,71,90.83,223,2,7.7,month-to-month,0,5,9.7,organic,A,black,98,0
CUST109707,53,144.26,417,1,0.0,month-to-month,1,3,10.0,referral,B,white,18,0
CUST109708,1,136.79,144,4,4.8,month-to-month,1,2,5.5,partner,B,red,29,0
CUST109709,13,113.1,396,3,6.0,month-to-month,0,2,4.8,ads,A,green,28,1
CUST109710,58,127.78,310,3,6.7,month-to-month,0,4,5.3,ads,A,black,90,0
CUST109711,50,72.16,374,2,0.9,month-to-month,1,4,10.0,ads,A,green,73,0
CUST109712,36,146.18,379,3,5.3,month-to-month,0,3,2.2,ads,C,red,2,1
CUST109713,29,108.7,481,3,3.2,month-to-month,0,2,7.6,ads,C,yellow,31,1
CUST109714,33,143.49,413,7,9.2,two-year,0,1,6.1,ads,B,black,33,0
CUST109715,36,83.9,338,6,3.2,two-year,1,6,4.9,partner,A,red,60,0
CUST109716,35,21.25,147,3,11.8,one-year,1,4,8.7,referral,B,black,16,0
CUST109717,1,44.75,503,2,11.4,month-to-month,0,1,3.3,ads,A,red,32,1
CUST109718,28,111.55,250,1,2.0,month-to-month,0,5,8.1,referral,A,red,71,0
CUST109719,39,86.92,210,4,8.5,month-to-month,1,3,4.7,ads,B,black,1,1
CUST109720,26,124.25,275,2,2.9,month-to-month,1,2,1.8,ads,A,green,43,0
CUST109721,39,60.36,530,2,7.6,month-to-month,1,2,7.7,partner,C,black,17,0
CUST109722,41,140.99,399,1,9.0,two-year,1,3,6.9,organic,C,black,11,0
CUST109723,41,30.27,496,1,6.3,month-to-month,0,5,3.1,ads,A,black,80,1
CUST109724,44,133.04,276,1,4.2,month-to-month,0,4,4.1,ads,B,green,49,0
CUST109725,16,101.58,387,2,7.3,month-to-month,1,5,2.8,referral,A,green,74,1
CUST109726,45,128.9,665,4,1.2,month-to-month,0,3,7.8,ads,A,yellow,93,0
CUST109727,31,108.55,376,7,2.6,month-to-month,0,2,6.9,ads,B,blue,55,1
CUST109728,45,131.66,281,3,6.4,month-to-month,1,4,7.3,ads,A,white,60,0
CUST109729,19,83.04,347,2,0.0,month-to-month,1,4,8.9,ads,A,green,73,0
CUST109730,24,92.13,485,3,6.2,month-to-month,0,5,3.7,partner,A,yellow,76,1
CUST109731,72,21.73,604,2,2.0,one-year,1,6,9.2,referral,B,blue,25,0
CUST109732,50,120.41,106,1,6.4,one-year,1,3,8.4,partner,B,blue,56,0
CUST109733,28,34.54,390,4,5.2,month-to-month,0,1,5.0,ads,B,yellow,73,1
CUST109734,64,99.64,339,1,0.0,two-year,1,1,10.0,organic,B,white,45,0
CUST109735,19,77.87,375,4,7.6,month-to-month,1,3,8.4,referral,A,blue,68,0
CUST109736,69,146.09,302,1,3.6,two-year,0,3,6.4,referral,A,white,7,0
CUST109737,38,64.17,297,7,5.8,one-year,1,4,3.2,partner,A,red,37,0
CUST109738,55,114.0,260,2,0.0,two-year,1,3,7.5,ads,A,red,38,0
CUST109739,16,121.81,304,2,7.1,two-year,0,5,6.7,ads,A,black,43,0
CUST109740,38,147.55,392,3,0.0,month-to-month,0,1,5.8,ads,C,blue,33,0
CUST109741,30,41.56,397,4,8.3,month-to-month,0,2,6.3,ads,B,yellow,49,1
CUST109742,43,121.69,484,1,13.3,month-to-month,0,2,1.0,partner,A,black,67,1
CUST109743,34,67.34,439,3,3.9,month-to-month,1,4,5.6,ads,B,black,67,0
CUST109744,28,71.07,432,1,1.3,month-to-month,0,3,5.6,organic,A,red,15,1
CUST109745,34,90.21,524,5,0.0,one-year,1,3,9.7,ads,B,black,53,0
CUST109746,27,70.76,267,0,2.1,one-year,1,4,5.9,organic,B,white,25,0
CUST109747,5,89.06,336,3,16.2,month-to-month,0,4,3.8,ads,C,yellow,70,0
CUST109748,47,83.51,358,0,3.9,month-to-month,0,3,6.4,ads,B,red,27,1
CUST109749,70,33.74,404,2,2.4,month-to-month,1,2,7.2,ads,A,red,8,0
CUST109750,27,23.1,529,5,2.1,month-to-month,0,3,5.7,organic,B,green,62,0
CUST109751,32,29.48,443,1,2.4,month-to-month,1,4,10.0,referral,A,white,79,0
CUST109752,1,109.99,564,5,0.7,month-to-month,0,2,8.1,partner,A,blue,33,1
CUST109753,50,112.06,620,2,2.8,one-year,1,2,6.3,referral,A,red,96,0
CUST109754,55,63.34,361,5,3.9,one-year,0,2,5.5,ads,A,red,74,0
CUST109755,39,43.81,194,0,6.3,month-to-month,1,4,7.0,referral,A,white,69,0
CUST109756,44,109.55,575,4,0.0,month-to-month,0,5,4.2,organic,B,black,84,0
CUST109757,37,41.76,391,1,3.8,month-to-month,1,2,7.6,organic,B,black,88,0
CUST109758,60,123.58,386,7,8.0,month-to-month,1,3,10.0,ads,A,white,1,0
CUST109759,32,87.91,503,5,5.5,month-to-month,0,4,4.9,ads,B,blue,82,0
CUST109760,22,24.58,404,6,7.6,one-year,1,3,2.9,ads,A,blue,89,0
CUST109761,28,65.87,406,4,5.9,month-to-month,0,4,4.7,ads,B,red,17,1
CUST109762,17,139.85,419,1,0.0,one-year,1,2,7.0,organic,B,red,38,0
CUST109763,18,102.99,297,5,1.3,month-to-month,0,3,4.9,referral,B,blue,34,1
CUST109764,26,132.32,316,0,3.9,month-to-month,0,1,5.9,referral,B,blue,71,0
CUST109765,48,117.21,554,2,0.3,two-year,1,2,7.9,referral,C,blue,47,0
CUST109766,42,110.75,557,6,0.0,one-year,1,3,8.1,organic,B,white,61,0
CUST109767,29,27.69,425,6,8.7,month-to-month,0,2,8.9,referral,C,black,2,0
CUST109768,36,89.37,390,3,3.9,two-year,0,4,8.2,referral,A,green,53,0
CUST109769,13,69.44,504,11,10.5,month-to-month,0,1,1.9,ads,C,green,42,1
CUST109770,14,89.91,384,10,13.6,month-to-month,0,1,1.0,ads,B,yellow,29,1
CUST109771,37,64.85,440,2,4.0,two-year,0,4,7.4,ads,B,red,20,0
CUST109772,7,146.57,665,1,0.0,one-year,1,2,2.3,organic,C,green,16,0
CUST109773,34,141.53,615,3,0.0,month-to-month,0,2,3.9,referral,C,black,6,0
CUST109774,59,134.3,259,3,7.4,one-year,0,3,3.9,ads,B,blue,15,1
CUST109775,48,47.95,442,0,0.0,one-year,1,4,9.8,referral,B,black,67,0
CUST109776,23,110.91,270,2,2.0,month-to-month,0,4,6.4,referral,B,black,52,1
CUST109777,30,130.69,513,1,4.9,one-year,0,3,8.9,ads,A,yellow,11,0
CUST109778,48,99.46,290,3,0.0,month-to-month,1,3,6.1,referral,B,red,45,0
CUST109779,51,122.11,626,3,0.4,one-year,1,2,2.6,ads,A,green,49,0
CUST109780,46,89.9,261,4,3.9,month-to-month,1,2,5.6,ads,A,yellow,10,0
CUST109781,33,82.95,282,0,1.4,month-to-month,1,4,10.0,ads,A,white,72,0
CUST109782,8,108.29,251,6,0.8,month-to-month,0,3,4.9,partner,C,green,26,1
CUST109783,35,57.39,339,2,4.2,two-year,0,4,4.5,ads,C,blue,39,0
CUST109784,28,136.14,471,4,8.5,month-to-month,0,2,1.3,ads,A,blue,58,1
CUST109785,20,61.72,556,4,3.8,two-year,0,4,9.0,organic,A,black,79,0
CUST109786,29,27.62,308,0,0.5,two-year,0,1,5.3,organic,B,black,55,0
CUST109787,47,111.51,520,2,0.0,month-to-month,1,4,10.0,ads,C,black,57,0
CUST109788,31,139.07,375,2,12.5,month-to-month,0,3,5.3,ads,A,black,66,0
CUST109789,37,68.74,239,2,8.5,month-to-month,1,1,4.2,ads,B,blue,54,1
CUST109790,59,50.9,545,2,6.4,month-to-month,1,5,9.8,ads,B,blue,1,0
CUST109791,60,80.49,375,2,0.0,month-to-month,1,5,5.3,ads,B,black,48,0
CUST109792,34,131.45,346,4,6.2,two-year,0,4,4.2,referral,C,white,55,0
CUST109793,7,99.26,639,3,4.4,one-year,1,1,3.5,ads,B,yellow,26,1
CUST109794,11,90.28,521,0,0.0,month-to-month,0,3,7.0,ads,C,blue,63,1
CUST109795,23,143.99,740,3,4.0,one-year,1,3,10.0,organic,B,red,68,0
CUST109796,29,83.86,388,2,7.2,two-year,1,3,5.7,partner,B,blue,78,0
CUST109797,35,47.54,458,4,8.8,one-year,0,4,3.7,ads,A,blue,41,1
CUST109798,46,58.49,278,6,0.0,month-to-month,0,4,3.5,organic,B,yellow,33,0
CUST109799,22,83.09,528,6,8.2,month-to-month,0,3,2.8,organic,C,red,83,1
CUST109800,40,73.49,342,1,0.3,month-to-month,1,3,5.6,referral,A,green,71,0
CUST109801,40,74.98,265,2,7.1,month-to-month,0,5,7.7,referral,B,blue,48,0
CUST109802,48,67.72,323,1,0.0,two-year,0,3,10.0,partner,B,yellow,50,0
CUST109803,39,143.45,427,3,6.0,month-to-month,1,1,6.4,partner,B,yellow,83,0
CUST109804,34,20.3,750,2,1.9,month-to-month,1,3,5.7,referral,B,black,33,0
CUST109805,3,98.33,439,5,10.9,month-to-month,0,2,3.3,organic,B,black,54,1
CUST109806,50,118.63,389,3,5.2,month-to-month,0,2,5.8,organic,A,white,72,0
CUST109807,56,92.36,515,1,0.9,one-year,0,4,8.7,organic,C,green,5,0
CUST109808,1,132.3,445,2,9.0,month-to-month,0,1,6.2,organic,B,white,81,1
CUST109809,46,144.75,212,4,4.3,month-to-month,0,4,5.4,organic,C,blue,17,0
CUST109810,18,40.17,456,2,8.7,month-to-month,1,1,8.4,ads,A,black,4,0
CUST109811,22,66.55,587,4,2.8,month-to-month,1,2,9.2,organic,A,green,15,0
CUST109812,43,69.83,390,2,1.9,month-to-month,0,4,6.4,ads,C,green,47,0
CUST109813,58,138.05,454,1,0.0,one-year,1,3,7.5,organic,B,blue,48,0
CUST109814,41,113.59,442,3,0.0,two-year,1,2,5.7,ads,C,black,8,0
CUST109815,38,129.15,557,3,0.0,one-year,1,5,6.9,ads,A,green,38,0
CUST109816,31,136.42,357,1,0.0,month-to-month,1,5,6.0,ads,C,green,86,0
CUST109817,42,21.63,386,4,3.1,one-year,0,2,8.1,partner,B,black,65,0
CUST109818,21,60.67,449,1,9.3,month-to-month,0,2,2.1,ads,A,white,92,1
CUST109819,72,43.89,349,2,0.0,one-year,0,4,7.2,organic,B,red,37,0
CUST109820,48,148.52,315,2,0.0,two-year,0,4,7.5,ads,A,black,91,0
CUST109821,27,66.46,503,1,6.6,two-year,1,2,8.7,ads,A,white,65,0
CUST109822,19,93.73,550,9,7.5,one-year,0,1,9.2,ads,A,black,69,0
CUST109823,31,32.18,339,7,4.5,month-to-month,0,3,3.5,organic,A,red,86,1
CUST109824,53,92.1,362,2,5.5,one-year,0,4,5.1,referral,C,red,1,0
CUST109825,39,119.6,420,6,4.4,month-to-month,0,2,1.0,organic,B,yellow,32,1
CUST109826,10,107.19,493,8,13.2,one-year,0,1,2.0,partner,C,white,54,1
CUST109827,15,93.0,375,0,7.1,month-to-month,0,3,2.4,organic,A,red,6,1
CUST109828,26,47.35,359,3,1.8,one-year,0,3,6.3,ads,B,blue,34,0
CUST109829,32,108.46,482,2,4.6,month-to-month,0,3,5.1,partner,B,red,10,1
CUST109830,58,29.28,284,1,7.3,month-to-month,0,5,5.8,referral,C,blue,54,0
CUST109831,34,36.33,383,4,8.4,month-to-month,0,1,4.7,partner,A,black,33,1
CUST109832,7,58.26,0,4,0.0,month-to-month,0,2,6.7,organic,B,black,31,1
CUST109833,21,52.14,429,6,1.9,one-year,1,2,6.2,referral,A,yellow,97,0
CUST109834,53,55.38,428,0,0.0,two-year,1,4,7.9,referral,C,blue,42,0
CUST109835,36,69.44,446,4,0.0,month-to-month,1,3,5.0,organic,C,yellow,50,1
CUST109836,42,28.61,141,2,0.0,month-to-month,0,3,9.1,referral,B,black,63,0
CUST109837,56,76.69,323,1,3.6,one-year,1,2,10.0,referral,B,red,73,0
CUST109838,34,103.36,506,2,4.2,month-to-month,0,1,9.6,organic,B,blue,77,0
CUST109839,38,100.29,720,4,3.4,one-year,0,1,6.4,ads,A,red,92,0
CUST109840,31,28.36,494,4,5.4,month-to-month,1,3,7.5,ads,A,yellow,49,0
CUST109841,23,66.64,675,1,6.0,month-to-month,1,3,9.3,organic,B,green,79,1
CUST109842,14,80.2,603,3,5.7,month-to-month,0,4,6.2,ads,C,white,31,1
CUST109843,19,34.97,457,5,5.8,one-year,1,3,4.8,ads,C,green,21,1
CUST109844,33,101.46,548,1,4.0,two-year,0,5,5.7,ads,C,green,23,0
CUST109845,46,115.66,656,5,0.0,month-to-month,0,3,7.2,referral,B,yellow,45,0
CUST109846,40,21.01,431,0,2.4,one-year,1,3,6.0,partner,B,blue,14,0
CUST109847,40,128.2,276,1,4.2,one-year,0,2,6.6,referral,A,white,43,0
CUST109848,30,99.01,478,1,8.2,month-to-month,0,2,3.1,ads,C,black,78,1
CUST109849,40,20.69,391,2,1.3,month-to-month,0,4,8.4,referral,A,white,76,0
CUST109850,30,106.03,359,4,2.9,month-to-month,0,1,3.8,ads,B,green,52,1
CUST109851,51,126.11,428,2,8.1,month-to-month,0,4,6.3,partner,B,blue,11,0
CUST109852,43,133.97,327,4,0.4,month-to-month,1,4,8.4,referral,A,black,96,0
CUST109853,28,84.68,359,2,2.0,month-to-month,1,3,6.6,ads,A,blue,72,0
CUST109854,29,66.29,347,4,2.6,two-year,1,3,7.0,organic,A,yellow,58,0
CUST109855,63,64.63,361,0,0.9,two-year,0,3,7.0,organic,B,yellow,97,0
CUST109856,9,29.4,358,4,5.4,one-year,1,3,6.1,organic,B,white,24,0
CUST109857,58,53.24,600,3,3.0,one-year,1,4,5.0,ads,A,green,24,0
CUST109858,25,46.46,263,2,3.6,one-year,0,5,3.8,organic,A,red,86,0
CUST109859,51,102.16,561,3,0.0,two-year,1,4,10.0,organic,C,white,35,0
CUST109860,54,41.96,703,6,5.7,two-year,1,4,7.9,referral,C,blue,61,0
CUST109861,57,110.92,292,0,2.9,month-to-month,1,2,9.0,ads,B,green,99,0
CUST109862,21,104.84,412,2,1.0,one-year,0,6,7.3,referral,A,red,23,0
CUST109863,7,82.01,405,2,5.2,one-year,0,3,2.0,referral,B,green,16,1
CUST109864,42,22.08,201,3,2.1,one-year,1,2,6.5,partner,B,white,57,0
CUST109865,71,68.77,483,4,0.0,one-year,0,5,8.1,organic,B,black,99,0
CUST109866,59,35.36,461,3,2.1,month-to-month,1,1,7.8,ads,C,black,48,0
CUST109867,34,124.46,564,2,5.6,month-to-month,1,2,6.4,ads,A,blue,90,0
CUST109868,4,131.04,473,3,6.0,one-year,1,3,4.1,referral,A,blue,32,0
CUST109869,33,25.63,445,1,5.6,month-to-month,0,3,4.2,referral,B,blue,28,0
CUST109870,42,82.13,331,2,17.4,month-to-month,0,4,7.4,referral,C,black,43,1
CUST109871,16,116.89,181,0,9.0,two-year,0,1,1.7,organic,B,yellow,18,0
CUST109872,19,60.26,499,5,0.0,one-year,0,2,5.4,ads,B,green,5,1
CUST109873,55,90.11,622,4,1.5,month-to-month,1,4,8.7,organic,B,green,71,0
CUST109874,26,127.49,234,4,7.6,month-to-month,1,4,9.0,referral,B,yellow,94,0
CUST109875,64,74.04,513,5,3.0,month-to-month,1,3,7.6,partner,C,white,43,0
CUST109876,72,38.45,411,0,0.0,two-year,1,4,10.0,referral,B,green,11,0
CUST109877,30,139.9,294,5,0.8,two-year,0,3,5.0,ads,C,yellow,14,0
CUST109878,24,71.08,617,8,6.9,month-to-month,0,3,3.3,partner,C,black,87,1
CUST109879,47,65.94,459,1,0.0,one-year,1,1,8.0,organic,C,blue,81,0
CUST109880,36,99.4,453,2,3.0,one-year,0,3,4.9,partner,B,red,33,1
CUST109881,58,127.73,223,4,3.2,one-year,0,1,7.2,ads,A,green,12,0
CUST109882,35,145.85,635,5,13.5,month-to-month,0,2,3.5,organic,B,yellow,80,1
CUST109883,44,102.71,329,2,6.0,month-to-month,0,3,6.5,ads,A,yellow,71,0
CUST109884,56,64.8,463,4,0.1,two-year,1,4,7.4,organic,C,black,12,0
CUST109885,31,76.99,549,2,5.6,month-to-month,0,1,7.8,ads,B,black,77,1
CUST109886,40,108.9,467,4,8.1,month-to-month,1,2,7.5,organic,B,blue,87,0
CUST109887,47,145.79,531,7,5.5,one-year,1,2,4.6,organic,C,red,10,0
CUST109888,47,147.9,555,4,4.5,one-year,1,3,7.2,ads,C,yellow,45,0
CUST109889,35,107.05,725,4,12.1,one-year,0,3,7.8,ads,B,green,99,0
CUST109890,53,67.07,252,0,0.0,one-year,1,2,9.5,referral,C,yellow,36,0
CUST109891,43,76.64,421,2,5.1,one-year,1,4,5.0,ads,B,red,64,0
CUST109892,23,141.91,620,3,3.5,two-year,0,3,4.3,organic,B,blue,7,0
CUST109893,23,114.81,415,1,0.0,month-to-month,1,5,4.4,ads,A,red,48,0
CUST109894,10,64.02,131,1,0.0,month-to-month,0,2,8.9,partner,B,yellow,62,0
CUST109895,13,87.0,607,2,2.6,month-to-month,1,4,7.6,ads,B,red,40,1
CUST109896,17,83.14,440,4,10.7,month-to-month,0,2,4.7,ads,C,white,91,1
CUST109897,25,129.69,289,4,4.3,month-to-month,0,2,4.9,ads,A,black,84,1
CUST109898,72,21.93,451,0,0.0,month-to-month,1,6,9.0,organic,B,green,56,0
CUST109899,45,115.59,490,1,7.1,month-to-month,1,3,8.1,referral,B,blue,93,0
CUST109900,51,43.29,315,1,0.0,two-year,1,4,6.2,ads,C,green,16,0
CUST109901,45,60.78,405,3,1.3,month-to-month,1,3,6.6,organic,B,green,55,0
CUST109902,46,106.6,505,4,7.5,one-year,0,2,2.2,organic,C,white,35,1
CUST109903,27,125.44,298,3,3.9,one-year,1,4,8.7,ads,C,black,32,0
CUST109904,44,115.25,518,6,2.4,two-year,0,4,4.8,organic,B,yellow,90,0
CUST109905,19,56.41,641,6,10.0,one-year,1,1,1.4,ads,A,white,90,1
CUST109906,61,87.53,180,2,0.0,month-to-month,0,3,8.2,ads,C,black,49,0
CUST109907,72,60.94,446,1,0.0,two-year,1,1,7.8,ads,A,red,67,0
CUST109908,56,80.15,482,1,2.4,month-to-month,1,3,7.2,partner,A,white,42,0
CUST109909,71,99.8,440,1,0.0,one-year,1,6,8.7,referral,B,yellow,66,0
CUST109910,41,27.61,526,4,4.6,month-to-month,1,5,8.0,ads,A,yellow,39,0
CUST109911,45,144.51,463,1,4.0,one-year,1,4,7.6,organic,B,yellow,60,0
CUST109912,45,91.26,546,2,10.7,month-to-month,0,4,8.6,organic,C,white,38,0
CUST109913,53,77.47,528,1,1.1,two-year,1,5,7.7,referral,B,blue,33,0
CUST109914,33,82.05,288,2,10.1,one-year,0,4,9.6,referral,B,white,89,0
CUST109915,54,128.5,225,0,0.0,month-to-month,0,2,7.4,referral,C,green,9,0
CUST109916,49,35.36,260,4,5.9,month-to-month,1,3,10.0,organic,A,green,75,0
CUST109917,25,137.69,636,3,2.5,month-to-month,0,1,7.6,organic,B,blue,63,1
CUST109918,47,50.16,334,3,4.7,one-year,1,2,6.3,partner,B,black,86,0
CUST109919,36,109.81,438,1,4.3,month-to-month,0,3,7.8,referral,C,blue,73,0
CUST109920,29,92.34,545,4,12.5,one-year,1,3,4.5,ads,B,black,59,0
CUST109921,49,119.22,408,4,0.0,month-to-month,0,1,6.4,ads,B,white,18,1
CUST109922,4,39.83,524,3,17.7,month-to-month,0,1,1.6,partner,A,yellow,83,1
CUST109923,54,126.19,506,2,0.0,one-year,1,2,6.6,partner,A,red,3,0
CUST109924,57,104.56,339,2,3.5,two-year,0,3,10.0,referral,B,black,92,0
CUST109925,15,121.22,269,3,7.9,one-year,0,2,3.6,ads,C,blue,45,0
CUST109926,33,83.49,536,5,10.6,month-to-month,0,3,4.1,organic,C,yellow,4,0
CUST109927,21,127.62,481,1,0.0,month-to-month,0,4,6.0,ads,A,red,76,1
CUST109928,60,121.21,348,2,0.0,one-year,1,3,7.4,organic,A,white,29,0
CUST109929,58,41.93,557,1,7.6,two-year,1,4,8.0,referral,B,black,56,0
CUST109930,22,145.68,400,1,7.1,month-to-month,0,4,4.6,ads,B,white,56,0
CUST109931,59,146.33,458,4,0.0,month-to-month,0,3,6.0,ads,B,green,5,1
CUST109932,60,147.79,460,1,0.0,month-to-month,1,2,9.5,ads,A,green,76,0
CUST109933,38,32.82,365,3,3.2,month-to-month,1,1,7.7,ads,A,green,40,0
CUST109934,46,117.24,305,5,8.4,month-to-month,1,3,6.1,ads,C,blue,52,0
CUST109935,52,103.2,605,2,2.2,month-to-month,0,5,7.8,partner,B,green,48,0
CUST109936,25,146.77,627,1,2.3,one-year,0,1,4.9,referral,C,white,46,0
CUST109937,49,99.18,316,2,0.4,two-year,1,4,6.5,organic,A,blue,14,0
CUST109938,27,108.97,399,2,14.5,month-to-month,0,3,2.5,partner,A,blue,62,1
CUST109939,7,27.0,510,5,13.4,month-to-month,0,3,3.6,partner,C,white,87,1
CUST109940,36,62.53,476,7,8.5,two-year,0,3,4.1,partner,C,white,20,1
CUST109941,72,102.07,626,0,0.0,month-to-month,1,4,6.5,referral,A,red,35,0
CUST109942,54,58.98,491,0,0.0,one-year,1,4,8.8,organic,A,blue,69,0
CUST109943,57,75.81,455,2,0.0,one-year,1,3,6.1,referral,A,white,54,0
CUST109944,21,131.03,188,3,8.1,month-to-month,1,1,8.6,ads,B,yellow,87,0
CUST109945,1,146.03,184,5,7.8,month-to-month,0,4,2.8,partner,B,yellow,20,1
CUST109946,20,147.48,340,4,5.9,one-year,0,1,4.8,ads,A,black,55,1
CUST109947,28,85.58,366,6,5.3,month-to-month,0,1,4.7,partner,A,blue,97,1
CUST109948,34,80.07,439,4,4.6,month-to-month,1,4,4.1,partner,C,blue,65,1
CUST109949,37,76.28,539,3,5.5,one-year,1,3,10.0,organic,A,green,58,0
CUST109950,44,20.28,408,3,4.8,two-year,0,4,8.0,partner,A,red,50,0
CUST109951,55,100.47,353,1,0.0,one-year,0,4,10.0,ads,A,yellow,39,0
CUST109952,25,27.88,499,7,10.8,month-to-month,1,2,4.3,ads,A,yellow,39,1
CUST109953,25,139.17,379,3,0.0,one-year,0,3,4.3,organic,B,blue,11,1
CUST109954,42,63.01,474,5,4.9,month-to-month,0,3,8.7,organic,B,green,40,0
CUST109955,26,86.73,288,2,0.0,one-year,1,5,9.4,referral,A,white,96,0
CUST109956,50,137.57,469,3,0.0,month-to-month,1,5,7.4,partner,A,yellow,43,0
CUST109957,5,111.95,352,7,2.4,month-to-month,1,3,10.0,ads,B,green,32,1
CUST109958,30,36.6,531,1,7.9,month-to-month,0,1,7.0,organic,B,black,52,0
CUST109959,25,110.01,391,3,4.5,one-year,1,4,4.9,ads,C,yellow,10,0
CUST109960,21,97.43,397,1,8.7,month-to-month,0,4,3.1,partner,C,blue,89,1
CUST109961,21,122.34,325,1,10.2,month-to-month,1,2,4.8,ads,A,white,25,0
CUST109962,44,30.63,566,4,1.0,two-year,1,2,10.0,ads,C,black,51,0
CUST109963,20,144.7,458,1,10.2,one-year,0,3,5.8,organic,C,black,82,0
CUST109964,70,28.11,632,2,0.0,two-year,0,3,10.0,partner,A,green,34,0
CUST109965,55,80.83,450,4,0.0,month-to-month,0,3,8.0,partner,A,white,20,0
CUST109966,28,109.79,233,8,11.9,one-year,0,2,7.7,referral,B,yellow,46,1
CUST109967,29,113.91,533,3,0.0,month-to-month,1,3,7.2,ads,B,black,16,0
CUST109968,28,54.37,565,7,2.7,month-to-month,1,1,7.3,organic,C,yellow,73,0
CUST109969,23,103.36,379,6,9.2,one-year,0,4,6.8,organic,B,red,65,0
CUST109970,4,26.75,274,3,0.0,month-to-month,0,3,4.1,organic,C,black,37,1
CUST109971,30,64.85,663,1,1.3,month-to-month,0,2,6.6,ads,B,blue,30,0
CUST109972,59,141.39,447,2,0.8,month-to-month,1,4,8.4,ads,A,yellow,82,0
CUST109973,48,79.57,557,1,5.9,month-to-month,0,4,10.0,referral,C,blue,31,0
CUST109974,72,131.25,341,2,1.4,one-year,1,3,6.0,referral,A,black,74,0
CUST109975,25,38.97,459,1,0.3,month-to-month,1,3,2.0,partner,C,blue,68,1
CUST109976,51,79.23,405,1,0.0,two-year,0,2,8.5,organic,A,white,67,0
CUST109977,19,99.39,398,2,2.4,month-to-month,0,1,7.0,ads,B,yellow,35,0
CUST109978,19,60.43,457,4,0.0,one-year,1,1,5.1,organic,B,white,10,0
CUST109979,5,147.31,84,4,6.7,month-to-month,0,1,1.8,ads,B,green,4,1
CUST109980,35,86.19,531,4,11.3,two-year,0,5,6.0,ads,B,red,56,0
CUST109981,30,56.07,533,6,7.3,month-to-month,0,3,2.6,referral,C,black,97,1
CUST109982,35,106.2,347,4,4.1,one-year,1,1,8.4,partner,A,blue,42,1
CUST109983,58,129.99,481,1,0.0,month-to-month,0,3,6.3,organic,C,green,70,0
CUST109984,50,62.19,609,4,0.0,month-to-month,1,3,4.6,ads,A,green,87,0
CUST109985,49,78.74,360,7,7.5,month-to-month,0,2,6.7,ads,B,black,92,0
CUST109986,40,143.12,440,3,9.2,month-to-month,1,3,6.3,organic,A,yellow,74,0
CUST109987,26,37.81,346,6,10.0,month-to-month,0,3,2.9,ads,C,yellow,94,1
CUST109988,52,44.86,221,4,10.0,one-year,1,2,6.9,referral,C,yellow,67,0
CUST109989,38,149.82,379,4,5.0,month-to-month,0,2,6.8,organic,A,green,11,0
CUST109990,44,77.0,350,0,0.0,two-year,1,3,5.5,ads,A,green,75,0
CUST109991,44,92.68,482,7,0.5,month-to-month,1,4,6.4,organic,C,red,9,0
CUST109992,53,86.88,579,2,3.6,one-year,0,3,5.5,referral,A,white,22,0
CUST109993,3,102.02,460,7,7.8,month-to-month,1,2,2.0,partner,C,blue,31,0
CUST109994,46,78.15,381,3,2.8,two-year,0,3,9.3,organic,C,yellow,41,0
CUST109995,68,65.77,341,2,3.2,month-to-month,1,3,7.7,organic,B,black,29,0
CUST109996,1,68.65,565,7,8.6,month-to-month,0,4,3.2,ads,B,yellow,81,1
CUST109997,9,100.75,558,1,8.2,month-to-month,1,2,4.2,partner,B,blue,59,0
CUST109998,39,76.3,377,4,0.0,one-year,1,5,7.9,ads,B,green,64,0
CUST109999,49,74.77,456,2,9.3,month-to-month,0,2,8.7,organic,A,blue,80,0
CUST110000,7,62.11,468,2,11.7,one-year,0,4,9.4,partner,B,green,47,0
CUST110001,30,127.23,329,7,6.1,month-to-month,1,3,5.7,ads,A,yellow,78,0
CUST110002,46,41.18,407,10,2.8,month-to-month,0,3,3.0,partner,A,red,85,1
CUST110003,38,98.66,314,1,4.6,month-to-month,0,2,5.8,organic,B,red,22,0
CUST110004,64,146.36,622,1,0.0,month-to-month,1,4,9.8,organic,A,red,20,0
CUST110005,18,45.22,290,7,8.0,two-year,1,3,4.0,partner,A,white,56,0
CUST110006,36,74.24,341,2,0.0,month-to-month,1,4,5.3,ads,B,black,25,0
CUST110007,39,113.32,501,6,2.0,month-to-month,0,1,4.0,ads,B,blue,37,0
CUST110008,31,76.0,422,3,8.0,two-year,0,1,4.3,partner,A,green,74,0
CUST110009,28,21.32,403,2,7.1,two-year,0,2,5.8,organic,A,red,53,0
CUST110010,35,112.04,580,3,2.7,one-year,1,3,8.3,ads,B,blue,33,0
CUST110011,70,113.25,467,2,0.2,month-to-month,1,2,7.6,organic,B,red,43,0
CUST110012,6,118.07,395,3,4.1,month-to-month,0,1,5.9,organic,C,green,50,1
CUST110013,44,86.26,365,3,3.4,month-to-month,1,1,5.0,referral,A,blue,64,0
CUST110014,39,59.43,319,1,0.0,month-to-month,1,2,8.7,referral,C,green,47,0
CUST110015,36,121.45,329,1,2.3,two-year,0,6,5.7,organic,C,blue,94,0
CUST110016,28,54.72,367,6,16.0,month-to-month,1,3,2.9,organic,B,black,73,1
CUST110017,10,46.23,364,3,3.1,two-year,0,3,6.2,referral,A,red,3,1
CUST110018,5,54.75,323,2,7.8,two-year,0,3,2.5,referral,B,black,80,1
CUST110019,59,53.05,525,2,0.0,one-year,1,2,10.0,referral,C,green,2,0
CUST110020,44,65.32,529,0,5.0,one-year,1,5,9.1,referral,B,red,69,0
CUST110021,58,149.2,302,0,8.3,one-year,0,4,6.0,ads,A,red,93,0
CUST110022,28,34.06,558,3,0.8,month-to-month,1,4,7.9,organic,A,yellow,39,0
CUST110023,45,77.04,341,4,6.3,one-year,1,4,2.2,ads,B,white,77,0
CUST110024,25,138.84,218,1,0.0,month-to-month,1,4,10.0,referral,B,red,30,0
CUST110025,48,20.88,283,1,0.0,two-year,1,4,10.0,organic,C,black,90,0
CUST110026,23,138.98,544,3,14.0,two-year,1,3,7.1,referral,B,blue,64,1
CUST110027,61,33.18,575,5,2.9,month-to-month,0,1,6.7,referral,C,white,55,0
CUST110028,1,77.8,355,6,16.4,month-to-month,1,4,1.7,organic,C,red,27,1
CUST110029,33,48.56,503,3,12.5,one-year,1,1,4.2,partner,C,white,16,0
CUST110030,20,106.17,390,3,3.3,month-to-month,0,5,4.7,referral,B,green,44,1
CUST110031,71,147.94,701,1,0.7,month-to-month,1,5,7.6,referral,A,blue,59,0
CUST110032,48,121.03,156,5,0.0,two-year,0,4,9.2,ads,C,black,92,0
CUST110033,32,117.89,483,2,7.8,month-to-month,0,1,5.0,organic,B,white,36,0
CUST110034,34,80.86,471,5,10.0,month-to-month,0,2,4.2,ads,B,yellow,68,1
CUST110035,32,94.85,669,1,5.1,month-to-month,0,5,7.5,ads,A,red,27,0
CUST110036,36,89.46,518,1,3.0,one-year,0,3,3.1,ads,B,red,14,0
CUST110037,34,67.81,185,8,6.1,month-to-month,0,2,9.4,ads,A,black,91,1
CUST110038,52,145.91,375,1,4.0,two-year,1,3,9.5,organic,A,black,27,0
CUST110039,52,134.84,484,0,0.0,one-year,1,5,10.0,referral,C,red,39,0
CUST110040,34,135.88,328,3,8.3,two-year,1,1,8.3,ads,B,red,73,0
CUST110041,46,53.87,399,4,4.6,month-to-month,1,4,7.9,organic,C,white,21,0
CUST110042,37,117.39,373,3,4.2,month-to-month,0,2,6.6,ads,C,black,38,0
CUST110043,36,92.56,354,6,0.0,month-to-month,0,4,9.3,organic,C,red,15,1
CUST110044,5,94.44,391,2,5.6,month-to-month,0,5,4.4,partner,B,yellow,64,1
CUST110045,60,41.61,411,2,3.4,two-year,0,2,7.5,ads,C,red,50,0
CUST110046,31,79.13,526,3,0.0,month-to-month,1,2,9.6,organic,C,red,22,0
CUST110047,53,84.07,336,3,5.4,two-year,0,3,2.0,partner,A,yellow,16,0
CUST110048,44,109.32,400,2,6.3,one-year,1,5,8.0,organic,B,yellow,9,0
CUST110049,22,98.22,516,2,11.5,one-year,1,4,8.5,referral,C,green,20,0
CUST110050,34,51.93,493,3,5.6,one-year,1,3,1.0,ads,B,blue,95,1
CUST110051,47,28.41,204,1,1.7,one-year,1,4,8.0,organic,A,blue,48,0
CUST110052,48,129.66,310,6,7.8,month-to-month,1,4,4.1,partner,C,yellow,64,0
CUST110053,20,100.21,339,2,7.1,one-year,0,2,5.6,referral,B,white,10,1
CUST110054,33,92.7,342,3,4.3,month-to-month,1,4,4.7,partner,B,red,84,0
CUST110055,15,43.97,393,2,0.0,month-to-month,0,4,5.4,ads,B,black,90,1
CUST110056,26,143.94,287,1,5.0,one-year,1,1,8.2,ads,C,white,91,0
CUST110057,1,110.77,92,5,14.0,month-to-month,0,2,3.2,ads,A,green,88,1
CUST110058,36,106.14,299,0,2.6,one-year,0,3,7.7,organic,B,green,77,0
CUST110059,26,68.36,536,3,8.1,month-to-month,1,2,6.7,ads,C,blue,26,0
CUST110060,29,85.08,422,2,5.1,month-to-month,0,3,5.1,ads,C,black,94,1
CUST110061,52,118.95,360,3,6.3,month-to-month,1,3,6.9,ads,B,red,59,0
CUST110062,34,66.86,437,3,2.7,one-year,1,4,6.9,referral,C,blue,10,0
CUST110063,71,143.13,429,1,0.0,one-year,0,3,8.7,referral,A,yellow,81,0
CUST110064,39,69.7,758,1,9.9,month-to-month,0,3,8.3,organic,A,white,85,1
CUST110065,51,66.73,518,4,1.6,month-to-month,1,4,7.2,referral,B,blue,35,0
CUST110066,28,80.57,392,6,2.0,month-to-month,0,5,6.6,ads,B,yellow,48,0
CUST110067,9,95.42,538,0,0.0,one-year,1,6,8.1,referral,A,yellow,50,0
CUST110068,47,73.45,530,2,3.0,month-to-month,0,3,7.6,referral,A,green,51,1
CUST110069,30,41.19,384,1,2.9,month-to-month,0,2,2.7,partner,C,green,22,1
CUST110070,16,74.42,537,6,4.2,two-year,1,2,10.0,referral,A,white,1,0
CUST110071,14,101.2,579,4,3.4,month-to-month,0,1,2.2,partner,A,black,36,1
CUST110072,69,28.91,386,2,4.6,month-to-month,1,4,10.0,organic,A,white,69,0
CUST110073,24,137.03,265,0,1.1,one-year,1,6,8.3,referral,A,green,64,0
CUST110074,54,88.63,520,0,0.0,month-to-month,1,2,8.2,referral,B,black,7,0
CUST110075,36,91.64,395,6,0.0,month-to-month,1,2,5.5,ads,B,yellow,89,0
CUST110076,23,106.27,450,6,12.7,month-to-month,0,1,10.0,ads,A,white,50,1
CUST110077,33,62.8,512,6,1.0,month-to-month,1,3,6.0,organic,A,green,15,0
CUST110078,65,60.24,611,8,4.1,one-year,1,3,7.1,referral,A,red,56,0
CUST110079,19,51.87,367,5,9.8,month-to-month,0,1,4.0,organic,A,white,86,1
CUST110080,55,130.71,373,2,0.0,two-year,0,3,8.1,referral,C,yellow,4,0
CUST110081,30,98.8,468,3,9.6,month-to-month,0,2,4.6,ads,B,blue,61,1
CUST110082,53,24.44,249,4,5.2,two-year,0,4,5.2,referral,C,blue,98,0
CUST110083,53,62.66,366,1,2.7,two-year,0,4,10.0,referral,B,green,52,0
CUST110084,39,32.08,518,2,4.6,month-to-month,1,2,6.2,ads,C,yellow,8,0
CUST110085,5,38.21,429,4,2.2,one-year,1,2,8.6,organic,A,green,32,0
CUST110086,13,99.87,557,4,5.3,one-year,0,4,6.8,ads,B,white,78,0
CUST110087,2,28.56,353,3,16.3,month-to-month,0,1,4.3,ads,B,green,22,1
CUST110088,56,141.45,597,3,6.1,one-year,1,2,8.7,referral,B,black,4,0
CUST110089,50,113.75,427,3,0.0,two-year,1,4,9.9,ads,A,blue,72,0
CUST110090,26,133.77,401,4,6.6,month-to-month,1,3,3.2,ads,A,red,32,0
CUST110091,22,149.3,537,4,9.0,one-year,0,3,7.9,ads,B,yellow,84,0
CUST110092,1,57.04,249,5,11.3,month-to-month,0,3,2.4,organic,A,green,9,1
CUST110093,48,117.73,358,2,14.0,one-year,0,3,6.3,ads,A,yellow,9,1
CUST110094,54,98.51,459,3,3.9,two-year,0,1,7.6,referral,A,red,8,0
CUST110095,72,142.94,483,1,0.0,two-year,1,5,4.4,ads,B,black,72,0
CUST110096,54,113.77,123,0,5.3,two-year,1,4,6.3,referral,A,black,62,0
CUST110097,39,90.49,316,3,0.0,month-to-month,0,3,8.5,referral,A,blue,23,0
CUST110098,55,25.39,410,3,3.1,month-to-month,0,4,6.0,ads,A,green,98,0
CUST110099,19,65.23,407,2,11.6,month-to-month,0,4,6.9,ads,B,white,87,1
CUST110100,40,50.65,500,3,0.0,one-year,0,3,8.8,organic,B,blue,52,0
CUST110101,29,43.51,375,3,0.2,month-to-month,1,1,9.0,ads,A,blue,13,1
CUST110102,19,73.4,287,3,11.0,month-to-month,0,1,3.6,ads,C,blue,40,0
CUST110103,16,86.23,491,4,6.6,month-to-month,1,1,8.1,organic,A,black,95,0
CUST110104,23,74.89,277,5,11.9,month-to-month,0,2,3.4,partner,B,green,61,1
CUST110105,5,55.78,352,3,10.0,month-to-month,1,3,5.5,referral,C,black,26,1
CUST110106,50,110.62,316,5,3.1,one-year,0,3,6.3,referral,B,white,98,0
CUST110107,12,59.15,357,5,11.0,one-year,0,2,7.0,ads,C,blue,89,0
CUST110108,21,86.76,192,4,9.3,month-to-month,0,1,5.9,referral,A,blue,70,1
CUST110109,70,127.47,363,1,1.5,month-to-month,1,4,8.1,referral,B,black,1,0
CUST110110,45,72.33,536,5,2.7,one-year,1,4,4.2,partner,A,blue,31,0
CUST110111,64,148.38,392,1,5.6,two-year,1,3,8.5,ads,A,green,72,0
CUST110112,32,70.32,122,3,11.1,one-year,1,1,5.5,referral,B,blue,24,0
CUST110113,29,65.8,226,2,0.0,two-year,0,3,3.0,organic,A,black,69,0
CUST110114,21,77.16,277,4,2.5,one-year,0,1,1.9,ads,C,black,7,1
CUST110115,32,65.14,388,3,0.0,one-year,0,4,6.8,partner,A,red,30,0
CUST110116,19,106.4,197,6,0.0,month-to-month,1,2,2.2,partner,B,red,54,0
CUST110117,45,119.76,480,1,7.8,month-to-month,0,4,6.8,ads,B,black,77,0
CUST110118,28,56.07,626,4,6.6,month-to-month,1,2,4.7,ads,B,blue,9,0
CUST110119,9,37.22,562,3,4.7,one-year,0,1,5.8,partner,C,green,90,1
CUST110120,72,105.16,496,0,0.0,one-year,1,3,9.0,organic,A,red,76,0
CUST110121,39,47.29,537,2,8.8,one-year,0,1,8.6,referral,B,white,24,0
CUST110122,55,95.41,594,5,7.2,month-to-month,1,4,9.1,referral,B,white,83,0
CUST110123,9,95.01,495,5,11.3,month-to-month,0,1,1.4,partner,A,green,79,1
CUST110124,33,60.83,258,3,7.4,month-to-month,0,2,5.6,organic,B,black,27,0
CUST110125,44,107.14,587,2,1.1,month-to-month,1,5,9.1,ads,C,green,2,0
CUST110126,44,85.41,460,4,3.0,one-year,0,4,6.0,referral,C,black,85,0
CUST110127,27,20.29,359,10,12.0,month-to-month,0,1,2.3,ads,A,blue,66,1
CUST110128,35,100.88,480,5,0.0,one-year,1,3,9.3,partner,B,blue,80,0
CUST110129,15,61.4,373,2,8.9,month-to-month,0,1,3.8,ads,A,black,10,1
CUST110130,49,95.87,358,2,0.0,two-year,1,4,9.0,ads,B,white,19,0
CUST110131,5,81.66,657,1,10.0,month-to-month,0,5,3.3,ads,C,blue,52,1
CUST110132,40,112.79,173,6,5.0,month-to-month,0,1,1.0,organic,C,blue,10,1
CUST110133,13,39.57,397,3,3.3,one-year,0,3,8.3,ads,B,yellow,64,0
CUST110134,33,72.1,303,6,5.2,one-year,0,1,5.7,partner,C,green,65,0
CUST110135,21,66.89,305,2,3.0,one-year,0,4,6.7,referral,A,green,56,0
CUST110136,29,103.98,243,3,6.7,month-to-month,0,3,2.7,partner,C,blue,20,0
CUST110137,28,66.27,397,4,13.2,month-to-month,0,3,1.9,ads,B,blue,37,1
CUST110138,51,31.45,525,0,0.0,two-year,1,2,10.0,referral,C,black,61,0
CUST110139,2,59.24,487,3,7.9,one-year,0,1,5.0,organic,A,white,47,0
CUST110140,20,139.28,442,5,13.0,month-to-month,1,3,6.0,ads,A,blue,71,0
CUST110141,34,133.06,382,2,0.0,month-to-month,0,2,8.0,organic,B,blue,98,0
CUST110142,1,27.27,310,2,5.8,one-year,0,2,8.3,organic,B,blue,4,0
CUST110143,43,116.01,422,5,9.8,two-year,1,2,6.6,partner,B,white,48,0
CUST110144,40,75.41,508,4,12.1,one-year,0,4,6.0,referral,A,white,23,0
CUST110145,32,96.01,375,0,6.9,one-year,1,5,5.7,referral,C,black,74,0
CUST110146,44,81.16,326,8,6.9,month-to-month,1,2,5.8,partner,A,white,69,0
CUST110147,24,116.31,622,0,6.0,month-to-month,1,3,4.6,referral,A,white,94,0
CUST110148,19,62.58,290,4,8.4,month-to-month,0,2,1.8,partner,A,red,28,1
CUST110149,19,111.82,535,2,9.5,month-to-month,0,4,8.3,organic,A,black,60,0
CUST110150,6,96.93,279,5,3.4,month-to-month,0,1,8.1,organic,A,blue,5,0
CUST110151,5,134.38,336,1,13.4,month-to-month,0,1,5.9,partner,A,black,82,1
CUST110152,24,81.01,542,3,0.0,one-year,0,4,3.6,partner,A,white,43,0
CUST110153,33,81.48,453,10,10.7,month-to-month,0,1,7.6,organic,B,red,55,0
CUST110154,42,34.27,374,3,6.8,month-to-month,1,2,8.5,partner,A,blue,39,0
CUST110155,51,26.93,622,4,0.0,one-year,1,3,7.5,organic,A,yellow,84,0
CUST110156,1,78.18,266,5,0.8,two-year,0,2,3.9,ads,A,black,59,0
CUST110157,48,89.62,490,7,11.1,one-year,1,3,5.7,ads,B,black,98,0
CUST110158,45,38.28,582,3,4.6,month-to-month,0,5,6.4,ads,B,blue,39,0
CUST110159,49,134.69,425,5,3.5,one-year,0,1,10.0,organic,A,green,58,0
CUST110160,35,38.93,436,4,15.2,month-to-month,0,2,3.6,ads,A,red,48,1
CUST110161,53,100.76,450,2,3.1,one-year,1,3,4.3,ads,A,white,90,0
CUST110162,57,106.51,228,2,9.8,two-year,0,2,9.8,referral,A,blue,93,0
CUST110163,31,68.9,330,4,16.0,one-year,0,1,5.3,referral,A,blue,20,0
CUST110164,1,31.22,567,6,16.5,month-to-month,1,1,4.2,partner,B,red,30,1
CUST110165,57,73.86,315,0,4.2,one-year,1,1,8.5,ads,A,white,28,0
CUST110166,34,28.84,367,1,0.0,month-to-month,1,4,8.7,organic,A,black,76,0
CUST110167,67,22.46,255,4,4.5,month-to-month,1,2,4.9,ads,A,green,56,0
CUST110168,24,104.83,325,4,7.8,month-to-month,0,1,4.9,ads,B,blue,15,0
CUST110169,14,84.15,498,4,5.6,month-to-month,0,4,3.6,partner,A,yellow,17,0
CUST110170,39,28.34,241,2,0.0,one-year,1,6,9.1,referral,A,yellow,92,0
CUST110171,28,98.12,189,5,3.0,two-year,1,3,9.3,referral,C,green,97,0
CUST110172,46,44.81,548,3,3.0,month-to-month,1,4,10.0,organic,C,blue,8,0
CUST110173,40,98.07,420,4,8.4,month-to-month,0,4,5.1,partner,A,green,64,0
CUST110174,10,123.59,269,3,8.3,month-to-month,0,1,5.1,partner,B,red,20,1
CUST110175,28,111.28,488,5,1.7,two-year,1,1,5.3,ads,C,red,21,0
CUST110176,15,82.05,275,2,0.0,month-to-month,1,3,6.9,organic,B,black,30,1
CUST110177,51,23.19,391,2,2.3,two-year,0,4,4.6,organic,C,blue,13,0
CUST110178,53,105.0,309,0,0.0,two-year,0,3,7.1,ads,B,black,40,0
CUST110179,44,145.48,180,2,1.2,month-to-month,1,2,5.1,partner,B,white,82,0
CUST110180,1,35.08,558,4,5.6,month-to-month,1,4,1.8,organic,A,white,13,0
CUST110181,34,33.88,325,3,8.4,one-year,0,4,5.6,ads,A,blue,64,1
CUST110182,39,114.34,603,2,4.1,month-to-month,1,3,10.0,ads,A,yellow,23,0
CUST110183,48,115.7,434,4,6.1,one-year,1,2,8.1,organic,C,green,71,0
CUST110184,31,120.67,352,2,5.2,month-to-month,0,1,5.7,ads,B,black,42,0
CUST110185,72,145.96,278,0,0.0,one-year,1,4,10.0,organic,A,yellow,57,0
CUST110186,13,32.32,425,4,11.5,month-to-month,0,4,5.3,organic,A,green,27,1
CUST110187,1,64.68,485,2,8.7,one-year,0,2,5.7,referral,B,blue,44,0
CUST110188,54,60.53,546,4,6.1,month-to-month,1,3,6.0,organic,B,yellow,47,0
CUST110189,47,50.05,497,1,0.0,two-year,1,6,8.5,referral,C,black,95,0
CUST110190,9,107.6,387,3,9.9,month-to-month,1,5,2.9,ads,B,red,5,1
CUST110191,32,63.93,489,1,2.5,two-year,0,3,5.0,ads,A,green,61,0
CUST110192,53,37.99,368,2,9.1,one-year,0,6,7.6,ads,A,blue,16,0
CUST110193,28,106.16,615,3,4.8,one-year,0,4,7.1,partner,C,black,39,0
CUST110194,24,42.36,376,6,9.4,two-year,0,5,5.9,referral,C,green,24,0
CUST110195,37,133.55,490,1,0.5,two-year,1,3,6.7,referral,A,red,38,0
CUST110196,61,122.51,132,4,2.3,month-to-month,0,4,5.3,referral,B,blue,78,0
CUST110197,48,114.15,484,2,0.0,one-year,0,4,8.8,ads,B,black,31,0
CUST110198,37,64.29,470,1,0.0,one-year,1,3,7.5,partner,B,yellow,33,0
CUST110199,25,109.82,671,2,0.0,month-to-month,1,4,7.6,organic,C,white,33,0
CUST110200,36,102.74,363,1,2.0,month-to-month,1,2,3.5,partner,C,green,70,0
CUST110201,42,58.34,633,2,0.0,one-year,1,2,7.4,partner,A,black,37,0
CUST110202,49,30.41,426,2,3.7,month-to-month,0,4,8.6,ads,B,blue,11,0
CUST110203,39,122.27,618,7,3.2,month-to-month,1,4,7.7,organic,A,green,21,0
CUST110204,23,23.08,464,4,0.0,month-to-month,0,3,6.1,ads,C,green,92,1
CUST110205,44,47.7,347,3,0.0,one-year,1,4,9.9,referral,A,black,77,0
CUST110206,65,59.15,605,1,0.0,two-year,1,4,6.5,ads,C,green,75,0
CUST110207,1,36.24,374,6,14.2,one-year,0,3,4.1,organic,B,green,86,1
CUST110208,29,41.17,373,2,2.1,month-to-month,0,6,6.2,organic,A,blue,26,0
CUST110209,37,26.13,455,1,0.0,one-year,0,4,7.3,referral,B,black,70,0
CUST110210,45,145.49,424,2,0.0,one-year,0,2,2.4,ads,A,red,69,1
CUST110211,38,102.63,492,3,0.7,one-year,1,4,5.2,partner,B,red,82,0
CUST110212,38,118.53,453,4,0.0,one-year,1,2,10.0,referral,A,blue,27,0
CUST110213,15,66.97,494,6,3.5,month-to-month,0,4,2.0,ads,B,white,83,1
CUST110214,21,115.85,492,4,10.4,month-to-month,0,2,5.1,ads,C,white,39,1
CUST110215,44,95.73,260,0,9.0,month-to-month,0,3,3.8,organic,A,white,94,0
CUST110216,72,120.2,163,0,3.6,one-year,0,4,8.3,ads,A,green,1,0
CUST110217,9,118.69,456,7,9.8,month-to-month,0,1,4.9,organic,A,yellow,97,1
CUST110218,49,105.39,330,1,3.0,month-to-month,1,4,8.8,organic,C,white,82,0
CUST110219,28,111.13,315,7,0.0,month-to-month,1,4,9.9,organic,A,white,45,0
CUST110220,24,76.29,385,3,0.6,month-to-month,1,4,7.6,ads,A,red,79,0
CUST110221,36,91.46,455,2,5.4,one-year,0,2,5.6,ads,C,blue,95,0
CUST110222,47,45.34,404,2,10.7,one-year,0,1,4.8,ads,A,red,19,0
CUST110223,60,63.88,514,0,0.0,one-year,0,4,6.4,organic,C,green,82,0
CUST110224,68,95.86,302,3,0.0,one-year,1,4,9.5,organic,B,white,86,0
CUST110225,51,58.79,660,1,3.8,month-to-month,0,3,10.0,ads,A,white,94,0
CUST110226,33,80.81,542,2,4.3,month-to-month,1,2,7.1,organic,B,black,38,0
CUST110227,1,108.01,379,6,6.1,month-to-month,1,5,3.8,organic,B,white,78,1
CUST110228,41,147.12,685,1,3.2,one-year,1,2,5.1,referral,B,blue,93,0
CUST110229,17,92.89,116,5,17.9,two-year,1,2,5.8,partner,A,green,54,1
CUST110230,37,100.86,556,1,0.0,two-year,1,1,7.5,referral,B,blue,3,0
CUST110231,17,29.58,426,6,12.4,month-to-month,1,3,4.8,partner,B,blue,44,1
CUST110232,20,77.16,578,3,16.2,month-to-month,0,3,5.7,referral,A,yellow,78,0
CUST110233,12,108.76,357,3,11.8,two-year,0,4,3.9,organic,C,blue,9,1
CUST110234,18,46.93,272,3,7.1,month-to-month,0,1,3.9,organic,A,white,52,1
CUST110235,29,43.65,451,1,3.2,month-to-month,0,1,4.6,referral,A,white,55,1
CUST110236,51,145.7,355,0,0.0,month-to-month,1,3,7.4,referral,A,blue,23,0
CUST110237,11,24.48,455,2,0.0,one-year,0,4,3.5,referral,C,blue,21,0
CUST110238,15,139.71,466,2,8.4,one-year,0,3,4.5,ads,C,red,27,0
CUST110239,30,140.96,213,0,0.0,month-to-month,1,4,7.4,organic,C,red,83,0
CUST110240,47,112.42,537,1,0.0,one-year,1,4,7.4,referral,B,yellow,44,0
CUST110241,30,29.12,51,1,6.1,month-to-month,0,5,8.7,referral,A,green,63,0
CUST110242,6,85.58,809,4,3.1,month-to-month,1,3,5.3,ads,B,black,27,0
CUST110243,30,36.21,454,3,0.0,month-to-month,1,3,7.8,organic,C,yellow,58,0
CUST110244,64,24.48,328,2,3.2,month-to-month,1,3,7.8,ads,A,yellow,4,0
CUST110245,9,117.26,207,4,0.4,month-to-month,0,3,5.0,referral,A,white,85,1
CUST110246,47,120.71,497,3,10.8,month-to-month,1,1,5.1,ads,B,black,57,0
CUST110247,62,36.57,471,3,3.1,two-year,1,2,6.8,referral,B,white,8,0
CUST110248,38,97.95,409,4,7.1,month-to-month,1,3,7.7,referral,A,white,18,0
CUST110249,24,142.64,372,1,2.1,month-to-month,1,5,8.0,organic,A,green,47,0
CUST110250,32,44.12,507,6,0.3,one-year,1,1,4.7,referral,B,black,40,1
CUST110251,26,107.28,126,1,0.0,month-to-month,1,5,5.6,referral,C,green,42,0
CUST110252,12,148.52,247,0,2.3,month-to-month,1,4,4.5,partner,A,black,93,0
CUST110253,20,72.32,496,4,10.3,month-to-month,0,1,7.9,partner,C,red,68,1
CUST110254,35,27.24,357,3,7.1,two-year,0,3,8.2,partner,A,red,92,0
CUST110255,21,64.78,515,3,7.2,month-to-month,1,1,5.7,ads,A,black,38,1
CUST110256,35,141.96,288,3,1.6,one-year,0,3,6.7,referral,C,white,70,0
CUST110257,52,72.69,407,2,7.6,two-year,0,4,3.7,organic,C,red,31,0
CUST110258,8,95.26,354,1,9.5,one-year,0,3,5.3,partner,A,yellow,4,1
CUST110259,19,28.02,631,1,5.4,month-to-month,0,3,6.3,ads,C,blue,14,0
CUST110260,44,118.85,368,4,5.0,month-to-month,1,3,4.5,referral,B,red,90,1
CUST110261,29,118.86,558,5,2.3,month-to-month,1,5,5.2,organic,A,red,8,1
CUST110262,25,96.11,457,1,3.3,month-to-month,1,3,4.3,ads,A,blue,1,0
CUST110263,36,33.51,300,1,5.6,month-to-month,1,4,7.4,ads,B,red,92,0
CUST110264,29,95.88,472,0,0.0,month-to-month,1,4,5.5,referral,A,yellow,68,1
CUST110265,39,20.38,459,4,0.0,month-to-month,1,1,7.7,partner,B,green,69,0
CUST110266,20,146.56,240,6,1.8,one-year,0,4,5.1,ads,C,green,53,0
CUST110267,22,102.02,371,6,2.5,month-to-month,0,4,7.4,organic,B,blue,62,0
CUST110268,3,35.21,424,4,7.1,two-year,0,4,6.9,referral,C,green,89,0
CUST110269,44,22.01,612,1,1.4,month-to-month,1,3,6.8,referral,A,black,74,0
CUST110270,13,50.73,526,5,5.9,one-year,0,2,6.2,referral,B,green,81,1
CUST110271,29,123.24,364,3,5.5,one-year,1,3,5.7,referral,A,black,44,0
CUST110272,52,64.14,219,0,0.1,two-year,0,2,8.3,ads,B,blue,54,0
CUST110273,44,128.3,582,2,0.0,one-year,1,4,9.7,referral,A,yellow,26,0
CUST110274,25,44.06,494,4,3.4,month-to-month,0,1,4.6,partner,A,green,64,1
CUST110275,46,133.51,215,0,0.0,month-to-month,0,4,7.2,partner,A,yellow,64,0
CUST110276,27,88.68,232,3,5.0,two-year,1,3,4.1,referral,B,red,41,0
CUST110277,59,125.22,328,6,0.0,one-year,1,4,7.6,ads,B,yellow,7,0
CUST110278,10,48.85,611,3,4.2,month-to-month,0,3,5.6,ads,B,white,39,1
CUST110279,47,117.39,306,1,4.0,month-to-month,1,4,7.4,referral,A,red,73,0
CUST110280,53,143.15,317,4,2.4,one-year,0,2,5.5,ads,A,yellow,6,0
CUST110281,42,69.31,89,7,5.6,two-year,0,3,6.2,ads,B,black,99,0
CUST110282,34,139.07,395,1,0.0,month-to-month,1,5,4.5,referral,A,white,31,0
CUST110283,27,33.17,691,5,3.3,two-year,0,5,8.1,referral,A,yellow,25,0
CUST110284,22,77.06,529,1,3.0,month-to-month,0,3,6.6,organic,C,white,95,0
CUST110285,49,52.76,473,5,5.8,one-year,0,1,6.1,referral,B,white,18,1
CUST110286,24,53.27,342,3,3.1,month-to-month,1,2,3.6,referral,A,red,27,0
CUST110287,40,68.93,215,3,0.0,one-year,0,4,7.3,referral,B,white,65,1
CUST110288,33,88.79,519,2,7.1,month-to-month,0,4,4.5,referral,B,yellow,30,0
CUST110289,63,61.06,392,3,5.7,month-to-month,1,5,7.7,referral,B,red,5,0
CUST110290,29,66.99,482,5,4.2,two-year,1,2,5.9,ads,A,yellow,26,1
CUST110291,7,78.32,171,6,10.8,month-to-month,0,4,7.2,ads,B,white,87,1
CUST110292,4,51.0,496,4,14.6,month-to-month,0,2,5.4,partner,A,green,44,1
CUST110293,30,124.52,679,1,6.4,month-to-month,0,3,8.2,ads,A,yellow,26,0
CUST110294,35,121.68,320,2,6.9,month-to-month,0,4,7.5,ads,A,yellow,18,0
CUST110295,1,66.31,73,0,5.4,month-to-month,1,4,5.3,partner,C,yellow,93,1
CUST110296,1,95.26,578,4,16.8,month-to-month,0,1,3.3,ads,A,black,51,1
CUST110297,59,37.69,11,1,1.9,one-year,0,2,7.4,ads,C,yellow,74,0
CUST110298,41,127.43,583,0,0.0,month-to-month,1,4,10.0,organic,A,red,97,0
CUST110299,56,118.48,411,4,5.0,month-to-month,1,2,7.0,partner,B,black,89,0
CUST110300,36,141.77,748,0,0.0,one-year,0,4,9.4,organic,B,black,62,0
CUST110301,34,122.11,242,1,5.4,one-year,1,3,5.7,ads,C,black,81,0
CUST110302,72,92.05,470,1,3.3,one-year,1,6,7.4,partner,B,yellow,42,0
CUST110303,39,68.56,174,1,1.8,one-year,0,1,7.4,referral,B,blue,27,0
CUST110304,15,64.78,611,3,4.8,one-year,0,2,5.0,referral,C,yellow,39,0
CUST110305,25,26.81,505,2,6.1,month-to-month,0,3,2.3,organic,A,yellow,33,1
CUST110306,26,104.16,474,6,0.0,one-year,0,4,6.2,ads,B,red,23,0
CUST110307,20,133.74,550,2,3.3,one-year,1,2,4.8,organic,A,red,21,1
CUST110308,28,106.4,222,0,2.8,month-to-month,0,2,9.1,organic,C,white,93,0
CUST110309,31,67.22,493,6,0.0,month-to-month,0,4,7.2,referral,A,white,52,0
CUST110310,51,144.35,669,2,0.0,month-to-month,1,4,1.0,ads,B,green,35,0
CUST110311,37,90.65,260,5,13.6,month-to-month,1,3,6.1,referral,B,yellow,68,0
CUST110312,12,83.02,556,3,0.0,one-year,0,3,6.6,ads,A,black,19,1
CUST110313,35,38.09,514,5,0.0,month-to-month,1,3,7.0,referral,A,white,50,0
CUST110314,22,38.49,332,3,8.1,month-to-month,1,2,3.1,partner,A,red,16,1
CUST110315,46,69.27,417,1,3.1,month-to-month,0,3,7.7,referral,B,black,89,0
CUST110316,66,98.95,763,2,0.0,month-to-month,1,3,7.5,organic,B,white,24,0
CUST110317,26,44.21,484,4,6.6,one-year,0,1,2.2,ads,C,white,86,1
CUST110318,50,141.75,688,4,3.1,two-year,0,3,6.3,partner,A,black,85,0
CUST110319,57,50.32,395,0,0.0,month-to-month,0,5,9.9,referral,B,black,82,0
CUST110320,12,144.55,495,3,6.4,one-year,1,3,8.5,partner,B,white,2,0
CUST110321,63,71.79,381,2,2.0,month-to-month,0,4,8.2,referral,B,yellow,27,0
CUST110322,42,51.63,478,0,0.0,one-year,0,3,4.9,ads,C,yellow,11,0
CUST110323,56,44.76,314,2,0.0,month-to-month,0,2,7.2,ads,B,black,16,1
CUST110324,41,141.87,221,2,3.2,one-year,1,3,8.2,referral,A,blue,25,0
CUST110325,51,93.74,352,5,5.4,month-to-month,0,3,7.0,referral,A,black,19,1
CUST110326,47,23.66,665,3,7.6,month-to-month,0,2,5.0,referral,C,white,2,0
CUST110327,20,92.52,150,3,6.3,month-to-month,0,1,7.1,referral,A,green,84,0
CUST110328,33,134.0,444,0,1.5,month-to-month,0,4,8.3,referral,A,green,58,0
CUST110329,46,38.72,405,1,0.7,two-year,1,5,7.1,ads,C,white,90,0
CUST110330,14,67.19,439,2,4.8,month-to-month,1,1,6.3,ads,B,black,47,0
CUST110331,24,115.42,297,1,3.5,one-year,1,4,5.7,partner,B,yellow,63,0
CUST110332,38,48.26,566,0,0.0,one-year,1,3,7.8,organic,C,black,72,0
CUST110333,34,144.47,412,4,4.7,one-year,1,3,4.9,ads,A,white,43,1
CUST110334,42,112.35,707,3,2.2,month-to-month,1,3,9.0,ads,B,yellow,43,0
CUST110335,20,55.57,273,2,10.2,month-to-month,1,3,4.6,organic,A,red,65,0
CUST110336,55,45.45,525,6,5.1,one-year,0,2,3.2,organic,B,black,65,0
CUST110337,56,145.85,425,3,8.8,month-to-month,1,4,9.6,organic,A,yellow,77,0
CUST110338,17,94.78,367,3,12.8,one-year,0,2,5.7,organic,A,white,19,1
CUST110339,1,104.98,233,7,4.5,month-to-month,0,4,2.4,ads,A,yellow,55,1
CUST110340,31,126.61,701,4,5.1,one-year,0,3,4.9,partner,A,white,65,0
CUST110341,8,58.62,322,2,3.8,month-to-month,0,2,2.0,organic,A,blue,47,1
CUST110342,40,68.26,494,4,4.3,one-year,0,5,4.4,referral,C,red,42,0
CUST110343,22,66.93,341,6,8.4,one-year,0,3,9.6,ads,B,black,82,0
CUST110344,26,69.95,571,2,3.0,month-to-month,0,6,6.9,ads,C,yellow,92,0
CUST110345,53,135.59,294,4,2.8,one-year,0,2,3.9,organic,C,yellow,31,0
CUST110346,53,145.11,636,3,1.0,one-year,0,5,10.0,organic,A,white,71,0
CUST110347,49,49.97,292,1,1.8,month-to-month,0,4,10.0,ads,A,red,19,0
CUST110348,48,110.35,447,5,1.1,two-year,1,4,9.0,referral,A,blue,65,0
CUST110349,41,130.54,434,4,10.0,month-to-month,1,3,4.7,organic,A,white,23,0
CUST110350,16,23.12,376,1,3.2,two-year,0,3,8.9,ads,A,red,7,0
CUST110351,20,73.1,300,5,2.2,month-to-month,0,3,5.7,ads,B,blue,33,1
CUST110352,28,116.31,380,4,0.0,one-year,0,2,6.6,ads,B,green,26,0
CUST110353,33,29.4,451,4,5.1,one-year,0,1,2.1,ads,B,black,26,0
CUST110354,33,102.5,283,2,0.0,one-year,0,4,7.5,organic,C,red,56,0
CUST110355,58,49.86,316,0,0.0,two-year,1,6,10.0,referral,C,white,38,0
CUST110356,67,31.49,265,0,0.8,month-to-month,1,4,7.6,referral,B,yellow,15,0
CUST110357,31,27.67,423,3,13.2,one-year,0,1,2.8,ads,A,yellow,16,1
CUST110358,1,92.79,696,4,3.2,month-to-month,0,4,5.5,partner,A,white,68,0
CUST110359,55,80.06,438,1,5.0,month-to-month,0,3,6.4,organic,A,yellow,66,0
CUST110360,36,61.58,286,1,9.5,month-to-month,0,5,5.2,partner,C,white,49,0
CUST110361,17,119.55,416,3,7.7,one-year,1,1,5.3,ads,B,white,55,0
CUST110362,24,69.97,512,4,0.0,month-to-month,0,5,9.5,ads,A,white,19,0
CUST110363,7,112.0,471,4,7.6,month-to-month,0,2,7.0,ads,C,blue,21,1
CUST110364,14,95.96,512,5,5.1,month-to-month,0,5,3.7,organic,A,yellow,32,1
CUST110365,27,125.17,213,1,4.1,month-to-month,1,4,9.8,ads,C,black,91,0
CUST110366,3,67.25,502,3,7.8,one-year,1,3,6.3,partner,A,red,63,0
CUST110367,27,104.69,491,4,1.3,one-year,1,3,8.4,organic,A,black,56,0
CUST110368,24,67.31,301,1,8.4,month-to-month,1,2,5.2,ads,C,green,6,0
CUST110369,58,94.94,713,3,0.0,one-year,0,4,7.5,referral,B,yellow,85,0
CUST110370,35,63.24,188,2,0.0,month-to-month,0,3,4.6,partner,A,white,59,1
CUST110371,32,84.05,613,5,0.0,two-year,1,3,7.7,organic,C,red,20,0
CUST110372,20,82.92,366,2,6.5,month-to-month,1,4,4.8,referral,C,blue,3,0
CUST110373,37,23.3,388,3,9.8,month-to-month,1,4,3.8,referral,C,blue,77,0
CUST110374,23,66.85,472,2,4.3,month-to-month,1,4,7.3,referral,A,red,1,0
CUST110375,53,122.96,194,2,6.0,month-to-month,1,4,5.9,referral,B,red,9,0
CUST110376,30,102.23,780,0,8.0,month-to-month,1,3,9.4,referral,C,green,36,0
CUST110377,35,100.75,450,0,0.0,one-year,1,1,6.3,ads,A,black,42,0
CUST110378,29,22.03,240,0,1.6,month-to-month,1,4,6.7,organic,B,black,63,0
CUST110379,44,62.48,381,1,7.4,month-to-month,0,2,6.9,referral,A,white,44,0
CUST110380,67,110.84,412,0,2.5,one-year,1,4,9.2,referral,A,white,39,0
CUST110381,48,71.0,440,2,0.0,two-year,1,3,7.5,partner,B,white,56,0
CUST110382,53,69.62,312,4,12.7,one-year,0,3,3.9,organic,C,red,11,1
CUST110383,10,76.59,571,4,2.2,one-year,0,4,6.6,ads,A,red,60,1
CUST110384,16,27.53,581,4,5.9,two-year,0,2,4.3,ads,B,blue,13,0
CUST110385,18,56.97,679,4,3.0,one-year,0,1,5.9,partner,A,green,40,1
CUST110386,1,45.16,466,2,8.7,one-year,0,3,6.0,partner,B,black,78,1
CUST110387,20,54.29,575,3,1.0,one-year,0,1,3.8,ads,C,green,43,0
CUST110388,68,54.87,647,0,2.7,two-year,1,4,8.3,referral,C,red,98,0
CUST110389,34,93.5,184,2,0.0,month-to-month,0,2,8.3,referral,B,blue,41,0
CUST110390,1,61.51,715,5,7.7,month-to-month,0,2,1.0,partner,A,yellow,86,1
CUST110391,25,141.32,520,3,5.5,one-year,1,4,10.0,organic,B,black,27,0
CUST110392,37,65.23,332,1,9.8,month-to-month,1,4,10.0,organic,C,green,23,0
CUST110393,25,51.29,396,3,3.0,month-to-month,1,3,3.2,ads,B,yellow,92,0
CUST110394,54,131.29,360,0,8.0,one-year,0,5,3.8,organic,A,yellow,16,0
CUST110395,1,131.85,260,3,11.8,month-to-month,1,2,5.3,ads,B,white,42,0
CUST110396,24,105.29,597,3,7.0,month-to-month,1,1,3.8,ads,A,green,50,1
CUST110397,70,52.45,685,3,0.0,one-year,1,3,10.0,organic,B,red,39,0
CUST110398,26,47.79,154,2,10.4,month-to-month,1,6,6.8,organic,A,black,80,1
CUST110399,1,73.68,654,3,8.9,month-to-month,0,1,3.9,partner,A,blue,44,1
CUST110400,54,120.04,415,2,6.1,one-year,0,4,5.4,organic,C,white,79,0
CUST110401,46,128.49,495,3,0.0,one-year,0,3,9.3,referral,A,yellow,30,0
CUST110402,63,124.17,283,1,0.0,two-year,1,5,9.7,referral,B,green,39,0
CUST110403,10,49.7,410,3,1.5,one-year,1,1,7.6,organic,C,white,47,0
CUST110404,54,50.55,604,0,5.8,month-to-month,0,2,8.0,referral,B,yellow,24,0
CUST110405,37,29.65,252,3,0.0,one-year,0,4,6.2,referral,B,yellow,1,1
CUST110406,30,24.47,505,1,1.6,one-year,0,4,9.0,partner,C,blue,23,0
CUST110407,16,38.63,556,4,6.2,month-to-month,1,4,4.9,partner,A,white,40,1
CUST110408,64,137.86,357,2,0.0,two-year,1,2,8.8,ads,B,red,26,0
CUST110409,36,71.46,276,7,0.0,month-to-month,1,4,6.5,referral,A,blue,14,0
CUST110410,43,100.81,396,3,2.2,one-year,0,3,3.1,organic,A,blue,34,1
CUST110411,39,55.05,650,2,2.6,one-year,1,3,8.5,ads,A,blue,48,0
CUST110412,22,110.38,515,6,10.2,one-year,0,2,1.6,referral,B,black,35,1
CUST110413,15,93.47,574,3,4.8,two-year,0,2,4.0,ads,B,green,60,0
CUST110414,63,21.98,154,3,5.5,two-year,1,2,5.7,referral,B,yellow,98,0
CUST110415,12,61.83,366,5,1.7,two-year,1,4,2.7,ads,A,black,46,1
CUST110416,57,48.29,393,2,0.1,month-to-month,1,5,6.4,partner,A,black,50,0
CUST110417,44,141.26,264,2,0.0,month-to-month,1,3,7.3,organic,A,yellow,49,0
CUST110418,64,24.05,352,0,0.0,month-to-month,1,4,7.2,organic,B,green,77,0
CUST110419,57,110.99,448,7,0.0,one-year,1,3,6.0,ads,B,yellow,44,0
CUST110420,47,39.87,316,1,0.0,one-year,0,6,6.4,organic,B,white,91,0
CUST110421,49,39.52,368,1,0.0,one-year,1,2,7.2,organic,B,blue,69,0
CUST110422,63,31.85,538,4,6.4,month-to-month,0,3,5.9,referral,C,green,53,0
CUST110423,35,135.37,340,2,5.4,month-to-month,1,3,3.5,ads,A,yellow,86,0
CUST110424,9,146.06,547,4,11.1,month-to-month,0,2,4.7,ads,C,yellow,41,1
CUST110425,36,100.18,384,2,0.0,one-year,0,5,5.0,referral,B,yellow,56,0
CUST110426,16,147.13,317,4,7.4,month-to-month,1,4,8.1,partner,B,green,85,0
CUST110427,36,143.15,598,2,3.2,one-year,1,3,5.0,ads,C,yellow,71,1
CUST110428,65,144.23,437,4,7.9,one-year,0,5,10.0,referral,B,black,13,0
CUST110429,19,82.79,63,3,7.0,month-to-month,1,1,6.4,partner,B,black,30,1
CUST110430,7,27.25,149,1,11.7,month-to-month,1,5,5.6,organic,B,blue,58,0
CUST110431,64,120.46,314,4,12.4,two-year,0,4,9.1,organic,A,yellow,57,0
CUST110432,13,125.53,359,2,4.7,one-year,1,4,3.2,referral,A,red,58,1
CUST110433,12,46.4,454,3,11.3,one-year,0,2,8.2,organic,A,blue,5,1
CUST110434,36,117.52,435,3,1.9,one-year,1,2,5.4,ads,A,blue,51,0
CUST110435,42,112.61,295,3,8.7,month-to-month,1,3,6.9,ads,A,green,37,0
CUST110436,24,134.25,409,5,8.3,month-to-month,0,1,2.9,organic,A,black,38,0
CUST110437,31,122.38,369,3,7.3,one-year,1,5,4.9,ads,B,green,76,1
CUST110438,72,41.55,345,1,1.2,two-year,1,4,8.6,ads,C,black,98,0
CUST110439,29,38.58,340,1,5.3,month-to-month,1,4,5.6,partner,C,black,49,0
CUST110440,48,65.08,801,4,0.0,month-to-month,1,4,6.0,referral,A,blue,51,0
CUST110441,41,113.52,258,5,0.2,month-to-month,1,5,5.7,ads,B,green,90,0
CUST110442,16,104.29,285,3,8.9,month-to-month,1,2,3.4,organic,C,blue,9,0
CUST110443,26,40.02,388,4,6.5,one-year,1,3,9.8,organic,A,green,87,1
CUST110444,72,90.47,604,3,6.4,one-year,0,4,7.6,organic,B,green,37,0
CUST110445,31,51.11,402,3,1.4,two-year,1,2,7.6,partner,C,red,77,0
CUST110446,35,145.94,447,6,0.3,month-to-month,1,3,7.0,referral,B,black,30,0
CUST110447,26,56.87,682,3,5.7,month-to-month,0,3,3.4,referral,A,red,59,1
CUST110448,25,146.49,460,4,0.0,two-year,1,2,6.3,referral,B,white,14,0
CUST110449,21,40.7,286,2,3.3,one-year,1,1,6.7,referral,A,blue,11,0
CUST110450,34,36.38,590,3,1.4,month-to-month,1,1,9.5,referral,B,blue,74,0
CUST110451,48,58.28,423,2,6.3,month-to-month,0,5,9.0,ads,C,blue,27,0
CUST110452,45,86.78,375,3,0.2,month-to-month,1,5,10.0,organic,B,blue,62,0
CUST110453,30,125.92,281,0,5.9,two-year,1,4,5.1,referral,B,green,94,0
CUST110454,1,149.98,427,2,4.6,month-to-month,0,2,4.2,ads,A,blue,53,1
CUST110455,63,80.14,297,4,8.8,two-year,0,2,6.4,organic,A,yellow,63,0
CUST110456,26,138.5,409,5,6.8,month-to-month,0,3,5.0,ads,A,white,94,1
CUST110457,72,138.37,380,0,0.0,two-year,1,3,10.0,referral,B,blue,70,0
CUST110458,19,28.51,563,0,8.3,one-year,1,4,2.0,organic,A,blue,67,1
CUST110459,61,125.26,233,0,0.0,one-year,0,5,10.0,organic,B,black,28,0
CUST110460,43,75.9,304,5,5.7,month-to-month,0,2,1.2,partner,B,black,70,1
CUST110461,14,71.6,497,3,5.5,two-year,0,2,2.2,partner,A,white,60,0
CUST110462,35,70.61,344,3,6.9,one-year,0,2,3.6,ads,C,red,64,1
CUST110463,5,132.52,309,5,0.0,one-year,0,3,5.1,ads,C,black,93,1
CUST110464,63,74.77,428,5,4.1,one-year,1,1,3.2,organic,B,blue,49,0
CUST110465,32,103.45,368,6,8.9,month-to-month,0,5,3.5,ads,A,yellow,27,0
CUST110466,20,111.23,229,4,6.4,one-year,1,2,7.3,ads,B,green,40,0
CUST110467,45,112.5,124,3,1.0,two-year,0,2,8.0,organic,B,yellow,49,0
CUST110468,43,73.76,604,2,2.2,one-year,1,5,9.1,referral,C,red,58,0
CUST110469,41,54.69,500,2,1.5,one-year,1,3,5.7,referral,A,blue,45,0
CUST110470,6,104.47,620,0,0.0,month-to-month,1,3,7.2,partner,B,green,37,0
CUST110471,36,104.64,209,4,9.6,two-year,1,3,6.4,referral,A,green,89,0
CUST110472,28,65.39,693,2,15.9,month-to-month,0,2,4.3,organic,B,blue,39,1
CUST110473,32,23.25,402,4,13.0,month-to-month,0,2,5.0,organic,B,red,91,1
CUST110474,33,108.21,179,3,2.1,month-to-month,1,3,3.6,ads,C,green,44,1
CUST110475,10,64.78,514,4,4.0,month-to-month,0,4,5.5,ads,C,red,21,1
CUST110476,24,52.61,326,6,13.0,month-to-month,0,2,4.3,ads,A,red,89,1
CUST110477,26,98.84,611,1,1.1,month-to-month,1,3,7.8,organic,B,red,13,0
CUST110478,61,134.66,267,0,2.0,one-year,1,5,10.0,ads,C,black,21,0
CUST110479,13,82.49,548,1,0.0,month-to-month,0,1,7.9,partner,A,green,25,1
CUST110480,66,132.34,211,1,2.7,month-to-month,0,4,7.6,ads,A,yellow,31,0
CUST110481,43,139.45,382,3,6.3,month-to-month,0,4,4.1,organic,A,yellow,72,1
CUST110482,6,142.34,521,4,13.6,month-to-month,1,2,6.9,ads,C,green,74,1
CUST110483,53,70.78,589,2,5.4,month-to-month,1,3,5.0,referral,A,white,74,0
CUST110484,45,92.31,119,2,3.0,month-to-month,1,3,8.5,ads,B,white,59,0
CUST110485,22,22.8,467,1,11.4,one-year,1,3,3.7,organic,B,green,9,1
CUST110486,3,118.27,542,2,3.7,month-to-month,0,3,7.8,organic,B,red,34,0
CUST110487,52,135.81,344,3,7.2,month-to-month,0,3,9.8,organic,A,red,50,0
CUST110488,12,51.74,352,7,9.2,month-to-month,0,4,1.6,referral,B,green,68,1
CUST110489,43,148.54,107,2,9.3,month-to-month,1,2,6.1,ads,A,green,18,0
CUST110490,24,30.81,448,4,18.9,one-year,0,2,5.6,partner,B,green,29,0
CUST110491,27,57.49,395,6,0.0,month-to-month,1,4,7.9,partner,B,yellow,15,0
CUST110492,50,111.95,332,0,1.7,month-to-month,0,3,5.5,partner,A,black,37,0
CUST110493,36,97.26,352,5,10.8,month-to-month,1,3,3.7,ads,B,blue,86,1
CUST110494,1,146.98,295,2,9.8,month-to-month,0,2,5.1,partner,A,green,63,1
CUST110495,26,121.33,463,2,5.3,one-year,0,3,9.1,organic,A,yellow,59,0
CUST110496,1,56.18,426,6,12.9,month-to-month,1,5,2.3,partner,A,white,7,1
CUST110497,25,94.3,470,5,0.0,one-year,1,4,7.2,ads,C,blue,99,0
CUST110498,49,148.02,431,2,8.1,month-to-month,1,4,10.0,organic,C,green,55,0
CUST110499,43,109.43,516,3,9.1,two-year,1,3,4.9,referral,B,white,46,0
CUST110500,58,60.02,597,1,6.1,month-to-month,0,6,6.3,referral,B,blue,2,1
CUST110501,68,48.59,288,1,0.0,one-year,1,1,6.2,referral,A,blue,28,0
CUST110502,55,90.09,291,2,5.9,one-year,1,4,8.4,ads,C,green,46,0
CUST110503,46,75.44,374,1,3.8,month-to-month,0,3,4.3,ads,C,blue,32,0
CUST110504,39,96.5,324,1,13.5,month-to-month,0,3,6.3,ads,B,green,24,0
CUST110505,64,40.76,593,4,2.8,month-to-month,1,5,10.0,referral,A,blue,94,0
CUST110506,27,79.43,439,7,1.6,two-year,1,5,5.8,ads,B,yellow,84,0
CUST110507,9,21.28,321,4,12.0,one-year,1,2,2.3,ads,B,yellow,70,1
CUST110508,13,45.48,432,3,0.0,month-to-month,0,3,7.5,organic,A,blue,13,0
CUST110509,38,72.83,404,4,11.6,month-to-month,1,1,4.7,ads,A,yellow,87,1
CUST110510,23,149.39,454,5,5.2,month-to-month,0,2,5.9,ads,A,red,84,1
CUST110511,72,32.49,411,3,3.3,two-year,1,5,9.4,organic,B,yellow,5,0
CUST110512,29,20.1,425,3,5.3,month-to-month,0,3,7.1,ads,B,green,20,1
CUST110513,20,59.41,542,6,7.0,month-to-month,1,1,8.0,ads,A,red,4,0
CUST110514,46,73.37,311,2,10.0,one-year,1,2,7.6,ads,C,yellow,50,0
CUST110515,31,102.35,380,5,0.0,two-year,0,3,6.6,organic,C,black,91,0
CUST110516,28,116.6,517,3,9.5,month-to-month,0,1,8.9,ads,A,black,27,1
CUST110517,52,68.7,490,0,2.4,month-to-month,0,5,8.2,ads,A,yellow,22,0
CUST110518,13,135.96,267,6,8.8,one-year,1,3,2.3,organic,B,blue,90,1
CUST110519,72,46.61,299,3,0.0,one-year,1,6,10.0,referral,B,red,67,0
CUST110520,18,118.34,245,0,0.0,one-year,0,2,4.6,partner,A,red,30,0
CUST110521,42,99.06,379,3,8.0,month-to-month,1,3,5.3,organic,C,yellow,69,1
CUST110522,35,109.8,532,8,5.5,month-to-month,0,1,2.7,organic,A,yellow,37,1
CUST110523,25,21.85,491,2,12.2,month-to-month,0,3,6.7,referral,B,red,10,1
CUST110524,34,140.64,401,1,0.8,month-to-month,0,3,8.5,referral,B,yellow,41,1
CUST110525,70,37.03,204,1,9.3,one-year,1,3,1.6,ads,B,yellow,43,0
CUST110526,36,34.19,563,5,6.2,one-year,1,4,7.3,partner,C,white,17,0
CUST110527,17,96.05,361,1,13.2,one-year,0,3,4.1,organic,C,green,91,0
CUST110528,62,92.49,377,2,2.1,one-year,1,4,7.5,partner,B,green,85,0
CUST110529,28,53.35,371,2,5.8,two-year,1,6,9.6,partner,C,yellow,20,0
CUST110530,31,55.71,226,1,0.0,one-year,1,3,9.2,ads,C,blue,98,0
CUST110531,50,102.4,615,1,8.6,month-to-month,1,4,6.5,organic,C,white,52,0
CUST110532,14,39.02,641,2,9.0,one-year,1,3,5.8,organic,A,black,12,0
CUST110533,72,45.39,395,4,2.3,month-to-month,1,4,9.1,ads,A,yellow,35,0
CUST110534,9,54.88,216,2,13.3,month-to-month,0,1,7.0,ads,B,green,95,1
CUST110535,53,149.83,557,6,9.3,one-year,0,1,1.0,ads,B,white,26,0
CUST110536,29,120.04,500,3,5.6,one-year,1,3,10.0,referral,C,black,12,0
CUST110537,37,20.3,397,4,8.0,month-to-month,0,2,7.5,ads,B,red,15,0
CUST110538,22,30.39,759,3,13.9,one-year,0,1,4.7,organic,C,black,43,0
CUST110539,71,38.62,542,1,0.0,month-to-month,1,3,8.1,referral,A,black,72,0
CUST110540,34,93.15,298,4,16.4,month-to-month,1,3,2.3,ads,B,red,95,0
CUST110541,31,80.59,199,4,2.1,one-year,1,2,10.0,referral,B,green,4,0
CUST110542,17,86.76,365,3,3.4,two-year,1,5,5.0,referral,A,black,46,0
CUST110543,2,61.28,690,7,9.8,month-to-month,0,1,5.0,ads,C,blue,27,1
CUST110544,36,39.92,372,1,3.3,one-year,0,3,6.8,ads,B,black,61,0
CUST110545,34,61.59,409,3,0.6,two-year,1,3,10.0,referral,A,blue,9,0
CUST110546,44,132.9,269,3,11.2,one-year,0,2,6.5,organic,A,white,15,0
CUST110547,52,85.5,356,1,9.7,two-year,0,3,5.0,organic,B,green,86,0
CUST110548,18,87.66,407,5,4.7,month-to-month,0,2,5.9,ads,A,blue,30,0
CUST110549,50,106.68,443,2,7.6,month-to-month,0,5,4.9,ads,A,green,59,0
CUST110550,24,27.02,398,4,5.4,month-to-month,1,3,10.0,ads,A,yellow,29,0
CUST110551,9,50.82,395,4,10.0,month-to-month,0,2,5.5,partner,A,red,37,1
CUST110552,32,34.33,323,2,14.0,one-year,0,2,6.0,ads,B,green,16,0
CUST110553,7,57.19,514,4,7.5,month-to-month,1,3,5.7,organic,A,red,51,0
CUST110554,41,22.51,565,2,0.0,one-year,0,4,6.8,partner,A,blue,83,0
CUST110555,19,142.15,598,10,10.4,month-to-month,0,1,4.0,organic,A,black,8,1
CUST110556,60,146.21,277,3,0.0,month-to-month,1,4,7.1,partner,C,green,91,0
CUST110557,36,121.08,230,3,4.9,month-to-month,0,4,9.6,ads,A,black,53,0
CUST110558,43,105.92,414,2,5.6,two-year,1,2,4.3,ads,B,red,20,0
CUST110559,48,69.12,541,1,2.6,month-to-month,0,3,7.2,ads,A,blue,51,0
CUST110560,30,64.49,419,6,8.1,month-to-month,1,5,5.2,ads,B,yellow,54,0
CUST110561,43,131.4,348,5,3.4,one-year,1,4,6.2,ads,B,yellow,29,0
CUST110562,41,37.2,494,3,7.3,month-to-month,0,6,3.9,partner,B,black,24,0
CUST110563,30,118.51,750,3,10.7,month-to-month,1,5,1.4,organic,B,red,27,1
CUST110564,72,138.56,252,0,0.5,one-year,1,6,6.7,organic,B,green,58,0
CUST110565,13,35.78,594,4,12.6,month-to-month,0,1,6.3,ads,C,blue,74,1
CUST110566,26,32.25,367,2,0.0,month-to-month,0,6,8.4,ads,A,yellow,66,0
CUST110567,72,138.51,331,1,2.9,one-year,1,2,9.0,referral,C,blue,27,0
CUST110568,25,98.26,526,7,7.1,month-to-month,1,2,4.7,ads,C,blue,37,1
CUST110569,72,118.34,387,0,8.4,month-to-month,1,3,8.8,referral,C,white,90,0
CUST110570,35,100.7,253,10,0.8,month-to-month,1,2,6.6,ads,C,black,70,0
CUST110571,44,130.51,417,3,9.1,month-to-month,0,3,8.5,partner,C,red,60,0
CUST110572,19,147.69,438,5,9.8,month-to-month,0,2,6.4,ads,C,blue,13,1
CUST110573,45,89.99,415,2,5.7,one-year,0,4,7.5,organic,A,green,5,0
CUST110574,4,132.43,431,2,1.9,month-to-month,0,2,5.8,organic,B,black,38,0
CUST110575,71,118.67,368,1,3.5,month-to-month,1,4,7.8,ads,C,blue,17,0
CUST110576,21,136.05,540,2,12.1,month-to-month,0,3,5.9,organic,A,yellow,52,0
CUST110577,26,123.46,455,3,0.8,one-year,1,2,5.1,referral,C,red,10,0
CUST110578,42,21.74,205,3,5.7,month-to-month,0,3,9.1,organic,A,blue,76,0
CUST110579,31,141.95,190,4,2.5,month-to-month,0,1,3.8,partner,A,green,57,0
CUST110580,13,110.3,623,5,14.0,two-year,0,3,7.5,ads,A,green,35,0
CUST110581,72,25.38,528,0,0.0,one-year,1,5,10.0,referral,A,white,17,0
CUST110582,44,31.37,454,2,7.4,one-year,1,4,3.4,referral,A,green,94,0
CUST110583,14,58.52,355,3,7.7,one-year,0,1,2.2,partner,B,red,69,1
CUST110584,20,143.81,471,2,5.9,month-to-month,0,2,3.7,ads,B,yellow,65,1
CUST110585,37,50.26,549,6,6.4,one-year,0,3,3.6,ads,B,white,77,1
CUST110586,39,110.81,445,1,0.0,one-year,0,4,6.7,ads,A,yellow,1,0
CUST110587,63,38.05,505,1,2.4,month-to-month,0,4,5.8,partner,A,black,90,0
CUST110588,42,31.21,668,2,0.0,month-to-month,1,6,6.5,referral,C,yellow,49,0
CUST110589,50,94.14,260,3,8.0,month-to-month,1,1,5.8,organic,C,white,88,0
CUST110590,31,80.4,390,2,3.2,month-to-month,1,2,7.5,referral,B,yellow,4,0
CUST110591,33,129.67,558,0,2.3,month-to-month,0,3,5.5,partner,A,red,25,1
CUST110592,53,127.4,302,3,0.0,two-year,0,3,7.0,partner,B,white,36,1
CUST110593,72,148.3,397,3,3.2,month-to-month,1,4,7.8,organic,A,green,29,0
CUST110594,63,124.71,191,1,10.7,month-to-month,0,5,8.0,referral,C,white,31,0
CUST110595,55,137.44,680,4,1.3,one-year,1,6,7.3,referral,B,yellow,13,0
CUST110596,51,94.99,365,2,8.0,one-year,1,2,6.1,organic,B,blue,39,1
CUST110597,39,119.18,405,1,3.7,two-year,1,4,6.2,ads,A,green,90,0
CUST110598,44,83.71,344,1,2.5,one-year,1,5,7.3,referral,C,red,96,0
CUST110599,27,64.44,438,4,10.7,one-year,1,2,9.3,ads,C,red,16,0
CUST110600,56,74.0,439,3,0.0,one-year,1,4,7.9,referral,A,red,88,0
CUST110601,35,50.23,183,2,6.6,two-year,0,2,4.2,partner,C,green,94,0
CUST110602,1,131.99,197,3,5.2,month-to-month,0,1,4.8,organic,A,red,39,1
CUST110603,22,74.46,557,3,8.8,one-year,0,1,3.7,ads,B,yellow,26,0
CUST110604,44,65.48,551,5,0.0,month-to-month,1,3,5.6,partner,B,blue,58,0
CUST110605,12,143.57,511,7,12.8,month-to-month,0,4,1.1,partner,A,white,49,1
CUST110606,47,37.16,205,3,0.0,one-year,0,4,6.8,ads,B,black,23,0
CUST110607,15,75.41,560,5,6.9,one-year,0,3,6.8,partner,A,red,70,0
CUST110608,38,145.34,237,0,0.0,one-year,1,4,6.3,organic,C,yellow,68,0
CUST110609,43,70.37,367,1,7.9,one-year,1,3,3.9,referral,C,yellow,51,0
CUST110610,34,121.53,311,2,1.8,one-year,0,3,4.5,partner,C,black,97,0
CUST110611,55,108.0,804,0,0.0,two-year,1,2,5.7,organic,B,blue,78,0
CUST110612,44,74.01,430,3,6.2,two-year,1,5,6.9,referral,C,blue,18,0
CUST110613,28,139.18,413,6,12.8,month-to-month,0,3,5.1,ads,B,red,25,1
CUST110614,4,124.98,462,2,0.0,one-year,0,5,4.4,ads,A,green,18,1
CUST110615,52,21.99,504,5,3.8,one-year,0,2,6.7,ads,A,white,10,1
CUST110616,68,64.85,303,0,6.0,month-to-month,0,5,5.8,partner,C,white,27,0
CUST110617,17,50.3,590,4,4.5,month-to-month,0,2,4.4,organic,A,black,37,0
CUST110618,37,41.61,386,2,0.0,month-to-month,1,5,9.1,referral,C,blue,46,0
CUST110619,20,52.04,105,7,12.6,month-to-month,0,1,2.5,partner,B,red,69,1
CUST110620,53,76.09,300,5,7.4,month-to-month,1,4,5.0,organic,A,green,36,0
CUST110621,41,61.34,675,1,0.9,month-to-month,1,5,9.5,organic,A,black,99,0
CUST110622,23,140.29,503,3,4.7,month-to-month,0,4,5.5,organic,A,red,48,1
CUST110623,49,26.94,368,1,0.0,two-year,1,4,10.0,referral,B,white,66,0
CUST110624,35,62.44,525,2,0.0,month-to-month,1,3,7.7,referral,A,blue,57,0
CUST110625,23,80.18,233,3,1.9,month-to-month,0,2,4.0,referral,B,white,75,0
CUST110626,47,41.62,531,3,0.0,two-year,1,2,7.5,organic,C,red,56,0
CUST110627,13,43.94,610,3,7.2,month-to-month,0,3,5.6,ads,A,yellow,84,1
CUST110628,36,33.67,321,3,0.0,month-to-month,0,5,10.0,referral,A,white,97,0
CUST110629,59,123.9,503,3,0.0,two-year,1,5,10.0,organic,B,black,96,0
CUST110630,54,21.89,567,3,0.0,one-year,1,5,8.4,organic,B,blue,8,0
CUST110631,16,122.49,149,5,3.7,month-to-month,1,4,8.9,organic,B,black,17,1
CUST110632,38,107.04,292,6,0.8,one-year,0,1,2.6,partner,A,red,76,1
CUST110633,12,111.16,388,3,15.6,month-to-month,1,2,4.7,organic,B,white,25,0
CUST110634,51,119.73,506,0,0.1,two-year,1,4,7.5,organic,A,white,27,0
CUST110635,34,31.19,458,3,4.7,month-to-month,0,2,5.4,ads,A,red,46,0
CUST110636,18,39.27,429,4,3.4,month-to-month,0,2,2.4,partner,C,black,34,1
CUST110637,31,91.86,418,2,11.4,month-to-month,1,3,2.9,partner,A,red,15,0
CUST110638,18,38.99,324,4,12.2,two-year,0,3,5.5,partner,A,black,44,1
CUST110639,56,65.73,211,0,0.2,month-to-month,0,4,8.5,ads,A,green,86,0
CUST110640,27,102.71,434,2,6.5,month-to-month,1,2,10.0,ads,B,blue,31,0
CUST110641,34,23.97,391,5,6.9,month-to-month,0,1,4.4,partner,C,white,3,1
CUST110642,46,89.78,415,1,0.0,month-to-month,1,2,5.7,referral,A,yellow,9,0
CUST110643,18,64.47,387,3,5.7,one-year,0,4,7.7,ads,A,red,19,0
CUST110644,40,102.08,499,3,1.1,month-to-month,1,3,10.0,organic,C,blue,96,0
CUST110645,30,95.07,254,2,2.3,one-year,0,3,8.8,ads,A,red,70,0
CUST110646,34,73.62,459,1,0.0,two-year,0,6,8.1,organic,A,yellow,76,0
CUST110647,1,76.12,233,2,1.7,one-year,1,1,10.0,referral,B,black,92,0
CUST110648,19,76.45,452,5,5.4,one-year,1,4,7.2,ads,B,red,19,0
CUST110649,38,117.35,463,6,14.6,month-to-month,0,3,2.8,organic,B,black,36,1
CUST110650,52,34.06,268,4,4.9,one-year,1,4,9.7,organic,B,red,63,0
CUST110651,28,70.12,558,5,0.0,one-year,1,4,5.3,referral,A,black,87,0
CUST110652,26,83.9,509,5,5.2,month-to-month,1,4,4.8,ads,A,red,54,1
CUST110653,9,33.17,357,5,0.7,month-to-month,1,3,5.3,ads,A,black,38,1
CUST110654,6,39.78,357,8,10.0,month-to-month,0,3,5.2,ads,B,black,28,1
CUST110655,39,132.96,406,1,0.0,two-year,1,4,8.7,referral,B,white,17,0
CUST110656,68,83.99,278,0,7.3,one-year,0,3,8.7,organic,C,green,22,0
CUST110657,33,104.45,359,1,10.3,month-to-month,1,2,7.2,partner,A,white,83,0
CUST110658,48,42.5,559,1,2.4,month-to-month,1,6,3.3,partner,A,blue,39,0
CUST110659,2,104.48,579,2,6.3,one-year,1,1,5.2,ads,A,white,11,0
CUST110660,54,21.97,622,3,0.0,month-to-month,1,3,8.1,ads,C,white,10,0
CUST110661,4,66.98,513,4,1.8,one-year,1,3,5.5,referral,B,black,24,0
CUST110662,60,130.73,429,1,1.1,one-year,0,3,6.6,referral,B,red,86,0
CUST110663,19,40.02,354,6,7.5,one-year,0,1,1.0,partner,B,white,85,1
CUST110664,24,21.36,320,3,4.2,month-to-month,0,4,6.1,referral,A,black,6,0
CUST110665,60,57.18,398,6,9.9,month-to-month,0,3,8.8,referral,C,yellow,24,0
CUST110666,19,25.15,500,2,1.9,one-year,1,2,9.3,organic,A,green,57,1
CUST110667,55,73.08,418,0,5.7,one-year,0,3,7.5,referral,A,blue,44,0
CUST110668,45,78.18,374,4,0.0,one-year,1,2,4.1,ads,A,red,31,0
CUST110669,10,121.32,689,2,7.2,month-to-month,0,2,7.1,ads,A,white,74,0
CUST110670,45,135.51,231,1,2.0,month-to-month,1,4,10.0,ads,A,green,83,0
CUST110671,11,46.54,487,3,0.0,one-year,0,3,8.3,organic,B,blue,12,0
CUST110672,1,130.28,158,1,5.6,month-to-month,1,3,3.4,ads,B,blue,25,1
CUST110673,9,62.73,369,2,10.2,month-to-month,0,3,3.6,ads,A,yellow,45,0
CUST110674,9,77.21,299,2,0.0,month-to-month,0,2,7.3,ads,B,yellow,77,0
CUST110675,40,59.41,403,2,4.7,one-year,1,3,3.6,partner,A,red,20,0
CUST110676,50,98.03,404,2,0.0,month-to-month,1,4,9.0,referral,C,yellow,50,0
CUST110677,40,129.75,281,1,4.5,one-year,0,2,3.6,organic,B,red,58,0
CUST110678,14,59.15,315,3,9.2,month-to-month,0,4,5.2,ads,A,yellow,86,0
CUST110679,38,49.99,301,3,4.4,one-year,1,5,8.8,referral,B,green,25,0
CUST110680,12,58.94,723,5,10.4,month-to-month,0,2,5.2,organic,B,white,75,1
CUST110681,19,87.98,250,1,8.4,month-to-month,1,4,7.6,organic,C,red,26,0
CUST110682,25,138.55,475,3,3.1,month-to-month,0,3,4.0,partner,A,white,54,1
CUST110683,46,107.78,145,4,0.0,two-year,1,3,6.2,ads,A,yellow,32,0
CUST110684,8,29.28,391,6,11.4,month-to-month,0,4,5.0,ads,A,blue,24,1
CUST110685,21,30.48,583,3,2.5,one-year,1,2,6.5,partner,B,green,76,0
CUST110686,27,134.58,569,3,10.0,month-to-month,0,1,4.4,ads,C,yellow,76,0
CUST110687,25,128.02,414,1,0.0,one-year,0,3,7.8,ads,C,blue,76,0
CUST110688,31,142.67,508,1,0.0,one-year,1,3,5.3,ads,B,red,19,0
CUST110689,38,63.23,412,1,7.8,month-to-month,0,1,4.9,ads,A,black,65,0
CUST110690,34,83.92,417,2,3.8,month-to-month,0,2,9.0,referral,C,yellow,42,0
CUST110691,51,111.07,245,3,0.0,one-year,1,5,10.0,ads,A,green,5,0
CUST110692,58,61.09,263,2,0.0,one-year,0,4,9.2,ads,A,red,71,0
CUST110693,42,53.88,394,5,8.8,month-to-month,0,3,6.1,referral,A,yellow,38,0
CUST110694,45,45.15,573,1,0.5,one-year,1,5,9.4,referral,C,white,26,0
CUST110695,59,131.65,556,8,5.9,one-year,0,3,5.7,ads,A,yellow,53,0
CUST110696,33,121.04,267,1,0.0,two-year,1,3,5.8,referral,A,white,93,0
CUST110697,53,80.74,425,1,0.0,one-year,1,5,10.0,ads,A,green,44,0
CUST110698,57,135.15,629,3,1.4,month-to-month,1,3,5.7,ads,A,yellow,37,0
CUST110699,13,148.21,523,2,15.2,month-to-month,0,2,4.7,ads,B,blue,77,1
CUST110700,41,35.35,435,3,2.6,one-year,0,3,2.8,ads,A,green,94,0
CUST110701,46,61.71,317,2,0.0,month-to-month,0,2,10.0,ads,A,blue,62,0
CUST110702,52,132.08,459,3,8.4,one-year,1,2,5.4,organic,B,yellow,12,0
CUST110703,36,105.76,532,4,0.5,two-year,0,3,6.4,organic,A,yellow,79,0
CUST110704,63,97.97,398,8,3.0,month-to-month,1,5,6.1,ads,A,white,6,0
CUST110705,45,92.1,461,2,7.6,one-year,1,2,4.8,ads,B,red,96,1
CUST110706,18,80.19,308,3,0.0,one-year,1,4,6.5,organic,B,black,13,0
CUST110707,35,114.89,492,9,6.2,month-to-month,1,2,7.5,partner,A,black,44,1
CUST110708,33,25.8,404,2,5.5,month-to-month,0,3,6.4,ads,A,white,53,0
CUST110709,20,95.18,329,6,5.5,one-year,0,3,1.8,partner,A,black,78,1
CUST110710,22,103.4,554,3,0.3,two-year,0,3,6.0,ads,B,yellow,44,0
CUST110711,46,67.58,581,1,2.3,one-year,1,3,10.0,referral,A,yellow,59,0
CUST110712,29,84.71,175,2,10.1,month-to-month,0,1,4.6,partner,B,blue,72,0
CUST110713,25,41.54,364,2,12.3,month-to-month,1,2,5.3,organic,C,red,97,1
CUST110714,30,124.5,340,3,4.1,month-to-month,1,3,5.6,ads,A,black,22,0
CUST110715,30,92.71,394,3,0.0,month-to-month,0,4,2.4,ads,C,blue,32,0
CUST110716,51,92.06,488,3,2.6,two-year,0,5,5.7,ads,B,blue,37,0
CUST110717,47,137.2,215,3,1.7,one-year,0,4,7.9,organic,B,white,34,0
CUST110718,43,76.51,550,1,0.0,one-year,1,4,7.9,referral,A,blue,13,0
CUST110719,45,83.02,323,2,3.1,one-year,0,4,10.0,ads,A,red,3,0
CUST110720,41,80.75,313,2,5.4,month-to-month,0,2,5.1,ads,B,white,71,1
CUST110721,22,52.25,476,8,13.7,one-year,0,2,1.6,referral,A,red,63,1
CUST110722,49,51.78,595,2,0.5,one-year,1,1,8.0,organic,A,white,96,0
CUST110723,16,118.08,473,1,3.0,month-to-month,0,3,8.3,referral,B,red,15,0
CUST110724,36,31.32,425,1,8.2,month-to-month,0,4,7.5,partner,C,white,58,0
CUST110725,1,119.44,323,1,0.0,month-to-month,0,3,4.4,partner,A,blue,19,1
CUST110726,42,79.84,417,3,4.2,month-to-month,0,5,2.4,referral,C,blue,76,0
CUST110727,15,22.86,352,5,0.0,one-year,0,1,6.5,ads,C,yellow,86,0
CUST110728,15,47.98,234,6,9.8,month-to-month,1,4,4.6,referral,A,green,33,0
CUST110729,1,131.01,438,2,7.7,month-to-month,0,6,4.0,partner,A,black,98,1
CUST110730,38,126.17,550,4,1.4,two-year,0,3,4.3,ads,C,blue,98,0
CUST110731,22,22.87,383,1,3.8,month-to-month,1,5,6.6,organic,B,yellow,58,0
CUST110732,41,143.82,644,2,2.8,month-to-month,1,3,8.7,organic,B,yellow,71,0
CUST110733,31,40.57,364,3,9.9,month-to-month,0,1,3.8,partner,A,red,91,0
CUST110734,21,128.04,303,5,8.9,month-to-month,0,1,3.9,partner,B,red,94,1
CUST110735,1,132.06,723,6,11.5,month-to-month,0,1,1.0,ads,B,yellow,15,1
CUST110736,45,106.29,431,1,0.0,month-to-month,1,5,9.3,referral,B,green,65,0
CUST110737,43,66.46,384,2,13.2,month-to-month,0,3,5.1,ads,B,black,19,0
CUST110738,31,73.38,432,3,4.8,month-to-month,0,4,6.2,ads,C,white,96,0
CUST110739,1,94.74,434,3,3.0,one-year,0,3,2.7,ads,B,yellow,58,1
CUST110740,42,130.51,349,2,0.0,month-to-month,1,4,10.0,ads,C,red,99,0
CUST110741,40,141.3,427,2,2.8,month-to-month,0,1,5.9,ads,B,blue,56,1
CUST110742,40,146.53,349,3,11.0,one-year,0,1,7.4,ads,B,green,61,0
CUST110743,22,44.08,253,3,3.2,one-year,0,2,10.0,partner,C,white,90,0
CUST110744,48,96.89,337,0,0.0,two-year,1,2,7.4,organic,C,yellow,57,0
CUST110745,35,20.06,295,3,4.3,month-to-month,1,1,7.0,referral,A,yellow,53,1
CUST110746,47,144.55,402,3,5.9,month-to-month,0,3,6.0,ads,C,white,20,0
CUST110747,4,128.37,334,2,8.9,month-to-month,1,3,8.7,partner,C,white,76,0
CUST110748,21,23.98,650,7,2.9,month-to-month,1,2,3.2,organic,B,blue,70,1
CUST110749,27,77.43,449,2,5.7,one-year,1,3,6.7,referral,A,yellow,20,0
CUST110750,35,23.25,146,1,4.1,month-to-month,1,1,7.4,partner,B,green,31,0
CUST110751,72,144.13,241,1,0.0,two-year,1,5,8.0,referral,B,black,45,0
CUST110752,6,25.9,424,3,15.3,month-to-month,0,3,4.5,organic,B,white,71,0
CUST110753,34,146.99,495,5,9.2,month-to-month,0,2,5.0,organic,A,white,17,0
CUST110754,40,108.81,464,3,2.3,month-to-month,1,1,6.5,ads,C,red,26,0
CUST110755,18,89.07,483,1,5.9,month-to-month,1,2,6.9,ads,B,red,63,0
CUST110756,7,43.5,321,4,0.0,month-to-month,0,3,5.2,ads,B,black,90,1
CUST110757,47,97.98,682,7,2.5,one-year,0,2,5.8,partner,A,white,57,0
CUST110758,25,143.54,332,2,1.1,month-to-month,0,6,8.1,referral,A,green,26,0
CUST110759,1,114.75,532,4,9.4,two-year,0,3,6.1,ads,C,yellow,83,0
CUST110760,63,95.64,226,2,13.4,one-year,1,4,10.0,ads,A,black,10,0
CUST110761,26,68.27,226,1,1.5,two-year,0,4,10.0,organic,C,green,8,0
CUST110762,21,109.43,473,5,10.8,month-to-month,0,2,5.1,partner,A,green,34,0
CUST110763,72,142.65,512,0,4.6,month-to-month,0,4,9.1,referral,A,green,77,0
CUST110764,30,123.54,305,0,0.0,month-to-month,0,2,8.5,referral,B,red,29,0
CUST110765,28,130.41,562,2,6.6,month-to-month,0,1,5.9,referral,A,blue,81,0
CUST110766,1,142.5,471,6,10.2,month-to-month,0,1,3.0,ads,C,blue,28,1
CUST110767,51,67.37,448,2,0.0,one-year,1,4,10.0,ads,C,black,99,0
CUST110768,32,55.85,467,3,10.8,month-to-month,0,5,5.8,referral,A,yellow,12,0
CUST110769,43,149.81,442,2,0.0,one-year,1,3,8.8,organic,B,blue,52,0
CUST110770,72,22.64,287,1,0.0,month-to-month,1,4,7.5,organic,C,green,47,0
CUST110771,59,28.37,632,1,1.0,one-year,1,3,6.2,ads,A,black,30,0
CUST110772,55,87.16,525,3,0.0,one-year,0,2,7.8,referral,C,white,2,0
CUST110773,50,20.67,404,3,4.2,one-year,1,3,6.5,referral,A,yellow,41,0
CUST110774,64,49.06,559,1,0.0,one-year,1,3,9.8,ads,C,green,45,0
CUST110775,53,73.82,623,6,0.0,month-to-month,0,2,7.3,partner,B,yellow,15,0
CUST110776,2,114.86,545,7,7.3,month-to-month,0,2,4.8,partner,A,red,27,1
CUST110777,36,126.98,480,2,2.9,two-year,1,5,6.8,organic,B,red,80,0
CUST110778,51,62.92,330,1,4.8,two-year,1,4,9.8,referral,C,blue,77,0
CUST110779,60,27.43,334,5,0.0,month-to-month,0,4,5.2,ads,C,red,76,1
CUST110780,50,83.57,173,3,9.1,month-to-month,0,3,3.3,partner,A,black,94,0
CUST110781,17,45.01,451,6,6.2,month-to-month,0,2,5.2,partner,A,white,38,1
CUST110782,44,23.86,412,2,5.9,month-to-month,1,4,5.2,organic,A,red,28,1
CUST110783,6,56.07,119,2,5.8,one-year,1,3,9.7,referral,B,white,25,0
CUST110784,72,74.64,107,0,3.7,one-year,1,2,9.9,referral,A,yellow,73,0
CUST110785,36,49.9,637,1,6.4,one-year,0,3,10.0,organic,C,black,78,0
CUST110786,45,73.29,195,3,0.0,month-to-month,0,4,7.9,ads,A,blue,91,0
CUST110787,42,32.77,484,3,5.4,month-to-month,0,6,3.7,partner,B,yellow,96,1
CUST110788,13,131.93,223,6,10.6,one-year,1,3,4.5,ads,B,green,80,1
CUST110789,33,101.18,598,3,10.4,month-to-month,0,2,5.7,organic,B,yellow,7,0
CUST110790,57,48.95,500,4,3.5,month-to-month,0,3,7.1,organic,B,blue,32,0
CUST110791,24,95.85,487,4,0.0,one-year,0,2,6.9,referral,B,white,60,0
CUST110792,20,88.15,292,1,7.2,two-year,1,2,5.6,referral,C,green,3,0
CUST110793,68,103.55,472,1,8.0,month-to-month,0,4,5.3,organic,A,white,63,0
CUST110794,54,109.38,362,3,2.7,month-to-month,0,1,7.5,organic,B,green,24,0
CUST110795,61,103.66,220,7,0.5,month-to-month,0,3,1.8,ads,C,yellow,53,1
CUST110796,26,26.76,374,7,18.4,month-to-month,0,1,3.8,ads,A,black,49,1
CUST110797,10,81.21,310,2,5.9,one-year,1,1,5.0,referral,A,yellow,14,0
CUST110798,46,123.11,294,3,1.2,month-to-month,1,1,8.1,ads,C,blue,99,0
CUST110799,36,111.02,450,2,4.7,one-year,1,4,4.8,organic,A,red,20,1
CUST110800,29,123.63,225,6,12.4,one-year,1,5,5.7,organic,A,green,49,1
CUST110801,41,104.05,609,1,0.0,two-year,0,2,10.0,organic,B,red,13,0
CUST110802,15,110.95,527,5,5.3,one-year,0,4,8.2,referral,A,red,24,0
CUST110803,24,112.61,385,4,9.1,two-year,1,3,8.3,organic,C,black,51,1
CUST110804,72,56.38,621,2,0.8,one-year,1,3,8.5,referral,B,yellow,76,0
CUST110805,32,98.68,314,4,6.6,month-to-month,0,3,2.5,ads,A,white,18,1
CUST110806,26,24.73,446,2,5.2,two-year,0,2,5.9,ads,B,yellow,89,0
CUST110807,63,116.49,465,2,10.2,month-to-month,0,3,7.2,referral,A,green,54,0
CUST110808,22,74.53,257,4,1.5,month-to-month,1,4,3.6,referral,A,white,97,0
CUST110809,41,143.53,534,5,1.4,one-year,1,3,7.0,referral,A,black,77,0
CUST110810,42,85.95,307,7,14.7,month-to-month,0,3,1.0,partner,A,blue,4,1
CUST110811,33,68.49,508,4,0.8,month-to-month,0,4,6.2,organic,B,white,10,0
CUST110812,24,30.92,432,2,0.0,month-to-month,0,3,5.6,ads,B,white,88,1
CUST110813,5,82.37,319,2,3.3,month-to-month,1,4,9.3,ads,A,blue,42,0
CUST110814,16,47.38,391,5,9.7,two-year,1,5,4.7,referral,A,blue,77,1
CUST110815,18,60.61,478,1,4.9,month-to-month,0,4,5.5,ads,C,yellow,12,1
CUST110816,40,143.29,502,1,1.8,one-year,0,4,6.5,organic,B,blue,47,0
CUST110817,29,55.55,186,1,5.4,month-to-month,1,4,5.7,referral,A,blue,33,0
CUST110818,68,58.99,480,2,14.0,month-to-month,0,2,7.8,partner,A,green,64,0
CUST110819,41,82.73,304,1,0.0,one-year,0,5,5.5,referral,B,blue,89,0
CUST110820,45,115.39,252,3,15.3,month-to-month,0,2,7.1,organic,B,green,86,1
CUST110821,39,62.6,408,3,5.8,month-to-month,0,3,6.4,referral,C,blue,31,0
CUST110822,29,45.07,291,6,5.3,month-to-month,1,2,6.5,partner,B,white,34,0
CUST110823,52,105.25,410,4,9.5,one-year,0,5,2.1,ads,A,green,1,0
CUST110824,1,26.53,314,7,6.0,month-to-month,0,4,1.0,partner,C,blue,29,1
CUST110825,32,102.46,453,5,0.0,month-to-month,1,4,5.6,referral,C,green,97,0
CUST110826,28,122.32,523,2,6.3,two-year,0,3,6.9,organic,B,black,93,0
CUST110827,22,103.49,564,6,1.3,one-year,0,1,5.9,organic,B,green,59,0
CUST110828,36,77.98,318,1,12.9,month-to-month,0,1,6.7,ads,A,black,66,0
CUST110829,55,113.29,370,4,7.4,month-to-month,1,3,7.4,ads,C,black,54,0
CUST110830,13,22.42,281,0,0.0,two-year,0,4,9.9,ads,A,black,29,0
CUST110831,31,93.83,339,3,6.6,month-to-month,0,1,7.1,partner,A,green,77,0
CUST110832,11,89.05,317,2,5.7,month-to-month,0,3,5.8,ads,A,blue,30,1
CUST110833,34,148.06,469,3,6.1,month-to-month,0,2,5.0,partner,A,green,63,0
CUST110834,51,115.55,398,2,0.0,one-year,1,6,8.9,referral,A,green,98,0
CUST110835,24,68.32,414,2,0.1,one-year,1,3,4.3,ads,B,yellow,9,0
CUST110836,38,80.75,533,4,7.0,month-to-month,1,2,4.1,referral,A,yellow,27,0
CUST110837,52,32.2,532,2,0.9,month-to-month,0,1,6.4,organic,C,blue,71,0
CUST110838,69,41.03,349,1,3.3,month-to-month,1,3,4.8,organic,C,blue,75,1
CUST110839,18,114.76,0,3,9.5,month-to-month,0,4,4.3,organic,C,black,49,1
CUST110840,1,116.82,543,1,9.9,one-year,0,2,5.4,ads,A,white,34,0
CUST110841,31,60.32,532,5,12.0,two-year,1,3,5.5,organic,A,green,9,0
CUST110842,50,103.47,325,7,6.5,month-to-month,0,2,4.9,partner,C,blue,51,1
CUST110843,55,94.13,456,3,0.0,month-to-month,0,4,7.1,organic,B,green,34,0
CUST110844,56,50.17,635,2,10.8,month-to-month,1,3,6.7,organic,A,yellow,67,0
CUST110845,30,112.71,639,2,4.8,month-to-month,0,1,7.9,partner,C,green,8,1
CUST110846,42,69.9,272,5,0.0,one-year,0,5,8.8,organic,C,black,12,0
CUST110847,53,71.04,372,0,6.7,month-to-month,1,5,6.3,referral,B,black,31,0
CUST110848,28,102.23,193,4,5.1,month-to-month,0,4,5.7,organic,C,yellow,29,0
CUST110849,38,52.27,358,2,9.8,one-year,1,6,4.8,partner,B,yellow,51,0
CUST110850,40,118.53,338,7,7.8,month-to-month,0,2,3.3,ads,A,green,67,1
CUST110851,60,22.5,86,4,5.8,month-to-month,1,3,8.4,referral,A,yellow,57,0
CUST110852,41,46.09,556,3,7.2,month-to-month,0,3,7.2,referral,B,black,95,1
CUST110853,35,121.4,605,4,3.9,one-year,0,2,7.2,ads,A,yellow,78,0
CUST110854,38,134.37,581,3,5.0,month-to-month,1,3,3.5,organic,B,green,86,0
CUST110855,1,100.91,545,4,9.2,month-to-month,1,2,5.6,organic,A,green,92,0
CUST110856,43,134.11,197,3,3.5,one-year,0,5,7.0,partner,B,yellow,34,0
CUST110857,21,37.58,665,4,7.9,one-year,0,2,5.1,partner,B,white,11,1
CUST110858,51,104.29,426,3,0.0,one-year,0,4,8.2,referral,B,white,83,0
CUST110859,28,107.71,478,6,4.5,month-to-month,0,3,5.7,ads,C,yellow,81,1
CUST110860,41,129.73,557,5,0.0,one-year,1,4,6.0,ads,B,white,84,0
CUST110861,11,49.98,485,5,10.0,month-to-month,0,1,6.5,referral,A,white,37,0
CUST110862,53,31.8,635,6,1.5,month-to-month,1,5,4.9,ads,B,yellow,94,0
CUST110863,39,49.94,324,3,5.4,month-to-month,0,3,5.7,referral,B,white,36,0
CUST110864,38,98.6,608,4,3.9,month-to-month,0,4,8.4,ads,A,green,54,0
CUST110865,43,144.3,228,2,0.4,month-to-month,1,4,7.2,referral,C,green,87,0
CUST110866,50,66.17,474,2,3.6,month-to-month,0,1,5.4,referral,C,blue,52,1
CUST110867,30,70.58,350,4,8.2,month-to-month,0,3,6.6,ads,A,black,28,0
CUST110868,16,93.44,449,3,2.6,month-to-month,1,3,2.9,organic,B,white,14,1
CUST110869,42,84.88,584,4,1.9,one-year,1,4,8.6,partner,A,black,37,0
CUST110870,61,38.62,556,1,0.2,month-to-month,1,5,7.6,referral,B,white,94,0
CUST110871,48,74.44,421,1,0.0,month-to-month,0,4,7.7,partner,C,white,35,0
CUST110872,52,140.39,262,3,0.0,month-to-month,1,5,5.3,referral,B,blue,95,0
CUST110873,45,54.06,261,2,0.0,month-to-month,1,2,9.5,ads,B,blue,66,0
CUST110874,68,128.43,578,0,0.4,one-year,1,4,6.4,referral,A,yellow,22,0
CUST110875,31,65.43,435,4,5.5,month-to-month,0,1,4.9,ads,B,green,86,1
CUST110876,55,123.5,334,4,5.8,one-year,1,4,5.4,referral,A,green,3,0
CUST110877,39,108.63,298,5,0.0,month-to-month,1,2,10.0,referral,C,yellow,63,0
CUST110878,4,105.82,495,2,8.0,one-year,0,2,4.4,ads,C,red,94,0
CUST110879,17,47.34,652,0,9.3,month-to-month,1,3,8.7,organic,C,red,48,0
CUST110880,55,31.0,389,2,0.7,month-to-month,0,5,3.7,referral,A,green,43,1
CUST110881,31,116.5,548,2,11.6,month-to-month,0,1,4.6,ads,A,green,3,1
CUST110882,62,143.43,275,3,1.9,one-year,1,3,8.0,ads,C,white,11,0
CUST110883,37,103.66,520,1,8.6,month-to-month,0,3,4.3,referral,A,blue,39,0
CUST110884,43,143.81,619,2,3.5,one-year,0,3,6.5,referral,A,green,81,1
CUST110885,48,24.03,324,2,0.0,one-year,1,4,9.0,referral,B,yellow,49,0
CUST110886,25,114.34,526,4,5.9,month-to-month,0,3,3.4,partner,A,blue,61,0
CUST110887,14,89.7,448,3,3.4,one-year,1,3,6.2,organic,A,blue,60,0
CUST110888,35,95.39,414,3,6.6,one-year,1,2,8.8,referral,B,red,86,0
CUST110889,51,50.63,230,7,2.9,one-year,1,3,4.7,ads,A,yellow,87,1
CUST110890,53,112.72,264,2,0.0,month-to-month,0,4,8.4,ads,B,white,86,0
CUST110891,72,79.61,471,2,7.6,month-to-month,0,1,4.9,partner,B,blue,47,0
CUST110892,29,131.25,401,5,6.3,two-year,0,2,7.8,partner,B,green,43,1
CUST110893,37,81.81,462,2,4.1,month-to-month,1,2,7.5,referral,B,yellow,90,0
CUST110894,20,105.65,601,2,5.1,month-to-month,0,3,5.2,referral,B,yellow,56,0
CUST110895,56,44.69,233,0,0.0,one-year,1,4,4.9,organic,B,red,69,0
CUST110896,30,133.89,600,3,14.9,month-to-month,0,2,4.8,ads,C,red,64,1
CUST110897,15,68.89,276,6,5.1,month-to-month,0,4,3.9,organic,C,blue,27,1
CUST110898,14,147.89,394,5,11.8,month-to-month,0,3,7.7,ads,A,yellow,76,0
CUST110899,46,76.07,349,7,5.2,two-year,0,3,8.2,ads,B,red,48,0
CUST110900,31,60.17,297,4,6.0,one-year,0,2,8.1,referral,C,black,60,1
CUST110901,41,111.6,680,2,0.0,month-to-month,1,1,6.2,organic,A,yellow,36,0
CUST110902,5,37.01,445,3,5.7,month-to-month,0,2,3.5,ads,B,yellow,22,1
CUST110903,14,44.22,613,2,7.6,month-to-month,1,4,6.8,organic,B,red,48,0
CUST110904,22,24.13,281,4,7.1,month-to-month,0,5,5.7,ads,C,red,95,0
CUST110905,26,38.65,408,4,11.2,month-to-month,0,1,4.4,organic,A,green,69,1
CUST110906,58,106.41,258,5,8.9,month-to-month,0,4,6.0,organic,B,blue,84,1
CUST110907,34,92.75,217,1,3.0,two-year,1,4,9.2,referral,A,black,98,0
CUST110908,64,140.18,472,7,3.8,month-to-month,0,2,5.7,organic,A,white,53,0
CUST110909,40,121.2,432,2,2.9,month-to-month,0,2,2.9,partner,B,black,14,0
CUST110910,14,129.95,526,3,2.4,month-to-month,0,5,5.7,organic,B,white,99,0
CUST110911,43,83.64,742,3,3.5,one-year,1,4,9.8,referral,A,yellow,54,0
CUST110912,32,39.77,259,5,5.2,month-to-month,1,3,1.5,ads,A,black,65,1
CUST110913,6,102.98,361,3,2.4,month-to-month,0,3,8.7,ads,B,green,34,0
CUST110914,36,137.75,494,6,6.7,month-to-month,0,1,4.6,organic,B,red,49,1
CUST110915,53,108.09,315,2,3.3,month-to-month,0,1,4.9,referral,A,white,16,1
CUST110916,42,144.34,458,5,0.0,one-year,0,2,7.2,partner,B,white,44,0
CUST110917,29,117.05,356,1,1.4,one-year,1,2,8.5,partner,B,yellow,88,0
CUST110918,21,44.21,367,6,6.4,month-to-month,0,3,5.6,ads,A,white,56,0
CUST110919,29,138.67,274,6,0.0,month-to-month,1,2,5.6,referral,A,blue,99,0
CUST110920,38,124.66,468,1,3.2,month-to-month,1,2,6.6,organic,A,yellow,16,0
CUST110921,9,68.84,458,5,13.3,month-to-month,0,1,4.3,ads,A,yellow,55,0
CUST110922,50,41.64,388,0,2.3,two-year,1,3,6.6,organic,B,yellow,8,0
CUST110923,35,97.14,503,5,5.9,month-to-month,0,3,5.6,referral,A,red,20,0
CUST110924,28,47.01,358,2,0.0,month-to-month,0,6,6.4,ads,A,red,18,0
CUST110925,10,138.55,742,3,8.5,two-year,0,3,1.0,organic,A,green,61,0
CUST110926,38,97.48,551,3,11.9,month-to-month,0,3,7.8,ads,C,white,51,0
CUST110927,36,23.13,535,4,1.0,one-year,0,3,3.5,referral,A,yellow,84,0
CUST110928,15,79.95,219,4,17.4,two-year,0,5,4.6,ads,B,yellow,37,0
CUST110929,41,122.42,410,3,7.9,two-year,1,1,7.1,ads,B,black,37,0
CUST110930,24,90.15,329,3,1.0,two-year,1,4,8.2,organic,C,red,83,0
CUST110931,59,90.26,364,5,0.0,two-year,1,5,7.9,referral,A,blue,55,0
CUST110932,37,114.06,455,4,5.5,month-to-month,0,1,1.0,ads,B,blue,43,1
CUST110933,28,92.32,387,2,3.5,month-to-month,0,2,8.6,partner,B,green,41,0
CUST110934,21,103.3,392,0,1.8,month-to-month,1,2,4.6,ads,A,black,34,0
CUST110935,21,27.66,576,1,0.0,month-to-month,0,1,5.5,organic,A,white,15,0
CUST110936,24,102.38,322,3,0.0,two-year,0,3,8.3,referral,C,yellow,33,0
CUST110937,27,49.45,419,7,5.2,month-to-month,0,1,1.0,ads,A,white,68,1
CUST110938,2,122.4,318,6,12.2,month-to-month,0,2,1.0,ads,A,green,13,1
CUST110939,7,76.93,319,1,5.6,one-year,0,5,6.7,organic,B,black,30,0
CUST110940,31,48.01,391,1,4.7,month-to-month,0,1,1.0,ads,B,green,2,0
CUST110941,21,28.14,575,2,7.7,month-to-month,0,1,2.5,ads,B,green,69,1
CUST110942,62,54.43,257,3,2.0,one-year,0,5,7.8,organic,B,red,87,0
CUST110943,35,132.46,396,2,1.7,month-to-month,0,1,5.8,ads,A,white,47,1
CUST110944,58,106.09,414,4,3.7,one-year,0,2,8.4,ads,B,blue,59,0
CUST110945,68,78.86,212,1,2.3,one-year,1,3,9.1,organic,A,white,49,0
CUST110946,26,63.14,322,2,15.2,month-to-month,0,4,2.5,organic,B,yellow,28,1
CUST110947,46,62.24,518,1,5.9,month-to-month,1,4,5.4,ads,A,red,47,0
CUST110948,3,73.09,473,3,0.1,month-to-month,0,4,6.7,ads,B,blue,7,1
CUST110949,72,23.01,470,2,1.0,two-year,1,3,10.0,referral,A,blue,51,0
CUST110950,25,103.87,455,6,0.4,one-year,1,4,3.7,ads,B,yellow,73,1
CUST110951,33,64.91,688,4,6.8,one-year,1,3,8.5,referral,C,green,16,0
CUST110952,57,91.71,441,2,0.3,month-to-month,1,1,9.2,organic,B,yellow,90,0
CUST110953,7,85.76,277,4,4.3,month-to-month,1,5,7.4,ads,B,white,14,1
CUST110954,22,70.32,272,6,11.3,two-year,0,3,5.0,partner,B,red,30,1
CUST110955,48,103.94,392,4,6.3,month-to-month,1,5,5.1,partner,A,black,49,0
CUST110956,4,137.68,377,3,13.7,month-to-month,0,3,6.8,ads,B,blue,35,0
CUST110957,28,143.98,350,3,0.7,month-to-month,1,4,7.0,organic,A,black,72,0
CUST110958,34,52.59,518,1,0.0,one-year,0,6,7.7,organic,B,green,16,1
CUST110959,7,128.89,607,4,3.7,one-year,1,2,7.3,organic,B,white,53,0
CUST110960,11,24.35,397,4,15.6,one-year,0,4,1.0,ads,A,green,44,1
CUST110961,19,56.78,267,2,7.4,one-year,0,2,4.7,ads,B,black,31,0
CUST110962,23,53.52,484,8,12.8,month-to-month,0,4,4.8,referral,B,green,29,1
CUST110963,35,45.12,384,2,5.4,one-year,1,3,6.3,referral,A,white,16,0
CUST110964,40,44.57,396,4,1.9,two-year,1,4,7.5,referral,B,white,92,0
CUST110965,44,54.35,368,3,3.9,month-to-month,1,3,4.6,referral,A,yellow,57,0
CUST110966,43,112.07,351,2,0.0,month-to-month,0,5,5.3,organic,A,green,65,0
CUST110967,3,72.81,235,5,9.0,month-to-month,0,3,5.9,partner,A,white,99,1
CUST110968,52,136.84,396,2,0.6,two-year,0,2,6.5,ads,A,blue,95,0
CUST110969,49,126.39,383,2,3.4,two-year,1,4,6.6,ads,A,white,58,0
CUST110970,44,51.78,320,6,9.0,two-year,0,4,3.6,referral,A,white,17,0
CUST110971,50,131.24,216,3,6.4,month-to-month,1,4,8.0,referral,B,black,23,0
CUST110972,58,132.31,516,1,0.0,one-year,1,3,10.0,ads,A,blue,47,0
CUST110973,59,88.19,247,1,1.6,one-year,1,3,8.5,referral,C,red,40,0
CUST110974,45,44.56,424,4,12.2,month-to-month,1,3,5.7,organic,A,yellow,15,0
CUST110975,48,87.17,480,4,4.8,two-year,0,3,4.1,organic,A,yellow,6,0
CUST110976,34,23.35,214,2,4.8,two-year,1,6,8.0,organic,A,white,68,0
CUST110977,27,21.58,348,2,3.4,month-to-month,1,2,4.5,referral,C,green,88,0
CUST110978,68,85.65,531,0,0.0,month-to-month,1,3,6.4,organic,C,green,33,0
CUST110979,18,138.95,360,4,8.0,one-year,1,3,8.0,organic,B,yellow,14,0
CUST110980,2,37.47,134,3,15.3,month-to-month,0,1,6.0,ads,A,green,94,1
CUST110981,34,67.75,494,7,0.0,month-to-month,0,3,9.6,referral,A,red,57,1
CUST110982,18,83.65,361,4,8.6,month-to-month,1,2,7.0,ads,C,yellow,45,0
CUST110983,56,89.07,396,2,7.9,two-year,0,2,7.3,organic,B,red,60,0
CUST110984,53,126.48,381,0,0.0,one-year,1,4,7.5,partner,B,red,84,0
CUST110985,28,40.91,520,2,3.2,one-year,0,1,5.2,ads,C,white,2,0
CUST110986,65,23.08,602,0,6.7,two-year,1,4,8.5,referral,A,blue,94,0
CUST110987,31,114.78,654,6,9.6,month-to-month,0,4,7.9,ads,C,yellow,12,1
CUST110988,30,130.54,600,2,0.0,month-to-month,1,2,10.0,ads,C,white,87,0
CUST110989,35,72.35,394,1,0.0,two-year,0,3,6.2,organic,A,white,64,0
CUST110990,41,144.34,445,1,3.4,month-to-month,0,5,2.8,ads,A,red,61,0
CUST110991,59,88.61,165,3,2.7,two-year,0,5,6.7,organic,A,yellow,36,0
CUST110992,22,109.33,511,4,7.9,one-year,0,2,7.2,partner,A,yellow,92,1
CUST110993,39,84.81,357,1,0.3,month-to-month,1,2,9.6,referral,B,white,46,0
CUST110994,44,47.56,224,6,5.5,month-to-month,0,3,6.9,ads,A,black,52,1
CUST110995,20,62.29,595,2,0.0,month-to-month,1,3,9.2,organic,B,white,34,0
CUST110996,45,144.31,514,1,6.1,one-year,1,5,5.5,referral,C,green,40,0
CUST110997,63,88.4,620,0,0.7,two-year,0,4,6.8,organic,A,yellow,11,0
CUST110998,44,143.62,336,0,0.7,one-year,1,1,5.3,partner,B,black,39,0
CUST110999,51,64.8,200,3,3.1,one-year,0,1,4.9,partner,B,black,40,0
CUST111000,55,148.79,608,4,6.9,month-to-month,0,1,6.4,partner,B,green,3,0
CUST111001,46,104.44,335,2,4.3,month-to-month,1,2,10.0,referral,C,white,90,0
CUST111002,46,125.29,405,4,0.0,one-year,0,4,8.8,ads,A,white,45,0
CUST111003,60,34.72,610,3,0.0,month-to-month,0,4,7.2,organic,A,blue,59,0
CUST111004,62,134.87,271,4,0.0,two-year,1,2,6.2,organic,A,yellow,20,0
CUST111005,1,22.64,364,1,0.0,month-to-month,0,1,6.0,ads,A,green,44,0
CUST111006,30,28.53,294,3,12.5,month-to-month,1,1,6.2,ads,A,blue,68,0
CUST111007,21,66.44,413,4,8.9,month-to-month,1,2,2.8,partner,A,red,67,0
CUST111008,41,59.08,401,2,0.9,one-year,1,4,8.1,ads,A,blue,74,0
CUST111009,32,43.72,292,0,5.2,month-to-month,0,2,5.6,organic,C,green,37,0
CUST111010,37,121.38,391,4,0.0,month-to-month,1,4,8.4,ads,B,green,17,0
CUST111011,22,73.63,491,3,6.4,month-to-month,0,2,6.3,ads,B,white,42,0
CUST111012,45,135.63,509,1,14.0,month-to-month,0,2,6.8,partner,C,blue,71,0
CUST111013,52,23.82,451,5,10.1,month-to-month,1,2,4.1,ads,A,blue,60,1
CUST111014,35,64.34,452,1,0.0,month-to-month,0,3,7.3,organic,C,blue,43,0
CUST111015,16,43.8,222,3,0.0,one-year,1,5,7.8,referral,A,blue,96,0
CUST111016,34,77.05,578,3,0.0,one-year,0,3,6.0,referral,C,blue,53,0
CUST111017,27,149.51,460,4,4.6,month-to-month,0,1,3.4,referral,B,black,2,1
CUST111018,38,134.75,591,2,7.7,one-year,0,4,4.7,ads,C,blue,85,0
CUST111019,33,103.54,486,0,5.7,one-year,0,5,9.2,referral,B,green,20,0
CUST111020,35,47.08,544,1,0.0,one-year,1,2,9.8,partner,A,white,82,0
CUST111021,1,103.53,280,6,9.0,month-to-month,1,1,6.1,organic,A,red,37,0
CUST111022,66,49.07,800,2,0.0,one-year,1,3,7.5,referral,B,black,31,0
CUST111023,51,28.35,453,1,0.0,two-year,1,2,6.9,partner,A,yellow,11,0
CUST111024,31,110.12,540,1,0.0,one-year,1,4,6.3,ads,B,black,65,0
CUST111025,35,121.96,495,1,0.0,two-year,1,5,8.0,organic,B,red,46,0
CUST111026,20,55.64,322,2,6.4,one-year,0,3,7.7,referral,C,black,21,0
CUST111027,25,42.54,314,3,5.6,month-to-month,0,2,6.2,ads,A,white,83,0
CUST111028,24,125.1,424,3,3.6,month-to-month,0,4,9.3,referral,B,red,17,0
CUST111029,40,37.07,291,4,0.0,month-to-month,1,3,6.1,referral,B,red,17,1
CUST111030,59,145.79,650,3,10.5,month-to-month,0,2,4.7,partner,B,yellow,66,0
CUST111031,38,21.75,470,3,0.0,month-to-month,1,3,6.6,organic,C,red,42,0
CUST111032,2,94.91,588,4,13.4,month-to-month,0,2,1.0,partner,B,blue,84,1
CUST111033,54,95.97,511,2,5.3,one-year,1,4,5.8,ads,A,green,23,0
CUST111034,7,84.24,290,1,7.7,one-year,0,1,5.1,ads,A,white,60,0
CUST111035,50,118.2,480,3,8.4,month-to-month,0,2,5.7,ads,C,white,25,0
CUST111036,56,99.72,538,7,0.3,month-to-month,0,3,7.2,referral,A,red,99,0
CUST111037,39,146.03,426,4,0.0,month-to-month,1,3,5.7,partner,A,green,60,0
CUST111038,25,29.4,298,4,4.3,one-year,1,1,5.9,organic,B,green,20,1
CUST111039,21,72.14,361,1,7.1,month-to-month,0,2,4.9,ads,A,white,1,0
CUST111040,25,83.86,465,3,4.0,month-to-month,0,2,5.1,ads,B,red,62,0
CUST111041,28,110.86,535,3,4.1,month-to-month,0,1,6.0,ads,B,yellow,47,0
CUST111042,49,26.68,264,3,1.2,one-year,0,4,3.8,ads,B,blue,20,0
CUST111043,33,123.6,334,3,0.0,month-to-month,1,5,6.0,ads,C,blue,38,0
CUST111044,51,36.02,528,0,7.8,one-year,0,3,6.0,ads,C,blue,72,0
CUST111045,56,20.23,270,1,0.0,month-to-month,1,2,5.3,ads,C,blue,36,0
CUST111046,46,80.14,407,0,0.0,two-year,1,3,5.3,ads,A,black,1,0
CUST111047,13,47.28,408,2,8.3,month-to-month,0,4,2.9,organic,B,white,73,1
CUST111048,36,143.99,534,4,2.5,month-to-month,0,4,5.8,partner,B,red,34,0
CUST111049,46,107.79,460,1,0.0,one-year,1,5,10.0,organic,A,blue,42,0
CUST111050,69,127.73,408,3,4.2,month-to-month,1,3,9.8,referral,B,red,23,0
CUST111051,1,141.21,428,5,4.4,month-to-month,0,3,6.8,ads,C,red,11,1
CUST111052,49,31.61,448,1,0.0,one-year,1,5,7.3,ads,B,yellow,49,0
CUST111053,35,96.31,439,3,0.0,month-to-month,1,6,6.9,partner,A,yellow,54,0
CUST111054,38,82.56,555,0,1.4,month-to-month,1,2,7.3,referral,A,green,11,0
CUST111055,26,111.16,518,1,3.9,month-to-month,0,5,5.0,organic,C,black,85,1
CUST111056,42,108.73,430,2,14.0,month-to-month,1,1,9.0,referral,A,yellow,49,0
CUST111057,10,134.08,556,7,3.7,month-to-month,0,4,6.0,ads,B,red,7,0
CUST111058,23,76.44,714,3,8.3,month-to-month,1,2,6.3,ads,A,red,44,0
CUST111059,35,37.01,537,4,0.0,month-to-month,1,4,5.7,referral,C,green,55,1
CUST111060,21,119.4,378,2,10.8,month-to-month,0,1,5.5,ads,C,yellow,92,1
CUST111061,18,29.27,240,6,11.7,month-to-month,0,4,6.8,organic,B,yellow,9,0
CUST111062,1,64.26,342,2,7.3,month-to-month,0,1,5.8,ads,A,black,47,0
CUST111063,32,132.48,425,2,0.3,two-year,0,3,9.1,organic,B,black,34,0
CUST111064,72,149.4,713,1,0.0,two-year,0,5,8.2,referral,A,green,81,0
CUST111065,36,86.48,373,4,6.1,month-to-month,1,1,5.7,referral,B,blue,59,1
CUST111066,36,120.52,624,2,8.8,month-to-month,1,2,5.9,organic,C,white,90,0
CUST111067,37,24.91,457,5,0.1,two-year,1,5,7.4,ads,C,red,59,0
CUST111068,53,133.82,351,3,3.8,one-year,1,4,10.0,organic,A,white,55,0
CUST111069,34,51.58,283,3,3.6,month-to-month,1,4,9.0,partner,B,blue,10,0
CUST111070,36,32.33,396,3,12.4,month-to-month,0,2,6.8,ads,C,green,22,1
CUST111071,18,51.02,324,6,10.2,month-to-month,0,1,7.7,ads,B,yellow,18,1
CUST111072,5,103.13,316,4,1.7,one-year,0,2,1.0,ads,A,red,91,0
CUST111073,41,122.54,250,1,6.6,month-to-month,1,2,5.8,ads,B,green,88,0
CUST111074,1,59.72,346,4,6.0,month-to-month,1,2,5.5,ads,B,white,82,0
CUST111075,45,44.98,314,4,2.3,two-year,0,3,5.6,ads,C,blue,9,0
CUST111076,8,134.1,399,3,7.7,two-year,0,3,4.0,referral,A,green,46,0
CUST111077,22,99.86,416,2,4.1,one-year,0,2,1.8,ads,C,red,38,0
CUST111078,4,108.87,304,5,6.8,month-to-month,0,3,4.2,partner,C,yellow,43,1
CUST111079,55,23.23,360,2,0.0,two-year,1,5,10.0,referral,A,yellow,3,0
CUST111080,55,117.02,397,0,4.1,month-to-month,1,4,9.2,ads,C,black,6,0
CUST111081,72,53.69,497,1,0.0,month-to-month,1,6,7.7,organic,C,green,18,0
CUST111082,19,111.09,537,5,3.0,month-to-month,1,5,7.7,organic,B,green,63,0
CUST111083,45,131.33,388,2,5.9,one-year,1,4,8.3,referral,B,white,49,0
CUST111084,54,25.79,406,0,2.0,one-year,0,3,5.7,ads,C,blue,35,0
CUST111085,29,39.38,289,2,2.2,one-year,0,4,6.2,organic,B,black,51,0
CUST111086,50,54.04,394,1,8.2,one-year,1,3,7.3,partner,B,black,70,0
CUST111087,32,48.35,272,2,8.3,one-year,1,5,6.5,ads,A,black,56,0
CUST111088,11,138.76,492,5,20.4,one-year,0,3,3.6,partner,C,yellow,10,1
CUST111089,40,101.58,265,0,0.0,one-year,1,5,6.2,referral,A,green,91,0
CUST111090,32,148.29,452,0,3.3,two-year,1,4,5.4,referral,A,black,91,0
CUST111091,54,21.87,342,1,0.0,month-to-month,1,4,8.2,organic,A,black,91,0
CUST111092,58,45.16,730,2,0.0,two-year,1,3,3.3,organic,C,green,80,0
CUST111093,37,129.07,500,1,6.5,two-year,1,2,8.2,ads,B,black,95,0
CUST111094,1,91.53,493,1,5.3,month-to-month,0,1,6.4,referral,A,blue,37,1
CUST111095,40,85.75,395,4,0.0,month-to-month,0,4,8.8,organic,A,white,98,0
CUST111096,21,130.29,574,6,11.0,month-to-month,0,1,3.7,partner,B,black,43,1
CUST111097,35,138.96,442,2,4.8,month-to-month,1,3,7.7,ads,B,black,79,0
CUST111098,48,80.14,340,4,0.0,one-year,1,3,5.2,organic,C,white,96,0
CUST111099,26,50.85,516,5,9.0,month-to-month,0,2,5.5,ads,B,green,9,1
CUST111100,53,32.2,417,6,3.1,one-year,1,2,7.1,ads,B,yellow,23,0
CUST111101,7,125.38,225,6,4.8,month-to-month,0,5,3.4,ads,A,red,64,1
CUST111102,43,75.68,295,4,1.5,one-year,0,2,5.4,ads,B,green,95,0
CUST111103,62,33.6,585,1,5.1,month-to-month,0,2,4.8,referral,A,green,14,1
CUST111104,30,51.35,380,7,0.0,one-year,1,2,8.0,ads,C,white,22,0
CUST111105,1,101.46,518,5,9.0,month-to-month,0,2,6.8,ads,B,black,77,1
CUST111106,48,88.38,251,5,2.6,month-to-month,1,3,5.0,ads,B,red,54,0
CUST111107,12,145.01,553,3,7.7,month-to-month,1,1,5.6,ads,A,blue,93,1
CUST111108,26,83.94,172,1,5.7,one-year,0,5,3.3,ads,A,white,91,0
CUST111109,36,33.57,215,6,14.1,one-year,0,1,3.0,partner,A,white,51,1
CUST111110,37,76.68,225,2,0.0,month-to-month,1,1,6.5,ads,A,green,72,0
CUST111111,72,37.08,454,2,0.0,month-to-month,1,3,7.2,organic,A,black,88,0
CUST111112,39,54.79,451,4,8.2,month-to-month,1,4,7.9,organic,A,red,93,0
CUST111113,22,104.92,305,6,13.4,month-to-month,1,2,6.6,partner,C,blue,11,0
CUST111114,35,121.04,182,1,9.0,month-to-month,1,2,6.2,organic,A,white,1,1
CUST111115,40,78.85,572,0,4.6,month-to-month,0,3,5.4,partner,A,red,19,0
CUST111116,39,140.98,463,1,6.2,month-to-month,1,3,8.4,organic,B,black,55,0
CUST111117,35,87.92,481,2,7.6,month-to-month,0,1,6.9,ads,B,green,77,0
CUST111118,35,41.77,449,1,0.0,one-year,1,5,5.4,referral,A,blue,15,0
CUST111119,52,75.39,231,1,3.5,month-to-month,1,4,6.2,referral,C,red,10,0
CUST111120,20,77.59,377,5,0.0,two-year,0,4,2.1,referral,A,red,20,0
CUST111121,26,56.6,341,5,4.4,month-to-month,1,3,4.1,ads,C,black,37,0
CUST111122,42,83.63,295,4,0.1,month-to-month,1,3,6.9,partner,B,white,74,0
CUST111123,6,104.89,291,3,5.0,month-to-month,1,5,5.1,organic,A,black,79,1
CUST111124,60,105.3,424,2,0.0,month-to-month,0,3,6.6,organic,B,white,55,0
CUST111125,16,29.48,500,1,1.6,two-year,1,4,10.0,referral,C,red,14,0
CUST111126,34,87.69,401,2,3.0,month-to-month,0,3,6.8,ads,C,black,48,0
CUST111127,4,26.53,496,1,5.8,one-year,1,2,3.6,organic,B,yellow,74,0
CUST111128,22,45.67,569,4,10.8,month-to-month,0,1,6.9,partner,A,green,94,1
CUST111129,56,92.02,491,1,0.0,month-to-month,1,2,10.0,organic,C,yellow,99,0
CUST111130,50,87.16,538,5,9.0,month-to-month,1,4,5.2,ads,C,green,94,0
CUST111131,42,125.42,278,1,8.4,month-to-month,1,4,7.6,organic,A,red,21,0
CUST111132,11,71.69,348,4,6.5,two-year,0,2,9.0,ads,A,red,30,0
CUST111133,64,115.0,220,1,0.9,month-to-month,1,2,9.6,organic,B,blue,61,0
CUST111134,35,54.66,371,3,6.5,month-to-month,0,2,4.6,partner,B,green,90,0
CUST111135,21,42.18,120,2,5.1,month-to-month,0,1,4.1,partner,B,red,39,1
CUST111136,33,116.48,503,4,9.8,one-year,0,3,4.1,partner,B,red,54,1
CUST111137,1,65.06,511,4,12.5,month-to-month,0,1,6.8,ads,B,blue,24,1
CUST111138,30,137.96,274,8,6.6,month-to-month,0,5,4.6,ads,C,red,49,1
CUST111139,28,98.73,440,5,8.6,two-year,0,3,4.9,ads,A,white,42,0
CUST111140,40,138.25,527,5,3.4,one-year,0,4,6.6,partner,A,green,23,0
CUST111141,65,110.56,461,0,0.0,one-year,1,4,9.2,referral,B,green,15,0
CUST111142,1,146.22,253,2,11.1,month-to-month,0,2,8.3,organic,B,green,61,1
CUST111143,71,64.34,405,0,9.9,month-to-month,1,3,7.0,referral,A,red,59,0
CUST111144,57,138.43,524,1,0.8,month-to-month,0,3,7.3,organic,B,blue,99,0
CUST111145,24,113.56,236,4,4.8,two-year,1,4,9.9,ads,C,green,30,0
CUST111146,29,57.75,311,5,0.0,month-to-month,0,3,3.2,organic,B,green,13,1
CUST111147,56,32.1,463,8,5.4,month-to-month,0,2,9.4,partner,B,blue,15,0
CUST111148,2,130.73,478,3,5.9,month-to-month,0,1,2.4,ads,B,green,22,1
CUST111149,68,105.2,418,2,9.3,month-to-month,1,3,9.0,ads,A,yellow,62,0
CUST111150,12,78.86,426,3,7.3,one-year,1,5,3.1,referral,A,blue,14,1
CUST111151,19,110.74,342,3,5.6,month-to-month,0,2,6.0,ads,A,green,51,0
CUST111152,7,57.87,375,6,5.5,month-to-month,1,1,2.2,partner,B,blue,4,1
CUST111153,27,77.14,154,3,16.6,month-to-month,0,2,6.3,partner,B,black,86,0
CUST111154,16,121.94,404,8,12.3,month-to-month,0,2,3.0,organic,B,white,60,1
CUST111155,32,124.04,553,0,0.0,two-year,1,3,6.7,referral,B,white,56,0
CUST111156,38,87.23,531,5,9.9,month-to-month,0,1,6.9,partner,B,blue,89,1
CUST111157,44,40.34,509,7,8.6,month-to-month,0,3,5.2,organic,C,red,54,0
CUST111158,54,67.31,304,3,3.1,month-to-month,1,4,8.7,referral,C,white,52,0
CUST111159,54,119.16,474,1,1.9,one-year,1,4,7.9,organic,A,green,88,0
CUST111160,56,25.72,288,1,2.3,one-year,1,3,7.1,referral,B,yellow,42,0
CUST111161,15,108.35,457,4,2.8,one-year,0,1,5.0,partner,A,red,42,0
CUST111162,38,123.55,270,8,11.3,one-year,0,5,1.4,ads,C,yellow,76,1
CUST111163,72,91.55,159,1,0.0,month-to-month,1,4,10.0,organic,A,white,28,0
CUST111164,72,58.73,182,1,0.0,two-year,1,5,10.0,organic,B,yellow,8,0
CUST111165,50,100.56,542,3,0.3,month-to-month,0,3,7.8,organic,B,black,16,0
CUST111166,29,95.47,532,7,1.2,month-to-month,0,2,5.8,organic,B,red,3,0
CUST111167,29,134.56,395,1,0.0,month-to-month,0,3,4.5,organic,A,white,32,0
CUST111168,44,123.07,250,5,2.0,month-to-month,0,3,5.5,referral,C,red,73,0
CUST111169,36,82.0,278,4,8.8,month-to-month,1,4,5.9,ads,A,red,99,1
CUST111170,66,110.04,331,2,0.0,month-to-month,0,4,10.0,organic,B,green,83,0
CUST111171,52,41.08,599,5,0.0,one-year,1,4,6.0,organic,C,white,51,0
CUST111172,30,93.02,358,5,15.2,two-year,0,3,1.0,ads,C,yellow,73,1
CUST111173,7,26.24,421,3,1.2,month-to-month,0,3,4.2,ads,A,yellow,86,1
CUST111174,43,64.43,531,2,2.1,two-year,1,3,6.3,referral,B,yellow,25,0
CUST111175,34,41.55,355,1,4.5,one-year,1,3,3.4,organic,B,yellow,78,0
CUST111176,43,45.98,429,5,2.4,month-to-month,1,4,8.6,partner,A,green,68,0
CUST111177,41,115.26,498,1,1.0,month-to-month,0,1,5.1,referral,C,red,34,0
CUST111178,28,68.48,468,7,1.9,month-to-month,1,3,6.8,ads,B,white,34,0
CUST111179,45,30.83,490,2,0.9,one-year,0,3,4.8,ads,A,blue,66,0
CUST111180,1,145.55,465,6,15.4,month-to-month,0,1,4.1,organic,C,white,21,1
CUST111181,32,118.01,332,6,0.5,one-year,0,3,5.3,ads,A,yellow,14,0
CUST111182,22,149.2,481,1,7.4,month-to-month,1,4,6.8,referral,A,green,52,0
CUST111183,19,37.52,440,2,0.0,one-year,0,4,6.9,organic,C,green,43,0
CUST111184,40,144.8,328,6,6.3,month-to-month,0,3,4.0,partner,A,yellow,10,1
CUST111185,5,27.9,273,6,2.9,one-year,0,2,6.0,ads,C,black,90,1
CUST111186,67,69.78,364,3,2.9,month-to-month,0,3,7.1,referral,B,white,19,0
CUST111187,57,99.23,511,3,0.0,one-year,1,3,6.3,organic,B,red,21,0
CUST111188,42,83.99,414,4,3.9,two-year,0,2,7.6,partner,C,yellow,44,0
CUST111189,60,76.89,583,5,12.4,month-to-month,0,4,1.9,organic,B,yellow,22,0
CUST111190,53,88.82,412,4,8.1,month-to-month,0,2,5.9,referral,B,blue,3,0
CUST111191,18,53.23,300,3,2.9,two-year,1,1,6.7,ads,B,green,14,0
CUST111192,44,20.0,404,2,10.9,month-to-month,1,3,1.9,ads,B,yellow,30,1
CUST111193,30,39.01,539,5,6.1,one-year,0,1,7.5,organic,C,blue,93,1
CUST111194,20,36.49,575,1,4.9,month-to-month,0,3,7.4,ads,A,black,85,0
CUST111195,30,58.58,234,0,3.7,month-to-month,0,3,4.4,referral,B,black,74,1
CUST111196,28,84.49,429,5,3.2,month-to-month,0,1,1.0,partner,A,white,77,1
CUST111197,48,129.4,480,2,0.0,one-year,0,5,10.0,organic,A,black,1,0
CUST111198,40,103.34,143,4,4.0,month-to-month,1,4,8.6,partner,C,green,10,0
CUST111199,22,113.8,714,2,1.8,one-year,1,4,7.6,ads,A,red,5,0
CUST111200,36,83.32,205,1,1.1,month-to-month,1,6,5.3,referral,B,red,1,0
CUST111201,17,74.35,193,5,15.0,month-to-month,0,2,7.6,partner,C,red,3,1
CUST111202,34,89.28,284,3,2.8,month-to-month,0,2,4.1,partner,C,red,79,0
CUST111203,1,50.9,412,3,7.6,one-year,1,3,6.7,organic,B,blue,86,0
CUST111204,53,121.49,151,1,0.0,one-year,0,3,9.0,referral,A,red,94,0
CUST111205,24,118.67,374,5,4.5,month-to-month,1,2,9.3,referral,B,black,81,0
CUST111206,62,123.02,63,3,4.8,month-to-month,1,3,7.4,organic,C,white,96,0
CUST111207,72,65.54,337,2,9.1,one-year,1,2,6.4,referral,B,red,87,0
CUST111208,36,66.45,452,4,4.0,month-to-month,1,3,7.1,ads,A,yellow,81,0
CUST111209,30,35.81,535,0,1.9,one-year,1,5,6.9,referral,C,green,25,0
CUST111210,50,96.69,198,2,0.3,month-to-month,0,4,3.8,referral,C,red,99,0
CUST111211,32,84.22,230,8,2.5,two-year,0,2,6.4,partner,A,yellow,62,0
CUST111212,72,38.14,383,4,6.1,one-year,0,1,5.0,organic,A,black,76,0
CUST111213,68,46.49,531,2,0.0,two-year,0,3,8.0,ads,A,blue,1,0
CUST111214,55,36.8,573,2,0.9,month-to-month,1,4,7.5,ads,A,blue,21,0
CUST111215,41,101.99,428,3,0.0,one-year,1,4,8.4,referral,C,black,60,0
CUST111216,59,43.97,282,3,1.4,month-to-month,0,3,6.3,referral,C,yellow,99,0
CUST111217,38,104.46,319,1,8.0,month-to-month,1,2,8.2,ads,A,red,23,0
CUST111218,47,83.41,230,0,2.9,month-to-month,1,3,8.3,referral,C,black,37,0
CUST111219,8,47.78,553,2,4.3,one-year,0,1,3.8,ads,B,black,18,1
CUST111220,41,23.59,434,3,10.1,month-to-month,0,2,8.8,ads,A,black,23,0
CUST111221,34,32.84,592,2,5.9,month-to-month,0,1,5.7,ads,C,green,48,1
CUST111222,34,63.55,311,1,4.7,month-to-month,0,1,4.0,ads,C,black,88,0
CUST111223,7,97.53,268,4,15.4,month-to-month,0,2,2.6,ads,A,red,37,0
CUST111224,34,31.39,550,3,5.3,one-year,0,3,5.1,ads,B,blue,13,1
CUST111225,8,87.08,355,15,22.9,month-to-month,0,1,4.8,ads,A,blue,97,1
CUST111226,42,115.28,362,0,0.0,one-year,1,6,10.0,referral,C,green,52,0
CUST111227,66,133.88,601,0,4.7,two-year,1,4,10.0,referral,A,blue,22,0
CUST111228,17,128.15,444,4,10.7,month-to-month,1,3,7.1,referral,A,blue,98,1
CUST111229,5,37.84,560,1,1.2,one-year,1,4,8.8,partner,C,black,34,0
CUST111230,67,148.8,474,1,2.6,two-year,1,2,6.5,ads,C,yellow,61,0
CUST111231,16,148.07,515,2,6.1,month-to-month,1,1,6.4,ads,B,blue,25,0
CUST111232,27,93.28,585,2,1.6,month-to-month,1,2,5.3,partner,A,black,35,0
CUST111233,51,96.45,285,2,3.1,month-to-month,0,2,6.0,ads,B,blue,36,0
CUST111234,63,55.4,525,1,17.5,one-year,1,3,7.2,referral,A,green,76,0
CUST111235,15,55.41,626,2,3.5,month-to-month,0,4,1.2,ads,A,black,30,1
CUST111236,6,50.04,324,1,10.3,month-to-month,0,2,3.4,referral,A,black,69,1
CUST111237,23,83.07,322,4,5.4,month-to-month,0,4,6.9,organic,B,yellow,77,0
CUST111238,52,131.0,674,3,3.9,month-to-month,1,5,6.6,referral,A,yellow,59,0
CUST111239,62,79.33,362,2,0.0,month-to-month,0,1,5.9,ads,C,white,84,0
CUST111240,17,88.97,455,5,8.5,two-year,0,2,7.2,referral,A,red,67,0
CUST111241,71,141.06,201,1,0.4,month-to-month,1,3,6.9,organic,A,black,54,0
CUST111242,21,61.39,479,5,0.0,month-to-month,0,2,3.8,organic,C,green,57,1
CUST111243,44,122.06,371,3,4.0,two-year,0,4,9.0,organic,B,white,90,0
CUST111244,32,82.08,478,1,1.3,month-to-month,1,3,10.0,organic,B,white,48,0
CUST111245,33,106.31,404,5,8.9,one-year,1,2,5.3,organic,B,white,4,0
CUST111246,37,42.57,544,3,0.0,one-year,1,5,6.7,organic,B,yellow,33,0
CUST111247,30,66.09,533,3,3.8,month-to-month,0,5,7.9,partner,B,white,55,0
CUST111248,57,117.95,437,2,0.0,month-to-month,1,5,8.4,referral,A,blue,47,0
CUST111249,18,82.97,330,4,1.4,two-year,0,2,7.1,organic,C,black,22,0
CUST111250,38,61.48,166,1,1.0,one-year,0,5,9.3,organic,B,black,27,0
CUST111251,41,111.34,369,3,2.5,one-year,1,4,5.8,referral,A,blue,22,0
CUST111252,46,85.35,512,0,8.6,one-year,0,1,6.1,partner,A,green,88,0
CUST111253,44,98.88,398,0,0.0,one-year,1,1,5.8,ads,A,yellow,17,0
CUST111254,40,117.87,443,3,4.3,month-to-month,1,4,6.8,organic,B,yellow,92,1
CUST111255,55,49.92,407,1,3.3,one-year,0,1,7.3,ads,B,white,96,0
CUST111256,16,78.35,147,6,13.9,month-to-month,0,1,1.8,partner,B,white,87,1
CUST111257,22,140.17,411,3,4.7,month-to-month,1,1,4.3,partner,C,blue,31,1
CUST111258,19,114.73,424,0,5.2,month-to-month,0,3,6.0,organic,C,red,61,1
CUST111259,13,34.68,370,3,4.9,month-to-month,0,5,5.0,ads,B,green,32,1
CUST111260,58,31.47,454,2,12.0,month-to-month,0,4,4.2,organic,B,green,41,0
CUST111261,37,117.3,192,3,6.6,month-to-month,1,4,2.8,ads,B,green,82,0
CUST111262,42,103.67,247,3,0.0,month-to-month,0,4,3.5,partner,A,black,88,0
CUST111263,25,108.2,472,4,0.2,month-to-month,0,1,4.0,ads,B,green,73,1
CUST111264,20,86.86,414,1,7.8,month-to-month,1,3,7.5,partner,B,green,83,0
CUST111265,72,110.93,594,1,0.0,month-to-month,1,4,10.0,referral,A,blue,18,0
CUST111266,47,139.39,504,3,3.9,two-year,1,4,6.8,referral,C,white,32,0
CUST111267,57,75.47,621,2,0.0,month-to-month,1,5,4.8,organic,A,black,94,0
CUST111268,23,149.86,596,3,1.3,one-year,0,3,7.8,organic,B,white,21,0
CUST111269,63,86.02,453,2,1.5,month-to-month,1,4,10.0,referral,A,yellow,88,0
CUST111270,53,50.51,577,2,1.6,two-year,0,4,8.1,referral,B,green,12,0
CUST111271,10,117.58,281,3,5.1,one-year,1,4,7.8,partner,A,blue,6,0
CUST111272,13,106.62,501,5,5.8,one-year,1,3,5.7,partner,B,green,88,0
CUST111273,26,78.98,283,3,0.0,month-to-month,1,4,8.8,ads,B,green,39,0
CUST111274,25,119.67,639,1,0.9,month-to-month,1,4,10.0,organic,A,blue,99,0
CUST111275,46,140.76,418,2,1.8,month-to-month,0,4,4.4,partner,A,green,63,1
CUST111276,53,28.27,410,0,0.0,two-year,1,4,10.0,referral,C,red,39,0
CUST111277,41,133.58,303,3,3.3,one-year,0,5,6.3,ads,B,black,47,0
CUST111278,66,78.5,1,1,0.0,two-year,1,1,5.4,organic,A,white,62,0
CUST111279,22,87.54,414,2,1.8,one-year,1,3,4.8,ads,B,red,11,0
CUST111280,28,24.71,263,0,3.6,two-year,1,5,10.0,partner,A,green,81,0
CUST111281,28,47.34,699,3,7.4,month-to-month,1,3,8.4,partner,B,blue,70,0
CUST111282,50,111.32,417,4,14.4,month-to-month,0,3,2.4,referral,A,blue,39,1
CUST111283,31,72.86,556,1,6.6,two-year,1,5,4.6,ads,A,red,75,0
CUST111284,51,65.24,582,3,8.6,one-year,1,3,7.2,referral,B,yellow,98,0
CUST111285,34,29.68,622,5,2.6,month-to-month,0,4,5.4,partner,C,yellow,70,0
CUST111286,2,114.53,609,2,11.4,month-to-month,0,5,5.7,referral,B,green,52,1
CUST111287,21,40.22,549,4,0.7,month-to-month,0,1,1.6,partner,B,blue,89,0
CUST111288,31,70.28,430,5,8.9,month-to-month,0,2,4.0,referral,A,white,97,1
CUST111289,72,49.23,231,0,0.0,two-year,1,2,7.0,referral,B,black,95,0
CUST111290,72,100.57,374,2,7.6,two-year,1,2,4.6,ads,C,red,45,0
CUST111291,61,87.66,389,1,0.7,one-year,1,4,5.6,referral,B,blue,81,0
CUST111292,57,46.98,458,2,0.6,month-to-month,1,4,6.6,referral,B,red,40,0
CUST111293,68,36.34,659,0,0.0,two-year,1,3,7.9,referral,A,black,94,0
CUST111294,12,84.1,436,7,1.7,one-year,0,5,2.3,organic,B,red,81,0
CUST111295,1,86.46,387,2,9.2,month-to-month,0,2,6.5,partner,B,yellow,59,1
CUST111296,27,38.11,441,4,11.0,month-to-month,0,1,3.7,ads,A,blue,80,1
CUST111297,36,77.78,229,4,6.6,two-year,1,2,8.4,organic,A,yellow,96,0
CUST111298,14,148.65,493,2,4.4,one-year,1,3,5.2,ads,A,green,29,0
CUST111299,51,68.2,291,4,6.6,month-to-month,0,3,6.6,partner,A,red,60,0
CUST111300,54,109.79,441,9,4.1,two-year,1,2,7.7,organic,A,red,23,0
CUST111301,16,43.4,305,2,6.5,one-year,1,2,4.9,ads,C,blue,44,0
CUST111302,48,135.4,438,3,2.3,month-to-month,0,2,4.8,organic,A,blue,88,0
CUST111303,5,66.42,452,4,11.6,month-to-month,0,4,2.3,ads,B,green,97,1
CUST111304,12,51.49,518,4,2.9,month-to-month,0,4,5.7,partner,C,blue,77,0
CUST111305,46,98.55,502,2,10.1,two-year,1,3,5.4,ads,B,red,97,0
CUST111306,32,99.0,539,3,0.4,one-year,1,3,4.8,partner,B,black,20,0
CUST111307,51,57.2,434,3,6.5,month-to-month,0,2,5.0,ads,A,white,48,1
CUST111308,17,72.79,310,3,7.9,one-year,1,2,6.4,ads,B,white,52,0
CUST111309,1,61.37,357,3,2.1,month-to-month,0,3,8.1,partner,B,blue,36,1
CUST111310,30,135.66,454,3,1.1,month-to-month,0,1,6.4,ads,A,yellow,3,1
CUST111311,35,98.49,557,8,16.2,month-to-month,0,3,4.9,partner,C,red,89,1
CUST111312,12,130.88,488,5,10.3,one-year,0,4,6.0,ads,C,white,7,0
CUST111313,1,81.4,551,4,9.3,month-to-month,0,1,2.8,organic,C,white,85,1
CUST111314,38,22.04,488,2,7.0,month-to-month,0,2,3.2,partner,A,white,71,1
CUST111315,4,45.15,416,7,0.0,one-year,1,1,4.6,partner,B,black,28,0
CUST111316,51,120.06,456,2,3.8,two-year,1,2,9.8,organic,A,black,68,0
CUST111317,36,43.67,455,1,10.6,one-year,0,5,9.3,partner,B,red,79,0
CUST111318,43,131.64,473,2,2.2,one-year,1,1,3.0,partner,C,green,49,0
CUST111319,6,58.89,501,6,13.7,month-to-month,1,2,6.5,ads,A,red,14,1
CUST111320,60,45.06,400,1,1.0,month-to-month,0,5,3.1,referral,B,green,84,0
CUST111321,42,37.2,466,1,2.4,month-to-month,0,3,8.4,organic,C,white,64,0
CUST111322,49,104.31,428,4,0.0,month-to-month,0,2,7.4,partner,A,white,61,0
CUST111323,70,133.19,610,2,0.9,one-year,1,4,5.8,organic,B,white,24,0
CUST111324,24,94.56,320,1,3.2,two-year,1,3,9.0,ads,A,black,1,0
CUST111325,60,80.88,299,2,0.4,one-year,0,3,10.0,organic,A,green,18,0
CUST111326,16,77.67,340,2,0.2,two-year,1,3,6.6,organic,B,green,69,0
CUST111327,24,75.38,310,3,2.9,month-to-month,1,3,7.8,organic,A,black,24,0
CUST111328,56,140.12,370,4,3.9,month-to-month,1,3,8.0,partner,A,blue,48,0
CUST111329,47,149.8,278,1,9.8,one-year,1,5,3.8,partner,B,black,36,0
CUST111330,71,106.18,563,1,4.0,month-to-month,0,4,5.0,organic,B,yellow,90,0
CUST111331,35,109.44,449,4,1.0,month-to-month,0,4,5.5,ads,A,black,1,0
CUST111332,44,143.68,465,2,6.5,one-year,1,3,7.3,organic,B,blue,18,0
CUST111333,57,20.03,305,2,0.0,one-year,1,2,8.2,referral,B,blue,61,0
CUST111334,19,48.26,444,10,12.2,month-to-month,0,4,3.4,ads,A,blue,93,1
CUST111335,13,132.92,441,1,7.4,one-year,0,2,4.5,ads,B,yellow,59,0
CUST111336,25,110.77,102,2,0.0,one-year,1,2,5.9,ads,B,black,39,0
CUST111337,31,27.4,248,10,8.5,month-to-month,0,1,4.5,referral,C,green,49,0
CUST111338,61,30.13,323,0,0.0,one-year,0,5,10.0,organic,A,green,15,0
CUST111339,26,70.74,511,2,4.7,month-to-month,1,3,5.9,referral,B,red,30,1
CUST111340,41,137.01,365,2,5.1,month-to-month,0,2,2.8,ads,C,white,27,1
CUST111341,28,102.73,528,3,6.4,month-to-month,1,4,5.3,partner,A,black,34,0
CUST111342,44,137.43,495,2,5.6,two-year,1,3,2.3,ads,C,yellow,7,0
CUST111343,30,73.32,181,7,15.4,one-year,0,2,7.9,organic,A,white,8,0
CUST111344,29,29.75,511,4,5.8,month-to-month,0,1,5.7,ads,A,green,37,0
CUST111345,37,58.36,318,4,0.0,month-to-month,0,3,5.6,partner,A,white,30,0
CUST111346,21,120.11,488,3,0.0,one-year,1,2,5.4,referral,B,white,42,0
CUST111347,42,88.12,216,2,1.7,two-year,1,4,8.1,ads,C,blue,96,0
CUST111348,43,119.54,323,2,0.0,month-to-month,1,5,10.0,organic,A,yellow,37,0
CUST111349,36,98.0,261,2,7.5,month-to-month,0,5,4.4,ads,B,blue,80,0
CUST111350,46,131.15,412,2,9.3,month-to-month,1,1,1.6,ads,C,green,61,0
CUST111351,22,44.12,517,4,3.9,month-to-month,0,3,7.5,ads,B,white,79,1
CUST111352,72,59.79,280,0,0.0,two-year,1,3,7.9,ads,B,red,52,0
CUST111353,64,123.65,510,1,2.2,two-year,1,2,9.2,referral,C,red,5,0
CUST111354,68,69.34,407,1,2.5,month-to-month,1,4,8.9,organic,C,green,75,0
CUST111355,72,65.92,664,1,0.0,month-to-month,1,4,6.6,referral,A,blue,30,0
CUST111356,58,103.08,433,4,0.1,two-year,0,4,7.7,referral,C,blue,17,0
CUST111357,57,93.16,286,1,8.7,month-to-month,0,3,5.6,referral,B,yellow,2,0
CUST111358,8,48.4,524,4,8.3,month-to-month,0,3,5.6,partner,C,blue,91,1
CUST111359,22,52.55,309,2,1.6,one-year,0,2,4.7,partner,B,white,83,0
CUST111360,57,82.19,302,1,0.0,two-year,1,2,8.7,organic,B,yellow,50,0
CUST111361,3,88.0,361,1,5.8,one-year,0,3,5.6,ads,A,white,37,0
CUST111362,35,101.55,387,5,7.7,month-to-month,0,1,3.2,referral,A,white,85,1
CUST111363,5,124.09,434,1,0.0,month-to-month,0,2,4.2,ads,A,white,80,0
CUST111364,51,141.83,294,3,4.2,month-to-month,0,3,7.5,organic,B,yellow,14,0
CUST111365,39,115.76,355,1,0.0,one-year,1,3,6.7,partner,A,blue,43,0
CUST111366,32,120.1,342,4,5.3,one-year,0,4,7.6,organic,C,red,84,1
CUST111367,45,138.57,464,2,4.7,two-year,1,3,8.1,referral,C,yellow,43,0
CUST111368,1,58.11,293,5,2.7,month-to-month,1,1,6.9,ads,A,black,66,0
CUST111369,70,92.15,213,3,0.0,two-year,1,3,6.7,organic,B,yellow,37,0
CUST111370,47,137.02,278,2,5.4,month-to-month,0,1,8.0,organic,B,red,78,0
CUST111371,9,99.46,361,5,4.9,month-to-month,0,2,4.1,ads,B,red,16,1
CUST111372,49,110.64,463,1,1.5,month-to-month,1,2,7.6,ads,B,red,88,0
CUST111373,27,50.82,539,4,0.0,month-to-month,1,4,4.3,partner,B,white,77,0
CUST111374,27,23.25,260,2,3.5,month-to-month,1,3,6.1,ads,A,yellow,41,0
CUST111375,27,25.98,226,8,9.7,month-to-month,1,3,5.4,ads,B,green,3,0
CUST111376,44,30.85,397,0,5.6,month-to-month,0,4,5.9,organic,A,blue,33,0
CUST111377,68,99.16,330,4,0.0,one-year,1,4,4.1,referral,B,red,1,0
CUST111378,51,57.02,356,3,7.6,month-to-month,0,4,5.4,ads,C,black,51,0
CUST111379,37,59.74,606,4,6.8,month-to-month,0,4,4.6,referral,A,blue,46,0
CUST111380,30,65.32,247,3,10.4,month-to-month,1,4,8.0,organic,C,blue,7,0
CUST111381,28,63.8,393,2,3.6,month-to-month,1,1,5.6,referral,C,black,83,1
CUST111382,31,141.86,482,1,4.1,month-to-month,1,3,3.6,ads,C,green,95,1
CUST111383,1,68.37,316,5,7.5,one-year,0,2,3.3,organic,A,green,69,1
CUST111384,50,85.88,553,3,12.7,month-to-month,0,3,8.8,ads,B,red,87,0
CUST111385,30,103.42,615,3,0.5,month-to-month,1,5,6.3,partner,B,black,18,0
CUST111386,34,147.61,396,1,4.8,one-year,1,4,8.1,referral,B,blue,30,0
CUST111387,29,115.67,620,1,0.0,two-year,1,3,6.5,referral,B,white,81,0
CUST111388,53,97.93,437,2,0.7,month-to-month,1,1,7.4,referral,C,white,52,0
CUST111389,32,59.66,284,2,2.8,month-to-month,0,2,4.3,partner,A,black,8,0
CUST111390,43,135.44,531,4,4.5,month-to-month,1,3,5.0,ads,C,black,35,0
CUST111391,22,115.8,285,1,5.9,month-to-month,0,2,5.1,organic,A,black,8,0
CUST111392,34,36.4,259,6,8.2,one-year,0,5,8.6,referral,A,white,94,0
CUST111393,6,113.1,521,2,14.8,month-to-month,0,4,1.6,ads,A,white,94,1
CUST111394,15,26.18,323,2,6.6,month-to-month,1,3,7.0,partner,A,red,91,0
CUST111395,28,129.51,646,6,0.1,month-to-month,0,2,8.9,organic,A,yellow,64,1
CUST111396,42,125.28,202,4,4.2,month-to-month,0,3,6.7,organic,C,green,48,0
CUST111397,34,122.02,548,2,8.9,month-to-month,1,5,7.7,partner,A,green,24,1
CUST111398,58,94.49,402,0,3.7,one-year,0,4,7.8,ads,A,red,2,0
CUST111399,14,37.47,141,3,9.9,month-to-month,0,1,3.6,ads,B,yellow,15,1
CUST111400,39,144.21,566,4,3.7,one-year,0,3,6.5,organic,A,blue,95,0
CUST111401,18,81.65,296,3,3.8,one-year,0,5,6.3,ads,A,red,92,0
CUST111402,35,84.01,104,11,9.9,month-to-month,0,4,6.6,referral,B,white,54,0
CUST111403,30,100.37,655,5,10.7,one-year,1,1,5.2,ads,C,white,46,1
CUST111404,26,65.97,525,1,8.9,one-year,0,3,7.4,ads,B,red,49,1
CUST111405,29,106.2,380,5,4.4,month-to-month,1,3,7.4,ads,A,white,22,1
CUST111406,34,108.33,584,9,3.1,month-to-month,0,1,5.6,ads,A,blue,20,0
CUST111407,55,143.29,430,2,0.0,one-year,1,6,6.6,ads,B,white,68,0
CUST111408,29,41.09,441,5,0.0,month-to-month,1,4,5.6,ads,A,blue,10,0
CUST111409,64,87.93,627,2,0.0,month-to-month,1,4,6.2,ads,A,green,61,0
CUST111410,39,97.05,463,6,11.2,month-to-month,0,3,4.6,ads,B,red,71,1
CUST111411,4,113.73,564,7,15.0,month-to-month,0,3,2.4,referral,A,white,41,1
CUST111412,28,26.44,353,3,1.2,two-year,0,3,5.9,organic,A,green,72,0
CUST111413,20,42.53,250,4,6.5,one-year,1,4,5.0,organic,B,blue,44,0
CUST111414,37,26.35,379,4,0.0,month-to-month,0,6,7.0,ads,C,black,71,0
CUST111415,7,85.94,510,5,10.9,month-to-month,1,3,5.0,ads,B,yellow,24,0
CUST111416,37,131.16,621,7,3.0,month-to-month,1,4,5.7,organic,B,white,44,0
CUST111417,48,104.59,435,5,8.1,one-year,1,3,3.2,organic,A,green,23,0
CUST111418,27,89.4,701,2,7.1,one-year,1,2,5.5,partner,A,white,39,0
CUST111419,38,21.34,332,2,3.3,one-year,1,2,9.8,ads,A,yellow,85,0
CUST111420,68,37.07,308,6,0.0,month-to-month,0,3,8.9,referral,B,blue,38,0
CUST111421,66,97.06,444,2,0.0,two-year,1,2,8.1,ads,B,black,49,0
CUST111422,22,51.43,456,2,8.9,one-year,0,2,5.6,partner,B,white,69,1
CUST111423,34,147.46,383,3,7.1,one-year,0,2,7.0,organic,C,white,89,0
CUST111424,27,72.18,370,2,3.1,month-to-month,0,3,3.6,ads,C,yellow,94,0
CUST111425,35,58.46,328,3,6.6,month-to-month,0,2,5.4,ads,A,blue,87,0
CUST111426,23,91.05,519,11,9.8,month-to-month,0,1,1.0,partner,B,black,11,1
CUST111427,30,35.42,444,6,0.7,month-to-month,0,1,7.2,ads,B,black,72,0
CUST111428,39,87.72,476,3,1.8,one-year,1,3,7.8,referral,C,yellow,25,0
CUST111429,53,135.31,107,3,1.9,month-to-month,1,4,7.3,ads,B,white,20,0
CUST111430,51,50.53,571,2,0.0,two-year,1,2,9.2,referral,A,red,3,0
CUST111431,54,50.89,313,0,6.5,two-year,1,2,7.8,referral,C,black,3,0
CUST111432,18,25.4,588,9,7.7,month-to-month,0,2,3.9,ads,A,yellow,69,1
CUST111433,12,135.81,264,3,4.0,one-year,0,5,6.9,ads,C,white,71,0
CUST111434,9,122.01,256,6,10.8,month-to-month,0,2,1.7,partner,A,red,19,1
CUST111435,34,74.51,362,3,15.0,month-to-month,0,3,3.1,ads,C,green,85,1
CUST111436,38,84.97,472,3,6.9,month-to-month,0,2,6.1,organic,A,white,12,0
CUST111437,64,36.68,570,0,0.0,one-year,0,3,8.3,ads,C,white,69,0
CUST111438,69,118.27,397,2,0.0,two-year,0,3,8.1,referral,A,red,61,0
CUST111439,19,34.77,336,4,0.0,month-to-month,1,4,5.3,partner,B,red,15,0
CUST111440,53,84.66,581,6,0.1,month-to-month,1,2,6.6,organic,A,green,94,1
CUST111441,22,23.02,386,2,5.5,month-to-month,0,2,5.6,partner,B,yellow,28,1
CUST111442,44,70.29,393,2,10.5,month-to-month,0,3,5.9,organic,A,blue,1,0
CUST111443,41,68.25,540,2,2.2,one-year,1,1,7.2,partner,C,green,30,0
CUST111444,51,31.91,500,7,5.9,month-to-month,0,3,1.9,partner,A,blue,89,1
CUST111445,45,54.77,511,1,2.7,month-to-month,1,2,3.3,referral,C,green,5,0
CUST111446,22,65.44,547,3,11.8,one-year,0,1,4.2,ads,A,blue,59,0
CUST111447,52,23.29,279,2,0.0,one-year,1,2,6.8,referral,A,blue,3,0
CUST111448,52,46.23,454,1,2.9,month-to-month,1,5,5.8,partner,C,black,86,0
CUST111449,33,121.98,316,6,7.6,month-to-month,0,4,3.9,organic,B,black,52,1
CUST111450,36,111.48,324,2,6.5,two-year,0,2,7.6,organic,A,red,67,0
CUST111451,63,70.12,543,4,9.1,month-to-month,0,4,6.5,partner,A,green,55,0
CUST111452,13,104.56,564,6,14.9,month-to-month,0,4,4.6,organic,A,black,12,0
CUST111453,22,133.43,738,4,6.9,month-to-month,0,3,6.7,ads,C,black,68,1
CUST111454,56,117.7,431,0,1.2,one-year,0,6,8.5,organic,A,yellow,52,0
CUST111455,45,85.75,247,2,3.8,month-to-month,1,5,6.6,partner,C,white,29,0
CUST111456,62,143.46,528,0,0.0,one-year,1,4,10.0,referral,A,green,25,0
CUST111457,50,78.92,321,3,0.7,two-year,1,4,6.9,organic,C,blue,99,0
CUST111458,28,109.38,357,4,15.5,month-to-month,0,2,4.6,referral,B,black,69,1
CUST111459,22,98.74,540,4,4.7,one-year,0,2,9.3,organic,B,red,82,0
CUST111460,30,69.67,404,2,1.0,month-to-month,0,3,7.6,organic,C,white,44,0
CUST111461,36,115.77,486,0,1.4,month-to-month,0,2,10.0,ads,B,black,71,0
CUST111462,46,106.0,436,4,3.9,one-year,1,3,2.4,ads,B,white,17,0
CUST111463,38,21.33,515,5,3.0,month-to-month,0,1,3.1,ads,A,red,94,0
CUST111464,72,25.5,388,0,0.0,one-year,1,5,10.0,referral,A,blue,93,0
CUST111465,20,135.18,266,1,1.3,two-year,0,2,6.5,referral,C,blue,97,0
CUST111466,31,23.59,564,4,3.6,month-to-month,1,4,2.3,organic,A,white,53,1
CUST111467,69,68.48,342,6,5.9,one-year,1,3,6.3,ads,C,blue,1,0
CUST111468,48,69.79,483,4,3.2,month-to-month,0,3,10.0,organic,B,black,60,0
CUST111469,46,35.39,476,3,4.1,one-year,1,3,7.1,ads,A,blue,20,0
CUST111470,66,88.85,409,0,0.0,two-year,0,2,9.5,referral,A,yellow,94,0
CUST111471,58,43.91,436,3,0.0,one-year,0,3,5.2,partner,C,blue,65,1
CUST111472,5,86.95,429,4,8.9,one-year,0,2,5.2,ads,C,white,2,0
CUST111473,28,76.02,114,0,7.1,month-to-month,1,4,6.2,referral,B,yellow,57,0
CUST111474,22,60.19,438,3,9.3,month-to-month,0,4,7.8,ads,A,blue,96,0
CUST111475,62,61.74,468,0,4.5,month-to-month,1,6,10.0,organic,A,red,26,0
CUST111476,52,31.87,562,2,5.8,two-year,1,4,9.0,partner,C,white,89,0
CUST111477,49,137.12,241,2,6.4,two-year,0,4,6.8,organic,B,blue,63,0
CUST111478,13,72.35,486,7,5.6,month-to-month,0,3,1.6,ads,C,red,68,1
CUST111479,42,138.29,260,6,8.8,month-to-month,0,1,1.6,organic,C,red,28,1
CUST111480,35,39.4,595,4,2.7,two-year,0,3,6.7,ads,A,green,37,0
CUST111481,50,66.44,359,1,2.1,month-to-month,0,4,8.6,referral,B,blue,56,0
CUST111482,49,141.3,515,6,6.7,month-to-month,0,4,8.3,organic,C,black,45,0
CUST111483,47,128.3,606,5,10.5,month-to-month,0,4,4.2,organic,C,white,76,1
CUST111484,34,118.27,404,2,8.8,month-to-month,0,2,2.9,ads,C,black,38,0
CUST111485,48,64.35,336,1,4.0,one-year,1,2,8.1,organic,B,black,98,0
CUST111486,34,24.88,388,5,11.5,month-to-month,0,3,1.5,ads,A,white,20,1
CUST111487,30,49.8,581,5,8.7,one-year,0,2,2.0,ads,A,green,29,1
CUST111488,18,138.59,529,2,10.6,month-to-month,0,1,4.7,organic,B,black,11,1
CUST111489,59,103.47,522,0,7.8,two-year,1,4,7.4,referral,C,black,29,0
CUST111490,26,24.11,638,4,7.0,month-to-month,1,2,7.7,organic,A,blue,10,0
CUST111491,3,38.3,411,1,2.6,one-year,1,3,8.3,partner,C,black,95,0
CUST111492,46,100.26,434,3,4.0,month-to-month,1,3,5.5,ads,C,green,65,0
CUST111493,53,68.81,494,1,4.2,two-year,1,4,10.0,referral,C,red,84,0
CUST111494,68,139.09,240,2,2.3,two-year,0,4,8.6,ads,C,green,52,0
CUST111495,24,47.8,566,5,2.1,month-to-month,0,4,8.3,partner,A,red,48,0
CUST111496,8,44.46,328,6,5.5,month-to-month,0,3,8.2,partner,A,blue,15,1
CUST111497,31,70.15,457,4,6.1,month-to-month,1,3,5.0,ads,C,red,72,0
CUST111498,39,130.94,514,3,2.1,month-to-month,0,3,7.2,ads,A,yellow,36,1
CUST111499,32,59.83,348,3,2.7,month-to-month,0,4,5.1,ads,A,yellow,36,0
CUST111500,43,50.87,304,4,0.0,month-to-month,0,2,9.0,organic,C,yellow,9,0
CUST111501,25,109.74,416,2,2.1,month-to-month,0,2,7.3,organic,A,white,59,1
CUST111502,41,24.43,502,3,6.7,two-year,1,1,9.1,referral,A,white,42,0
CUST111503,46,77.02,509,3,4.3,one-year,0,4,10.0,ads,A,black,35,0
CUST111504,72,148.09,446,1,0.0,two-year,0,3,10.0,referral,C,blue,87,0
CUST111505,43,62.35,285,2,10.8,month-to-month,0,2,6.5,organic,B,yellow,82,0
CUST111506,45,97.66,276,1,0.5,two-year,1,4,8.0,ads,A,blue,47,0
CUST111507,58,81.04,526,5,3.7,one-year,0,2,1.0,referral,B,black,65,1
CUST111508,46,135.56,432,0,0.0,month-to-month,1,4,7.0,ads,C,black,77,0
CUST111509,57,26.35,537,2,1.6,month-to-month,1,4,9.8,ads,A,blue,25,0
CUST111510,46,122.12,392,2,0.0,two-year,1,3,9.8,referral,B,green,69,0
CUST111511,62,74.58,414,1,9.5,month-to-month,1,3,5.3,partner,B,yellow,82,0
CUST111512,29,22.49,449,4,1.0,month-to-month,0,3,5.8,ads,A,blue,10,0
CUST111513,21,99.06,583,6,13.3,one-year,0,2,4.1,ads,B,yellow,7,1
CUST111514,33,99.76,524,4,4.9,month-to-month,0,3,7.7,ads,C,green,29,0
CUST111515,57,98.18,316,1,0.0,month-to-month,1,4,10.0,ads,B,red,11,0
CUST111516,50,126.25,437,6,0.0,month-to-month,0,4,7.3,ads,A,red,92,0
CUST111517,58,77.21,515,2,3.1,month-to-month,1,2,6.5,organic,B,blue,59,0
CUST111518,47,102.91,572,1,0.0,one-year,1,3,7.6,partner,B,blue,75,0
CUST111519,58,22.97,774,2,0.0,month-to-month,1,4,8.6,organic,A,green,97,0
CUST111520,65,116.49,304,1,8.0,month-to-month,1,5,5.9,referral,A,red,81,0
CUST111521,1,26.82,512,5,16.2,month-to-month,0,2,1.0,partner,C,yellow,62,1
CUST111522,1,132.74,542,8,3.1,two-year,0,3,5.9,partner,C,green,79,0
CUST111523,19,103.24,494,9,0.0,month-to-month,0,5,7.5,organic,B,green,40,1
CUST111524,32,74.09,442,5,11.2,month-to-month,1,3,6.4,ads,A,blue,7,0
CUST111525,49,107.85,392,3,0.0,month-to-month,1,3,5.9,referral,B,green,34,0
CUST111526,60,48.99,430,3,3.5,one-year,0,5,7.9,ads,B,white,78,0
CUST111527,24,89.96,464,4,4.6,month-to-month,1,3,7.8,referral,A,blue,28,0
CUST111528,37,115.18,464,1,0.2,one-year,1,1,8.0,organic,B,yellow,88,0
CUST111529,7,31.18,567,4,2.9,two-year,0,3,4.9,referral,B,yellow,89,0
CUST111530,1,30.4,440,3,0.0,month-to-month,1,3,4.8,ads,A,green,26,0
CUST111531,31,136.55,486,1,4.6,one-year,1,2,5.5,organic,B,white,80,0
CUST111532,34,130.31,587,4,15.4,one-year,0,5,10.0,partner,A,red,75,0
CUST111533,29,63.82,497,4,4.1,month-to-month,0,1,4.4,partner,A,black,24,0
CUST111534,33,108.72,568,3,0.0,one-year,1,3,8.9,partner,C,black,39,0
CUST111535,41,98.12,416,2,2.9,one-year,1,5,8.2,ads,A,white,63,0
CUST111536,28,113.69,417,0,0.0,month-to-month,1,5,10.0,ads,A,green,87,0
CUST111537,41,60.46,130,3,0.3,month-to-month,1,3,4.4,referral,A,yellow,46,0
CUST111538,33,80.4,471,1,3.0,month-to-month,1,4,4.3,ads,B,white,69,1
CUST111539,72,57.85,280,4,0.0,two-year,1,3,8.5,organic,B,yellow,24,0
CUST111540,34,121.93,337,3,8.0,month-to-month,0,2,9.2,referral,B,black,38,0
CUST111541,47,48.46,594,0,2.3,month-to-month,0,2,10.0,referral,B,black,15,0
CUST111542,30,137.24,571,2,3.6,month-to-month,0,5,5.5,ads,A,black,41,1
CUST111543,25,131.4,456,3,0.0,one-year,1,2,8.8,ads,B,black,97,0
CUST111544,18,116.43,481,5,1.8,two-year,0,3,5.6,ads,B,yellow,99,0
CUST111545,42,146.26,534,0,0.4,two-year,0,2,9.2,ads,A,red,70,0
CUST111546,28,90.27,541,1,4.2,one-year,0,3,7.7,organic,A,yellow,67,0
CUST111547,3,61.15,357,7,14.2,month-to-month,0,3,5.9,partner,A,white,33,1
CUST111548,59,110.73,493,2,2.6,two-year,1,4,5.9,referral,B,yellow,88,0
CUST111549,32,148.47,319,2,5.3,one-year,0,5,2.8,organic,A,green,79,0
CUST111550,44,87.89,493,1,2.5,two-year,0,4,8.2,organic,C,red,19,0
CUST111551,64,57.38,368,3,6.8,one-year,1,3,4.5,ads,B,blue,32,0
CUST111552,24,37.36,427,2,0.0,two-year,1,4,6.3,ads,A,blue,77,0
CUST111553,50,125.81,332,1,2.9,two-year,1,3,8.7,ads,B,green,65,0
CUST111554,38,61.82,464,4,1.8,one-year,1,3,5.5,ads,B,yellow,62,0
CUST111555,34,116.87,355,2,3.6,two-year,0,2,10.0,organic,A,black,63,0
CUST111556,31,142.64,761,0,6.8,month-to-month,1,4,6.2,referral,A,blue,35,0
CUST111557,12,24.53,312,7,14.1,month-to-month,0,2,3.0,ads,C,blue,61,1
CUST111558,34,32.81,621,4,0.2,month-to-month,1,4,7.2,ads,C,yellow,51,0
CUST111559,17,37.76,434,6,2.9,month-to-month,0,4,2.1,ads,B,black,75,1
CUST111560,19,100.71,447,4,10.6,one-year,0,3,7.7,referral,A,white,89,0
CUST111561,1,145.43,530,2,14.6,month-to-month,1,2,5.4,organic,A,white,95,1
CUST111562,17,71.59,313,1,10.5,one-year,0,3,4.1,organic,B,white,98,1
CUST111563,49,97.95,582,0,0.0,two-year,1,4,9.4,referral,B,black,44,0
CUST111564,46,99.59,443,5,0.0,one-year,1,3,8.9,referral,B,red,70,0
CUST111565,34,103.84,149,2,0.1,two-year,1,3,9.1,partner,C,white,85,0
CUST111566,30,94.23,465,3,4.3,month-to-month,0,4,10.0,organic,B,black,55,0
CUST111567,30,146.9,430,5,4.3,month-to-month,0,2,4.2,organic,A,yellow,40,0
CUST111568,30,55.26,388,4,1.9,one-year,1,1,5.0,organic,A,white,35,0
CUST111569,51,33.87,422,3,1.4,two-year,0,1,5.7,ads,C,yellow,1,1
CUST111570,36,48.63,648,2,4.8,one-year,0,4,4.2,organic,B,yellow,56,0
CUST111571,27,66.32,531,4,6.6,two-year,0,3,7.3,partner,B,white,72,0
CUST111572,20,122.08,259,3,7.1,one-year,0,3,6.1,organic,A,white,74,0
CUST111573,25,111.71,228,0,0.0,month-to-month,0,3,7.2,referral,A,green,18,0
CUST111574,29,82.26,374,2,0.0,month-to-month,1,3,5.1,partner,A,green,46,0
CUST111575,38,121.45,619,0,0.0,one-year,1,4,7.5,ads,C,yellow,41,0
CUST111576,23,44.85,569,6,8.7,one-year,1,4,6.5,ads,C,blue,95,0
CUST111577,37,146.38,318,1,0.6,month-to-month,1,2,7.6,referral,A,red,38,0
CUST111578,40,62.88,318,0,0.0,two-year,0,3,5.9,ads,B,blue,85,0
CUST111579,33,95.58,450,1,8.8,month-to-month,0,3,5.7,organic,A,yellow,13,0
CUST111580,65,27.63,414,3,3.1,month-to-month,0,2,9.6,ads,A,green,60,0
CUST111581,28,56.86,220,1,4.1,month-to-month,1,5,7.6,organic,C,blue,21,0
CUST111582,37,36.15,400,2,1.2,month-to-month,0,4,6.1,organic,B,green,58,0
CUST111583,42,101.03,301,3,2.5,month-to-month,0,5,10.0,organic,A,green,28,0
CUST111584,53,39.31,264,3,7.7,one-year,1,3,6.0,referral,A,white,30,0
CUST111585,59,57.95,325,1,5.7,month-to-month,1,4,9.7,organic,C,blue,81,0
CUST111586,32,78.91,254,6,2.6,month-to-month,0,3,4.6,organic,A,red,82,1
CUST111587,24,137.41,408,5,5.7,month-to-month,0,4,7.0,partner,B,white,22,1
CUST111588,26,29.6,279,2,8.2,month-to-month,0,3,7.5,referral,B,white,19,0
CUST111589,13,87.74,389,6,7.3,month-to-month,0,4,4.3,referral,B,green,74,1
CUST111590,41,109.21,454,2,3.7,month-to-month,1,1,6.9,ads,A,yellow,99,0
CUST111591,3,129.56,514,5,13.0,month-to-month,0,2,6.5,ads,B,black,82,1
CUST111592,55,54.17,385,1,0.0,one-year,1,4,6.7,ads,A,yellow,26,0
CUST111593,68,23.48,629,4,0.0,one-year,1,6,7.6,ads,B,green,66,0
CUST111594,38,31.12,507,3,9.0,one-year,1,1,7.6,ads,A,red,81,0
CUST111595,60,87.07,572,0,0.0,one-year,0,4,7.2,referral,A,yellow,37,0
CUST111596,38,142.53,518,4,8.8,one-year,0,3,4.3,partner,C,black,30,0
CUST111597,64,98.25,396,0,0.0,month-to-month,1,6,6.6,organic,A,black,77,0
CUST111598,32,103.12,382,1,1.0,month-to-month,0,2,4.1,organic,A,black,38,1
CUST111599,30,115.31,435,0,4.0,month-to-month,0,1,7.5,ads,C,red,91,1
CUST111600,2,61.71,546,5,9.8,month-to-month,0,3,2.4,ads,B,white,10,1
CUST111601,28,79.42,408,3,1.5,one-year,0,5,4.9,referral,C,yellow,24,0
CUST111602,35,48.49,209,5,11.3,month-to-month,1,2,6.8,ads,A,black,96,0
CUST111603,40,102.59,341,0,0.7,month-to-month,0,3,7.6,ads,B,white,61,0
CUST111604,57,142.16,43,2,7.1,month-to-month,0,1,3.7,organic,B,red,39,1
CUST111605,38,56.66,359,1,2.4,month-to-month,0,5,5.1,organic,B,yellow,1,0
CUST111606,15,128.22,359,5,16.0,month-to-month,0,4,3.4,referral,A,white,61,1
CUST111607,51,136.62,380,2,0.7,one-year,0,2,6.6,referral,A,black,68,0
CUST111608,16,132.81,487,8,1.4,month-to-month,0,3,4.9,partner,A,black,99,1
CUST111609,45,44.9,648,8,5.3,month-to-month,1,1,3.9,ads,B,red,71,0
CUST111610,37,84.87,312,2,2.9,month-to-month,1,3,8.8,organic,A,green,83,0
CUST111611,51,54.69,473,0,0.0,one-year,0,4,10.0,organic,A,green,88,0
CUST111612,30,76.71,210,3,6.9,month-to-month,1,2,7.7,organic,A,blue,18,1
CUST111613,14,119.41,476,3,9.2,month-to-month,0,2,5.9,ads,B,black,2,1
CUST111614,19,62.06,439,4,8.5,one-year,0,3,3.3,ads,C,white,64,1
CUST111615,28,132.11,744,3,8.3,two-year,0,4,9.0,partner,A,red,25,0
CUST111616,45,42.34,373,6,6.0,one-year,1,5,5.8,ads,B,yellow,48,0
CUST111617,72,50.84,410,2,0.0,month-to-month,0,4,6.2,ads,A,red,64,1
CUST111618,19,93.16,255,1,3.7,one-year,1,6,7.1,partner,B,black,19,0
CUST111619,66,48.96,601,4,0.0,one-year,1,4,9.2,ads,B,black,61,0
CUST111620,25,37.49,298,3,9.1,month-to-month,1,2,7.0,ads,B,red,61,0
CUST111621,57,76.87,544,2,4.8,one-year,1,3,6.5,referral,C,blue,14,0
CUST111622,9,60.23,618,2,9.6,one-year,0,3,7.6,ads,A,blue,73,1
CUST111623,32,75.37,223,4,2.3,month-to-month,0,2,4.9,partner,C,yellow,90,1
CUST111624,32,36.39,429,0,1.7,month-to-month,1,5,10.0,referral,A,yellow,96,0
CUST111625,19,120.36,440,3,7.2,month-to-month,1,2,2.3,ads,C,yellow,22,1
CUST111626,31,136.54,228,3,7.7,two-year,0,3,7.3,partner,A,green,68,0
CUST111627,31,56.72,220,2,9.2,month-to-month,0,1,5.9,partner,B,blue,67,0
CUST111628,55,112.39,181,1,0.0,two-year,1,5,10.0,referral,B,green,91,0
CUST111629,66,107.44,207,0,2.0,month-to-month,1,3,6.4,referral,B,green,23,0
CUST111630,60,131.47,528,2,0.0,two-year,1,5,6.2,organic,B,yellow,66,0
CUST111631,29,138.53,164,2,4.2,month-to-month,0,2,5.6,referral,C,black,47,0
CUST111632,72,47.59,470,0,0.6,two-year,1,4,10.0,ads,A,yellow,14,0
CUST111633,39,129.61,591,6,8.2,month-to-month,1,2,10.0,ads,A,white,70,0
CUST111634,56,38.96,528,0,4.3,one-year,1,2,6.4,referral,C,blue,24,0
CUST111635,36,36.96,286,4,1.2,month-to-month,1,5,6.9,ads,C,yellow,92,0
CUST111636,39,104.75,728,2,1.7,one-year,0,5,6.7,ads,A,white,71,0
CUST111637,42,67.87,459,4,4.2,two-year,0,4,7.4,organic,A,yellow,95,0
CUST111638,28,54.46,377,2,4.8,month-to-month,1,2,7.8,partner,A,black,20,0
CUST111639,25,115.9,658,5,5.7,month-to-month,1,1,5.4,referral,C,red,65,0
CUST111640,45,145.63,551,2,2.6,month-to-month,0,4,7.2,referral,C,black,96,0
CUST111641,53,58.69,384,2,2.2,one-year,1,2,2.8,ads,B,red,21,0
CUST111642,59,143.86,475,1,0.0,one-year,1,3,10.0,referral,C,blue,40,0
CUST111643,5,54.61,515,3,17.4,month-to-month,0,1,1.4,ads,C,black,31,0
CUST111644,41,106.05,579,2,2.7,two-year,1,4,5.1,referral,B,yellow,20,0
CUST111645,56,121.81,300,3,7.9,month-to-month,0,4,8.2,ads,C,yellow,34,0
CUST111646,47,50.91,651,1,4.4,one-year,0,5,7.6,referral,B,red,59,0
CUST111647,28,59.08,341,3,2.1,month-to-month,1,1,8.7,referral,C,white,96,0
CUST111648,55,147.22,454,6,1.6,month-to-month,0,3,5.2,referral,C,red,20,1
CUST111649,40,59.83,294,0,0.6,month-to-month,0,4,10.0,organic,C,white,43,0
CUST111650,67,72.41,173,1,0.0,two-year,1,2,10.0,referral,A,red,15,0
CUST111651,49,115.54,299,7,9.5,month-to-month,1,3,8.4,organic,B,black,92,0
CUST111652,48,105.85,419,2,1.0,month-to-month,1,3,5.0,referral,B,black,52,0
CUST111653,37,133.28,563,3,0.0,one-year,0,3,10.0,referral,B,black,60,0
CUST111654,11,87.43,429,9,11.7,month-to-month,0,2,1.1,partner,B,red,92,1
CUST111655,25,62.46,593,3,8.9,month-to-month,0,3,5.1,partner,A,black,52,1
CUST111656,46,128.71,494,1,1.5,one-year,0,3,10.0,ads,A,green,44,0
CUST111657,51,84.87,367,7,2.3,two-year,1,5,9.1,referral,B,green,1,0
CUST111658,54,87.67,599,5,0.5,two-year,1,4,5.1,organic,C,red,20,0
CUST111659,24,139.49,454,2,3.8,month-to-month,0,2,7.9,organic,B,green,69,0
CUST111660,23,69.76,336,5,7.6,one-year,0,3,5.8,organic,A,green,62,1
CUST111661,25,121.96,445,6,5.0,month-to-month,1,1,4.9,organic,B,black,72,1
CUST111662,72,148.81,395,3,0.0,month-to-month,1,6,6.0,referral,B,white,60,0
CUST111663,25,87.34,425,3,4.1,month-to-month,0,3,6.3,organic,B,yellow,93,0
CUST111664,19,80.33,306,5,4.4,two-year,0,3,6.4,organic,A,blue,83,0
CUST111665,3,47.24,548,5,11.0,one-year,1,2,5.7,referral,B,blue,53,0
CUST111666,52,70.55,280,0,0.0,one-year,1,2,4.9,referral,A,green,83,0
CUST111667,18,46.6,401,7,1.2,one-year,0,4,4.9,ads,A,white,38,0
CUST111668,45,77.42,471,2,7.3,month-to-month,0,3,7.2,referral,A,yellow,92,0
CUST111669,1,75.23,322,2,7.4,month-to-month,0,2,7.4,ads,A,blue,12,1
CUST111670,9,103.42,417,3,5.5,one-year,0,3,3.7,ads,A,black,31,1
CUST111671,16,105.73,308,0,3.9,month-to-month,0,2,9.1,ads,A,green,5,0
CUST111672,27,144.62,255,3,4.4,month-to-month,0,2,5.9,organic,A,black,26,1
CUST111673,71,61.34,637,2,6.5,month-to-month,1,4,10.0,referral,B,blue,97,0
CUST111674,16,31.0,534,9,7.1,month-to-month,0,1,1.6,partner,A,red,16,1
CUST111675,10,129.4,423,3,7.2,one-year,0,3,3.6,organic,A,white,57,1
CUST111676,25,24.31,532,2,6.0,month-to-month,0,3,7.6,ads,A,black,90,1
CUST111677,35,32.51,523,3,8.9,month-to-month,1,3,5.0,ads,B,black,81,0
CUST111678,1,66.82,376,2,3.0,month-to-month,0,3,3.7,organic,B,black,84,1
CUST111679,21,74.41,554,4,8.7,month-to-month,0,3,4.7,referral,C,blue,88,1
CUST111680,47,107.39,310,5,0.4,month-to-month,0,2,4.7,ads,B,red,41,0
CUST111681,30,127.2,536,4,6.1,two-year,0,1,7.7,ads,A,blue,14,0
CUST111682,37,141.17,218,0,0.0,two-year,1,4,8.5,organic,A,green,29,0
CUST111683,28,21.78,378,1,6.8,month-to-month,0,3,8.1,ads,A,yellow,24,0
CUST111684,41,49.11,243,4,1.5,month-to-month,0,2,9.1,referral,C,white,72,0
CUST111685,72,57.82,475,2,2.0,month-to-month,0,2,4.2,referral,B,yellow,6,0
CUST111686,72,109.67,596,1,0.5,month-to-month,1,6,8.7,referral,A,red,86,0
CUST111687,13,144.52,531,5,6.6,two-year,0,2,1.0,organic,A,yellow,8,1
CUST111688,27,26.4,365,7,1.7,one-year,0,3,4.4,referral,A,black,49,1
CUST111689,70,25.33,270,0,6.2,month-to-month,0,3,9.3,ads,C,green,67,0
CUST111690,12,140.58,810,5,6.5,month-to-month,0,3,5.6,ads,C,green,11,0
CUST111691,72,120.08,778,3,1.4,one-year,1,6,6.0,organic,B,yellow,58,0
CUST111692,68,114.75,257,0,0.0,month-to-month,1,3,6.7,referral,C,black,9,0
CUST111693,28,146.38,503,2,8.9,month-to-month,0,3,1.1,ads,C,blue,81,1
CUST111694,47,49.73,267,4,4.4,month-to-month,1,1,3.3,ads,C,yellow,36,0
CUST111695,17,123.99,246,4,1.3,one-year,1,1,6.0,organic,A,red,50,0
CUST111696,9,50.35,427,9,5.6,month-to-month,0,2,4.6,ads,C,yellow,84,1
CUST111697,36,51.44,427,3,12.9,month-to-month,1,3,5.0,organic,C,green,80,0
CUST111698,40,81.97,542,5,0.0,one-year,0,6,7.2,referral,C,black,77,0
CUST111699,28,103.17,141,2,11.3,one-year,1,2,4.4,ads,C,yellow,69,1
CUST111700,71,54.17,414,2,2.8,month-to-month,0,3,9.2,partner,B,white,5,0
CUST111701,33,88.49,460,4,12.5,two-year,1,4,7.1,organic,A,black,6,0
CUST111702,14,37.87,780,5,18.2,month-to-month,0,2,5.6,ads,C,yellow,3,0
CUST111703,72,141.17,306,1,0.0,one-year,1,5,4.4,partner,A,red,56,0
CUST111704,52,114.01,473,2,8.0,one-year,0,5,9.3,organic,C,blue,82,0
CUST111705,34,147.71,619,1,0.2,month-to-month,1,6,5.3,referral,B,black,32,0
CUST111706,13,51.26,703,3,5.5,month-to-month,0,1,3.4,organic,A,blue,38,0
CUST111707,36,38.14,645,4,0.0,month-to-month,1,2,6.2,organic,C,red,54,0
CUST111708,38,34.37,443,2,0.0,month-to-month,1,3,10.0,referral,A,blue,12,0
CUST111709,38,145.62,401,3,9.6,two-year,0,3,4.8,referral,A,white,32,0
CUST111710,61,22.38,317,1,0.0,one-year,1,4,8.3,ads,C,white,80,0
CUST111711,41,20.54,609,6,1.2,two-year,0,3,4.8,referral,B,red,84,0
CUST111712,37,113.12,352,3,3.3,two-year,0,4,8.7,organic,A,blue,62,0
CUST111713,38,147.59,381,1,0.0,month-to-month,0,1,8.3,organic,B,yellow,4,0
CUST111714,12,95.71,451,3,1.3,month-to-month,1,2,10.0,referral,A,red,9,0
CUST111715,18,100.73,266,5,4.2,one-year,0,3,8.3,referral,A,red,60,0
CUST111716,58,99.71,462,0,3.8,month-to-month,1,2,8.2,referral,B,yellow,3,0
CUST111717,6,54.23,326,5,6.4,month-to-month,0,5,6.1,ads,B,blue,3,1
CUST111718,33,53.91,524,3,10.3,month-to-month,0,3,3.0,organic,B,red,23,1
CUST111719,48,33.53,789,1,0.0,two-year,1,6,10.0,referral,C,red,94,0
CUST111720,45,80.97,558,3,6.4,month-to-month,0,4,6.6,ads,B,green,71,0
CUST111721,26,43.8,220,4,4.0,one-year,1,2,4.5,partner,A,red,93,0
CUST111722,38,60.42,459,1,10.9,one-year,0,1,6.7,referral,A,green,7,0
CUST111723,21,81.61,342,3,6.1,one-year,0,3,3.4,organic,C,black,1,1
CUST111724,72,123.95,460,1,0.0,one-year,1,4,4.4,organic,C,blue,84,0
CUST111725,33,116.83,509,2,3.9,month-to-month,0,2,6.5,referral,C,white,66,1
CUST111726,32,119.18,354,2,4.7,one-year,1,3,9.7,referral,C,red,12,0
CUST111727,54,22.54,492,1,2.7,one-year,0,2,9.5,referral,B,blue,45,0
CUST111728,24,129.87,539,2,5.4,month-to-month,0,3,5.7,partner,B,white,77,1
CUST111729,45,49.39,376,1,0.0,one-year,1,2,7.3,organic,C,black,4,0
CUST111730,17,56.49,510,4,2.4,month-to-month,0,1,5.3,partner,C,black,58,0
CUST111731,55,114.71,226,1,0.0,one-year,1,4,10.0,ads,A,green,48,0
CUST111732,50,92.92,531,2,3.3,two-year,1,5,7.8,organic,A,green,98,0
CUST111733,35,52.49,744,4,6.2,month-to-month,0,3,6.3,ads,C,white,11,1
CUST111734,43,116.56,549,7,12.7,one-year,0,1,8.1,organic,A,yellow,30,0
CUST111735,28,93.48,572,4,1.2,month-to-month,0,3,7.2,organic,A,black,35,0
CUST111736,2,143.46,660,2,12.9,one-year,0,4,6.2,organic,B,black,82,0
CUST111737,54,65.8,405,0,0.0,month-to-month,1,5,10.0,partner,A,blue,63,0
CUST111738,1,137.34,528,3,5.7,two-year,1,1,5.8,partner,B,yellow,97,0
CUST111739,44,128.08,442,7,3.4,one-year,0,3,8.4,ads,A,red,75,0
CUST111740,11,28.64,455,5,0.0,two-year,0,4,5.1,referral,A,black,75,0
CUST111741,20,36.14,668,3,0.3,one-year,0,3,5.5,organic,C,yellow,10,0
CUST111742,29,40.46,534,5,3.9,two-year,0,1,4.9,partner,A,black,67,0
CUST111743,58,60.16,193,3,7.5,month-to-month,1,1,7.7,ads,B,red,36,0
CUST111744,30,114.23,323,4,0.0,one-year,1,2,9.1,referral,A,white,10,0
CUST111745,43,120.45,342,5,10.8,month-to-month,0,2,5.1,organic,B,blue,20,1
CUST111746,50,123.38,490,2,2.6,two-year,1,2,7.8,partner,A,green,99,0
CUST111747,22,143.99,464,4,10.7,one-year,0,1,4.4,ads,C,black,35,1
CUST111748,51,87.96,426,8,0.0,month-to-month,0,3,6.5,organic,A,red,44,1
CUST111749,33,45.49,534,7,6.9,month-to-month,0,1,4.6,ads,A,yellow,38,0
CUST111750,57,126.14,698,4,7.8,one-year,0,3,8.8,referral,C,blue,77,0
CUST111751,36,51.66,273,3,6.5,one-year,1,5,6.3,organic,A,white,68,0
CUST111752,30,74.27,679,2,9.2,month-to-month,0,1,5.4,ads,B,red,56,1
CUST111753,46,21.66,297,8,5.0,month-to-month,0,5,8.4,organic,B,blue,22,1
CUST111754,14,112.59,62,2,0.1,month-to-month,1,4,4.5,referral,A,yellow,24,0
CUST111755,42,127.93,528,2,0.0,two-year,1,1,9.9,ads,A,black,58,0
CUST111756,25,21.94,472,7,4.5,one-year,1,3,6.7,organic,C,blue,77,0
CUST111757,68,56.64,343,2,0.0,two-year,1,3,7.9,ads,B,red,37,0
CUST111758,40,86.75,607,1,0.6,one-year,1,3,6.9,referral,C,black,58,0
CUST111759,34,39.35,71,5,4.9,month-to-month,1,4,5.9,referral,A,white,45,0
CUST111760,18,32.67,538,4,0.0,two-year,1,2,5.0,referral,B,red,94,0
CUST111761,45,91.42,258,2,7.4,two-year,1,3,7.3,organic,C,blue,19,0
CUST111762,7,132.92,573,2,16.7,one-year,1,1,4.0,ads,B,white,37,0
CUST111763,41,118.25,271,2,6.5,month-to-month,1,3,6.3,referral,B,black,89,0
CUST111764,18,71.31,325,3,3.0,month-to-month,0,3,5.9,referral,B,blue,8,1
CUST111765,47,53.39,286,2,0.0,one-year,1,4,8.0,referral,A,yellow,67,0
CUST111766,27,135.64,447,2,3.3,one-year,1,3,7.2,organic,B,red,38,0
CUST111767,5,120.79,399,5,8.4,one-year,0,1,2.9,organic,A,white,49,0
CUST111768,16,125.16,294,1,8.0,month-to-month,1,3,6.1,ads,C,yellow,71,1
CUST111769,5,139.24,227,2,9.0,month-to-month,0,3,1.3,ads,B,white,24,1
CUST111770,10,136.31,437,8,14.8,month-to-month,0,3,3.3,ads,A,white,98,1
CUST111771,47,74.81,197,2,4.0,one-year,1,1,7.9,partner,A,blue,15,0
CUST111772,47,120.25,541,3,6.4,one-year,1,3,8.4,organic,B,blue,39,0
CUST111773,46,140.5,447,3,2.5,month-to-month,1,5,7.5,organic,A,blue,97,0
CUST111774,40,30.51,387,2,0.0,one-year,1,3,9.4,referral,A,white,92,0
CUST111775,44,119.91,669,2,11.1,month-to-month,0,4,5.6,ads,A,yellow,87,1
CUST111776,12,106.28,294,4,17.0,month-to-month,0,1,3.1,ads,B,blue,54,1
CUST111777,42,92.12,453,4,5.4,one-year,0,2,4.4,ads,C,green,24,0
CUST111778,29,102.23,513,5,2.9,month-to-month,0,1,5.5,organic,A,blue,2,1
CUST111779,32,146.95,460,1,8.4,one-year,1,3,3.9,ads,C,red,94,0
CUST111780,32,133.95,202,4,2.8,month-to-month,0,2,6.2,ads,C,red,56,0
CUST111781,35,147.91,318,5,6.0,month-to-month,0,4,4.7,ads,C,black,91,0
CUST111782,14,115.89,184,1,9.8,month-to-month,1,3,4.5,partner,A,red,69,1
CUST111783,43,21.27,448,2,2.3,month-to-month,1,2,5.9,ads,C,white,45,0
CUST111784,10,64.65,450,7,4.5,month-to-month,1,3,5.6,partner,A,black,84,1
CUST111785,12,31.25,380,6,3.0,month-to-month,0,2,7.6,organic,C,black,58,1
CUST111786,14,84.32,371,4,5.2,month-to-month,0,4,5.2,ads,B,blue,14,0
CUST111787,65,48.56,392,1,2.9,two-year,0,1,8.0,organic,B,red,47,0
CUST111788,53,55.24,339,1,0.3,one-year,0,6,9.8,partner,A,white,91,0
CUST111789,46,33.98,277,2,4.4,one-year,1,4,10.0,ads,C,yellow,53,0
CUST111790,2,104.42,544,3,8.1,month-to-month,0,4,2.4,ads,B,black,87,1
CUST111791,55,139.38,324,1,0.0,month-to-month,1,5,8.8,referral,A,green,56,0
CUST111792,40,107.01,494,0,0.0,one-year,0,3,6.7,referral,B,blue,65,0
CUST111793,23,105.51,279,4,7.9,one-year,1,1,6.5,organic,C,green,49,0
CUST111794,46,139.33,310,1,0.0,month-to-month,0,3,7.3,referral,C,yellow,5,0
CUST111795,36,69.43,547,4,3.1,month-to-month,0,3,5.5,organic,A,black,70,1
CUST111796,22,136.26,404,4,14.7,month-to-month,0,1,4.0,organic,A,yellow,39,1
CUST111797,36,111.27,316,4,4.7,month-to-month,0,5,4.5,partner,A,white,28,0
CUST111798,33,30.6,440,0,0.0,two-year,1,4,5.9,referral,A,green,16,0
CUST111799,18,112.01,584,5,9.4,month-to-month,0,5,6.8,organic,C,blue,47,1
CUST111800,33,32.22,570,5,1.8,one-year,1,2,8.0,organic,A,black,73,0
CUST111801,13,112.58,473,3,1.0,month-to-month,0,4,6.3,ads,A,black,52,0
CUST111802,30,51.78,545,0,5.0,month-to-month,0,3,4.1,referral,C,black,28,1
CUST111803,27,20.74,475,2,0.0,two-year,1,1,6.0,ads,C,yellow,31,0
CUST111804,45,97.39,305,3,0.0,month-to-month,1,4,7.3,partner,B,red,39,0
CUST111805,30,110.1,277,1,3.8,month-to-month,0,3,7.0,partner,B,white,62,0
CUST111806,11,140.34,676,3,10.5,month-to-month,0,3,5.9,organic,B,black,98,1
CUST111807,52,22.87,206,1,2.3,two-year,0,5,8.7,ads,C,blue,3,0
CUST111808,16,148.57,478,1,0.0,two-year,1,2,5.0,organic,A,yellow,81,0
CUST111809,45,119.48,285,0,1.4,one-year,0,4,7.3,organic,C,yellow,57,0
CUST111810,1,143.51,399,2,10.0,month-to-month,0,1,7.1,organic,C,green,67,1
CUST111811,7,53.55,191,4,7.9,two-year,0,1,3.0,partner,A,red,38,1
CUST111812,40,84.62,694,4,4.6,one-year,0,2,8.3,partner,A,yellow,30,0
CUST111813,36,92.17,523,1,0.0,month-to-month,1,4,10.0,organic,B,red,90,0
CUST111814,22,103.64,560,4,0.5,one-year,0,4,9.6,partner,A,black,54,0
CUST111815,72,94.36,529,3,2.6,two-year,0,3,8.7,ads,B,red,43,0
CUST111816,26,99.49,362,3,6.6,month-to-month,0,3,7.0,partner,C,green,75,0
CUST111817,66,147.13,509,1,3.7,one-year,0,1,7.6,referral,C,blue,26,0
CUST111818,35,35.52,271,2,0.4,month-to-month,1,3,4.3,organic,A,red,56,0
CUST111819,36,65.71,318,1,0.8,month-to-month,0,3,6.1,referral,A,yellow,28,0
CUST111820,38,109.55,198,6,10.1,one-year,0,1,4.4,organic,A,white,42,0
CUST111821,39,127.51,402,2,8.6,month-to-month,0,1,4.5,ads,A,white,17,0
CUST111822,27,110.33,254,6,0.0,month-to-month,1,2,6.9,ads,C,red,72,1
CUST111823,43,109.06,586,3,2.0,two-year,1,3,8.8,referral,C,yellow,80,0
CUST111824,35,125.45,537,4,4.8,month-to-month,1,3,6.4,ads,A,green,55,0
CUST111825,50,140.83,498,1,0.0,one-year,1,2,6.5,referral,B,red,73,0
CUST111826,72,89.93,685,2,0.0,one-year,1,4,9.3,organic,A,black,20,0
CUST111827,44,47.17,411,3,0.6,month-to-month,0,5,5.7,organic,A,yellow,51,1
CUST111828,53,133.36,574,3,9.7,month-to-month,0,4,5.6,organic,C,blue,79,0
CUST111829,40,140.7,358,3,4.0,one-year,1,2,7.9,referral,A,green,85,0
CUST111830,33,140.72,186,7,11.0,one-year,1,2,7.3,referral,B,red,10,0
CUST111831,33,107.3,438,3,7.2,one-year,0,5,6.8,ads,A,white,76,0
CUST111832,39,106.44,583,3,0.7,one-year,0,3,7.9,ads,A,blue,17,0
CUST111833,29,41.02,175,3,6.8,month-to-month,0,2,1.5,ads,A,green,1,1
CUST111834,22,33.14,530,0,6.9,month-to-month,0,2,2.4,ads,C,blue,29,1
CUST111835,48,58.06,453,1,5.9,month-to-month,1,2,5.0,organic,B,red,58,0
CUST111836,50,46.06,393,4,0.0,one-year,1,1,7.1,ads,A,white,14,0
CUST111837,47,62.73,344,4,4.1,month-to-month,0,3,4.7,referral,C,white,86,0
CUST111838,66,73.17,374,1,0.0,two-year,1,6,9.9,referral,B,white,31,0
CUST111839,22,87.99,389,4,12.6,month-to-month,1,3,7.1,ads,A,red,47,1
CUST111840,35,86.19,356,1,4.4,two-year,1,3,3.9,referral,C,black,44,0
CUST111841,37,144.38,293,1,9.5,month-to-month,0,3,3.1,organic,A,yellow,13,0
CUST111842,67,134.45,610,4,2.0,month-to-month,0,4,9.5,ads,A,blue,62,0
CUST111843,1,67.1,513,4,0.0,one-year,0,1,7.0,organic,B,green,86,0
CUST111844,28,135.29,305,5,3.9,two-year,1,3,5.1,ads,B,white,36,0
CUST111845,35,23.6,419,2,5.9,month-to-month,0,1,4.5,ads,C,blue,28,1
CUST111846,35,130.86,432,2,0.0,two-year,1,5,3.6,referral,B,black,35,0
CUST111847,8,25.55,622,5,7.6,one-year,1,3,7.2,partner,B,blue,41,0
CUST111848,16,49.64,323,5,13.4,month-to-month,0,2,3.1,ads,A,black,70,1
CUST111849,57,46.95,527,2,5.1,month-to-month,1,5,9.6,ads,A,red,6,0
CUST111850,11,60.36,307,2,3.7,one-year,0,2,6.9,ads,A,red,11,0
CUST111851,35,64.92,332,2,5.6,month-to-month,0,4,7.2,organic,A,black,50,0
CUST111852,58,108.76,414,1,5.2,month-to-month,1,4,10.0,organic,A,blue,33,0
CUST111853,53,84.56,234,2,0.0,month-to-month,0,4,10.0,partner,A,blue,60,0
CUST111854,34,143.88,261,3,13.4,month-to-month,0,2,6.6,partner,B,blue,96,1
CUST111855,35,127.2,438,5,18.7,month-to-month,1,2,3.0,ads,A,red,67,1
CUST111856,34,114.33,419,7,2.5,month-to-month,1,3,6.2,organic,B,white,57,0
CUST111857,68,148.24,445,1,3.6,month-to-month,1,5,6.2,ads,A,black,86,0
CUST111858,22,117.08,546,4,12.5,one-year,0,3,5.2,partner,B,red,84,0
CUST111859,37,34.89,367,1,9.7,month-to-month,1,4,6.6,referral,B,green,91,1
CUST111860,23,86.02,346,5,0.0,month-to-month,0,2,9.6,referral,B,blue,31,0
CUST111861,37,45.75,507,3,6.4,month-to-month,0,2,4.2,partner,B,blue,52,0
CUST111862,42,26.74,357,0,0.1,month-to-month,1,2,9.3,partner,B,blue,78,0
CUST111863,61,149.28,521,1,2.5,one-year,1,6,8.8,referral,A,blue,38,0
CUST111864,29,138.89,146,3,8.3,month-to-month,1,5,8.5,referral,A,white,65,0
CUST111865,31,100.95,455,1,2.7,one-year,0,1,6.0,partner,B,yellow,84,0
CUST111866,41,106.94,448,1,1.4,one-year,0,3,7.5,organic,B,yellow,21,0
CUST111867,1,57.52,624,4,4.4,month-to-month,0,3,4.9,partner,A,red,84,0
CUST111868,26,29.0,511,4,2.6,month-to-month,0,3,8.5,ads,B,red,87,0
CUST111869,41,124.51,556,4,1.5,month-to-month,1,3,9.1,partner,A,green,99,0
CUST111870,66,94.41,418,2,0.8,month-to-month,1,3,10.0,ads,C,red,4,0
CUST111871,62,80.08,464,5,11.8,two-year,0,3,9.1,referral,B,black,51,0
CUST111872,45,107.29,285,0,3.8,one-year,1,2,8.0,ads,B,yellow,16,0
CUST111873,41,84.04,351,6,5.4,one-year,0,4,4.4,ads,C,green,68,0
CUST111874,8,72.04,486,7,8.3,one-year,0,1,6.6,ads,B,black,80,1
CUST111875,48,113.63,687,3,7.2,month-to-month,1,1,1.0,organic,A,green,30,0
CUST111876,43,89.25,545,1,3.9,month-to-month,1,3,7.7,organic,A,white,96,0
CUST111877,32,42.29,512,5,5.6,month-to-month,0,1,4.1,ads,B,white,61,1
CUST111878,37,111.98,559,5,0.0,month-to-month,0,1,9.0,organic,A,blue,21,1
CUST111879,12,69.34,486,3,4.6,one-year,1,6,9.1,partner,A,red,71,0
CUST111880,25,120.35,444,0,0.6,one-year,1,4,4.0,organic,C,black,25,0
CUST111881,61,146.97,403,3,8.2,one-year,1,3,5.9,ads,A,red,96,0
CUST111882,17,85.73,323,3,0.9,month-to-month,1,3,4.1,partner,A,blue,17,1
CUST111883,22,116.49,269,0,0.0,month-to-month,1,4,3.5,ads,A,black,75,1
CUST111884,26,90.11,402,6,1.0,month-to-month,0,2,6.4,referral,B,white,23,0
CUST111885,27,146.27,400,1,0.0,one-year,0,3,8.8,organic,C,yellow,40,0
CUST111886,35,93.47,319,1,11.1,one-year,1,3,7.7,organic,B,yellow,66,0
CUST111887,48,75.95,479,4,9.4,month-to-month,1,2,6.3,partner,B,white,10,1
CUST111888,25,65.94,575,4,6.5,month-to-month,0,2,3.2,referral,C,yellow,13,1
CUST111889,7,46.79,358,6,4.5,one-year,0,4,5.7,referral,A,blue,43,1
CUST111890,36,67.33,443,1,4.8,one-year,1,3,3.3,organic,C,black,21,0
CUST111891,60,98.41,340,0,4.2,month-to-month,1,5,7.0,organic,A,black,20,0
CUST111892,40,27.03,519,9,5.5,one-year,1,2,3.3,ads,B,white,88,0
CUST111893,26,80.4,482,3,0.5,month-to-month,1,3,8.0,ads,C,blue,92,0
CUST111894,27,60.1,338,2,8.4,month-to-month,0,1,6.9,referral,A,yellow,73,0
CUST111895,31,141.79,477,4,3.8,month-to-month,1,3,6.7,ads,B,blue,51,0
CUST111896,33,107.66,132,1,4.3,two-year,1,4,4.5,organic,B,white,21,0
CUST111897,33,110.16,498,1,2.3,one-year,1,2,6.2,organic,B,red,20,0
CUST111898,7,105.24,326,3,8.5,month-to-month,0,2,1.5,ads,A,green,88,0
CUST111899,21,110.98,288,1,2.9,two-year,1,5,10.0,organic,C,blue,6,0
CUST111900,35,57.06,309,2,0.9,month-to-month,1,3,10.0,organic,B,white,2,0
CUST111901,32,104.66,323,7,9.0,month-to-month,0,3,5.6,partner,A,black,36,1
CUST111902,22,80.12,250,5,15.0,month-to-month,0,1,4.4,partner,A,blue,66,1
CUST111903,17,100.17,587,4,12.8,month-to-month,1,3,4.7,ads,A,black,98,1
CUST111904,53,79.18,433,2,1.1,two-year,0,3,3.2,ads,B,black,81,0
CUST111905,67,122.6,545,1,0.3,one-year,1,5,8.9,ads,A,black,35,0
CUST111906,22,68.09,525,3,6.9,one-year,1,5,6.5,ads,A,black,95,0
CUST111907,1,130.69,425,5,14.5,one-year,1,2,3.1,ads,A,yellow,86,0
CUST111908,46,49.29,619,4,6.3,month-to-month,1,2,4.4,organic,C,red,33,1
CUST111909,30,132.76,622,0,3.2,month-to-month,1,5,6.5,ads,C,blue,82,0
CUST111910,21,83.88,446,2,0.0,month-to-month,1,5,5.4,referral,B,blue,33,0
CUST111911,1,69.81,473,2,8.3,month-to-month,0,5,8.4,ads,B,green,47,1
CUST111912,28,76.2,335,1,11.5,two-year,0,4,3.8,ads,A,white,21,0
CUST111913,33,110.95,410,4,7.4,one-year,0,3,7.0,organic,B,green,68,0
CUST111914,12,52.33,411,2,6.4,month-to-month,0,4,4.4,ads,A,yellow,88,0
CUST111915,23,105.33,309,2,5.5,month-to-month,1,2,7.7,ads,A,green,38,0
CUST111916,37,93.48,553,4,0.0,two-year,0,3,8.6,organic,C,yellow,82,0
CUST111917,65,21.12,412,4,0.4,two-year,0,2,8.0,organic,B,yellow,51,0
CUST111918,22,33.8,333,4,5.5,one-year,1,3,5.3,referral,B,red,69,0
CUST111919,20,56.55,286,3,7.7,month-to-month,0,2,5.2,ads,C,black,33,1
CUST111920,63,109.46,616,3,0.0,month-to-month,1,2,7.9,organic,C,red,46,0
CUST111921,47,54.11,304,3,10.2,one-year,1,3,7.2,organic,A,yellow,94,0
CUST111922,40,133.14,369,1,0.0,month-to-month,0,2,4.9,organic,C,green,89,0
CUST111923,19,40.37,572,5,7.1,month-to-month,0,1,7.9,ads,B,blue,19,1
CUST111924,30,20.58,317,7,8.9,one-year,1,1,1.3,ads,C,black,23,1
CUST111925,29,142.97,412,3,8.7,one-year,0,2,6.2,partner,A,green,89,0
CUST111926,52,58.52,532,0,0.0,one-year,1,4,8.5,organic,C,blue,49,0
CUST111927,23,84.81,339,4,6.2,month-to-month,0,5,7.3,partner,A,blue,17,1
CUST111928,40,92.21,191,5,5.9,one-year,0,1,7.4,partner,A,red,57,0
CUST111929,25,69.31,427,4,13.2,month-to-month,1,5,2.7,partner,A,green,29,1
CUST111930,35,27.15,102,3,6.8,one-year,1,4,10.0,ads,B,yellow,47,0
CUST111931,64,92.39,211,0,2.1,two-year,1,4,10.0,ads,C,green,65,0
CUST111932,38,149.62,509,1,0.6,two-year,0,2,6.6,organic,A,black,43,0
CUST111933,43,112.29,402,1,0.8,one-year,1,3,5.3,organic,A,white,76,0
CUST111934,24,74.48,423,4,7.3,month-to-month,0,2,5.9,ads,A,white,11,1
CUST111935,27,122.16,529,1,5.3,month-to-month,1,3,8.6,partner,B,yellow,45,1
CUST111936,24,133.12,441,1,0.0,one-year,0,3,8.1,referral,B,blue,65,0
CUST111937,12,91.42,499,2,0.0,month-to-month,1,3,5.9,referral,B,black,97,0
CUST111938,23,112.31,387,3,0.0,one-year,0,1,5.4,referral,A,red,60,0
CUST111939,32,120.3,646,0,0.0,one-year,1,4,6.5,ads,A,green,55,0
CUST111940,27,52.72,241,2,12.2,month-to-month,0,3,5.5,referral,A,green,37,1
CUST111941,61,79.35,628,2,0.0,one-year,1,3,9.8,ads,B,yellow,81,0
CUST111942,49,137.85,366,5,1.0,month-to-month,1,1,9.3,referral,B,red,91,0
CUST111943,35,111.53,290,1,1.4,one-year,1,3,9.0,referral,B,yellow,65,0
CUST111944,72,77.48,596,0,0.0,one-year,1,4,8.0,referral,B,yellow,83,0
CUST111945,12,53.43,351,3,3.5,one-year,1,4,6.3,organic,A,red,59,0
CUST111946,58,36.42,334,3,0.0,month-to-month,0,4,9.6,ads,A,red,8,0
CUST111947,17,146.62,104,3,12.4,month-to-month,0,3,2.1,partner,B,white,93,0
CUST111948,38,149.44,448,6,0.0,one-year,1,2,7.3,ads,A,red,98,0
CUST111949,23,89.05,627,6,15.1,month-to-month,0,2,3.6,partner,B,black,6,1
CUST111950,23,20.29,455,3,2.0,one-year,1,3,6.9,organic,B,yellow,29,0
CUST111951,7,45.12,440,5,8.0,month-to-month,0,2,2.6,referral,B,red,32,1
CUST111952,36,55.82,587,3,2.4,month-to-month,1,3,3.9,partner,A,red,1,1
CUST111953,1,79.72,427,3,17.6,month-to-month,0,2,1.0,ads,A,green,57,1
CUST111954,55,113.9,361,4,1.1,month-to-month,0,4,5.4,organic,A,black,60,1
CUST111955,35,59.05,286,1,5.7,one-year,0,4,6.7,organic,B,yellow,34,0
CUST111956,63,62.42,386,2,0.0,one-year,1,3,10.0,ads,B,blue,55,0
CUST111957,23,43.58,360,2,2.6,month-to-month,1,1,8.2,referral,A,yellow,73,0
CUST111958,36,92.27,529,3,8.7,two-year,0,3,8.8,ads,A,red,38,0
CUST111959,65,66.22,415,1,3.4,two-year,1,4,10.0,ads,A,white,42,0
CUST111960,40,35.53,505,1,5.6,month-to-month,1,1,7.9,ads,A,red,77,0
CUST111961,36,80.37,289,2,8.4,month-to-month,1,5,7.4,referral,A,blue,94,0
CUST111962,8,106.26,333,3,8.6,month-to-month,0,3,6.9,organic,B,green,52,1
CUST111963,21,82.05,467,2,5.0,month-to-month,0,4,1.0,ads,B,yellow,17,1
CUST111964,18,114.29,231,3,2.0,month-to-month,1,3,4.4,partner,B,yellow,16,0
CUST111965,45,89.88,310,4,4.1,two-year,1,3,3.2,ads,B,red,39,0
CUST111966,24,80.33,569,3,5.3,one-year,1,4,7.8,organic,A,red,21,0
CUST111967,63,42.72,518,0,0.0,two-year,0,3,7.5,organic,C,blue,76,0
CUST111968,28,71.9,232,4,4.6,one-year,1,2,10.0,referral,B,red,75,0
CUST111969,1,39.93,383,5,8.6,month-to-month,0,1,1.5,referral,B,black,35,1
CUST111970,48,31.64,509,2,0.0,month-to-month,0,6,7.1,ads,B,green,73,1
CUST111971,8,24.86,410,4,9.0,month-to-month,1,2,3.6,ads,A,red,48,1
CUST111972,34,38.41,515,3,0.0,two-year,0,1,4.2,ads,A,white,50,0
CUST111973,35,22.3,387,8,12.2,month-to-month,1,5,3.0,ads,B,blue,32,0
CUST111974,24,129.11,603,2,9.6,month-to-month,1,4,3.2,referral,B,black,7,1
CUST111975,37,76.56,314,4,3.4,one-year,1,4,1.0,ads,A,blue,56,0
CUST111976,40,42.79,408,2,2.6,month-to-month,1,1,7.8,organic,B,white,7,0
CUST111977,36,34.49,384,4,8.8,month-to-month,0,4,3.6,ads,A,yellow,93,0
CUST111978,67,132.98,489,2,0.0,month-to-month,1,1,10.0,organic,A,red,74,0
CUST111979,59,27.15,756,0,0.0,month-to-month,0,4,7.6,organic,A,black,96,0
CUST111980,30,110.14,142,7,7.5,month-to-month,1,2,7.2,ads,A,red,39,0
CUST111981,23,129.13,611,2,4.8,one-year,0,3,8.9,partner,C,red,39,0
CUST111982,1,145.71,569,4,11.0,month-to-month,0,2,5.0,ads,B,blue,57,1
CUST111983,29,49.56,472,4,5.1,two-year,0,2,6.5,referral,B,red,73,1
CUST111984,23,92.56,395,4,3.6,month-to-month,0,5,6.9,referral,A,green,99,1
CUST111985,31,52.17,325,4,0.5,one-year,1,5,9.9,ads,B,blue,33,0
CUST111986,46,93.75,536,0,5.5,one-year,1,3,5.2,referral,B,red,57,0
CUST111987,39,56.9,508,2,6.0,one-year,0,3,8.3,ads,C,red,83,0
CUST111988,72,129.39,239,1,0.0,two-year,1,6,10.0,organic,A,white,34,0
CUST111989,61,124.27,628,2,5.8,one-year,0,5,7.5,referral,B,green,24,1
CUST111990,57,113.21,414,7,0.0,month-to-month,1,1,6.2,ads,B,white,48,0
CUST111991,26,93.39,195,4,6.0,month-to-month,0,5,5.7,ads,C,yellow,66,1
CUST111992,48,118.67,589,4,6.7,one-year,0,2,4.2,referral,B,white,55,0
CUST111993,31,137.58,270,3,7.8,month-to-month,1,2,5.9,partner,A,yellow,45,0
CUST111994,46,29.33,453,4,1.1,two-year,1,1,3.2,ads,A,red,46,0
CUST111995,39,28.07,656,7,10.0,month-to-month,0,2,2.8,organic,A,red,26,1
CUST111996,45,36.44,386,6,5.1,month-to-month,1,4,5.6,referral,B,red,70,1
CUST111997,49,96.0,447,1,6.2,one-year,1,4,8.4,referral,A,green,97,0
CUST111998,38,48.41,305,2,0.1,month-to-month,0,3,7.9,organic,A,black,1,0
CUST111999,33,126.27,634,4,7.1,month-to-month,0,1,5.2,organic,A,white,80,1
